
 /----------------------------------------------------------------------------\
 |                                                                            |
 |  yosys -- Yosys Open SYnthesis Suite                                       |
 |                                                                            |
 |  Copyright (C) 2012 - 2020  Claire Xenia Wolf <claire@yosyshq.com>         |
 |                                                                            |
 |  Permission to use, copy, modify, and/or distribute this software for any  |
 |  purpose with or without fee is hereby granted, provided that the above    |
 |  copyright notice and this permission notice appear in all copies.         |
 |                                                                            |
 |  THE SOFTWARE IS PROVIDED "AS IS" AND THE AUTHOR DISCLAIMS ALL WARRANTIES  |
 |  WITH REGARD TO THIS SOFTWARE INCLUDING ALL IMPLIED WARRANTIES OF          |
 |  MERCHANTABILITY AND FITNESS. IN NO EVENT SHALL THE AUTHOR BE LIABLE FOR   |
 |  ANY SPECIAL, DIRECT, INDIRECT, OR CONSEQUENTIAL DAMAGES OR ANY DAMAGES    |
 |  WHATSOEVER RESULTING FROM LOSS OF USE, DATA OR PROFITS, WHETHER IN AN     |
 |  ACTION OF CONTRACT, NEGLIGENCE OR OTHER TORTIOUS ACTION, ARISING OUT OF   |
 |  OR IN CONNECTION WITH THE USE OR PERFORMANCE OF THIS SOFTWARE.            |
 |                                                                            |
 \----------------------------------------------------------------------------/

 Yosys 0.33+6 (git sha1 41b34a193, x86_64-conda-linux-gnu-cc 11.2.0 -fvisibility-inlines-hidden -fmessage-length=0 -march=nocona -mtune=haswell -ftree-vectorize -fPIC -fstack-protector-strong -fno-plt -O2 -ffunction-sections -fdebug-prefix-map=/root/conda-eda/conda-eda/workdir/conda-env/conda-bld/yosys_1694128612374/work=/usr/local/src/conda/yosys-0.33_7_g41b34a193 -fdebug-prefix-map=/home/juan-diego/miniconda3/envs/digital=/usr/local/src/conda-prefix -fPIC -Os -fno-merge-constants)


-- Running command `verilog_defaults -push; verilog_defaults -add -defer; read_verilog -formal Pantalla.v Timer_ws2812/comp_timer_ws2812.v Timer_ws2812/Control_Timer_WS2812.v Timer_ws2812/count_out.v Timer_ws2812/mux_timer_ws2812.v Timer_ws2812/Timer_WS2812.v WS2812_led/Control_WS2812_LED.v WS2812_led/Count_24.v WS2812_led/LSR_RGB.v WS2812_led/WS2812_led.v WS2812_Led_Array/Comp_Addr.v WS2812_Led_Array/Control_WS2812_Led_Array.v WS2812_Led_Array/Count_Addr.v WS2812_Led_Array/Image_0.v WS2812_Led_Array/Image_1.v WS2812_Led_Array/Image_2.v WS2812_Led_Array/Image_3.v WS2812_Led_Array/Led_Mem.v WS2812_Led_Array/WS2812_Led_Array.v; verilog_defaults -pop; attrmap -tocase keep -imap keep="true" keep=1 -imap keep="false" keep=0 -remove keep=0; synth_ecp5 -top Pantalla; write_json build/Pantalla_i9.json' --

1. Executing Verilog-2005 frontend: Pantalla.v
Parsing formal Verilog input from `Pantalla.v' to AST representation.
Storing AST representation for module `$abstract\Pantalla'.
Successfully finished Verilog frontend.

2. Executing Verilog-2005 frontend: Timer_ws2812/comp_timer_ws2812.v
Parsing formal Verilog input from `Timer_ws2812/comp_timer_ws2812.v' to AST representation.
Storing AST representation for module `$abstract\comp_timer_ws2812'.
Successfully finished Verilog frontend.

3. Executing Verilog-2005 frontend: Timer_ws2812/Control_Timer_WS2812.v
Parsing formal Verilog input from `Timer_ws2812/Control_Timer_WS2812.v' to AST representation.
Storing AST representation for module `$abstract\Control_Timer_WS2812'.
Successfully finished Verilog frontend.

4. Executing Verilog-2005 frontend: Timer_ws2812/count_out.v
Parsing formal Verilog input from `Timer_ws2812/count_out.v' to AST representation.
Storing AST representation for module `$abstract\count_out'.
Successfully finished Verilog frontend.

5. Executing Verilog-2005 frontend: Timer_ws2812/mux_timer_ws2812.v
Parsing formal Verilog input from `Timer_ws2812/mux_timer_ws2812.v' to AST representation.
Storing AST representation for module `$abstract\mux_timer_ws2812'.
Successfully finished Verilog frontend.

6. Executing Verilog-2005 frontend: Timer_ws2812/Timer_WS2812.v
Parsing formal Verilog input from `Timer_ws2812/Timer_WS2812.v' to AST representation.
Storing AST representation for module `$abstract\Timer_WS2812'.
Successfully finished Verilog frontend.

7. Executing Verilog-2005 frontend: WS2812_led/Control_WS2812_LED.v
Parsing formal Verilog input from `WS2812_led/Control_WS2812_LED.v' to AST representation.
Storing AST representation for module `$abstract\Control_WS2812_LED'.
Successfully finished Verilog frontend.

8. Executing Verilog-2005 frontend: WS2812_led/Count_24.v
Parsing formal Verilog input from `WS2812_led/Count_24.v' to AST representation.
Storing AST representation for module `$abstract\Count_24'.
Successfully finished Verilog frontend.

9. Executing Verilog-2005 frontend: WS2812_led/LSR_RGB.v
Parsing formal Verilog input from `WS2812_led/LSR_RGB.v' to AST representation.
Storing AST representation for module `$abstract\LSR_RGB'.
Successfully finished Verilog frontend.

10. Executing Verilog-2005 frontend: WS2812_led/WS2812_led.v
Parsing formal Verilog input from `WS2812_led/WS2812_led.v' to AST representation.
Storing AST representation for module `$abstract\WS2812_led'.
Successfully finished Verilog frontend.

11. Executing Verilog-2005 frontend: WS2812_Led_Array/Comp_Addr.v
Parsing formal Verilog input from `WS2812_Led_Array/Comp_Addr.v' to AST representation.
Storing AST representation for module `$abstract\Comp_Addr'.
Successfully finished Verilog frontend.

12. Executing Verilog-2005 frontend: WS2812_Led_Array/Control_WS2812_Led_Array.v
Parsing formal Verilog input from `WS2812_Led_Array/Control_WS2812_Led_Array.v' to AST representation.
Storing AST representation for module `$abstract\Control_WS2812_Led_Array'.
Successfully finished Verilog frontend.

13. Executing Verilog-2005 frontend: WS2812_Led_Array/Count_Addr.v
Parsing formal Verilog input from `WS2812_Led_Array/Count_Addr.v' to AST representation.
Storing AST representation for module `$abstract\Count_Addr'.
Successfully finished Verilog frontend.

14. Executing Verilog-2005 frontend: WS2812_Led_Array/Image_0.v
Parsing formal Verilog input from `WS2812_Led_Array/Image_0.v' to AST representation.
Storing AST representation for module `$abstract\Image_0'.
Successfully finished Verilog frontend.

15. Executing Verilog-2005 frontend: WS2812_Led_Array/Image_1.v
Parsing formal Verilog input from `WS2812_Led_Array/Image_1.v' to AST representation.
Storing AST representation for module `$abstract\Image_1'.
Successfully finished Verilog frontend.

16. Executing Verilog-2005 frontend: WS2812_Led_Array/Image_2.v
Parsing formal Verilog input from `WS2812_Led_Array/Image_2.v' to AST representation.
Storing AST representation for module `$abstract\Image_2'.
Successfully finished Verilog frontend.

17. Executing Verilog-2005 frontend: WS2812_Led_Array/Image_3.v
Parsing formal Verilog input from `WS2812_Led_Array/Image_3.v' to AST representation.
Storing AST representation for module `$abstract\Image_3'.
Successfully finished Verilog frontend.

18. Executing Verilog-2005 frontend: WS2812_Led_Array/Led_Mem.v
Parsing formal Verilog input from `WS2812_Led_Array/Led_Mem.v' to AST representation.
Storing AST representation for module `$abstract\Led_Mem'.
Successfully finished Verilog frontend.

19. Executing Verilog-2005 frontend: WS2812_Led_Array/WS2812_Led_Array.v
Parsing formal Verilog input from `WS2812_Led_Array/WS2812_Led_Array.v' to AST representation.
Storing AST representation for module `$abstract\WS2812_Led_Array'.
Successfully finished Verilog frontend.

20. Executing ATTRMAP pass (move or copy attributes).

21. Executing SYNTH_ECP5 pass.

21.1. Executing Verilog-2005 frontend: /home/juan-diego/miniconda3/envs/digital/bin/../share/yosys/ecp5/cells_sim.v
Parsing Verilog input from `/home/juan-diego/miniconda3/envs/digital/bin/../share/yosys/ecp5/cells_sim.v' to AST representation.
Generating RTLIL representation for module `\LUT4'.
Generating RTLIL representation for module `\$__ABC9_LUT5'.
Generating RTLIL representation for module `\$__ABC9_LUT6'.
Generating RTLIL representation for module `\$__ABC9_LUT7'.
Generating RTLIL representation for module `\L6MUX21'.
Generating RTLIL representation for module `\CCU2C'.
Generating RTLIL representation for module `\TRELLIS_RAM16X2'.
Generating RTLIL representation for module `\PFUMX'.
Generating RTLIL representation for module `\TRELLIS_DPR16X4'.
Generating RTLIL representation for module `\DPR16X4C'.
Generating RTLIL representation for module `\LUT2'.
Generating RTLIL representation for module `\TRELLIS_FF'.
Generating RTLIL representation for module `\TRELLIS_IO'.
Generating RTLIL representation for module `\INV'.
Generating RTLIL representation for module `\TRELLIS_COMB'.
Generating RTLIL representation for module `\DP16KD'.
Generating RTLIL representation for module `\FD1P3AX'.
Generating RTLIL representation for module `\FD1P3AY'.
Generating RTLIL representation for module `\FD1P3BX'.
Generating RTLIL representation for module `\FD1P3DX'.
Generating RTLIL representation for module `\FD1P3IX'.
Generating RTLIL representation for module `\FD1P3JX'.
Generating RTLIL representation for module `\FD1S3AX'.
Generating RTLIL representation for module `\FD1S3AY'.
Generating RTLIL representation for module `\FD1S3BX'.
Generating RTLIL representation for module `\FD1S3DX'.
Generating RTLIL representation for module `\FD1S3IX'.
Generating RTLIL representation for module `\FD1S3JX'.
Generating RTLIL representation for module `\IFS1P3BX'.
Generating RTLIL representation for module `\IFS1P3DX'.
Generating RTLIL representation for module `\IFS1P3IX'.
Generating RTLIL representation for module `\IFS1P3JX'.
Generating RTLIL representation for module `\OFS1P3BX'.
Generating RTLIL representation for module `\OFS1P3DX'.
Generating RTLIL representation for module `\OFS1P3IX'.
Generating RTLIL representation for module `\OFS1P3JX'.
Generating RTLIL representation for module `\IB'.
Generating RTLIL representation for module `\IBPU'.
Generating RTLIL representation for module `\IBPD'.
Generating RTLIL representation for module `\OB'.
Generating RTLIL representation for module `\OBZ'.
Generating RTLIL representation for module `\OBZPU'.
Generating RTLIL representation for module `\OBZPD'.
Generating RTLIL representation for module `\OBCO'.
Generating RTLIL representation for module `\BB'.
Generating RTLIL representation for module `\BBPU'.
Generating RTLIL representation for module `\BBPD'.
Generating RTLIL representation for module `\ILVDS'.
Generating RTLIL representation for module `\OLVDS'.
Successfully finished Verilog frontend.

21.2. Executing Verilog-2005 frontend: /home/juan-diego/miniconda3/envs/digital/bin/../share/yosys/ecp5/cells_bb.v
Parsing Verilog input from `/home/juan-diego/miniconda3/envs/digital/bin/../share/yosys/ecp5/cells_bb.v' to AST representation.
Generating RTLIL representation for module `\MULT18X18D'.
Generating RTLIL representation for module `\ALU54B'.
Generating RTLIL representation for module `\EHXPLLL'.
Generating RTLIL representation for module `\DTR'.
Generating RTLIL representation for module `\OSCG'.
Generating RTLIL representation for module `\USRMCLK'.
Generating RTLIL representation for module `\JTAGG'.
Generating RTLIL representation for module `\DELAYF'.
Generating RTLIL representation for module `\DELAYG'.
Generating RTLIL representation for module `\IDDRX1F'.
Generating RTLIL representation for module `\IDDRX2F'.
Generating RTLIL representation for module `\IDDR71B'.
Generating RTLIL representation for module `\IDDRX2DQA'.
Generating RTLIL representation for module `\ODDRX1F'.
Generating RTLIL representation for module `\ODDRX2F'.
Generating RTLIL representation for module `\ODDR71B'.
Generating RTLIL representation for module `\OSHX2A'.
Generating RTLIL representation for module `\ODDRX2DQA'.
Generating RTLIL representation for module `\ODDRX2DQSB'.
Generating RTLIL representation for module `\TSHX2DQA'.
Generating RTLIL representation for module `\TSHX2DQSA'.
Generating RTLIL representation for module `\DQSBUFM'.
Generating RTLIL representation for module `\DDRDLLA'.
Generating RTLIL representation for module `\DLLDELD'.
Generating RTLIL representation for module `\CLKDIVF'.
Generating RTLIL representation for module `\ECLKSYNCB'.
Generating RTLIL representation for module `\ECLKBRIDGECS'.
Generating RTLIL representation for module `\DCCA'.
Generating RTLIL representation for module `\DCSC'.
Generating RTLIL representation for module `\DCUA'.
Generating RTLIL representation for module `\EXTREFB'.
Generating RTLIL representation for module `\PCSCLKDIV'.
Generating RTLIL representation for module `\PUR'.
Generating RTLIL representation for module `\GSR'.
Generating RTLIL representation for module `\SGSR'.
Generating RTLIL representation for module `\PDPW16KD'.
Successfully finished Verilog frontend.

21.3. Executing HIERARCHY pass (managing design hierarchy).

21.4. Executing AST frontend in derive mode using pre-parsed AST for module `\Pantalla'.
Generating RTLIL representation for module `\Pantalla'.

21.4.1. Analyzing design hierarchy..
Top module:  \Pantalla
Parameter \ADDR_WIDTH = 8
Parameter \N_LEDS = 64

21.4.2. Executing AST frontend in derive mode using pre-parsed AST for module `\WS2812_Led_Array'.
Parameter \ADDR_WIDTH = 8
Parameter \N_LEDS = 64
Generating RTLIL representation for module `$paramod$5847e4513510e8ea4783b81660155353fe4aec79\WS2812_Led_Array'.

21.4.3. Analyzing design hierarchy..
Top module:  \Pantalla
Used module:     $paramod$5847e4513510e8ea4783b81660155353fe4aec79\WS2812_Led_Array

21.4.4. Executing AST frontend in derive mode using pre-parsed AST for module `\WS2812_led'.
Generating RTLIL representation for module `\WS2812_led'.
Parameter \ADDR_WIDTH = 8

21.4.5. Executing AST frontend in derive mode using pre-parsed AST for module `\Led_Mem'.
Parameter \ADDR_WIDTH = 8
Generating RTLIL representation for module `$paramod\Led_Mem\ADDR_WIDTH=s32'00000000000000000000000000001000'.
Parameter \ADDR_WIDTH = 8
Parameter \N_LEDS = 64

21.4.6. Executing AST frontend in derive mode using pre-parsed AST for module `\Comp_Addr'.
Parameter \ADDR_WIDTH = 8
Parameter \N_LEDS = 64
Generating RTLIL representation for module `$paramod$5847e4513510e8ea4783b81660155353fe4aec79\Comp_Addr'.
Parameter \ADDR_WIDTH = 8

21.4.7. Executing AST frontend in derive mode using pre-parsed AST for module `\Count_Addr'.
Parameter \ADDR_WIDTH = 8
Generating RTLIL representation for module `$paramod\Count_Addr\ADDR_WIDTH=s32'00000000000000000000000000001000'.

21.4.8. Executing AST frontend in derive mode using pre-parsed AST for module `\Control_WS2812_Led_Array'.
Generating RTLIL representation for module `\Control_WS2812_Led_Array'.

21.4.9. Analyzing design hierarchy..
Top module:  \Pantalla
Used module:     $paramod$5847e4513510e8ea4783b81660155353fe4aec79\WS2812_Led_Array
Used module:         \WS2812_led
Used module:         $paramod\Led_Mem\ADDR_WIDTH=s32'00000000000000000000000000001000
Used module:         $paramod$5847e4513510e8ea4783b81660155353fe4aec79\Comp_Addr
Used module:         $paramod\Count_Addr\ADDR_WIDTH=s32'00000000000000000000000000001000
Used module:         \Control_WS2812_Led_Array

21.4.10. Executing AST frontend in derive mode using pre-parsed AST for module `\Timer_WS2812'.
Generating RTLIL representation for module `\Timer_WS2812'.

21.4.11. Executing AST frontend in derive mode using pre-parsed AST for module `\Control_WS2812_LED'.
Generating RTLIL representation for module `\Control_WS2812_LED'.

21.4.12. Executing AST frontend in derive mode using pre-parsed AST for module `\Count_24'.
Generating RTLIL representation for module `\Count_24'.

21.4.13. Executing AST frontend in derive mode using pre-parsed AST for module `\LSR_RGB'.
Generating RTLIL representation for module `\LSR_RGB'.
Parameter \ADDR_WIDTH = 8

21.4.14. Executing AST frontend in derive mode using pre-parsed AST for module `\Image_3'.
Parameter \ADDR_WIDTH = 8
Generating RTLIL representation for module `$paramod\Image_3\ADDR_WIDTH=s32'00000000000000000000000000001000'.
Parameter \ADDR_WIDTH = 8

21.4.15. Executing AST frontend in derive mode using pre-parsed AST for module `\Image_2'.
Parameter \ADDR_WIDTH = 8
Generating RTLIL representation for module `$paramod\Image_2\ADDR_WIDTH=s32'00000000000000000000000000001000'.
Parameter \ADDR_WIDTH = 8

21.4.16. Executing AST frontend in derive mode using pre-parsed AST for module `\Image_1'.
Parameter \ADDR_WIDTH = 8
Generating RTLIL representation for module `$paramod\Image_1\ADDR_WIDTH=s32'00000000000000000000000000001000'.
Parameter \ADDR_WIDTH = 8

21.4.17. Executing AST frontend in derive mode using pre-parsed AST for module `\Image_0'.
Parameter \ADDR_WIDTH = 8
Generating RTLIL representation for module `$paramod\Image_0\ADDR_WIDTH=s32'00000000000000000000000000001000'.

21.4.18. Analyzing design hierarchy..
Top module:  \Pantalla
Used module:     $paramod$5847e4513510e8ea4783b81660155353fe4aec79\WS2812_Led_Array
Used module:         \WS2812_led
Used module:             \Timer_WS2812
Used module:             \Control_WS2812_LED
Used module:             \Count_24
Used module:             \LSR_RGB
Used module:         $paramod\Led_Mem\ADDR_WIDTH=s32'00000000000000000000000000001000
Used module:             $paramod\Image_3\ADDR_WIDTH=s32'00000000000000000000000000001000
Used module:             $paramod\Image_2\ADDR_WIDTH=s32'00000000000000000000000000001000
Used module:             $paramod\Image_1\ADDR_WIDTH=s32'00000000000000000000000000001000
Used module:             $paramod\Image_0\ADDR_WIDTH=s32'00000000000000000000000000001000
Used module:         $paramod$5847e4513510e8ea4783b81660155353fe4aec79\Comp_Addr
Used module:         $paramod\Count_Addr\ADDR_WIDTH=s32'00000000000000000000000000001000
Used module:         \Control_WS2812_Led_Array

21.4.19. Executing AST frontend in derive mode using pre-parsed AST for module `\comp_timer_ws2812'.
Generating RTLIL representation for module `\comp_timer_ws2812'.

21.4.20. Executing AST frontend in derive mode using pre-parsed AST for module `\mux_timer_ws2812'.
Generating RTLIL representation for module `\mux_timer_ws2812'.

21.4.21. Executing AST frontend in derive mode using pre-parsed AST for module `\count_out'.
Generating RTLIL representation for module `\count_out'.

21.4.22. Executing AST frontend in derive mode using pre-parsed AST for module `\Control_Timer_WS2812'.
Generating RTLIL representation for module `\Control_Timer_WS2812'.

21.4.23. Analyzing design hierarchy..
Top module:  \Pantalla
Used module:     $paramod$5847e4513510e8ea4783b81660155353fe4aec79\WS2812_Led_Array
Used module:         \WS2812_led
Used module:             \Timer_WS2812
Used module:                 \comp_timer_ws2812
Used module:                 \mux_timer_ws2812
Used module:                 \count_out
Used module:                 \Control_Timer_WS2812
Used module:             \Control_WS2812_LED
Used module:             \Count_24
Used module:             \LSR_RGB
Used module:         $paramod\Led_Mem\ADDR_WIDTH=s32'00000000000000000000000000001000
Used module:             $paramod\Image_3\ADDR_WIDTH=s32'00000000000000000000000000001000
Used module:             $paramod\Image_2\ADDR_WIDTH=s32'00000000000000000000000000001000
Used module:             $paramod\Image_1\ADDR_WIDTH=s32'00000000000000000000000000001000
Used module:             $paramod\Image_0\ADDR_WIDTH=s32'00000000000000000000000000001000
Used module:         $paramod$5847e4513510e8ea4783b81660155353fe4aec79\Comp_Addr
Used module:         $paramod\Count_Addr\ADDR_WIDTH=s32'00000000000000000000000000001000
Used module:         \Control_WS2812_Led_Array

21.4.24. Analyzing design hierarchy..
Top module:  \Pantalla
Used module:     $paramod$5847e4513510e8ea4783b81660155353fe4aec79\WS2812_Led_Array
Used module:         \WS2812_led
Used module:             \Timer_WS2812
Used module:                 \comp_timer_ws2812
Used module:                 \mux_timer_ws2812
Used module:                 \count_out
Used module:                 \Control_Timer_WS2812
Used module:             \Control_WS2812_LED
Used module:             \Count_24
Used module:             \LSR_RGB
Used module:         $paramod\Led_Mem\ADDR_WIDTH=s32'00000000000000000000000000001000
Used module:             $paramod\Image_3\ADDR_WIDTH=s32'00000000000000000000000000001000
Used module:             $paramod\Image_2\ADDR_WIDTH=s32'00000000000000000000000000001000
Used module:             $paramod\Image_1\ADDR_WIDTH=s32'00000000000000000000000000001000
Used module:             $paramod\Image_0\ADDR_WIDTH=s32'00000000000000000000000000001000
Used module:         $paramod$5847e4513510e8ea4783b81660155353fe4aec79\Comp_Addr
Used module:         $paramod\Count_Addr\ADDR_WIDTH=s32'00000000000000000000000000001000
Used module:         \Control_WS2812_Led_Array
Removing unused module `$abstract\WS2812_Led_Array'.
Removing unused module `$abstract\Led_Mem'.
Removing unused module `$abstract\Image_3'.
Removing unused module `$abstract\Image_2'.
Removing unused module `$abstract\Image_1'.
Removing unused module `$abstract\Image_0'.
Removing unused module `$abstract\Count_Addr'.
Removing unused module `$abstract\Control_WS2812_Led_Array'.
Removing unused module `$abstract\Comp_Addr'.
Removing unused module `$abstract\WS2812_led'.
Removing unused module `$abstract\LSR_RGB'.
Removing unused module `$abstract\Count_24'.
Removing unused module `$abstract\Control_WS2812_LED'.
Removing unused module `$abstract\Timer_WS2812'.
Removing unused module `$abstract\mux_timer_ws2812'.
Removing unused module `$abstract\count_out'.
Removing unused module `$abstract\Control_Timer_WS2812'.
Removing unused module `$abstract\comp_timer_ws2812'.
Removing unused module `$abstract\Pantalla'.
Removed 19 unused modules.

21.5. Executing PROC pass (convert processes to netlists).

21.5.1. Executing PROC_CLEAN pass (remove empty switches from decision trees).
Found and cleaned up 1 empty switch in `\TRELLIS_DPR16X4.$proc$/home/juan-diego/miniconda3/envs/digital/bin/../share/yosys/ecp5/cells_sim.v:213$117'.
Cleaned up 1 empty switch.

21.5.2. Executing PROC_RMDEAD pass (remove dead branches from decision trees).
Marked 1 switch rules as full_case in process $proc$/home/juan-diego/miniconda3/envs/digital/bin/../share/yosys/ecp5/cells_sim.v:350$224 in module TRELLIS_FF.
Marked 1 switch rules as full_case in process $proc$/home/juan-diego/miniconda3/envs/digital/bin/../share/yosys/ecp5/cells_sim.v:285$176 in module DPR16X4C.
Marked 1 switch rules as full_case in process $proc$/home/juan-diego/miniconda3/envs/digital/bin/../share/yosys/ecp5/cells_sim.v:221$118 in module TRELLIS_DPR16X4.
Marked 1 switch rules as full_case in process $proc$Timer_ws2812/Control_Timer_WS2812.v:91$278 in module Control_Timer_WS2812.
Marked 8 switch rules as full_case in process $proc$Timer_ws2812/Control_Timer_WS2812.v:33$276 in module Control_Timer_WS2812.
Marked 1 switch rules as full_case in process $proc$Timer_ws2812/Control_Timer_WS2812.v:25$275 in module Control_Timer_WS2812.
Marked 3 switch rules as full_case in process $proc$Timer_ws2812/count_out.v:9$273 in module count_out.
Removed 1 dead cases from process $proc$Timer_ws2812/mux_timer_ws2812.v:11$272 in module mux_timer_ws2812.
Marked 1 switch rules as full_case in process $proc$Timer_ws2812/mux_timer_ws2812.v:11$272 in module mux_timer_ws2812.
Marked 1 switch rules as full_case in process $proc$WS2812_Led_Array/Image_0.v:8$268 in module $paramod\Image_0\ADDR_WIDTH=s32'00000000000000000000000000001000.
Marked 1 switch rules as full_case in process $proc$WS2812_Led_Array/Image_1.v:8$267 in module $paramod\Image_1\ADDR_WIDTH=s32'00000000000000000000000000001000.
Marked 1 switch rules as full_case in process $proc$WS2812_Led_Array/Image_2.v:8$266 in module $paramod\Image_2\ADDR_WIDTH=s32'00000000000000000000000000001000.
Marked 1 switch rules as full_case in process $proc$WS2812_Led_Array/Image_3.v:8$265 in module $paramod\Image_3\ADDR_WIDTH=s32'00000000000000000000000000001000.
Marked 3 switch rules as full_case in process $proc$WS2812_led/LSR_RGB.v:13$263 in module LSR_RGB.
Marked 4 switch rules as full_case in process $proc$WS2812_led/Count_24.v:12$259 in module Count_24.
Marked 7 switch rules as full_case in process $proc$WS2812_led/Control_WS2812_LED.v:90$258 in module Control_WS2812_LED.
Marked 6 switch rules as full_case in process $proc$WS2812_led/Control_WS2812_LED.v:29$257 in module Control_WS2812_LED.
Marked 1 switch rules as full_case in process $proc$WS2812_Led_Array/Control_WS2812_Led_Array.v:85$256 in module Control_WS2812_Led_Array.
Marked 4 switch rules as full_case in process $proc$WS2812_Led_Array/Control_WS2812_Led_Array.v:37$255 in module Control_WS2812_Led_Array.
Marked 1 switch rules as full_case in process $proc$WS2812_Led_Array/Control_WS2812_Led_Array.v:27$254 in module Control_WS2812_Led_Array.
Marked 3 switch rules as full_case in process $proc$WS2812_Led_Array/Count_Addr.v:11$252 in module $paramod\Count_Addr\ADDR_WIDTH=s32'00000000000000000000000000001000.
Marked 1 switch rules as full_case in process $proc$WS2812_Led_Array/Led_Mem.v:47$250 in module $paramod\Led_Mem\ADDR_WIDTH=s32'00000000000000000000000000001000.
Marked 4 switch rules as full_case in process $proc$Pantalla.v:43$228 in module Pantalla.
Removed a total of 1 dead cases.

21.5.3. Executing PROC_PRUNE pass (remove redundant assignments in processes).
Removed 11 redundant assignments.
Promoted 77 assignments to connections.

21.5.4. Executing PROC_INIT pass (extract init attributes).
Found init rule in `\TRELLIS_FF.$proc$/home/juan-diego/miniconda3/envs/digital/bin/../share/yosys/ecp5/cells_sim.v:0$225'.
  Set init value: \Q = 1'0
Found init rule in `\Pantalla.$proc$Pantalla.v:32$249'.
  Set init value: \timeout_count = 0
Found init rule in `\Pantalla.$proc$Pantalla.v:30$248'.
  Set init value: \init_m = 1'0
Found init rule in `\Pantalla.$proc$Pantalla.v:28$247'.
  Set init value: \startup_done = 1'0
Found init rule in `\Pantalla.$proc$Pantalla.v:27$246'.
  Set init value: \core_busy = 1'0
Found init rule in `\Pantalla.$proc$Pantalla.v:26$245'.
  Set init value: \request_send = 1'0
Found init rule in `\Pantalla.$proc$Pantalla.v:25$244'.
  Set init value: \receiving = 1'0
Found init rule in `\Pantalla.$proc$Pantalla.v:23$243'.
  Set init value: \sensor_prev = 1'0
Found init rule in `\Pantalla.$proc$Pantalla.v:22$242'.
  Set init value: \sensor_sync = 1'0
Found init rule in `\Pantalla.$proc$Pantalla.v:21$241'.
  Set init value: \sensor_meta = 1'0
Found init rule in `\Pantalla.$proc$Pantalla.v:19$240'.
  Set init value: \temp_img_sel = 4'0000
Found init rule in `\Pantalla.$proc$Pantalla.v:18$239'.
  Set init value: \pending_img_sel = 4'0000
Found init rule in `\Pantalla.$proc$Pantalla.v:17$238'.
  Set init value: \active_img_sel = 4'0000

21.5.5. Executing PROC_ARST pass (detect async resets in processes).

21.5.6. Executing PROC_ROM pass (convert switches to ROMs).
Converted 4 switches.

21.5.7. Executing PROC_MUX pass (convert decision trees to multiplexers).
Creating decoders for process `\TRELLIS_FF.$proc$/home/juan-diego/miniconda3/envs/digital/bin/../share/yosys/ecp5/cells_sim.v:0$225'.
Creating decoders for process `\TRELLIS_FF.$proc$/home/juan-diego/miniconda3/envs/digital/bin/../share/yosys/ecp5/cells_sim.v:350$224'.
     1/1: $0\Q[0:0]
Creating decoders for process `\DPR16X4C.$proc$/home/juan-diego/miniconda3/envs/digital/bin/../share/yosys/ecp5/cells_sim.v:0$199'.
Creating decoders for process `\DPR16X4C.$proc$/home/juan-diego/miniconda3/envs/digital/bin/../share/yosys/ecp5/cells_sim.v:285$176'.
     1/3: $1$memwr$\ram$/home/juan-diego/miniconda3/envs/digital/bin/../share/yosys/ecp5/cells_sim.v:287$175_EN[3:0]$182
     2/3: $1$memwr$\ram$/home/juan-diego/miniconda3/envs/digital/bin/../share/yosys/ecp5/cells_sim.v:287$175_DATA[3:0]$181
     3/3: $1$memwr$\ram$/home/juan-diego/miniconda3/envs/digital/bin/../share/yosys/ecp5/cells_sim.v:287$175_ADDR[3:0]$180
Creating decoders for process `\TRELLIS_DPR16X4.$proc$/home/juan-diego/miniconda3/envs/digital/bin/../share/yosys/ecp5/cells_sim.v:0$142'.
Creating decoders for process `\TRELLIS_DPR16X4.$proc$/home/juan-diego/miniconda3/envs/digital/bin/../share/yosys/ecp5/cells_sim.v:221$118'.
     1/3: $1$memwr$\mem$/home/juan-diego/miniconda3/envs/digital/bin/../share/yosys/ecp5/cells_sim.v:223$116_EN[3:0]$124
     2/3: $1$memwr$\mem$/home/juan-diego/miniconda3/envs/digital/bin/../share/yosys/ecp5/cells_sim.v:223$116_DATA[3:0]$123
     3/3: $1$memwr$\mem$/home/juan-diego/miniconda3/envs/digital/bin/../share/yosys/ecp5/cells_sim.v:223$116_ADDR[3:0]$122
Creating decoders for process `\TRELLIS_DPR16X4.$proc$/home/juan-diego/miniconda3/envs/digital/bin/../share/yosys/ecp5/cells_sim.v:213$117'.
Creating decoders for process `\Control_Timer_WS2812.$proc$Timer_ws2812/Control_Timer_WS2812.v:91$278'.
     1/5: $1\SEL_TIM[1:0]
     2/5: $1\INC[0:0]
     3/5: $1\RST[0:0]
     4/5: $1\DONE_T[0:0]
     5/5: $1\DOUT[0:0]
Creating decoders for process `\Control_Timer_WS2812.$proc$Timer_ws2812/Control_Timer_WS2812.v:33$276'.
     1/8: $8\next_state[2:0]
     2/8: $7\next_state[2:0]
     3/8: $6\next_state[2:0]
     4/8: $5\next_state[2:0]
     5/8: $4\next_state[2:0]
     6/8: $3\next_state[2:0]
     7/8: $2\next_state[2:0]
     8/8: $1\next_state[2:0]
Creating decoders for process `\Control_Timer_WS2812.$proc$Timer_ws2812/Control_Timer_WS2812.v:25$275'.
     1/1: $0\state[2:0]
Creating decoders for process `\count_out.$proc$Timer_ws2812/count_out.v:9$273'.
     1/1: $0\count_out[10:0]
Creating decoders for process `\mux_timer_ws2812.$proc$Timer_ws2812/mux_timer_ws2812.v:11$272'.
     1/1: $1\mux_out[10:0]
Creating decoders for process `$paramod\Image_0\ADDR_WIDTH=s32'00000000000000000000000000001000.$proc$WS2812_Led_Array/Image_0.v:8$268'.
     1/1: $1\RGB[23:0]
Creating decoders for process `$paramod\Image_1\ADDR_WIDTH=s32'00000000000000000000000000001000.$proc$WS2812_Led_Array/Image_1.v:8$267'.
     1/1: $1\RGB[23:0]
Creating decoders for process `$paramod\Image_2\ADDR_WIDTH=s32'00000000000000000000000000001000.$proc$WS2812_Led_Array/Image_2.v:8$266'.
     1/1: $1\RGB[23:0]
Creating decoders for process `$paramod\Image_3\ADDR_WIDTH=s32'00000000000000000000000000001000.$proc$WS2812_Led_Array/Image_3.v:8$265'.
     1/1: $1\RGB[23:0]
Creating decoders for process `\LSR_RGB.$proc$WS2812_led/LSR_RGB.v:13$263'.
     1/1: $0\RGB_reg[23:0]
Creating decoders for process `\Count_24.$proc$WS2812_led/Count_24.v:12$259'.
     1/1: $0\count_reg[4:0]
Creating decoders for process `\Control_WS2812_LED.$proc$WS2812_led/Control_WS2812_LED.v:90$258'.
     1/12: $7\SEL[1:0]
     2/12: $6\SEL[1:0]
     3/12: $5\SEL[1:0]
     4/12: $4\SEL[1:0]
     5/12: $3\SEL[1:0]
     6/12: $2\SEL[1:0]
     7/12: $1\SEL[1:0]
     8/12: $1\DONE[0:0]
     9/12: $1\LD[0:0]
    10/12: $1\DEC[0:0]
    11/12: $1\INIT_T[0:0]
    12/12: $1\SH[0:0]
Creating decoders for process `\Control_WS2812_LED.$proc$WS2812_led/Control_WS2812_LED.v:29$257'.
     1/2: $0\state[2:0]
     2/2: $0\send_reset[0:0]
Creating decoders for process `\Control_WS2812_Led_Array.$proc$WS2812_Led_Array/Control_WS2812_Led_Array.v:85$256'.
     1/4: $1\DONE_M[0:0]
     2/4: $1\INC[0:0]
     3/4: $1\RST[0:0]
     4/4: $1\INIT_LED[0:0]
Creating decoders for process `\Control_WS2812_Led_Array.$proc$WS2812_Led_Array/Control_WS2812_Led_Array.v:37$255'.
     1/4: $4\next_state[2:0]
     2/4: $3\next_state[2:0]
     3/4: $2\next_state[2:0]
     4/4: $1\next_state[2:0]
Creating decoders for process `\Control_WS2812_Led_Array.$proc$WS2812_Led_Array/Control_WS2812_Led_Array.v:27$254'.
     1/1: $0\state[2:0]
Creating decoders for process `$paramod\Count_Addr\ADDR_WIDTH=s32'00000000000000000000000000001000.$proc$WS2812_Led_Array/Count_Addr.v:11$252'.
     1/1: $0\ADDR[7:0]
Creating decoders for process `$paramod\Led_Mem\ADDR_WIDTH=s32'00000000000000000000000000001000.$proc$WS2812_Led_Array/Led_Mem.v:47$250'.
     1/1: $1\RGB[23:0]
Creating decoders for process `\Pantalla.$proc$Pantalla.v:32$249'.
Creating decoders for process `\Pantalla.$proc$Pantalla.v:30$248'.
Creating decoders for process `\Pantalla.$proc$Pantalla.v:28$247'.
Creating decoders for process `\Pantalla.$proc$Pantalla.v:27$246'.
Creating decoders for process `\Pantalla.$proc$Pantalla.v:26$245'.
Creating decoders for process `\Pantalla.$proc$Pantalla.v:25$244'.
Creating decoders for process `\Pantalla.$proc$Pantalla.v:23$243'.
Creating decoders for process `\Pantalla.$proc$Pantalla.v:22$242'.
Creating decoders for process `\Pantalla.$proc$Pantalla.v:21$241'.
Creating decoders for process `\Pantalla.$proc$Pantalla.v:19$240'.
Creating decoders for process `\Pantalla.$proc$Pantalla.v:18$239'.
Creating decoders for process `\Pantalla.$proc$Pantalla.v:17$238'.
Creating decoders for process `\Pantalla.$proc$Pantalla.v:43$228'.
     1/12: $0\init_m[0:0]
     2/12: $0\sensor_prev[0:0]
     3/12: $0\sensor_sync[0:0]
     4/12: $0\sensor_meta[0:0]
     5/12: $0\timeout_count[31:0]
     6/12: $0\startup_done[0:0]
     7/12: $0\core_busy[0:0]
     8/12: $0\request_send[0:0]
     9/12: $0\receiving[0:0]
    10/12: $0\temp_img_sel[3:0]
    11/12: $0\pending_img_sel[3:0]
    12/12: $0\active_img_sel[3:0]

21.5.8. Executing PROC_DLATCH pass (convert process syncs to latches).
No latch inferred for signal `\Control_Timer_WS2812.\RST' from process `\Control_Timer_WS2812.$proc$Timer_ws2812/Control_Timer_WS2812.v:91$278'.
No latch inferred for signal `\Control_Timer_WS2812.\DOUT' from process `\Control_Timer_WS2812.$proc$Timer_ws2812/Control_Timer_WS2812.v:91$278'.
No latch inferred for signal `\Control_Timer_WS2812.\INC' from process `\Control_Timer_WS2812.$proc$Timer_ws2812/Control_Timer_WS2812.v:91$278'.
No latch inferred for signal `\Control_Timer_WS2812.\DONE_T' from process `\Control_Timer_WS2812.$proc$Timer_ws2812/Control_Timer_WS2812.v:91$278'.
No latch inferred for signal `\Control_Timer_WS2812.\SEL_TIM' from process `\Control_Timer_WS2812.$proc$Timer_ws2812/Control_Timer_WS2812.v:91$278'.
No latch inferred for signal `\Control_Timer_WS2812.\next_state' from process `\Control_Timer_WS2812.$proc$Timer_ws2812/Control_Timer_WS2812.v:33$276'.
No latch inferred for signal `\mux_timer_ws2812.\mux_out' from process `\mux_timer_ws2812.$proc$Timer_ws2812/mux_timer_ws2812.v:11$272'.
No latch inferred for signal `$paramod\Image_0\ADDR_WIDTH=s32'00000000000000000000000000001000.\RGB' from process `$paramod\Image_0\ADDR_WIDTH=s32'00000000000000000000000000001000.$proc$WS2812_Led_Array/Image_0.v:8$268'.
No latch inferred for signal `$paramod\Image_1\ADDR_WIDTH=s32'00000000000000000000000000001000.\RGB' from process `$paramod\Image_1\ADDR_WIDTH=s32'00000000000000000000000000001000.$proc$WS2812_Led_Array/Image_1.v:8$267'.
No latch inferred for signal `$paramod\Image_2\ADDR_WIDTH=s32'00000000000000000000000000001000.\RGB' from process `$paramod\Image_2\ADDR_WIDTH=s32'00000000000000000000000000001000.$proc$WS2812_Led_Array/Image_2.v:8$266'.
No latch inferred for signal `$paramod\Image_3\ADDR_WIDTH=s32'00000000000000000000000000001000.\RGB' from process `$paramod\Image_3\ADDR_WIDTH=s32'00000000000000000000000000001000.$proc$WS2812_Led_Array/Image_3.v:8$265'.
No latch inferred for signal `\Control_WS2812_LED.\SEL' from process `\Control_WS2812_LED.$proc$WS2812_led/Control_WS2812_LED.v:90$258'.
No latch inferred for signal `\Control_WS2812_LED.\DONE' from process `\Control_WS2812_LED.$proc$WS2812_led/Control_WS2812_LED.v:90$258'.
No latch inferred for signal `\Control_WS2812_LED.\LD' from process `\Control_WS2812_LED.$proc$WS2812_led/Control_WS2812_LED.v:90$258'.
No latch inferred for signal `\Control_WS2812_LED.\SH' from process `\Control_WS2812_LED.$proc$WS2812_led/Control_WS2812_LED.v:90$258'.
No latch inferred for signal `\Control_WS2812_LED.\DEC' from process `\Control_WS2812_LED.$proc$WS2812_led/Control_WS2812_LED.v:90$258'.
No latch inferred for signal `\Control_WS2812_LED.\INIT_T' from process `\Control_WS2812_LED.$proc$WS2812_led/Control_WS2812_LED.v:90$258'.
No latch inferred for signal `\Control_WS2812_Led_Array.\RST' from process `\Control_WS2812_Led_Array.$proc$WS2812_Led_Array/Control_WS2812_Led_Array.v:85$256'.
No latch inferred for signal `\Control_WS2812_Led_Array.\DONE_M' from process `\Control_WS2812_Led_Array.$proc$WS2812_Led_Array/Control_WS2812_Led_Array.v:85$256'.
No latch inferred for signal `\Control_WS2812_Led_Array.\INIT_LED' from process `\Control_WS2812_Led_Array.$proc$WS2812_Led_Array/Control_WS2812_Led_Array.v:85$256'.
No latch inferred for signal `\Control_WS2812_Led_Array.\INC' from process `\Control_WS2812_Led_Array.$proc$WS2812_Led_Array/Control_WS2812_Led_Array.v:85$256'.
No latch inferred for signal `\Control_WS2812_Led_Array.\next_state' from process `\Control_WS2812_Led_Array.$proc$WS2812_Led_Array/Control_WS2812_Led_Array.v:37$255'.
No latch inferred for signal `$paramod\Led_Mem\ADDR_WIDTH=s32'00000000000000000000000000001000.\RGB' from process `$paramod\Led_Mem\ADDR_WIDTH=s32'00000000000000000000000000001000.$proc$WS2812_Led_Array/Led_Mem.v:47$250'.

21.5.9. Executing PROC_DFF pass (convert process syncs to FFs).
Creating register for signal `\TRELLIS_FF.\Q' using process `\TRELLIS_FF.$proc$/home/juan-diego/miniconda3/envs/digital/bin/../share/yosys/ecp5/cells_sim.v:350$224'.
  created $dff cell `$procdff$787' with positive edge clock.
Creating register for signal `\DPR16X4C.\i' using process `\DPR16X4C.$proc$/home/juan-diego/miniconda3/envs/digital/bin/../share/yosys/ecp5/cells_sim.v:0$199'.
  created direct connection (no actual register cell created).
Creating register for signal `\DPR16X4C.$memwr$\ram$/home/juan-diego/miniconda3/envs/digital/bin/../share/yosys/ecp5/cells_sim.v:281$160_EN' using process `\DPR16X4C.$proc$/home/juan-diego/miniconda3/envs/digital/bin/../share/yosys/ecp5/cells_sim.v:0$199'.
  created direct connection (no actual register cell created).
Creating register for signal `\DPR16X4C.$memwr$\ram$/home/juan-diego/miniconda3/envs/digital/bin/../share/yosys/ecp5/cells_sim.v:281$161_EN' using process `\DPR16X4C.$proc$/home/juan-diego/miniconda3/envs/digital/bin/../share/yosys/ecp5/cells_sim.v:0$199'.
  created direct connection (no actual register cell created).
Creating register for signal `\DPR16X4C.$memwr$\ram$/home/juan-diego/miniconda3/envs/digital/bin/../share/yosys/ecp5/cells_sim.v:281$162_EN' using process `\DPR16X4C.$proc$/home/juan-diego/miniconda3/envs/digital/bin/../share/yosys/ecp5/cells_sim.v:0$199'.
  created direct connection (no actual register cell created).
Creating register for signal `\DPR16X4C.$memwr$\ram$/home/juan-diego/miniconda3/envs/digital/bin/../share/yosys/ecp5/cells_sim.v:281$163_EN' using process `\DPR16X4C.$proc$/home/juan-diego/miniconda3/envs/digital/bin/../share/yosys/ecp5/cells_sim.v:0$199'.
  created direct connection (no actual register cell created).
Creating register for signal `\DPR16X4C.$memwr$\ram$/home/juan-diego/miniconda3/envs/digital/bin/../share/yosys/ecp5/cells_sim.v:281$164_EN' using process `\DPR16X4C.$proc$/home/juan-diego/miniconda3/envs/digital/bin/../share/yosys/ecp5/cells_sim.v:0$199'.
  created direct connection (no actual register cell created).
Creating register for signal `\DPR16X4C.$memwr$\ram$/home/juan-diego/miniconda3/envs/digital/bin/../share/yosys/ecp5/cells_sim.v:281$165_EN' using process `\DPR16X4C.$proc$/home/juan-diego/miniconda3/envs/digital/bin/../share/yosys/ecp5/cells_sim.v:0$199'.
  created direct connection (no actual register cell created).
Creating register for signal `\DPR16X4C.$memwr$\ram$/home/juan-diego/miniconda3/envs/digital/bin/../share/yosys/ecp5/cells_sim.v:281$166_EN' using process `\DPR16X4C.$proc$/home/juan-diego/miniconda3/envs/digital/bin/../share/yosys/ecp5/cells_sim.v:0$199'.
  created direct connection (no actual register cell created).
Creating register for signal `\DPR16X4C.$memwr$\ram$/home/juan-diego/miniconda3/envs/digital/bin/../share/yosys/ecp5/cells_sim.v:281$167_EN' using process `\DPR16X4C.$proc$/home/juan-diego/miniconda3/envs/digital/bin/../share/yosys/ecp5/cells_sim.v:0$199'.
  created direct connection (no actual register cell created).
Creating register for signal `\DPR16X4C.$memwr$\ram$/home/juan-diego/miniconda3/envs/digital/bin/../share/yosys/ecp5/cells_sim.v:281$168_EN' using process `\DPR16X4C.$proc$/home/juan-diego/miniconda3/envs/digital/bin/../share/yosys/ecp5/cells_sim.v:0$199'.
  created direct connection (no actual register cell created).
Creating register for signal `\DPR16X4C.$memwr$\ram$/home/juan-diego/miniconda3/envs/digital/bin/../share/yosys/ecp5/cells_sim.v:281$169_EN' using process `\DPR16X4C.$proc$/home/juan-diego/miniconda3/envs/digital/bin/../share/yosys/ecp5/cells_sim.v:0$199'.
  created direct connection (no actual register cell created).
Creating register for signal `\DPR16X4C.$memwr$\ram$/home/juan-diego/miniconda3/envs/digital/bin/../share/yosys/ecp5/cells_sim.v:281$170_EN' using process `\DPR16X4C.$proc$/home/juan-diego/miniconda3/envs/digital/bin/../share/yosys/ecp5/cells_sim.v:0$199'.
  created direct connection (no actual register cell created).
Creating register for signal `\DPR16X4C.$memwr$\ram$/home/juan-diego/miniconda3/envs/digital/bin/../share/yosys/ecp5/cells_sim.v:281$171_EN' using process `\DPR16X4C.$proc$/home/juan-diego/miniconda3/envs/digital/bin/../share/yosys/ecp5/cells_sim.v:0$199'.
  created direct connection (no actual register cell created).
Creating register for signal `\DPR16X4C.$memwr$\ram$/home/juan-diego/miniconda3/envs/digital/bin/../share/yosys/ecp5/cells_sim.v:281$172_EN' using process `\DPR16X4C.$proc$/home/juan-diego/miniconda3/envs/digital/bin/../share/yosys/ecp5/cells_sim.v:0$199'.
  created direct connection (no actual register cell created).
Creating register for signal `\DPR16X4C.$memwr$\ram$/home/juan-diego/miniconda3/envs/digital/bin/../share/yosys/ecp5/cells_sim.v:281$173_EN' using process `\DPR16X4C.$proc$/home/juan-diego/miniconda3/envs/digital/bin/../share/yosys/ecp5/cells_sim.v:0$199'.
  created direct connection (no actual register cell created).
Creating register for signal `\DPR16X4C.$memwr$\ram$/home/juan-diego/miniconda3/envs/digital/bin/../share/yosys/ecp5/cells_sim.v:281$174_EN' using process `\DPR16X4C.$proc$/home/juan-diego/miniconda3/envs/digital/bin/../share/yosys/ecp5/cells_sim.v:0$199'.
  created direct connection (no actual register cell created).
Creating register for signal `\DPR16X4C.$memwr$\ram$/home/juan-diego/miniconda3/envs/digital/bin/../share/yosys/ecp5/cells_sim.v:287$175_ADDR' using process `\DPR16X4C.$proc$/home/juan-diego/miniconda3/envs/digital/bin/../share/yosys/ecp5/cells_sim.v:285$176'.
  created $dff cell `$procdff$788' with positive edge clock.
Creating register for signal `\DPR16X4C.$memwr$\ram$/home/juan-diego/miniconda3/envs/digital/bin/../share/yosys/ecp5/cells_sim.v:287$175_DATA' using process `\DPR16X4C.$proc$/home/juan-diego/miniconda3/envs/digital/bin/../share/yosys/ecp5/cells_sim.v:285$176'.
  created $dff cell `$procdff$789' with positive edge clock.
Creating register for signal `\DPR16X4C.$memwr$\ram$/home/juan-diego/miniconda3/envs/digital/bin/../share/yosys/ecp5/cells_sim.v:287$175_EN' using process `\DPR16X4C.$proc$/home/juan-diego/miniconda3/envs/digital/bin/../share/yosys/ecp5/cells_sim.v:285$176'.
  created $dff cell `$procdff$790' with positive edge clock.
Creating register for signal `\TRELLIS_DPR16X4.\i' using process `\TRELLIS_DPR16X4.$proc$/home/juan-diego/miniconda3/envs/digital/bin/../share/yosys/ecp5/cells_sim.v:0$142'.
  created direct connection (no actual register cell created).
Creating register for signal `\TRELLIS_DPR16X4.$memwr$\mem$/home/juan-diego/miniconda3/envs/digital/bin/../share/yosys/ecp5/cells_sim.v:207$100_EN' using process `\TRELLIS_DPR16X4.$proc$/home/juan-diego/miniconda3/envs/digital/bin/../share/yosys/ecp5/cells_sim.v:0$142'.
  created direct connection (no actual register cell created).
Creating register for signal `\TRELLIS_DPR16X4.$memwr$\mem$/home/juan-diego/miniconda3/envs/digital/bin/../share/yosys/ecp5/cells_sim.v:207$101_EN' using process `\TRELLIS_DPR16X4.$proc$/home/juan-diego/miniconda3/envs/digital/bin/../share/yosys/ecp5/cells_sim.v:0$142'.
  created direct connection (no actual register cell created).
Creating register for signal `\TRELLIS_DPR16X4.$memwr$\mem$/home/juan-diego/miniconda3/envs/digital/bin/../share/yosys/ecp5/cells_sim.v:207$102_EN' using process `\TRELLIS_DPR16X4.$proc$/home/juan-diego/miniconda3/envs/digital/bin/../share/yosys/ecp5/cells_sim.v:0$142'.
  created direct connection (no actual register cell created).
Creating register for signal `\TRELLIS_DPR16X4.$memwr$\mem$/home/juan-diego/miniconda3/envs/digital/bin/../share/yosys/ecp5/cells_sim.v:207$103_EN' using process `\TRELLIS_DPR16X4.$proc$/home/juan-diego/miniconda3/envs/digital/bin/../share/yosys/ecp5/cells_sim.v:0$142'.
  created direct connection (no actual register cell created).
Creating register for signal `\TRELLIS_DPR16X4.$memwr$\mem$/home/juan-diego/miniconda3/envs/digital/bin/../share/yosys/ecp5/cells_sim.v:207$104_EN' using process `\TRELLIS_DPR16X4.$proc$/home/juan-diego/miniconda3/envs/digital/bin/../share/yosys/ecp5/cells_sim.v:0$142'.
  created direct connection (no actual register cell created).
Creating register for signal `\TRELLIS_DPR16X4.$memwr$\mem$/home/juan-diego/miniconda3/envs/digital/bin/../share/yosys/ecp5/cells_sim.v:207$105_EN' using process `\TRELLIS_DPR16X4.$proc$/home/juan-diego/miniconda3/envs/digital/bin/../share/yosys/ecp5/cells_sim.v:0$142'.
  created direct connection (no actual register cell created).
Creating register for signal `\TRELLIS_DPR16X4.$memwr$\mem$/home/juan-diego/miniconda3/envs/digital/bin/../share/yosys/ecp5/cells_sim.v:207$106_EN' using process `\TRELLIS_DPR16X4.$proc$/home/juan-diego/miniconda3/envs/digital/bin/../share/yosys/ecp5/cells_sim.v:0$142'.
  created direct connection (no actual register cell created).
Creating register for signal `\TRELLIS_DPR16X4.$memwr$\mem$/home/juan-diego/miniconda3/envs/digital/bin/../share/yosys/ecp5/cells_sim.v:207$107_EN' using process `\TRELLIS_DPR16X4.$proc$/home/juan-diego/miniconda3/envs/digital/bin/../share/yosys/ecp5/cells_sim.v:0$142'.
  created direct connection (no actual register cell created).
Creating register for signal `\TRELLIS_DPR16X4.$memwr$\mem$/home/juan-diego/miniconda3/envs/digital/bin/../share/yosys/ecp5/cells_sim.v:207$108_EN' using process `\TRELLIS_DPR16X4.$proc$/home/juan-diego/miniconda3/envs/digital/bin/../share/yosys/ecp5/cells_sim.v:0$142'.
  created direct connection (no actual register cell created).
Creating register for signal `\TRELLIS_DPR16X4.$memwr$\mem$/home/juan-diego/miniconda3/envs/digital/bin/../share/yosys/ecp5/cells_sim.v:207$109_EN' using process `\TRELLIS_DPR16X4.$proc$/home/juan-diego/miniconda3/envs/digital/bin/../share/yosys/ecp5/cells_sim.v:0$142'.
  created direct connection (no actual register cell created).
Creating register for signal `\TRELLIS_DPR16X4.$memwr$\mem$/home/juan-diego/miniconda3/envs/digital/bin/../share/yosys/ecp5/cells_sim.v:207$110_EN' using process `\TRELLIS_DPR16X4.$proc$/home/juan-diego/miniconda3/envs/digital/bin/../share/yosys/ecp5/cells_sim.v:0$142'.
  created direct connection (no actual register cell created).
Creating register for signal `\TRELLIS_DPR16X4.$memwr$\mem$/home/juan-diego/miniconda3/envs/digital/bin/../share/yosys/ecp5/cells_sim.v:207$111_EN' using process `\TRELLIS_DPR16X4.$proc$/home/juan-diego/miniconda3/envs/digital/bin/../share/yosys/ecp5/cells_sim.v:0$142'.
  created direct connection (no actual register cell created).
Creating register for signal `\TRELLIS_DPR16X4.$memwr$\mem$/home/juan-diego/miniconda3/envs/digital/bin/../share/yosys/ecp5/cells_sim.v:207$112_EN' using process `\TRELLIS_DPR16X4.$proc$/home/juan-diego/miniconda3/envs/digital/bin/../share/yosys/ecp5/cells_sim.v:0$142'.
  created direct connection (no actual register cell created).
Creating register for signal `\TRELLIS_DPR16X4.$memwr$\mem$/home/juan-diego/miniconda3/envs/digital/bin/../share/yosys/ecp5/cells_sim.v:207$113_EN' using process `\TRELLIS_DPR16X4.$proc$/home/juan-diego/miniconda3/envs/digital/bin/../share/yosys/ecp5/cells_sim.v:0$142'.
  created direct connection (no actual register cell created).
Creating register for signal `\TRELLIS_DPR16X4.$memwr$\mem$/home/juan-diego/miniconda3/envs/digital/bin/../share/yosys/ecp5/cells_sim.v:207$114_EN' using process `\TRELLIS_DPR16X4.$proc$/home/juan-diego/miniconda3/envs/digital/bin/../share/yosys/ecp5/cells_sim.v:0$142'.
  created direct connection (no actual register cell created).
Creating register for signal `\TRELLIS_DPR16X4.$memwr$\mem$/home/juan-diego/miniconda3/envs/digital/bin/../share/yosys/ecp5/cells_sim.v:207$115_EN' using process `\TRELLIS_DPR16X4.$proc$/home/juan-diego/miniconda3/envs/digital/bin/../share/yosys/ecp5/cells_sim.v:0$142'.
  created direct connection (no actual register cell created).
Creating register for signal `\TRELLIS_DPR16X4.$memwr$\mem$/home/juan-diego/miniconda3/envs/digital/bin/../share/yosys/ecp5/cells_sim.v:223$116_ADDR' using process `\TRELLIS_DPR16X4.$proc$/home/juan-diego/miniconda3/envs/digital/bin/../share/yosys/ecp5/cells_sim.v:221$118'.
  created $dff cell `$procdff$791' with positive edge clock.
Creating register for signal `\TRELLIS_DPR16X4.$memwr$\mem$/home/juan-diego/miniconda3/envs/digital/bin/../share/yosys/ecp5/cells_sim.v:223$116_DATA' using process `\TRELLIS_DPR16X4.$proc$/home/juan-diego/miniconda3/envs/digital/bin/../share/yosys/ecp5/cells_sim.v:221$118'.
  created $dff cell `$procdff$792' with positive edge clock.
Creating register for signal `\TRELLIS_DPR16X4.$memwr$\mem$/home/juan-diego/miniconda3/envs/digital/bin/../share/yosys/ecp5/cells_sim.v:223$116_EN' using process `\TRELLIS_DPR16X4.$proc$/home/juan-diego/miniconda3/envs/digital/bin/../share/yosys/ecp5/cells_sim.v:221$118'.
  created $dff cell `$procdff$793' with positive edge clock.
Creating register for signal `\TRELLIS_DPR16X4.\muxwre' using process `\TRELLIS_DPR16X4.$proc$/home/juan-diego/miniconda3/envs/digital/bin/../share/yosys/ecp5/cells_sim.v:213$117'.
  created direct connection (no actual register cell created).
Creating register for signal `\Control_Timer_WS2812.\state' using process `\Control_Timer_WS2812.$proc$Timer_ws2812/Control_Timer_WS2812.v:25$275'.
  created $dff cell `$procdff$794' with positive edge clock.
Creating register for signal `\count_out.\count_out' using process `\count_out.$proc$Timer_ws2812/count_out.v:9$273'.
  created $dff cell `$procdff$795' with positive edge clock.
Creating register for signal `\LSR_RGB.\RGB_reg' using process `\LSR_RGB.$proc$WS2812_led/LSR_RGB.v:13$263'.
  created $dff cell `$procdff$796' with positive edge clock.
Creating register for signal `\Count_24.\count_reg' using process `\Count_24.$proc$WS2812_led/Count_24.v:12$259'.
  created $dff cell `$procdff$797' with positive edge clock.
Creating register for signal `\Control_WS2812_LED.\state' using process `\Control_WS2812_LED.$proc$WS2812_led/Control_WS2812_LED.v:29$257'.
  created $dff cell `$procdff$798' with positive edge clock.
Creating register for signal `\Control_WS2812_LED.\send_reset' using process `\Control_WS2812_LED.$proc$WS2812_led/Control_WS2812_LED.v:29$257'.
  created $dff cell `$procdff$799' with positive edge clock.
Creating register for signal `\Control_WS2812_Led_Array.\state' using process `\Control_WS2812_Led_Array.$proc$WS2812_Led_Array/Control_WS2812_Led_Array.v:27$254'.
  created $dff cell `$procdff$800' with positive edge clock.
Creating register for signal `$paramod\Count_Addr\ADDR_WIDTH=s32'00000000000000000000000000001000.\ADDR' using process `$paramod\Count_Addr\ADDR_WIDTH=s32'00000000000000000000000000001000.$proc$WS2812_Led_Array/Count_Addr.v:11$252'.
  created $dff cell `$procdff$801' with positive edge clock.
Creating register for signal `\Pantalla.\active_img_sel' using process `\Pantalla.$proc$Pantalla.v:43$228'.
  created $dff cell `$procdff$802' with positive edge clock.
Creating register for signal `\Pantalla.\pending_img_sel' using process `\Pantalla.$proc$Pantalla.v:43$228'.
  created $dff cell `$procdff$803' with positive edge clock.
Creating register for signal `\Pantalla.\temp_img_sel' using process `\Pantalla.$proc$Pantalla.v:43$228'.
  created $dff cell `$procdff$804' with positive edge clock.
Creating register for signal `\Pantalla.\sensor_meta' using process `\Pantalla.$proc$Pantalla.v:43$228'.
  created $dff cell `$procdff$805' with positive edge clock.
Creating register for signal `\Pantalla.\sensor_sync' using process `\Pantalla.$proc$Pantalla.v:43$228'.
  created $dff cell `$procdff$806' with positive edge clock.
Creating register for signal `\Pantalla.\sensor_prev' using process `\Pantalla.$proc$Pantalla.v:43$228'.
  created $dff cell `$procdff$807' with positive edge clock.
Creating register for signal `\Pantalla.\receiving' using process `\Pantalla.$proc$Pantalla.v:43$228'.
  created $dff cell `$procdff$808' with positive edge clock.
Creating register for signal `\Pantalla.\request_send' using process `\Pantalla.$proc$Pantalla.v:43$228'.
  created $dff cell `$procdff$809' with positive edge clock.
Creating register for signal `\Pantalla.\core_busy' using process `\Pantalla.$proc$Pantalla.v:43$228'.
  created $dff cell `$procdff$810' with positive edge clock.
Creating register for signal `\Pantalla.\startup_done' using process `\Pantalla.$proc$Pantalla.v:43$228'.
  created $dff cell `$procdff$811' with positive edge clock.
Creating register for signal `\Pantalla.\init_m' using process `\Pantalla.$proc$Pantalla.v:43$228'.
  created $dff cell `$procdff$812' with positive edge clock.
Creating register for signal `\Pantalla.\timeout_count' using process `\Pantalla.$proc$Pantalla.v:43$228'.
  created $dff cell `$procdff$813' with positive edge clock.

21.5.10. Executing PROC_MEMWR pass (convert process memory writes to cells).

21.5.11. Executing PROC_CLEAN pass (remove empty switches from decision trees).
Removing empty process `TRELLIS_FF.$proc$/home/juan-diego/miniconda3/envs/digital/bin/../share/yosys/ecp5/cells_sim.v:0$225'.
Found and cleaned up 2 empty switches in `\TRELLIS_FF.$proc$/home/juan-diego/miniconda3/envs/digital/bin/../share/yosys/ecp5/cells_sim.v:350$224'.
Removing empty process `TRELLIS_FF.$proc$/home/juan-diego/miniconda3/envs/digital/bin/../share/yosys/ecp5/cells_sim.v:350$224'.
Removing empty process `DPR16X4C.$proc$/home/juan-diego/miniconda3/envs/digital/bin/../share/yosys/ecp5/cells_sim.v:0$199'.
Found and cleaned up 1 empty switch in `\DPR16X4C.$proc$/home/juan-diego/miniconda3/envs/digital/bin/../share/yosys/ecp5/cells_sim.v:285$176'.
Removing empty process `TRELLIS_DPR16X4.$proc$/home/juan-diego/miniconda3/envs/digital/bin/../share/yosys/ecp5/cells_sim.v:0$142'.
Found and cleaned up 1 empty switch in `\TRELLIS_DPR16X4.$proc$/home/juan-diego/miniconda3/envs/digital/bin/../share/yosys/ecp5/cells_sim.v:221$118'.
Removing empty process `TRELLIS_DPR16X4.$proc$/home/juan-diego/miniconda3/envs/digital/bin/../share/yosys/ecp5/cells_sim.v:213$117'.
Found and cleaned up 1 empty switch in `\Control_Timer_WS2812.$proc$Timer_ws2812/Control_Timer_WS2812.v:91$278'.
Removing empty process `Control_Timer_WS2812.$proc$Timer_ws2812/Control_Timer_WS2812.v:91$278'.
Found and cleaned up 8 empty switches in `\Control_Timer_WS2812.$proc$Timer_ws2812/Control_Timer_WS2812.v:33$276'.
Removing empty process `Control_Timer_WS2812.$proc$Timer_ws2812/Control_Timer_WS2812.v:33$276'.
Found and cleaned up 1 empty switch in `\Control_Timer_WS2812.$proc$Timer_ws2812/Control_Timer_WS2812.v:25$275'.
Removing empty process `Control_Timer_WS2812.$proc$Timer_ws2812/Control_Timer_WS2812.v:25$275'.
Found and cleaned up 3 empty switches in `\count_out.$proc$Timer_ws2812/count_out.v:9$273'.
Removing empty process `count_out.$proc$Timer_ws2812/count_out.v:9$273'.
Found and cleaned up 1 empty switch in `\mux_timer_ws2812.$proc$Timer_ws2812/mux_timer_ws2812.v:11$272'.
Removing empty process `mux_timer_ws2812.$proc$Timer_ws2812/mux_timer_ws2812.v:11$272'.
Found and cleaned up 1 empty switch in `$paramod\Image_0\ADDR_WIDTH=s32'00000000000000000000000000001000.$proc$WS2812_Led_Array/Image_0.v:8$268'.
Removing empty process `$paramod\Image_0\ADDR_WIDTH=s32'00000000000000000000000000001000.$proc$WS2812_Led_Array/Image_0.v:8$268'.
Found and cleaned up 1 empty switch in `$paramod\Image_1\ADDR_WIDTH=s32'00000000000000000000000000001000.$proc$WS2812_Led_Array/Image_1.v:8$267'.
Removing empty process `$paramod\Image_1\ADDR_WIDTH=s32'00000000000000000000000000001000.$proc$WS2812_Led_Array/Image_1.v:8$267'.
Found and cleaned up 1 empty switch in `$paramod\Image_2\ADDR_WIDTH=s32'00000000000000000000000000001000.$proc$WS2812_Led_Array/Image_2.v:8$266'.
Removing empty process `$paramod\Image_2\ADDR_WIDTH=s32'00000000000000000000000000001000.$proc$WS2812_Led_Array/Image_2.v:8$266'.
Found and cleaned up 1 empty switch in `$paramod\Image_3\ADDR_WIDTH=s32'00000000000000000000000000001000.$proc$WS2812_Led_Array/Image_3.v:8$265'.
Removing empty process `$paramod\Image_3\ADDR_WIDTH=s32'00000000000000000000000000001000.$proc$WS2812_Led_Array/Image_3.v:8$265'.
Found and cleaned up 3 empty switches in `\LSR_RGB.$proc$WS2812_led/LSR_RGB.v:13$263'.
Removing empty process `LSR_RGB.$proc$WS2812_led/LSR_RGB.v:13$263'.
Found and cleaned up 4 empty switches in `\Count_24.$proc$WS2812_led/Count_24.v:12$259'.
Removing empty process `Count_24.$proc$WS2812_led/Count_24.v:12$259'.
Found and cleaned up 7 empty switches in `\Control_WS2812_LED.$proc$WS2812_led/Control_WS2812_LED.v:90$258'.
Removing empty process `Control_WS2812_LED.$proc$WS2812_led/Control_WS2812_LED.v:90$258'.
Found and cleaned up 6 empty switches in `\Control_WS2812_LED.$proc$WS2812_led/Control_WS2812_LED.v:29$257'.
Removing empty process `Control_WS2812_LED.$proc$WS2812_led/Control_WS2812_LED.v:29$257'.
Found and cleaned up 1 empty switch in `\Control_WS2812_Led_Array.$proc$WS2812_Led_Array/Control_WS2812_Led_Array.v:85$256'.
Removing empty process `Control_WS2812_Led_Array.$proc$WS2812_Led_Array/Control_WS2812_Led_Array.v:85$256'.
Found and cleaned up 4 empty switches in `\Control_WS2812_Led_Array.$proc$WS2812_Led_Array/Control_WS2812_Led_Array.v:37$255'.
Removing empty process `Control_WS2812_Led_Array.$proc$WS2812_Led_Array/Control_WS2812_Led_Array.v:37$255'.
Found and cleaned up 1 empty switch in `\Control_WS2812_Led_Array.$proc$WS2812_Led_Array/Control_WS2812_Led_Array.v:27$254'.
Removing empty process `Control_WS2812_Led_Array.$proc$WS2812_Led_Array/Control_WS2812_Led_Array.v:27$254'.
Found and cleaned up 3 empty switches in `$paramod\Count_Addr\ADDR_WIDTH=s32'00000000000000000000000000001000.$proc$WS2812_Led_Array/Count_Addr.v:11$252'.
Removing empty process `$paramod\Count_Addr\ADDR_WIDTH=s32'00000000000000000000000000001000.$proc$WS2812_Led_Array/Count_Addr.v:11$252'.
Found and cleaned up 1 empty switch in `$paramod\Led_Mem\ADDR_WIDTH=s32'00000000000000000000000000001000.$proc$WS2812_Led_Array/Led_Mem.v:47$250'.
Removing empty process `$paramod\Led_Mem\ADDR_WIDTH=s32'00000000000000000000000000001000.$proc$WS2812_Led_Array/Led_Mem.v:47$250'.
Removing empty process `Pantalla.$proc$Pantalla.v:32$249'.
Removing empty process `Pantalla.$proc$Pantalla.v:30$248'.
Removing empty process `Pantalla.$proc$Pantalla.v:28$247'.
Removing empty process `Pantalla.$proc$Pantalla.v:27$246'.
Removing empty process `Pantalla.$proc$Pantalla.v:26$245'.
Removing empty process `Pantalla.$proc$Pantalla.v:25$244'.
Removing empty process `Pantalla.$proc$Pantalla.v:23$243'.
Removing empty process `Pantalla.$proc$Pantalla.v:22$242'.
Removing empty process `Pantalla.$proc$Pantalla.v:21$241'.
Removing empty process `Pantalla.$proc$Pantalla.v:19$240'.
Removing empty process `Pantalla.$proc$Pantalla.v:18$239'.
Removing empty process `Pantalla.$proc$Pantalla.v:17$238'.
Found and cleaned up 8 empty switches in `\Pantalla.$proc$Pantalla.v:43$228'.
Removing empty process `Pantalla.$proc$Pantalla.v:43$228'.
Cleaned up 60 empty switches.

21.5.12. Executing OPT_EXPR pass (perform const folding).
Optimizing module Control_Timer_WS2812.
Optimizing module count_out.
Optimizing module mux_timer_ws2812.
Optimizing module comp_timer_ws2812.
Optimizing module $paramod\Image_0\ADDR_WIDTH=s32'00000000000000000000000000001000.
Optimizing module $paramod\Image_1\ADDR_WIDTH=s32'00000000000000000000000000001000.
Optimizing module $paramod\Image_2\ADDR_WIDTH=s32'00000000000000000000000000001000.
Optimizing module $paramod\Image_3\ADDR_WIDTH=s32'00000000000000000000000000001000.
Optimizing module LSR_RGB.
Optimizing module Count_24.
Optimizing module Control_WS2812_LED.
Optimizing module Timer_WS2812.
Optimizing module Control_WS2812_Led_Array.
Optimizing module $paramod\Count_Addr\ADDR_WIDTH=s32'00000000000000000000000000001000.
Optimizing module $paramod$5847e4513510e8ea4783b81660155353fe4aec79\Comp_Addr.
Optimizing module $paramod\Led_Mem\ADDR_WIDTH=s32'00000000000000000000000000001000.
Optimizing module WS2812_led.
Optimizing module $paramod$5847e4513510e8ea4783b81660155353fe4aec79\WS2812_Led_Array.
Optimizing module Pantalla.

21.6. Executing FLATTEN pass (flatten design).
Deleting now unused module Control_Timer_WS2812.
Deleting now unused module count_out.
Deleting now unused module mux_timer_ws2812.
Deleting now unused module comp_timer_ws2812.
Deleting now unused module $paramod\Image_0\ADDR_WIDTH=s32'00000000000000000000000000001000.
Deleting now unused module $paramod\Image_1\ADDR_WIDTH=s32'00000000000000000000000000001000.
Deleting now unused module $paramod\Image_2\ADDR_WIDTH=s32'00000000000000000000000000001000.
Deleting now unused module $paramod\Image_3\ADDR_WIDTH=s32'00000000000000000000000000001000.
Deleting now unused module LSR_RGB.
Deleting now unused module Count_24.
Deleting now unused module Control_WS2812_LED.
Deleting now unused module Timer_WS2812.
Deleting now unused module Control_WS2812_Led_Array.
Deleting now unused module $paramod\Count_Addr\ADDR_WIDTH=s32'00000000000000000000000000001000.
Deleting now unused module $paramod$5847e4513510e8ea4783b81660155353fe4aec79\Comp_Addr.
Deleting now unused module $paramod\Led_Mem\ADDR_WIDTH=s32'00000000000000000000000000001000.
Deleting now unused module WS2812_led.
Deleting now unused module $paramod$5847e4513510e8ea4783b81660155353fe4aec79\WS2812_Led_Array.

21.7. Executing TRIBUF pass.

21.8. Executing DEMINOUT pass (demote inout ports to input or output).

21.9. Executing OPT_EXPR pass (perform const folding).
Optimizing module Pantalla.

21.10. Executing OPT_CLEAN pass (remove unused cells and wires).
Finding unused cells or wires in module \Pantalla..
Removed 3 unused cells and 202 unused wires.

21.11. Executing CHECK pass (checking for obvious problems).
Checking module Pantalla...
Found and reported 0 problems.

21.12. Executing OPT pass (performing simple optimizations).

21.12.1. Executing OPT_EXPR pass (perform const folding).
Optimizing module Pantalla.

21.12.2. Executing OPT_MERGE pass (detect identical cells).
Finding identical cells in module `\Pantalla'.
Removed a total of 43 cells.

21.12.3. Executing OPT_MUXTREE pass (detect dead branches in mux trees).
Running muxtree optimizer on module \Pantalla..
  Creating internal representation of mux trees.
  Evaluating internal representation of mux trees.
      Replacing known input bits on port B of cell $procmux$719: \startup_done -> 1'1
      Replacing known input bits on port B of cell $procmux$753: \receiving -> 1'1
      Replacing known input bits on port A of cell $procmux$749: \receiving -> 1'0
      Replacing known input bits on port A of cell $procmux$747: \receiving -> 1'1
  Analyzing evaluation results.
    dead port 1/2 on $mux $flatten\core_pantalla.\ws2812_led_inst.\control0.$procmux$478.
    dead port 2/2 on $mux $flatten\core_pantalla.\ws2812_led_inst.\control0.$procmux$480.
    dead port 2/2 on $mux $flatten\core_pantalla.\ws2812_led_inst.\control0.$procmux$489.
    dead port 1/2 on $mux $flatten\core_pantalla.\ws2812_led_inst.\control0.$procmux$500.
    dead port 2/2 on $mux $flatten\core_pantalla.\ws2812_led_inst.\control0.$procmux$502.
    dead port 2/2 on $mux $flatten\core_pantalla.\ws2812_led_inst.\control0.$procmux$512.
    dead port 2/2 on $mux $flatten\core_pantalla.\ws2812_led_inst.\control0.$procmux$526.
    dead port 2/2 on $mux $flatten\core_pantalla.\ws2812_led_inst.\control0.$procmux$537.
    dead port 2/2 on $mux $flatten\core_pantalla.\control_array.$procmux$642.
    dead port 2/2 on $mux $flatten\core_pantalla.\control_array.$procmux$651.
    dead port 2/2 on $mux $flatten\core_pantalla.\control_array.$procmux$663.
    dead port 2/2 on $mux $flatten\core_pantalla.\ws2812_led_inst.\timer0.\control_timer.$procmux$349.
    dead port 2/2 on $mux $flatten\core_pantalla.\ws2812_led_inst.\timer0.\control_timer.$procmux$356.
    dead port 2/2 on $mux $flatten\core_pantalla.\ws2812_led_inst.\timer0.\control_timer.$procmux$364.
    dead port 2/2 on $mux $flatten\core_pantalla.\ws2812_led_inst.\timer0.\control_timer.$procmux$373.
    dead port 2/2 on $mux $flatten\core_pantalla.\ws2812_led_inst.\timer0.\control_timer.$procmux$383.
    dead port 2/2 on $mux $flatten\core_pantalla.\ws2812_led_inst.\timer0.\control_timer.$procmux$397.
    dead port 2/2 on $mux $flatten\core_pantalla.\ws2812_led_inst.\timer0.\control_timer.$procmux$399.
    dead port 2/2 on $mux $flatten\core_pantalla.\ws2812_led_inst.\timer0.\control_timer.$procmux$410.
Removed 19 multiplexer ports.

21.12.4. Executing OPT_REDUCE pass (consolidate $*mux and $reduce_* inputs).
  Optimizing cells in module \Pantalla.
    New ctrl vector for $pmux cell $flatten\core_pantalla.\ws2812_led_inst.\control0.$procmux$606: $auto$opt_reduce.cc:134:opt_pmux$815
    New ctrl vector for $pmux cell $flatten\core_pantalla.\ws2812_led_inst.\timer0.\control_timer.$procmux$326: $auto$opt_reduce.cc:134:opt_pmux$817
    New ctrl vector for $pmux cell $flatten\core_pantalla.\ws2812_led_inst.\timer0.\control_timer.$procmux$332: $auto$opt_reduce.cc:134:opt_pmux$819
    New ctrl vector for $pmux cell $flatten\core_pantalla.\ws2812_led_inst.\timer0.\control_timer.$procmux$342: $auto$opt_reduce.cc:134:opt_pmux$821
  Optimizing cells in module \Pantalla.
Performed a total of 6 changes.

21.12.5. Executing OPT_MERGE pass (detect identical cells).
Finding identical cells in module `\Pantalla'.
Removed a total of 4 cells.

21.12.6. Executing OPT_DFF pass (perform DFF optimizations).

21.12.7. Executing OPT_CLEAN pass (remove unused cells and wires).
Finding unused cells or wires in module \Pantalla..
Removed 0 unused cells and 67 unused wires.

21.12.8. Executing OPT_EXPR pass (perform const folding).
Optimizing module Pantalla.

21.12.9. Rerunning OPT passes. (Maybe there is more to do..)

21.12.10. Executing OPT_MUXTREE pass (detect dead branches in mux trees).
Running muxtree optimizer on module \Pantalla..
  Creating internal representation of mux trees.
  Evaluating internal representation of mux trees.
  Analyzing evaluation results.
Removed 0 multiplexer ports.

21.12.11. Executing OPT_REDUCE pass (consolidate $*mux and $reduce_* inputs).
  Optimizing cells in module \Pantalla.
    New ctrl vector for $pmux cell $flatten\core_pantalla.\ws2812_led_inst.\control0.$procmux$543: { $flatten\core_pantalla.\ws2812_led_inst.\control0.$procmux$527_CMP $auto$opt_reduce.cc:134:opt_pmux$823 }
  Optimizing cells in module \Pantalla.
Performed a total of 1 changes.

21.12.12. Executing OPT_MERGE pass (detect identical cells).
Finding identical cells in module `\Pantalla'.
Removed a total of 0 cells.

21.12.13. Executing OPT_DFF pass (perform DFF optimizations).

21.12.14. Executing OPT_CLEAN pass (remove unused cells and wires).
Finding unused cells or wires in module \Pantalla..

21.12.15. Executing OPT_EXPR pass (perform const folding).
Optimizing module Pantalla.

21.12.16. Rerunning OPT passes. (Maybe there is more to do..)

21.12.17. Executing OPT_MUXTREE pass (detect dead branches in mux trees).
Running muxtree optimizer on module \Pantalla..
  Creating internal representation of mux trees.
  Evaluating internal representation of mux trees.
  Analyzing evaluation results.
Removed 0 multiplexer ports.

21.12.18. Executing OPT_REDUCE pass (consolidate $*mux and $reduce_* inputs).
  Optimizing cells in module \Pantalla.
Performed a total of 0 changes.

21.12.19. Executing OPT_MERGE pass (detect identical cells).
Finding identical cells in module `\Pantalla'.
Removed a total of 0 cells.

21.12.20. Executing OPT_DFF pass (perform DFF optimizations).

21.12.21. Executing OPT_CLEAN pass (remove unused cells and wires).
Finding unused cells or wires in module \Pantalla..

21.12.22. Executing OPT_EXPR pass (perform const folding).
Optimizing module Pantalla.

21.12.23. Finished OPT passes. (There is nothing left to do.)

21.13. Executing FSM pass (extract and optimize FSM).

21.13.1. Executing FSM_DETECT pass (finding FSMs in design).
Found FSM state register Pantalla.core_pantalla.control_array.state.
Found FSM state register Pantalla.core_pantalla.ws2812_led_inst.control0.state.
Found FSM state register Pantalla.core_pantalla.ws2812_led_inst.timer0.control_timer.state.

21.13.2. Executing FSM_EXTRACT pass (extracting FSM from design).
Extracting FSM `\core_pantalla.control_array.state' from module `\Pantalla'.
  found $dff cell for state register: $flatten\core_pantalla.\control_array.$procdff$800
  root of input selection tree: $flatten\core_pantalla.\control_array.$0\state[2:0]
  found reset state: 3'000 (guessed from mux tree)
  found ctrl input: \reset
  found ctrl input: $flatten\core_pantalla.\control_array.$procmux$643_CMP
  found ctrl input: $flatten\core_pantalla.\control_array.$procmux$619_CMP
  found ctrl input: $flatten\core_pantalla.\control_array.$procmux$652_CMP
  found ctrl input: $flatten\core_pantalla.\control_array.$procmux$671_CMP
  found ctrl input: $flatten\core_pantalla.\control_array.$procmux$636_CMP
  found ctrl input: $flatten\core_pantalla.\control_array.$procmux$628_CMP
  found state code: 3'000
  found ctrl input: \core_pantalla.Z
  found state code: 3'001
  found state code: 3'110
  found state code: 3'101
  found ctrl input: \core_pantalla.DONE_LED
  found state code: 3'011
  found state code: 3'100
  found state code: 3'010
  found ctrl input: \init_m
  found ctrl output: $flatten\core_pantalla.\control_array.$procmux$619_CMP
  found ctrl output: $flatten\core_pantalla.\control_array.$procmux$628_CMP
  found ctrl output: $flatten\core_pantalla.\control_array.$procmux$636_CMP
  found ctrl output: $flatten\core_pantalla.\control_array.$procmux$643_CMP
  found ctrl output: $flatten\core_pantalla.\control_array.$procmux$652_CMP
  found ctrl output: $flatten\core_pantalla.\control_array.$procmux$671_CMP
  found ctrl output: $flatten\core_pantalla.\control_array.$procmux$614_CMP
  ctrl inputs: { \core_pantalla.Z \core_pantalla.DONE_LED \init_m \reset }
  ctrl outputs: { $flatten\core_pantalla.\control_array.$procmux$671_CMP $flatten\core_pantalla.\control_array.$procmux$652_CMP $flatten\core_pantalla.\control_array.$procmux$643_CMP $flatten\core_pantalla.\control_array.$procmux$636_CMP $flatten\core_pantalla.\control_array.$procmux$628_CMP $flatten\core_pantalla.\control_array.$procmux$619_CMP $flatten\core_pantalla.\control_array.$procmux$614_CMP $flatten\core_pantalla.\control_array.$0\state[2:0] }
  transition:      3'000 4'--00 ->      3'000 10'0000100000
  transition:      3'000 4'--10 ->      3'001 10'0000100001
  transition:      3'000 4'---1 ->      3'000 10'0000100000
  transition:      3'100 4'---0 ->      3'101 10'0000010101
  transition:      3'100 4'---1 ->      3'000 10'0000010000
  transition:      3'010 4'---0 ->      3'011 10'1000000011
  transition:      3'010 4'---1 ->      3'000 10'1000000000
  transition:      3'110 4'---0 ->      3'000 10'0000001000
  transition:      3'110 4'---1 ->      3'000 10'0000001000
  transition:      3'001 4'---0 ->      3'010 10'0001000010
  transition:      3'001 4'---1 ->      3'000 10'0001000000
  transition:      3'101 4'0--0 ->      3'001 10'0010000001
  transition:      3'101 4'1--0 ->      3'110 10'0010000110
  transition:      3'101 4'---1 ->      3'000 10'0010000000
  transition:      3'011 4'-0-0 ->      3'011 10'0100000011
  transition:      3'011 4'-1-0 ->      3'100 10'0100000100
  transition:      3'011 4'---1 ->      3'000 10'0100000000
Extracting FSM `\core_pantalla.ws2812_led_inst.control0.state' from module `\Pantalla'.
  found $dff cell for state register: $flatten\core_pantalla.\ws2812_led_inst.\control0.$procdff$798
  root of input selection tree: $flatten\core_pantalla.\ws2812_led_inst.\control0.$0\state[2:0]
  found reset state: 3'000 (guessed from mux tree)
  found ctrl input: \reset
  found ctrl input: $flatten\core_pantalla.\ws2812_led_inst.\control0.$procmux$582_CMP
  found ctrl input: $flatten\core_pantalla.\ws2812_led_inst.\control0.$procmux$563_CMP
  found ctrl input: $flatten\core_pantalla.\ws2812_led_inst.\control0.$procmux$481_CMP
  found ctrl input: $flatten\core_pantalla.\ws2812_led_inst.\control0.$procmux$503_CMP
  found ctrl input: $flatten\core_pantalla.\ws2812_led_inst.\control0.$procmux$527_CMP
  found ctrl input: $flatten\core_pantalla.\ws2812_led_inst.\control0.$procmux$558_CMP
  found state code: 3'000
  found ctrl input: \core_pantalla.ws2812_led_inst.control0.Z
  found state code: 3'001
  found state code: 3'110
  found state code: 3'101
  found ctrl input: \core_pantalla.ws2812_led_inst.control0.DONE_T
  found state code: 3'011
  found ctrl input: \core_pantalla.ws2812_led_inst.control0.send_reset
  found state code: 3'100
  found state code: 3'010
  found ctrl input: \core_pantalla.INIT_LED
  found ctrl output: $flatten\core_pantalla.\ws2812_led_inst.\control0.$procmux$582_CMP
  found ctrl output: $flatten\core_pantalla.\ws2812_led_inst.\control0.$procmux$563_CMP
  found ctrl output: $flatten\core_pantalla.\ws2812_led_inst.\control0.$procmux$558_CMP
  found ctrl output: $flatten\core_pantalla.\ws2812_led_inst.\control0.$procmux$549_CMP
  found ctrl output: $flatten\core_pantalla.\ws2812_led_inst.\control0.$procmux$527_CMP
  found ctrl output: $flatten\core_pantalla.\ws2812_led_inst.\control0.$procmux$503_CMP
  found ctrl output: $flatten\core_pantalla.\ws2812_led_inst.\control0.$procmux$481_CMP
  ctrl inputs: { \core_pantalla.INIT_LED \core_pantalla.ws2812_led_inst.control0.DONE_T \core_pantalla.ws2812_led_inst.control0.Z \core_pantalla.ws2812_led_inst.control0.send_reset \reset }
  ctrl outputs: { $flatten\core_pantalla.\ws2812_led_inst.\control0.$0\state[2:0] $flatten\core_pantalla.\ws2812_led_inst.\control0.$procmux$481_CMP $flatten\core_pantalla.\ws2812_led_inst.\control0.$procmux$503_CMP $flatten\core_pantalla.\ws2812_led_inst.\control0.$procmux$527_CMP $flatten\core_pantalla.\ws2812_led_inst.\control0.$procmux$549_CMP $flatten\core_pantalla.\ws2812_led_inst.\control0.$procmux$558_CMP $flatten\core_pantalla.\ws2812_led_inst.\control0.$procmux$563_CMP $flatten\core_pantalla.\ws2812_led_inst.\control0.$procmux$582_CMP }
  transition:      3'000 5'0---0 ->      3'000 10'0000000100
  transition:      3'000 5'1---0 ->      3'001 10'0010000100
  transition:      3'000 5'----1 ->      3'000 10'0000000100
  transition:      3'100 5'----0 ->      3'101 10'1010000010
  transition:      3'100 5'----1 ->      3'000 10'0000000010
  transition:      3'010 5'----0 ->      3'011 10'0110100000
  transition:      3'010 5'----1 ->      3'000 10'0000100000
  transition:      3'110 5'----0 ->      3'000 10'0000001000
  transition:      3'110 5'----1 ->      3'000 10'0000001000
  transition:      3'001 5'----0 ->      3'010 10'0100010000
  transition:      3'001 5'----1 ->      3'000 10'0000010000
  transition:      3'101 5'--0-0 ->      3'001 10'0010000001
  transition:      3'101 5'--1-0 ->      3'110 10'1100000001
  transition:      3'101 5'----1 ->      3'000 10'0000000001
  transition:      3'011 5'-0--0 ->      3'011 10'0111000000
  transition:      3'011 5'-1-00 ->      3'100 10'1001000000
  transition:      3'011 5'-1-10 ->      3'110 10'1101000000
  transition:      3'011 5'----1 ->      3'000 10'0001000000
Extracting FSM `\core_pantalla.ws2812_led_inst.timer0.control_timer.state' from module `\Pantalla'.
  found $dff cell for state register: $flatten\core_pantalla.\ws2812_led_inst.\timer0.\control_timer.$procdff$794
  root of input selection tree: $flatten\core_pantalla.\ws2812_led_inst.\timer0.\control_timer.$0\state[2:0]
  found reset state: 3'000 (guessed from mux tree)
  found ctrl input: \reset
  found ctrl input: $flatten\core_pantalla.\ws2812_led_inst.\timer0.\control_timer.$procmux$333_CMP
  found ctrl input: $flatten\core_pantalla.\ws2812_led_inst.\timer0.\control_timer.$procmux$321_CMP
  found ctrl input: $flatten\core_pantalla.\ws2812_led_inst.\timer0.\control_timer.$procmux$322_CMP
  found ctrl input: $flatten\core_pantalla.\ws2812_led_inst.\timer0.\control_timer.$procmux$323_CMP
  found ctrl input: $flatten\core_pantalla.\ws2812_led_inst.\timer0.\control_timer.$procmux$330_CMP
  found ctrl input: $flatten\core_pantalla.\ws2812_led_inst.\timer0.\control_timer.$procmux$334_CMP
  found state code: 3'000
  found ctrl input: \core_pantalla.ws2812_led_inst.timer0.control_timer.INIT_T
  found state code: 3'101
  found ctrl input: \core_pantalla.ws2812_led_inst.timer0.comparador_timer.Z
  found state code: 3'011
  found state code: 3'100
  found state code: 3'010
  found state code: 3'001
  found ctrl input: $flatten\core_pantalla.\ws2812_led_inst.\timer0.\control_timer.$procmux$395_CMP
  found ctrl input: $flatten\core_pantalla.\ws2812_led_inst.\timer0.\control_timer.$procmux$396_CMP
  found ctrl output: $flatten\core_pantalla.\ws2812_led_inst.\timer0.\control_timer.$procmux$321_CMP
  found ctrl output: $flatten\core_pantalla.\ws2812_led_inst.\timer0.\control_timer.$procmux$322_CMP
  found ctrl output: $flatten\core_pantalla.\ws2812_led_inst.\timer0.\control_timer.$procmux$323_CMP
  found ctrl output: $flatten\core_pantalla.\ws2812_led_inst.\timer0.\control_timer.$procmux$330_CMP
  found ctrl output: $flatten\core_pantalla.\ws2812_led_inst.\timer0.\control_timer.$procmux$333_CMP
  found ctrl output: $flatten\core_pantalla.\ws2812_led_inst.\timer0.\control_timer.$procmux$334_CMP
  ctrl inputs: { $flatten\core_pantalla.\ws2812_led_inst.\timer0.\control_timer.$procmux$396_CMP $flatten\core_pantalla.\ws2812_led_inst.\timer0.\control_timer.$procmux$395_CMP \core_pantalla.ws2812_led_inst.timer0.control_timer.INIT_T \core_pantalla.ws2812_led_inst.timer0.comparador_timer.Z \reset }
  ctrl outputs: { $flatten\core_pantalla.\ws2812_led_inst.\timer0.\control_timer.$procmux$334_CMP $flatten\core_pantalla.\ws2812_led_inst.\timer0.\control_timer.$procmux$333_CMP $flatten\core_pantalla.\ws2812_led_inst.\timer0.\control_timer.$procmux$330_CMP $flatten\core_pantalla.\ws2812_led_inst.\timer0.\control_timer.$procmux$323_CMP $flatten\core_pantalla.\ws2812_led_inst.\timer0.\control_timer.$procmux$322_CMP $flatten\core_pantalla.\ws2812_led_inst.\timer0.\control_timer.$procmux$321_CMP $flatten\core_pantalla.\ws2812_led_inst.\timer0.\control_timer.$0\state[2:0] }
  transition:      3'000 5'--0-0 ->      3'000 9'100000000
  transition:      3'000 5'001-0 ->      3'011 9'100000011
  transition:      3'000 5'1-1-0 ->      3'001 9'100000001
  transition:      3'000 5'-11-0 ->      3'010 9'100000010
  transition:      3'000 5'----1 ->      3'000 9'100000000
  transition:      3'100 5'---00 ->      3'100 9'000010100
  transition:      3'100 5'---10 ->      3'101 9'000010101
  transition:      3'100 5'----1 ->      3'000 9'000010000
  transition:      3'010 5'---00 ->      3'010 9'000100010
  transition:      3'010 5'---10 ->      3'100 9'000100100
  transition:      3'010 5'----1 ->      3'000 9'000100000
  transition:      3'001 5'---00 ->      3'001 9'001000001
  transition:      3'001 5'---10 ->      3'100 9'001000100
  transition:      3'001 5'----1 ->      3'000 9'001000000
  transition:      3'101 5'--0-0 ->      3'000 9'010000000
  transition:      3'101 5'--1-0 ->      3'101 9'010000101
  transition:      3'101 5'----1 ->      3'000 9'010000000
  transition:      3'011 5'---00 ->      3'011 9'000001011
  transition:      3'011 5'---10 ->      3'101 9'000001101
  transition:      3'011 5'----1 ->      3'000 9'000001000

21.13.3. Executing FSM_OPT pass (simple optimizations of FSMs).
Optimizing FSM `$fsm$\core_pantalla.ws2812_led_inst.timer0.control_timer.state$842' from module `\Pantalla'.
Optimizing FSM `$fsm$\core_pantalla.ws2812_led_inst.control0.state$833' from module `\Pantalla'.
  Merging pattern 5'----0 and 5'----1 from group (3 0 10'0000001000).
  Merging pattern 5'----1 and 5'----0 from group (3 0 10'0000001000).
Optimizing FSM `$fsm$\core_pantalla.control_array.state$824' from module `\Pantalla'.
  Merging pattern 4'---0 and 4'---1 from group (3 0 10'0000001000).
  Merging pattern 4'---1 and 4'---0 from group (3 0 10'0000001000).

21.13.4. Executing OPT_CLEAN pass (remove unused cells and wires).
Finding unused cells or wires in module \Pantalla..
Removed 43 unused cells and 43 unused wires.

21.13.5. Executing FSM_OPT pass (simple optimizations of FSMs).
Optimizing FSM `$fsm$\core_pantalla.control_array.state$824' from module `\Pantalla'.
  Removing unused output signal $flatten\core_pantalla.\control_array.$0\state[2:0] [0].
  Removing unused output signal $flatten\core_pantalla.\control_array.$0\state[2:0] [1].
  Removing unused output signal $flatten\core_pantalla.\control_array.$0\state[2:0] [2].
  Removing unused output signal $flatten\core_pantalla.\control_array.$procmux$643_CMP.
  Removing unused output signal $flatten\core_pantalla.\control_array.$procmux$652_CMP.
  Removing unused output signal $flatten\core_pantalla.\control_array.$procmux$671_CMP.
Optimizing FSM `$fsm$\core_pantalla.ws2812_led_inst.control0.state$833' from module `\Pantalla'.
  Removing unused output signal $flatten\core_pantalla.\ws2812_led_inst.\control0.$procmux$582_CMP.
  Removing unused output signal $flatten\core_pantalla.\ws2812_led_inst.\control0.$0\state[2:0] [0].
  Removing unused output signal $flatten\core_pantalla.\ws2812_led_inst.\control0.$0\state[2:0] [1].
  Removing unused output signal $flatten\core_pantalla.\ws2812_led_inst.\control0.$0\state[2:0] [2].
Optimizing FSM `$fsm$\core_pantalla.ws2812_led_inst.timer0.control_timer.state$842' from module `\Pantalla'.
  Removing unused output signal $flatten\core_pantalla.\ws2812_led_inst.\timer0.\control_timer.$0\state[2:0] [0].
  Removing unused output signal $flatten\core_pantalla.\ws2812_led_inst.\timer0.\control_timer.$0\state[2:0] [1].
  Removing unused output signal $flatten\core_pantalla.\ws2812_led_inst.\timer0.\control_timer.$0\state[2:0] [2].

21.13.6. Executing FSM_RECODE pass (re-assigning FSM state encoding).
Recoding FSM `$fsm$\core_pantalla.control_array.state$824' from module `\Pantalla' using `auto' encoding:
  mapping auto encoding to `one-hot` for this FSM.
  000 -> ------1
  100 -> -----1-
  010 -> ----1--
  110 -> ---1---
  001 -> --1----
  101 -> -1-----
  011 -> 1------
Recoding FSM `$fsm$\core_pantalla.ws2812_led_inst.control0.state$833' from module `\Pantalla' using `auto' encoding:
  mapping auto encoding to `one-hot` for this FSM.
  000 -> ------1
  100 -> -----1-
  010 -> ----1--
  110 -> ---1---
  001 -> --1----
  101 -> -1-----
  011 -> 1------
Recoding FSM `$fsm$\core_pantalla.ws2812_led_inst.timer0.control_timer.state$842' from module `\Pantalla' using `auto' encoding:
  mapping auto encoding to `one-hot` for this FSM.
  000 -> -----1
  100 -> ----1-
  010 -> ---1--
  001 -> --1---
  101 -> -1----
  011 -> 1-----

21.13.7. Executing FSM_INFO pass (dumping all available information on FSM cells).

FSM `$fsm$\core_pantalla.control_array.state$824' from module `Pantalla':
-------------------------------------

  Information on FSM $fsm$\core_pantalla.control_array.state$824 (\core_pantalla.control_array.state):

  Number of input signals:    4
  Number of output signals:   4
  Number of state bits:       7

  Input signals:
    0: \reset
    1: \init_m
    2: \core_pantalla.DONE_LED
    3: \core_pantalla.Z

  Output signals:
    0: $flatten\core_pantalla.\control_array.$procmux$614_CMP
    1: $flatten\core_pantalla.\control_array.$procmux$619_CMP
    2: $flatten\core_pantalla.\control_array.$procmux$628_CMP
    3: $flatten\core_pantalla.\control_array.$procmux$636_CMP

  State encoding:
    0:  7'------1  <RESET STATE>
    1:  7'-----1-
    2:  7'----1--
    3:  7'---1---
    4:  7'--1----
    5:  7'-1-----
    6:  7'1------

  Transition Table (state_in, ctrl_in, state_out, ctrl_out):
      0:     0 4'--00   ->     0 4'0100
      1:     0 4'---1   ->     0 4'0100
      2:     0 4'--10   ->     4 4'0100
      3:     1 4'---1   ->     0 4'0010
      4:     1 4'---0   ->     5 4'0010
      5:     2 4'---1   ->     0 4'0000
      6:     2 4'---0   ->     6 4'0000
      7:     3 4'----   ->     0 4'0001
      8:     4 4'---1   ->     0 4'1000
      9:     4 4'---0   ->     2 4'1000
     10:     5 4'---1   ->     0 4'0000
     11:     5 4'1--0   ->     3 4'0000
     12:     5 4'0--0   ->     4 4'0000
     13:     6 4'---1   ->     0 4'0000
     14:     6 4'-1-0   ->     1 4'0000
     15:     6 4'-0-0   ->     6 4'0000

-------------------------------------

FSM `$fsm$\core_pantalla.ws2812_led_inst.control0.state$833' from module `Pantalla':
-------------------------------------

  Information on FSM $fsm$\core_pantalla.ws2812_led_inst.control0.state$833 (\core_pantalla.ws2812_led_inst.control0.state):

  Number of input signals:    5
  Number of output signals:   6
  Number of state bits:       7

  Input signals:
    0: \reset
    1: \core_pantalla.ws2812_led_inst.control0.send_reset
    2: \core_pantalla.ws2812_led_inst.control0.Z
    3: \core_pantalla.ws2812_led_inst.control0.DONE_T
    4: \core_pantalla.INIT_LED

  Output signals:
    0: $flatten\core_pantalla.\ws2812_led_inst.\control0.$procmux$563_CMP
    1: $flatten\core_pantalla.\ws2812_led_inst.\control0.$procmux$558_CMP
    2: $flatten\core_pantalla.\ws2812_led_inst.\control0.$procmux$549_CMP
    3: $flatten\core_pantalla.\ws2812_led_inst.\control0.$procmux$527_CMP
    4: $flatten\core_pantalla.\ws2812_led_inst.\control0.$procmux$503_CMP
    5: $flatten\core_pantalla.\ws2812_led_inst.\control0.$procmux$481_CMP

  State encoding:
    0:  7'------1  <RESET STATE>
    1:  7'-----1-
    2:  7'----1--
    3:  7'---1---
    4:  7'--1----
    5:  7'-1-----
    6:  7'1------

  Transition Table (state_in, ctrl_in, state_out, ctrl_out):
      0:     0 5'0---0   ->     0 6'000010
      1:     0 5'----1   ->     0 6'000010
      2:     0 5'1---0   ->     4 6'000010
      3:     1 5'----1   ->     0 6'000001
      4:     1 5'----0   ->     5 6'000001
      5:     2 5'----1   ->     0 6'010000
      6:     2 5'----0   ->     6 6'010000
      7:     3 5'-----   ->     0 6'000100
      8:     4 5'----1   ->     0 6'001000
      9:     4 5'----0   ->     2 6'001000
     10:     5 5'----1   ->     0 6'000000
     11:     5 5'--1-0   ->     3 6'000000
     12:     5 5'--0-0   ->     4 6'000000
     13:     6 5'----1   ->     0 6'100000
     14:     6 5'-1-00   ->     1 6'100000
     15:     6 5'-1-10   ->     3 6'100000
     16:     6 5'-0--0   ->     6 6'100000

-------------------------------------

FSM `$fsm$\core_pantalla.ws2812_led_inst.timer0.control_timer.state$842' from module `Pantalla':
-------------------------------------

  Information on FSM $fsm$\core_pantalla.ws2812_led_inst.timer0.control_timer.state$842 (\core_pantalla.ws2812_led_inst.timer0.control_timer.state):

  Number of input signals:    5
  Number of output signals:   6
  Number of state bits:       6

  Input signals:
    0: \reset
    1: \core_pantalla.ws2812_led_inst.timer0.comparador_timer.Z
    2: \core_pantalla.ws2812_led_inst.timer0.control_timer.INIT_T
    3: $flatten\core_pantalla.\ws2812_led_inst.\timer0.\control_timer.$procmux$395_CMP
    4: $flatten\core_pantalla.\ws2812_led_inst.\timer0.\control_timer.$procmux$396_CMP

  Output signals:
    0: $flatten\core_pantalla.\ws2812_led_inst.\timer0.\control_timer.$procmux$321_CMP
    1: $flatten\core_pantalla.\ws2812_led_inst.\timer0.\control_timer.$procmux$322_CMP
    2: $flatten\core_pantalla.\ws2812_led_inst.\timer0.\control_timer.$procmux$323_CMP
    3: $flatten\core_pantalla.\ws2812_led_inst.\timer0.\control_timer.$procmux$330_CMP
    4: $flatten\core_pantalla.\ws2812_led_inst.\timer0.\control_timer.$procmux$333_CMP
    5: $flatten\core_pantalla.\ws2812_led_inst.\timer0.\control_timer.$procmux$334_CMP

  State encoding:
    0:   6'-----1  <RESET STATE>
    1:   6'----1-
    2:   6'---1--
    3:   6'--1---
    4:   6'-1----
    5:   6'1-----

  Transition Table (state_in, ctrl_in, state_out, ctrl_out):
      0:     0 5'--0-0   ->     0 6'100000
      1:     0 5'----1   ->     0 6'100000
      2:     0 5'-11-0   ->     2 6'100000
      3:     0 5'1-1-0   ->     3 6'100000
      4:     0 5'001-0   ->     5 6'100000
      5:     1 5'----1   ->     0 6'000010
      6:     1 5'---00   ->     1 6'000010
      7:     1 5'---10   ->     4 6'000010
      8:     2 5'----1   ->     0 6'000100
      9:     2 5'---10   ->     1 6'000100
     10:     2 5'---00   ->     2 6'000100
     11:     3 5'----1   ->     0 6'001000
     12:     3 5'---10   ->     1 6'001000
     13:     3 5'---00   ->     3 6'001000
     14:     4 5'--0-0   ->     0 6'010000
     15:     4 5'----1   ->     0 6'010000
     16:     4 5'--1-0   ->     4 6'010000
     17:     5 5'----1   ->     0 6'000001
     18:     5 5'---10   ->     4 6'000001
     19:     5 5'---00   ->     5 6'000001

-------------------------------------

21.13.8. Executing FSM_MAP pass (mapping FSMs to basic logic).
Mapping FSM `$fsm$\core_pantalla.control_array.state$824' from module `\Pantalla'.
Mapping FSM `$fsm$\core_pantalla.ws2812_led_inst.control0.state$833' from module `\Pantalla'.
Mapping FSM `$fsm$\core_pantalla.ws2812_led_inst.timer0.control_timer.state$842' from module `\Pantalla'.

21.14. Executing OPT pass (performing simple optimizations).

21.14.1. Executing OPT_EXPR pass (perform const folding).
Optimizing module Pantalla.

21.14.2. Executing OPT_MERGE pass (detect identical cells).
Finding identical cells in module `\Pantalla'.
Removed a total of 11 cells.

21.14.3. Executing OPT_MUXTREE pass (detect dead branches in mux trees).
Running muxtree optimizer on module \Pantalla..
  Creating internal representation of mux trees.
  Evaluating internal representation of mux trees.
  Analyzing evaluation results.
Removed 0 multiplexer ports.

21.14.4. Executing OPT_REDUCE pass (consolidate $*mux and $reduce_* inputs).
  Optimizing cells in module \Pantalla.
Performed a total of 0 changes.

21.14.5. Executing OPT_MERGE pass (detect identical cells).
Finding identical cells in module `\Pantalla'.
Removed a total of 0 cells.

21.14.6. Executing OPT_DFF pass (perform DFF optimizations).
Adding SRST signal on $procdff$813 ($dff) from module Pantalla (D = $procmux$709_Y, Q = \timeout_count, rval = 0).
Adding EN signal on $auto$ff.cc:266:slice$1007 ($sdff) from module Pantalla (D = $procmux$707_Y, Q = \timeout_count).
Adding SRST signal on $procdff$812 ($dff) from module Pantalla (D = $procmux$692_Y, Q = \init_m, rval = 1'0).
Adding SRST signal on $procdff$810 ($dff) from module Pantalla (D = $procmux$726_Y, Q = \core_busy, rval = 1'0).
Adding EN signal on $auto$ff.cc:266:slice$1012 ($sdff) from module Pantalla (D = $procmux$726_Y, Q = \core_busy).
Adding SRST signal on $procdff$809 ($dff) from module Pantalla (D = $procmux$739_Y, Q = \request_send, rval = 1'0).
Adding SRST signal on $procdff$808 ($dff) from module Pantalla (D = $procmux$755_Y, Q = \receiving, rval = 1'0).
Adding SRST signal on $procdff$807 ($dff) from module Pantalla (D = \sensor_sync, Q = \sensor_prev, rval = 1'0).
Adding SRST signal on $procdff$806 ($dff) from module Pantalla (D = \sensor_meta, Q = \sensor_sync, rval = 1'0).
Adding SRST signal on $procdff$805 ($dff) from module Pantalla (D = \sensor, Q = \sensor_meta, rval = 1'0).
Adding SRST signal on $procdff$804 ($dff) from module Pantalla (D = $procmux$764_Y, Q = \temp_img_sel, rval = 4'0000).
Adding EN signal on $auto$ff.cc:266:slice$1023 ($sdff) from module Pantalla (D = $procmux$762_Y, Q = \temp_img_sel).
Adding SRST signal on $procdff$803 ($dff) from module Pantalla (D = $procmux$777_Y, Q = \pending_img_sel, rval = 4'0000).
Adding SRST signal on $procdff$802 ($dff) from module Pantalla (D = $procmux$782_Y, Q = \active_img_sel, rval = 4'0000).
Adding EN signal on $auto$ff.cc:266:slice$1026 ($sdff) from module Pantalla (D = \pending_img_sel, Q = \active_img_sel).
Adding SRST signal on $flatten\core_pantalla.\ws2812_led_inst.\timer0.\contador_timer.$procdff$795 ($dff) from module Pantalla (D = $flatten\core_pantalla.\ws2812_led_inst.\timer0.\contador_timer.$procmux$424_Y, Q = \core_pantalla.ws2812_led_inst.timer0.contador_timer.count_out, rval = 11'00000000000).
Adding EN signal on $auto$ff.cc:266:slice$1028 ($sdff) from module Pantalla (D = $flatten\core_pantalla.\ws2812_led_inst.\timer0.\contador_timer.$add$Timer_ws2812/count_out.v:17$274_Y, Q = \core_pantalla.ws2812_led_inst.timer0.contador_timer.count_out).
Adding SRST signal on $flatten\core_pantalla.\ws2812_led_inst.\lsr_rgb0.$procdff$796 ($dff) from module Pantalla (D = $flatten\core_pantalla.\ws2812_led_inst.\lsr_rgb0.$procmux$453_Y, Q = \core_pantalla.ws2812_led_inst.lsr_rgb0.RGB_reg, rval = 24'000000000000000000000000).
Adding EN signal on $auto$ff.cc:266:slice$1032 ($sdff) from module Pantalla (D = $flatten\core_pantalla.\ws2812_led_inst.\lsr_rgb0.$procmux$453_Y, Q = \core_pantalla.ws2812_led_inst.lsr_rgb0.RGB_reg).
Adding SRST signal on $flatten\core_pantalla.\ws2812_led_inst.\count_24_0.$procdff$797 ($dff) from module Pantalla (D = $flatten\core_pantalla.\ws2812_led_inst.\count_24_0.$procmux$465_Y [4:3], Q = \core_pantalla.ws2812_led_inst.count_24_0.count_reg [4:3], rval = 2'00).
Adding SRST signal on $flatten\core_pantalla.\ws2812_led_inst.\count_24_0.$procdff$797 ($dff) from module Pantalla (D = $flatten\core_pantalla.\ws2812_led_inst.\count_24_0.$procmux$462_Y [2:0], Q = \core_pantalla.ws2812_led_inst.count_24_0.count_reg [2:0], rval = 3'000).
Adding EN signal on $auto$ff.cc:266:slice$1037 ($sdff) from module Pantalla (D = $flatten\core_pantalla.\ws2812_led_inst.\count_24_0.$sub$WS2812_led/Count_24.v:22$261_Y [2:0], Q = \core_pantalla.ws2812_led_inst.count_24_0.count_reg [2:0]).
Adding EN signal on $auto$ff.cc:266:slice$1036 ($sdff) from module Pantalla (D = $flatten\core_pantalla.\ws2812_led_inst.\count_24_0.$procmux$465_Y [4:3], Q = \core_pantalla.ws2812_led_inst.count_24_0.count_reg [4:3]).
Adding SRST signal on $flatten\core_pantalla.\ws2812_led_inst.\control0.$procdff$799 ($dff) from module Pantalla (D = $flatten\core_pantalla.\ws2812_led_inst.\control0.$procmux$606_Y, Q = \core_pantalla.ws2812_led_inst.control0.send_reset, rval = 1'0).
Adding EN signal on $auto$ff.cc:266:slice$1050 ($sdff) from module Pantalla (D = 1'0, Q = \core_pantalla.ws2812_led_inst.control0.send_reset).
Adding SRST signal on $flatten\core_pantalla.\count_addr.$procdff$801 ($dff) from module Pantalla (D = $flatten\core_pantalla.\count_addr.$procmux$678_Y, Q = \core_pantalla.count_addr.ADDR, rval = 8'00000000).
Adding EN signal on $auto$ff.cc:266:slice$1052 ($sdff) from module Pantalla (D = $flatten\core_pantalla.\count_addr.$add$WS2812_Led_Array/Count_Addr.v:20$253_Y, Q = \core_pantalla.count_addr.ADDR).
Setting constant 0-bit at position 0 on $auto$ff.cc:266:slice$1051 ($sdffe) from module Pantalla.

21.14.7. Executing OPT_CLEAN pass (remove unused cells and wires).
Finding unused cells or wires in module \Pantalla..
Removed 27 unused cells and 70 unused wires.

21.14.8. Executing OPT_EXPR pass (perform const folding).
Optimizing module Pantalla.

21.14.9. Rerunning OPT passes. (Maybe there is more to do..)

21.14.10. Executing OPT_MUXTREE pass (detect dead branches in mux trees).
Running muxtree optimizer on module \Pantalla..
  Creating internal representation of mux trees.
  Evaluating internal representation of mux trees.
  Analyzing evaluation results.
Removed 0 multiplexer ports.

21.14.11. Executing OPT_REDUCE pass (consolidate $*mux and $reduce_* inputs).
  Optimizing cells in module \Pantalla.
    New ctrl vector for $pmux cell $flatten\core_pantalla.\ws2812_led_inst.\control0.$procmux$543: $auto$opt_reduce.cc:134:opt_pmux$1057
    New input vector for $reduce_or cell $auto$opt_reduce.cc:128:opt_pmux$1056: { \core_pantalla.ws2812_led_inst.control0.state [6] \core_pantalla.ws2812_led_inst.control0.state [4] \core_pantalla.ws2812_led_inst.control0.state [2] }
  Optimizing cells in module \Pantalla.
Performed a total of 2 changes.

21.14.12. Executing OPT_MERGE pass (detect identical cells).
Finding identical cells in module `\Pantalla'.
Removed a total of 1 cells.

21.14.13. Executing OPT_DFF pass (perform DFF optimizations).

21.14.14. Executing OPT_CLEAN pass (remove unused cells and wires).
Finding unused cells or wires in module \Pantalla..
Removed 1 unused cells and 5 unused wires.

21.14.15. Executing OPT_EXPR pass (perform const folding).
Optimizing module Pantalla.

21.14.16. Rerunning OPT passes. (Maybe there is more to do..)

21.14.17. Executing OPT_MUXTREE pass (detect dead branches in mux trees).
Running muxtree optimizer on module \Pantalla..
  Creating internal representation of mux trees.
  Evaluating internal representation of mux trees.
  Analyzing evaluation results.
Removed 0 multiplexer ports.

21.14.18. Executing OPT_REDUCE pass (consolidate $*mux and $reduce_* inputs).
  Optimizing cells in module \Pantalla.
Performed a total of 0 changes.

21.14.19. Executing OPT_MERGE pass (detect identical cells).
Finding identical cells in module `\Pantalla'.
Removed a total of 0 cells.

21.14.20. Executing OPT_DFF pass (perform DFF optimizations).

21.14.21. Executing OPT_CLEAN pass (remove unused cells and wires).
Finding unused cells or wires in module \Pantalla..

21.14.22. Executing OPT_EXPR pass (perform const folding).
Optimizing module Pantalla.

21.14.23. Finished OPT passes. (There is nothing left to do.)

21.15. Executing WREDUCE pass (reducing word size of cells).
Removed top 26 address bits (of 32) from memory init port Pantalla.$flatten\core_pantalla.\led_mem.\image_0_inst.$auto$mem.cc:319:emit$282 ($flatten\core_pantalla.\led_mem.\image_0_inst.$auto$proc_rom.cc:150:do_switch$280).
Removed top 26 address bits (of 32) from memory init port Pantalla.$flatten\core_pantalla.\led_mem.\image_1_inst.$auto$mem.cc:319:emit$286 ($flatten\core_pantalla.\led_mem.\image_1_inst.$auto$proc_rom.cc:150:do_switch$284).
Removed top 26 address bits (of 32) from memory init port Pantalla.$flatten\core_pantalla.\led_mem.\image_2_inst.$auto$mem.cc:319:emit$290 ($flatten\core_pantalla.\led_mem.\image_2_inst.$auto$proc_rom.cc:150:do_switch$288).
Removed top 26 address bits (of 32) from memory init port Pantalla.$flatten\core_pantalla.\led_mem.\image_3_inst.$auto$mem.cc:319:emit$294 ($flatten\core_pantalla.\led_mem.\image_3_inst.$auto$proc_rom.cc:150:do_switch$292).
Removed top 3 bits (of 4) from port B of cell Pantalla.$add$Pantalla.v:90$231 ($add).
Removed top 14 bits (of 32) from port B of cell Pantalla.$ge$Pantalla.v:97$232 ($ge).
Removed top 31 bits (of 32) from port B of cell Pantalla.$add$Pantalla.v:104$233 ($add).
Removed top 4 bits (of 5) from port B of cell Pantalla.$flatten\core_pantalla.\ws2812_led_inst.\count_24_0.$sub$WS2812_led/Count_24.v:22$261 ($sub).
Removed top 1 bits (of 2) from mux cell Pantalla.$flatten\core_pantalla.\ws2812_led_inst.\control0.$procmux$497 ($mux).
Removed top 1 bits (of 2) from port B of cell Pantalla.$flatten\core_pantalla.\ws2812_led_inst.\timer0.\mux_timer.$procmux$435_CMP0 ($eq).
Removed top 2 bits (of 4) from port B of cell Pantalla.$auto$fsm_map.cc:77:implement_pattern_cache$1003 ($eq).
Removed top 1 bits (of 2) from port B of cell Pantalla.$flatten\core_pantalla.\ws2812_led_inst.\timer0.\control_timer.$procmux$395_CMP0 ($eq).
Removed top 10 bits (of 11) from port B of cell Pantalla.$flatten\core_pantalla.\ws2812_led_inst.\timer0.\comparador_timer.$sub$Timer_ws2812/comp_timer_ws2812.v:7$269 ($sub).
Removed top 10 bits (of 11) from port B of cell Pantalla.$flatten\core_pantalla.\ws2812_led_inst.\timer0.\contador_timer.$add$Timer_ws2812/count_out.v:17$274 ($add).
Removed top 2 bits (of 4) from port B of cell Pantalla.$flatten\core_pantalla.\led_mem.$procmux$688_CMP0 ($eq).
Removed top 2 bits (of 4) from port B of cell Pantalla.$flatten\core_pantalla.\led_mem.$procmux$689_CMP0 ($eq).
Removed top 3 bits (of 4) from port B of cell Pantalla.$flatten\core_pantalla.\led_mem.$procmux$690_CMP0 ($eq).
Removed top 1 bits (of 8) from port B of cell Pantalla.$flatten\core_pantalla.\comp_addr.$eq$WS2812_Led_Array/Comp_Addr.v:9$251 ($eq).
Removed top 1 bits (of 2) from wire Pantalla.$flatten\core_pantalla.\ws2812_led_inst.\control0.$2\SEL[1:0].

21.16. Executing PEEPOPT pass (run peephole optimizers).

21.17. Executing OPT_CLEAN pass (remove unused cells and wires).
Finding unused cells or wires in module \Pantalla..
Removed 0 unused cells and 1 unused wires.

21.18. Executing SHARE pass (SAT-based resource sharing).
Found 4 cells in module Pantalla that may be considered for resource sharing.
  Analyzing resource sharing options for $flatten\core_pantalla.\led_mem.\image_3_inst.$auto$mem.cc:273:emit$293 ($memrd_v2):
    Found 1 activation_patterns using ctrl signal { $flatten\core_pantalla.\led_mem.\image_0_inst.$procmux$439_CMP $flatten\core_pantalla.\led_mem.$procmux$688_CMP \core_pantalla.ws2812_led_inst.control0.LD }.
    No candidates found.
  Analyzing resource sharing options for $flatten\core_pantalla.\led_mem.\image_2_inst.$auto$mem.cc:273:emit$289 ($memrd_v2):
    Found 1 activation_patterns using ctrl signal { $flatten\core_pantalla.\led_mem.\image_0_inst.$procmux$439_CMP $flatten\core_pantalla.\led_mem.$procmux$689_CMP \core_pantalla.ws2812_led_inst.control0.LD }.
    No candidates found.
  Analyzing resource sharing options for $flatten\core_pantalla.\led_mem.\image_1_inst.$auto$mem.cc:273:emit$285 ($memrd_v2):
    Found 1 activation_patterns using ctrl signal { $flatten\core_pantalla.\led_mem.\image_0_inst.$procmux$439_CMP $flatten\core_pantalla.\led_mem.$procmux$690_CMP \core_pantalla.ws2812_led_inst.control0.LD }.
    No candidates found.
  Analyzing resource sharing options for $flatten\core_pantalla.\led_mem.\image_0_inst.$auto$mem.cc:273:emit$281 ($memrd_v2):
    Found 1 activation_patterns using ctrl signal { $flatten\core_pantalla.\led_mem.\image_0_inst.$procmux$439_CMP $flatten\core_pantalla.\led_mem.$procmux$691_CMP \core_pantalla.ws2812_led_inst.control0.LD }.
    No candidates found.

21.19. Executing TECHMAP pass (map to technology primitives).

21.19.1. Executing Verilog-2005 frontend: /home/juan-diego/miniconda3/envs/digital/bin/../share/yosys/cmp2lut.v
Parsing Verilog input from `/home/juan-diego/miniconda3/envs/digital/bin/../share/yosys/cmp2lut.v' to AST representation.
Generating RTLIL representation for module `\_90_lut_cmp_'.
Successfully finished Verilog frontend.

21.19.2. Continuing TECHMAP pass.
No more expansions possible.

21.20. Executing OPT_EXPR pass (perform const folding).
Optimizing module Pantalla.

21.21. Executing OPT_CLEAN pass (remove unused cells and wires).
Finding unused cells or wires in module \Pantalla..

21.22. Executing TECHMAP pass (map to technology primitives).

21.22.1. Executing Verilog-2005 frontend: /home/juan-diego/miniconda3/envs/digital/bin/../share/yosys/mul2dsp.v
Parsing Verilog input from `/home/juan-diego/miniconda3/envs/digital/bin/../share/yosys/mul2dsp.v' to AST representation.
Generating RTLIL representation for module `\_80_mul'.
Generating RTLIL representation for module `\_90_soft_mul'.
Successfully finished Verilog frontend.

21.22.2. Executing Verilog-2005 frontend: /home/juan-diego/miniconda3/envs/digital/bin/../share/yosys/ecp5/dsp_map.v
Parsing Verilog input from `/home/juan-diego/miniconda3/envs/digital/bin/../share/yosys/ecp5/dsp_map.v' to AST representation.
Generating RTLIL representation for module `\$__MUL18X18'.
Successfully finished Verilog frontend.

21.22.3. Continuing TECHMAP pass.
No more expansions possible.

21.23. Executing ALUMACC pass (create $alu and $macc cells).
Extracting $alu and $macc cells in module Pantalla:
  creating $macc model for $add$Pantalla.v:104$233 ($add).
  creating $macc model for $add$Pantalla.v:90$231 ($add).
  creating $macc model for $flatten\core_pantalla.\count_addr.$add$WS2812_Led_Array/Count_Addr.v:20$253 ($add).
  creating $macc model for $flatten\core_pantalla.\ws2812_led_inst.\count_24_0.$sub$WS2812_led/Count_24.v:22$261 ($sub).
  creating $macc model for $flatten\core_pantalla.\ws2812_led_inst.\timer0.\comparador_timer.$sub$Timer_ws2812/comp_timer_ws2812.v:7$269 ($sub).
  creating $macc model for $flatten\core_pantalla.\ws2812_led_inst.\timer0.\contador_timer.$add$Timer_ws2812/count_out.v:17$274 ($add).
  creating $alu model for $macc $flatten\core_pantalla.\ws2812_led_inst.\timer0.\contador_timer.$add$Timer_ws2812/count_out.v:17$274.
  creating $alu model for $macc $flatten\core_pantalla.\ws2812_led_inst.\timer0.\comparador_timer.$sub$Timer_ws2812/comp_timer_ws2812.v:7$269.
  creating $alu model for $macc $flatten\core_pantalla.\ws2812_led_inst.\count_24_0.$sub$WS2812_led/Count_24.v:22$261.
  creating $alu model for $macc $flatten\core_pantalla.\count_addr.$add$WS2812_Led_Array/Count_Addr.v:20$253.
  creating $alu model for $macc $add$Pantalla.v:90$231.
  creating $alu model for $macc $add$Pantalla.v:104$233.
  creating $alu model for $ge$Pantalla.v:97$232 ($ge): new $alu
  creating $alu cell for $ge$Pantalla.v:97$232: $auto$alumacc.cc:485:replace_alu$1061
  creating $alu cell for $add$Pantalla.v:104$233: $auto$alumacc.cc:485:replace_alu$1070
  creating $alu cell for $add$Pantalla.v:90$231: $auto$alumacc.cc:485:replace_alu$1073
  creating $alu cell for $flatten\core_pantalla.\count_addr.$add$WS2812_Led_Array/Count_Addr.v:20$253: $auto$alumacc.cc:485:replace_alu$1076
  creating $alu cell for $flatten\core_pantalla.\ws2812_led_inst.\count_24_0.$sub$WS2812_led/Count_24.v:22$261: $auto$alumacc.cc:485:replace_alu$1079
  creating $alu cell for $flatten\core_pantalla.\ws2812_led_inst.\timer0.\comparador_timer.$sub$Timer_ws2812/comp_timer_ws2812.v:7$269: $auto$alumacc.cc:485:replace_alu$1082
  creating $alu cell for $flatten\core_pantalla.\ws2812_led_inst.\timer0.\contador_timer.$add$Timer_ws2812/count_out.v:17$274: $auto$alumacc.cc:485:replace_alu$1085
  created 7 $alu and 0 $macc cells.

21.24. Executing OPT pass (performing simple optimizations).

21.24.1. Executing OPT_EXPR pass (perform const folding).
Optimizing module Pantalla.

21.24.2. Executing OPT_MERGE pass (detect identical cells).
Finding identical cells in module `\Pantalla'.
Removed a total of 0 cells.

21.24.3. Executing OPT_MUXTREE pass (detect dead branches in mux trees).
Running muxtree optimizer on module \Pantalla..
  Creating internal representation of mux trees.
  Evaluating internal representation of mux trees.
  Analyzing evaluation results.
Removed 0 multiplexer ports.

21.24.4. Executing OPT_REDUCE pass (consolidate $*mux and $reduce_* inputs).
  Optimizing cells in module \Pantalla.
Performed a total of 0 changes.

21.24.5. Executing OPT_MERGE pass (detect identical cells).
Finding identical cells in module `\Pantalla'.
Removed a total of 0 cells.

21.24.6. Executing OPT_DFF pass (perform DFF optimizations).

21.24.7. Executing OPT_CLEAN pass (remove unused cells and wires).
Finding unused cells or wires in module \Pantalla..
Removed 0 unused cells and 1 unused wires.

21.24.8. Executing OPT_EXPR pass (perform const folding).
Optimizing module Pantalla.

21.24.9. Rerunning OPT passes. (Maybe there is more to do..)

21.24.10. Executing OPT_MUXTREE pass (detect dead branches in mux trees).
Running muxtree optimizer on module \Pantalla..
  Creating internal representation of mux trees.
  Evaluating internal representation of mux trees.
  Analyzing evaluation results.
Removed 0 multiplexer ports.

21.24.11. Executing OPT_REDUCE pass (consolidate $*mux and $reduce_* inputs).
  Optimizing cells in module \Pantalla.
Performed a total of 0 changes.

21.24.12. Executing OPT_MERGE pass (detect identical cells).
Finding identical cells in module `\Pantalla'.
Removed a total of 0 cells.

21.24.13. Executing OPT_DFF pass (perform DFF optimizations).

21.24.14. Executing OPT_CLEAN pass (remove unused cells and wires).
Finding unused cells or wires in module \Pantalla..

21.24.15. Executing OPT_EXPR pass (perform const folding).
Optimizing module Pantalla.

21.24.16. Finished OPT passes. (There is nothing left to do.)

21.25. Executing MEMORY pass.

21.25.1. Executing OPT_MEM pass (optimize memories).
Pantalla.$flatten\core_pantalla.\led_mem.\image_0_inst.$auto$proc_rom.cc:150:do_switch$280: removing const-1 lane 0
Pantalla.$flatten\core_pantalla.\led_mem.\image_0_inst.$auto$proc_rom.cc:150:do_switch$280: removing const-1 lane 1
Pantalla.$flatten\core_pantalla.\led_mem.\image_0_inst.$auto$proc_rom.cc:150:do_switch$280: removing const-1 lane 2
Pantalla.$flatten\core_pantalla.\led_mem.\image_0_inst.$auto$proc_rom.cc:150:do_switch$280: removing const-1 lane 3
Pantalla.$flatten\core_pantalla.\led_mem.\image_0_inst.$auto$proc_rom.cc:150:do_switch$280: removing const-1 lane 4
Pantalla.$flatten\core_pantalla.\led_mem.\image_0_inst.$auto$proc_rom.cc:150:do_switch$280: removing const-1 lane 5
Pantalla.$flatten\core_pantalla.\led_mem.\image_0_inst.$auto$proc_rom.cc:150:do_switch$280: removing const-1 lane 6
Pantalla.$flatten\core_pantalla.\led_mem.\image_0_inst.$auto$proc_rom.cc:150:do_switch$280: removing const-1 lane 7
Pantalla.$flatten\core_pantalla.\led_mem.\image_0_inst.$auto$proc_rom.cc:150:do_switch$280: removing const-0 lane 8
Pantalla.$flatten\core_pantalla.\led_mem.\image_0_inst.$auto$proc_rom.cc:150:do_switch$280: removing const-0 lane 9
Pantalla.$flatten\core_pantalla.\led_mem.\image_0_inst.$auto$proc_rom.cc:150:do_switch$280: removing const-0 lane 10
Pantalla.$flatten\core_pantalla.\led_mem.\image_0_inst.$auto$proc_rom.cc:150:do_switch$280: removing const-0 lane 11
Pantalla.$flatten\core_pantalla.\led_mem.\image_0_inst.$auto$proc_rom.cc:150:do_switch$280: removing const-0 lane 12
Pantalla.$flatten\core_pantalla.\led_mem.\image_0_inst.$auto$proc_rom.cc:150:do_switch$280: removing const-0 lane 13
Pantalla.$flatten\core_pantalla.\led_mem.\image_0_inst.$auto$proc_rom.cc:150:do_switch$280: removing const-0 lane 14
Pantalla.$flatten\core_pantalla.\led_mem.\image_0_inst.$auto$proc_rom.cc:150:do_switch$280: removing const-0 lane 15
Pantalla.$flatten\core_pantalla.\led_mem.\image_0_inst.$auto$proc_rom.cc:150:do_switch$280: removing const-1 lane 16
Pantalla.$flatten\core_pantalla.\led_mem.\image_0_inst.$auto$proc_rom.cc:150:do_switch$280: removing const-1 lane 17
Pantalla.$flatten\core_pantalla.\led_mem.\image_0_inst.$auto$proc_rom.cc:150:do_switch$280: removing const-1 lane 18
Pantalla.$flatten\core_pantalla.\led_mem.\image_0_inst.$auto$proc_rom.cc:150:do_switch$280: removing const-1 lane 19
Pantalla.$flatten\core_pantalla.\led_mem.\image_0_inst.$auto$proc_rom.cc:150:do_switch$280: removing const-1 lane 20
Pantalla.$flatten\core_pantalla.\led_mem.\image_0_inst.$auto$proc_rom.cc:150:do_switch$280: removing const-1 lane 21
Pantalla.$flatten\core_pantalla.\led_mem.\image_0_inst.$auto$proc_rom.cc:150:do_switch$280: removing const-1 lane 22
Pantalla.$flatten\core_pantalla.\led_mem.\image_0_inst.$auto$proc_rom.cc:150:do_switch$280: removing const-1 lane 23
Pantalla.$flatten\core_pantalla.\led_mem.\image_1_inst.$auto$proc_rom.cc:150:do_switch$284: removing const-0 lane 0
Pantalla.$flatten\core_pantalla.\led_mem.\image_1_inst.$auto$proc_rom.cc:150:do_switch$284: removing const-0 lane 1
Pantalla.$flatten\core_pantalla.\led_mem.\image_1_inst.$auto$proc_rom.cc:150:do_switch$284: removing const-0 lane 2
Pantalla.$flatten\core_pantalla.\led_mem.\image_1_inst.$auto$proc_rom.cc:150:do_switch$284: removing const-0 lane 3
Pantalla.$flatten\core_pantalla.\led_mem.\image_1_inst.$auto$proc_rom.cc:150:do_switch$284: removing const-0 lane 4
Pantalla.$flatten\core_pantalla.\led_mem.\image_1_inst.$auto$proc_rom.cc:150:do_switch$284: removing const-0 lane 5
Pantalla.$flatten\core_pantalla.\led_mem.\image_1_inst.$auto$proc_rom.cc:150:do_switch$284: removing const-0 lane 6
Pantalla.$flatten\core_pantalla.\led_mem.\image_1_inst.$auto$proc_rom.cc:150:do_switch$284: removing const-0 lane 7
Pantalla.$flatten\core_pantalla.\led_mem.\image_1_inst.$auto$proc_rom.cc:150:do_switch$284: removing const-0 lane 8
Pantalla.$flatten\core_pantalla.\led_mem.\image_1_inst.$auto$proc_rom.cc:150:do_switch$284: removing const-0 lane 9
Pantalla.$flatten\core_pantalla.\led_mem.\image_1_inst.$auto$proc_rom.cc:150:do_switch$284: removing const-0 lane 10
Pantalla.$flatten\core_pantalla.\led_mem.\image_1_inst.$auto$proc_rom.cc:150:do_switch$284: removing const-0 lane 11
Pantalla.$flatten\core_pantalla.\led_mem.\image_1_inst.$auto$proc_rom.cc:150:do_switch$284: removing const-0 lane 13
Pantalla.$flatten\core_pantalla.\led_mem.\image_1_inst.$auto$proc_rom.cc:150:do_switch$284: removing const-0 lane 15
Pantalla.$flatten\core_pantalla.\led_mem.\image_1_inst.$auto$proc_rom.cc:150:do_switch$284: removing const-0 lane 19
Pantalla.$flatten\core_pantalla.\led_mem.\image_1_inst.$auto$proc_rom.cc:150:do_switch$284: removing const-0 lane 20
Pantalla.$flatten\core_pantalla.\led_mem.\image_1_inst.$auto$proc_rom.cc:150:do_switch$284: removing const-0 lane 21
Pantalla.$flatten\core_pantalla.\led_mem.\image_2_inst.$auto$proc_rom.cc:150:do_switch$288: removing const-0 lane 0
Pantalla.$flatten\core_pantalla.\led_mem.\image_2_inst.$auto$proc_rom.cc:150:do_switch$288: removing const-0 lane 1
Pantalla.$flatten\core_pantalla.\led_mem.\image_2_inst.$auto$proc_rom.cc:150:do_switch$288: removing const-0 lane 2
Pantalla.$flatten\core_pantalla.\led_mem.\image_2_inst.$auto$proc_rom.cc:150:do_switch$288: removing const-0 lane 3
Pantalla.$flatten\core_pantalla.\led_mem.\image_2_inst.$auto$proc_rom.cc:150:do_switch$288: removing const-0 lane 4
Pantalla.$flatten\core_pantalla.\led_mem.\image_2_inst.$auto$proc_rom.cc:150:do_switch$288: removing const-0 lane 5
Pantalla.$flatten\core_pantalla.\led_mem.\image_2_inst.$auto$proc_rom.cc:150:do_switch$288: removing const-0 lane 6
Pantalla.$flatten\core_pantalla.\led_mem.\image_2_inst.$auto$proc_rom.cc:150:do_switch$288: removing const-0 lane 7
Pantalla.$flatten\core_pantalla.\led_mem.\image_2_inst.$auto$proc_rom.cc:150:do_switch$288: removing const-0 lane 16
Pantalla.$flatten\core_pantalla.\led_mem.\image_2_inst.$auto$proc_rom.cc:150:do_switch$288: removing const-0 lane 17
Pantalla.$flatten\core_pantalla.\led_mem.\image_2_inst.$auto$proc_rom.cc:150:do_switch$288: removing const-0 lane 18
Pantalla.$flatten\core_pantalla.\led_mem.\image_2_inst.$auto$proc_rom.cc:150:do_switch$288: removing const-0 lane 19
Pantalla.$flatten\core_pantalla.\led_mem.\image_2_inst.$auto$proc_rom.cc:150:do_switch$288: removing const-0 lane 20
Pantalla.$flatten\core_pantalla.\led_mem.\image_2_inst.$auto$proc_rom.cc:150:do_switch$288: removing const-0 lane 21
Pantalla.$flatten\core_pantalla.\led_mem.\image_2_inst.$auto$proc_rom.cc:150:do_switch$288: removing const-0 lane 22
Pantalla.$flatten\core_pantalla.\led_mem.\image_3_inst.$auto$proc_rom.cc:150:do_switch$292: removing const-0 lane 0
Pantalla.$flatten\core_pantalla.\led_mem.\image_3_inst.$auto$proc_rom.cc:150:do_switch$292: removing const-0 lane 1
Pantalla.$flatten\core_pantalla.\led_mem.\image_3_inst.$auto$proc_rom.cc:150:do_switch$292: removing const-0 lane 2
Pantalla.$flatten\core_pantalla.\led_mem.\image_3_inst.$auto$proc_rom.cc:150:do_switch$292: removing const-0 lane 3
Pantalla.$flatten\core_pantalla.\led_mem.\image_3_inst.$auto$proc_rom.cc:150:do_switch$292: removing const-0 lane 4
Pantalla.$flatten\core_pantalla.\led_mem.\image_3_inst.$auto$proc_rom.cc:150:do_switch$292: removing const-0 lane 5
Pantalla.$flatten\core_pantalla.\led_mem.\image_3_inst.$auto$proc_rom.cc:150:do_switch$292: removing const-0 lane 6
Pantalla.$flatten\core_pantalla.\led_mem.\image_3_inst.$auto$proc_rom.cc:150:do_switch$292: removing const-0 lane 7
Pantalla.$flatten\core_pantalla.\led_mem.\image_3_inst.$auto$proc_rom.cc:150:do_switch$292: removing const-0 lane 16
Pantalla.$flatten\core_pantalla.\led_mem.\image_3_inst.$auto$proc_rom.cc:150:do_switch$292: removing const-0 lane 17
Pantalla.$flatten\core_pantalla.\led_mem.\image_3_inst.$auto$proc_rom.cc:150:do_switch$292: removing const-0 lane 18
Pantalla.$flatten\core_pantalla.\led_mem.\image_3_inst.$auto$proc_rom.cc:150:do_switch$292: removing const-0 lane 19
Pantalla.$flatten\core_pantalla.\led_mem.\image_3_inst.$auto$proc_rom.cc:150:do_switch$292: removing const-0 lane 20
Pantalla.$flatten\core_pantalla.\led_mem.\image_3_inst.$auto$proc_rom.cc:150:do_switch$292: removing const-0 lane 21
Pantalla.$flatten\core_pantalla.\led_mem.\image_3_inst.$auto$proc_rom.cc:150:do_switch$292: removing const-0 lane 22
Pantalla.$flatten\core_pantalla.\led_mem.\image_3_inst.$auto$proc_rom.cc:150:do_switch$292: removing const-0 lane 23
Performed a total of 4 transformations.

21.25.2. Executing OPT_MEM_PRIORITY pass (removing unnecessary memory write priority relations).
Performed a total of 0 transformations.

21.25.3. Executing OPT_MEM_FEEDBACK pass (finding memory read-to-write feedback paths).

21.25.4. Executing MEMORY_BMUX2ROM pass (converting muxes to ROMs).

21.25.5. Executing MEMORY_DFF pass (merging $dff cells to $memrd).
Checking read port `$flatten\core_pantalla.\led_mem.\image_1_inst.$auto$proc_rom.cc:150:do_switch$284'[0] in module `\Pantalla': no output FF found.
Checking read port `$flatten\core_pantalla.\led_mem.\image_2_inst.$auto$proc_rom.cc:150:do_switch$288'[0] in module `\Pantalla': no output FF found.
Checking read port `$flatten\core_pantalla.\led_mem.\image_3_inst.$auto$proc_rom.cc:150:do_switch$292'[0] in module `\Pantalla': no output FF found.
Checking read port address `$flatten\core_pantalla.\led_mem.\image_1_inst.$auto$proc_rom.cc:150:do_switch$284'[0] in module `\Pantalla': merged address FF to cell.
Checking read port address `$flatten\core_pantalla.\led_mem.\image_2_inst.$auto$proc_rom.cc:150:do_switch$288'[0] in module `\Pantalla': merged address FF to cell.
Checking read port address `$flatten\core_pantalla.\led_mem.\image_3_inst.$auto$proc_rom.cc:150:do_switch$292'[0] in module `\Pantalla': merged address FF to cell.

21.25.6. Executing OPT_CLEAN pass (remove unused cells and wires).
Finding unused cells or wires in module \Pantalla..
Removed 0 unused cells and 1 unused wires.

21.25.7. Executing MEMORY_SHARE pass (consolidating $memrd/$memwr cells).

21.25.8. Executing OPT_MEM_WIDEN pass (optimize memories where all ports are wide).
Performed a total of 0 transformations.

21.25.9. Executing OPT_CLEAN pass (remove unused cells and wires).
Finding unused cells or wires in module \Pantalla..

21.25.10. Executing MEMORY_COLLECT pass (generating $mem cells).

21.26. Executing OPT_CLEAN pass (remove unused cells and wires).
Finding unused cells or wires in module \Pantalla..

21.27. Executing MEMORY_LIBMAP pass (mapping memories to cells).
using FF mapping for memory Pantalla.$flatten\core_pantalla.\led_mem.\image_1_inst.$auto$proc_rom.cc:150:do_switch$284
using FF mapping for memory Pantalla.$flatten\core_pantalla.\led_mem.\image_2_inst.$auto$proc_rom.cc:150:do_switch$288
using FF mapping for memory Pantalla.$flatten\core_pantalla.\led_mem.\image_3_inst.$auto$proc_rom.cc:150:do_switch$292

21.28. Executing TECHMAP pass (map to technology primitives).

21.28.1. Executing Verilog-2005 frontend: /home/juan-diego/miniconda3/envs/digital/bin/../share/yosys/ecp5/lutrams_map.v
Parsing Verilog input from `/home/juan-diego/miniconda3/envs/digital/bin/../share/yosys/ecp5/lutrams_map.v' to AST representation.
Generating RTLIL representation for module `\$__TRELLIS_DPR16X4_'.
Successfully finished Verilog frontend.

21.28.2. Executing Verilog-2005 frontend: /home/juan-diego/miniconda3/envs/digital/bin/../share/yosys/ecp5/brams_map.v
Parsing Verilog input from `/home/juan-diego/miniconda3/envs/digital/bin/../share/yosys/ecp5/brams_map.v' to AST representation.
Generating RTLIL representation for module `\$__ECP5_DP16KD_'.
Generating RTLIL representation for module `\$__ECP5_PDPW16KD_'.
Successfully finished Verilog frontend.

21.28.3. Continuing TECHMAP pass.
No more expansions possible.

21.29. Executing OPT pass (performing simple optimizations).

21.29.1. Executing OPT_EXPR pass (perform const folding).
Optimizing module Pantalla.

21.29.2. Executing OPT_MERGE pass (detect identical cells).
Finding identical cells in module `\Pantalla'.
Removed a total of 4 cells.

21.29.3. Executing OPT_DFF pass (perform DFF optimizations).

21.29.4. Executing OPT_CLEAN pass (remove unused cells and wires).
Finding unused cells or wires in module \Pantalla..
Removed 1 unused cells and 13 unused wires.

21.29.5. Finished fast OPT passes.

21.30. Executing MEMORY_MAP pass (converting memories to logic and flip-flops).
Mapping memory $flatten\core_pantalla.\led_mem.\image_1_inst.$auto$proc_rom.cc:150:do_switch$284 in module \Pantalla:
  created 64 $dff cells and 0 static cells of width 7.
Extracted data FF from read port 0 of Pantalla.$flatten\core_pantalla.\led_mem.\image_1_inst.$auto$proc_rom.cc:150:do_switch$284: $$flatten\core_pantalla.\led_mem.\image_1_inst.$auto$proc_rom.cc:150:do_switch$284$rdreg[0]
  read interface: 1 $dff and 63 $mux cells.
  write interface: 0 write mux blocks.
Mapping memory $flatten\core_pantalla.\led_mem.\image_2_inst.$auto$proc_rom.cc:150:do_switch$288 in module \Pantalla:
  created 64 $dff cells and 0 static cells of width 9.
Extracted data FF from read port 0 of Pantalla.$flatten\core_pantalla.\led_mem.\image_2_inst.$auto$proc_rom.cc:150:do_switch$288: $$flatten\core_pantalla.\led_mem.\image_2_inst.$auto$proc_rom.cc:150:do_switch$288$rdreg[0]
  read interface: 1 $dff and 63 $mux cells.
  write interface: 0 write mux blocks.
Mapping memory $flatten\core_pantalla.\led_mem.\image_3_inst.$auto$proc_rom.cc:150:do_switch$292 in module \Pantalla:
  created 64 $dff cells and 0 static cells of width 8.
Extracted data FF from read port 0 of Pantalla.$flatten\core_pantalla.\led_mem.\image_3_inst.$auto$proc_rom.cc:150:do_switch$292: $$flatten\core_pantalla.\led_mem.\image_3_inst.$auto$proc_rom.cc:150:do_switch$292$rdreg[0]
  read interface: 1 $dff and 63 $mux cells.
  write interface: 0 write mux blocks.

21.31. Executing OPT pass (performing simple optimizations).

21.31.1. Executing OPT_EXPR pass (perform const folding).
Optimizing module Pantalla.

21.31.2. Executing OPT_MERGE pass (detect identical cells).
Finding identical cells in module `\Pantalla'.
Removed a total of 0 cells.

21.31.3. Executing OPT_MUXTREE pass (detect dead branches in mux trees).
Running muxtree optimizer on module \Pantalla..
  Creating internal representation of mux trees.
  Evaluating internal representation of mux trees.
  Analyzing evaluation results.
Removed 0 multiplexer ports.

21.31.4. Executing OPT_REDUCE pass (consolidate $*mux and $reduce_* inputs).
  Optimizing cells in module \Pantalla.
    New input vector for $reduce_or cell $auto$opt_dff.cc:254:combine_resets$1030: { \core_pantalla.ws2812_led_inst.timer0.control_timer.state [4] \core_pantalla.ws2812_led_inst.timer0.control_timer.state [0] \reset }
    Consolidated identical input bits for $mux cell $memory$flatten\core_pantalla.\led_mem.\image_2_inst.$auto$proc_rom.cc:150:do_switch$288$rdmux[0][5][25]$1593:
      Old ports: A=9'111111111, B=9'000000000, Y=$memory$flatten\core_pantalla.\led_mem.\image_2_inst.$auto$proc_rom.cc:150:do_switch$288$rdmux[0][4][12]$b$1508
      New ports: A=1'1, B=1'0, Y=$memory$flatten\core_pantalla.\led_mem.\image_2_inst.$auto$proc_rom.cc:150:do_switch$288$rdmux[0][4][12]$b$1508 [0]
      New connections: $memory$flatten\core_pantalla.\led_mem.\image_2_inst.$auto$proc_rom.cc:150:do_switch$288$rdmux[0][4][12]$b$1508 [8:1] = { $memory$flatten\core_pantalla.\led_mem.\image_2_inst.$auto$proc_rom.cc:150:do_switch$288$rdmux[0][4][12]$b$1508 [0] $memory$flatten\core_pantalla.\led_mem.\image_2_inst.$auto$proc_rom.cc:150:do_switch$288$rdmux[0][4][12]$b$1508 [0] $memory$flatten\core_pantalla.\led_mem.\image_2_inst.$auto$proc_rom.cc:150:do_switch$288$rdmux[0][4][12]$b$1508 [0] $memory$flatten\core_pantalla.\led_mem.\image_2_inst.$auto$proc_rom.cc:150:do_switch$288$rdmux[0][4][12]$b$1508 [0] $memory$flatten\core_pantalla.\led_mem.\image_2_inst.$auto$proc_rom.cc:150:do_switch$288$rdmux[0][4][12]$b$1508 [0] $memory$flatten\core_pantalla.\led_mem.\image_2_inst.$auto$proc_rom.cc:150:do_switch$288$rdmux[0][4][12]$b$1508 [0] $memory$flatten\core_pantalla.\led_mem.\image_2_inst.$auto$proc_rom.cc:150:do_switch$288$rdmux[0][4][12]$b$1508 [0] $memory$flatten\core_pantalla.\led_mem.\image_2_inst.$auto$proc_rom.cc:150:do_switch$288$rdmux[0][4][12]$b$1508 [0] }
    Consolidated identical input bits for $mux cell $memory$flatten\core_pantalla.\led_mem.\image_2_inst.$auto$proc_rom.cc:150:do_switch$288$rdmux[0][5][22]$1584:
      Old ports: A=9'000000000, B=9'111111111, Y=$memory$flatten\core_pantalla.\led_mem.\image_2_inst.$auto$proc_rom.cc:150:do_switch$288$rdmux[0][4][11]$a$1504
      New ports: A=1'0, B=1'1, Y=$memory$flatten\core_pantalla.\led_mem.\image_2_inst.$auto$proc_rom.cc:150:do_switch$288$rdmux[0][4][11]$a$1504 [0]
      New connections: $memory$flatten\core_pantalla.\led_mem.\image_2_inst.$auto$proc_rom.cc:150:do_switch$288$rdmux[0][4][11]$a$1504 [8:1] = { $memory$flatten\core_pantalla.\led_mem.\image_2_inst.$auto$proc_rom.cc:150:do_switch$288$rdmux[0][4][11]$a$1504 [0] $memory$flatten\core_pantalla.\led_mem.\image_2_inst.$auto$proc_rom.cc:150:do_switch$288$rdmux[0][4][11]$a$1504 [0] $memory$flatten\core_pantalla.\led_mem.\image_2_inst.$auto$proc_rom.cc:150:do_switch$288$rdmux[0][4][11]$a$1504 [0] $memory$flatten\core_pantalla.\led_mem.\image_2_inst.$auto$proc_rom.cc:150:do_switch$288$rdmux[0][4][11]$a$1504 [0] $memory$flatten\core_pantalla.\led_mem.\image_2_inst.$auto$proc_rom.cc:150:do_switch$288$rdmux[0][4][11]$a$1504 [0] $memory$flatten\core_pantalla.\led_mem.\image_2_inst.$auto$proc_rom.cc:150:do_switch$288$rdmux[0][4][11]$a$1504 [0] $memory$flatten\core_pantalla.\led_mem.\image_2_inst.$auto$proc_rom.cc:150:do_switch$288$rdmux[0][4][11]$a$1504 [0] $memory$flatten\core_pantalla.\led_mem.\image_2_inst.$auto$proc_rom.cc:150:do_switch$288$rdmux[0][4][11]$a$1504 [0] }
    Consolidated identical input bits for $mux cell $memory$flatten\core_pantalla.\led_mem.\image_2_inst.$auto$proc_rom.cc:150:do_switch$288$rdmux[0][5][23]$1587:
      Old ports: A=9'111111111, B=9'000000000, Y=$memory$flatten\core_pantalla.\led_mem.\image_2_inst.$auto$proc_rom.cc:150:do_switch$288$rdmux[0][4][11]$b$1505
      New ports: A=1'1, B=1'0, Y=$memory$flatten\core_pantalla.\led_mem.\image_2_inst.$auto$proc_rom.cc:150:do_switch$288$rdmux[0][4][11]$b$1505 [0]
      New connections: $memory$flatten\core_pantalla.\led_mem.\image_2_inst.$auto$proc_rom.cc:150:do_switch$288$rdmux[0][4][11]$b$1505 [8:1] = { $memory$flatten\core_pantalla.\led_mem.\image_2_inst.$auto$proc_rom.cc:150:do_switch$288$rdmux[0][4][11]$b$1505 [0] $memory$flatten\core_pantalla.\led_mem.\image_2_inst.$auto$proc_rom.cc:150:do_switch$288$rdmux[0][4][11]$b$1505 [0] $memory$flatten\core_pantalla.\led_mem.\image_2_inst.$auto$proc_rom.cc:150:do_switch$288$rdmux[0][4][11]$b$1505 [0] $memory$flatten\core_pantalla.\led_mem.\image_2_inst.$auto$proc_rom.cc:150:do_switch$288$rdmux[0][4][11]$b$1505 [0] $memory$flatten\core_pantalla.\led_mem.\image_2_inst.$auto$proc_rom.cc:150:do_switch$288$rdmux[0][4][11]$b$1505 [0] $memory$flatten\core_pantalla.\led_mem.\image_2_inst.$auto$proc_rom.cc:150:do_switch$288$rdmux[0][4][11]$b$1505 [0] $memory$flatten\core_pantalla.\led_mem.\image_2_inst.$auto$proc_rom.cc:150:do_switch$288$rdmux[0][4][11]$b$1505 [0] $memory$flatten\core_pantalla.\led_mem.\image_2_inst.$auto$proc_rom.cc:150:do_switch$288$rdmux[0][4][11]$b$1505 [0] }
    Consolidated identical input bits for $mux cell $memory$flatten\core_pantalla.\led_mem.\image_3_inst.$auto$proc_rom.cc:150:do_switch$292$rdmux[0][4][2]$1665:
      Old ports: A=8'00000000, B=8'11111111, Y=$memory$flatten\core_pantalla.\led_mem.\image_3_inst.$auto$proc_rom.cc:150:do_switch$292$rdmux[0][3][1]$a$1639
      New ports: A=1'0, B=1'1, Y=$memory$flatten\core_pantalla.\led_mem.\image_3_inst.$auto$proc_rom.cc:150:do_switch$292$rdmux[0][3][1]$a$1639 [0]
      New connections: $memory$flatten\core_pantalla.\led_mem.\image_3_inst.$auto$proc_rom.cc:150:do_switch$292$rdmux[0][3][1]$a$1639 [7:1] = { $memory$flatten\core_pantalla.\led_mem.\image_3_inst.$auto$proc_rom.cc:150:do_switch$292$rdmux[0][3][1]$a$1639 [0] $memory$flatten\core_pantalla.\led_mem.\image_3_inst.$auto$proc_rom.cc:150:do_switch$292$rdmux[0][3][1]$a$1639 [0] $memory$flatten\core_pantalla.\led_mem.\image_3_inst.$auto$proc_rom.cc:150:do_switch$292$rdmux[0][3][1]$a$1639 [0] $memory$flatten\core_pantalla.\led_mem.\image_3_inst.$auto$proc_rom.cc:150:do_switch$292$rdmux[0][3][1]$a$1639 [0] $memory$flatten\core_pantalla.\led_mem.\image_3_inst.$auto$proc_rom.cc:150:do_switch$292$rdmux[0][3][1]$a$1639 [0] $memory$flatten\core_pantalla.\led_mem.\image_3_inst.$auto$proc_rom.cc:150:do_switch$292$rdmux[0][3][1]$a$1639 [0] $memory$flatten\core_pantalla.\led_mem.\image_3_inst.$auto$proc_rom.cc:150:do_switch$292$rdmux[0][3][1]$a$1639 [0] }
    Consolidated identical input bits for $mux cell $memory$flatten\core_pantalla.\led_mem.\image_3_inst.$auto$proc_rom.cc:150:do_switch$292$rdmux[0][5][0]$1707:
      Old ports: A=8'00000000, B=8'11111111, Y=$memory$flatten\core_pantalla.\led_mem.\image_3_inst.$auto$proc_rom.cc:150:do_switch$292$rdmux[0][4][0]$a$1660
      New ports: A=1'0, B=1'1, Y=$memory$flatten\core_pantalla.\led_mem.\image_3_inst.$auto$proc_rom.cc:150:do_switch$292$rdmux[0][4][0]$a$1660 [0]
      New connections: $memory$flatten\core_pantalla.\led_mem.\image_3_inst.$auto$proc_rom.cc:150:do_switch$292$rdmux[0][4][0]$a$1660 [7:1] = { $memory$flatten\core_pantalla.\led_mem.\image_3_inst.$auto$proc_rom.cc:150:do_switch$292$rdmux[0][4][0]$a$1660 [0] $memory$flatten\core_pantalla.\led_mem.\image_3_inst.$auto$proc_rom.cc:150:do_switch$292$rdmux[0][4][0]$a$1660 [0] $memory$flatten\core_pantalla.\led_mem.\image_3_inst.$auto$proc_rom.cc:150:do_switch$292$rdmux[0][4][0]$a$1660 [0] $memory$flatten\core_pantalla.\led_mem.\image_3_inst.$auto$proc_rom.cc:150:do_switch$292$rdmux[0][4][0]$a$1660 [0] $memory$flatten\core_pantalla.\led_mem.\image_3_inst.$auto$proc_rom.cc:150:do_switch$292$rdmux[0][4][0]$a$1660 [0] $memory$flatten\core_pantalla.\led_mem.\image_3_inst.$auto$proc_rom.cc:150:do_switch$292$rdmux[0][4][0]$a$1660 [0] $memory$flatten\core_pantalla.\led_mem.\image_3_inst.$auto$proc_rom.cc:150:do_switch$292$rdmux[0][4][0]$a$1660 [0] }
    Consolidated identical input bits for $mux cell $memory$flatten\core_pantalla.\led_mem.\image_2_inst.$auto$proc_rom.cc:150:do_switch$288$rdmux[0][5][7]$1539:
      Old ports: A=9'111111111, B=9'000000000, Y=$memory$flatten\core_pantalla.\led_mem.\image_2_inst.$auto$proc_rom.cc:150:do_switch$288$rdmux[0][4][3]$b$1481
      New ports: A=1'1, B=1'0, Y=$memory$flatten\core_pantalla.\led_mem.\image_2_inst.$auto$proc_rom.cc:150:do_switch$288$rdmux[0][4][3]$b$1481 [0]
      New connections: $memory$flatten\core_pantalla.\led_mem.\image_2_inst.$auto$proc_rom.cc:150:do_switch$288$rdmux[0][4][3]$b$1481 [8:1] = { $memory$flatten\core_pantalla.\led_mem.\image_2_inst.$auto$proc_rom.cc:150:do_switch$288$rdmux[0][4][3]$b$1481 [0] $memory$flatten\core_pantalla.\led_mem.\image_2_inst.$auto$proc_rom.cc:150:do_switch$288$rdmux[0][4][3]$b$1481 [0] $memory$flatten\core_pantalla.\led_mem.\image_2_inst.$auto$proc_rom.cc:150:do_switch$288$rdmux[0][4][3]$b$1481 [0] $memory$flatten\core_pantalla.\led_mem.\image_2_inst.$auto$proc_rom.cc:150:do_switch$288$rdmux[0][4][3]$b$1481 [0] $memory$flatten\core_pantalla.\led_mem.\image_2_inst.$auto$proc_rom.cc:150:do_switch$288$rdmux[0][4][3]$b$1481 [0] $memory$flatten\core_pantalla.\led_mem.\image_2_inst.$auto$proc_rom.cc:150:do_switch$288$rdmux[0][4][3]$b$1481 [0] $memory$flatten\core_pantalla.\led_mem.\image_2_inst.$auto$proc_rom.cc:150:do_switch$288$rdmux[0][4][3]$b$1481 [0] $memory$flatten\core_pantalla.\led_mem.\image_2_inst.$auto$proc_rom.cc:150:do_switch$288$rdmux[0][4][3]$b$1481 [0] }
    Consolidated identical input bits for $mux cell $memory$flatten\core_pantalla.\led_mem.\image_2_inst.$auto$proc_rom.cc:150:do_switch$288$rdmux[0][5][27]$1599:
      Old ports: A=9'111111111, B=9'000000000, Y=$memory$flatten\core_pantalla.\led_mem.\image_2_inst.$auto$proc_rom.cc:150:do_switch$288$rdmux[0][4][13]$b$1511
      New ports: A=1'1, B=1'0, Y=$memory$flatten\core_pantalla.\led_mem.\image_2_inst.$auto$proc_rom.cc:150:do_switch$288$rdmux[0][4][13]$b$1511 [0]
      New connections: $memory$flatten\core_pantalla.\led_mem.\image_2_inst.$auto$proc_rom.cc:150:do_switch$288$rdmux[0][4][13]$b$1511 [8:1] = { $memory$flatten\core_pantalla.\led_mem.\image_2_inst.$auto$proc_rom.cc:150:do_switch$288$rdmux[0][4][13]$b$1511 [0] $memory$flatten\core_pantalla.\led_mem.\image_2_inst.$auto$proc_rom.cc:150:do_switch$288$rdmux[0][4][13]$b$1511 [0] $memory$flatten\core_pantalla.\led_mem.\image_2_inst.$auto$proc_rom.cc:150:do_switch$288$rdmux[0][4][13]$b$1511 [0] $memory$flatten\core_pantalla.\led_mem.\image_2_inst.$auto$proc_rom.cc:150:do_switch$288$rdmux[0][4][13]$b$1511 [0] $memory$flatten\core_pantalla.\led_mem.\image_2_inst.$auto$proc_rom.cc:150:do_switch$288$rdmux[0][4][13]$b$1511 [0] $memory$flatten\core_pantalla.\led_mem.\image_2_inst.$auto$proc_rom.cc:150:do_switch$288$rdmux[0][4][13]$b$1511 [0] $memory$flatten\core_pantalla.\led_mem.\image_2_inst.$auto$proc_rom.cc:150:do_switch$288$rdmux[0][4][13]$b$1511 [0] $memory$flatten\core_pantalla.\led_mem.\image_2_inst.$auto$proc_rom.cc:150:do_switch$288$rdmux[0][4][13]$b$1511 [0] }
    Consolidated identical input bits for $mux cell $memory$flatten\core_pantalla.\led_mem.\image_2_inst.$auto$proc_rom.cc:150:do_switch$288$rdmux[0][5][26]$1596:
      Old ports: A=9'000000000, B=9'111111111, Y=$memory$flatten\core_pantalla.\led_mem.\image_2_inst.$auto$proc_rom.cc:150:do_switch$288$rdmux[0][4][13]$a$1510
      New ports: A=1'0, B=1'1, Y=$memory$flatten\core_pantalla.\led_mem.\image_2_inst.$auto$proc_rom.cc:150:do_switch$288$rdmux[0][4][13]$a$1510 [0]
      New connections: $memory$flatten\core_pantalla.\led_mem.\image_2_inst.$auto$proc_rom.cc:150:do_switch$288$rdmux[0][4][13]$a$1510 [8:1] = { $memory$flatten\core_pantalla.\led_mem.\image_2_inst.$auto$proc_rom.cc:150:do_switch$288$rdmux[0][4][13]$a$1510 [0] $memory$flatten\core_pantalla.\led_mem.\image_2_inst.$auto$proc_rom.cc:150:do_switch$288$rdmux[0][4][13]$a$1510 [0] $memory$flatten\core_pantalla.\led_mem.\image_2_inst.$auto$proc_rom.cc:150:do_switch$288$rdmux[0][4][13]$a$1510 [0] $memory$flatten\core_pantalla.\led_mem.\image_2_inst.$auto$proc_rom.cc:150:do_switch$288$rdmux[0][4][13]$a$1510 [0] $memory$flatten\core_pantalla.\led_mem.\image_2_inst.$auto$proc_rom.cc:150:do_switch$288$rdmux[0][4][13]$a$1510 [0] $memory$flatten\core_pantalla.\led_mem.\image_2_inst.$auto$proc_rom.cc:150:do_switch$288$rdmux[0][4][13]$a$1510 [0] $memory$flatten\core_pantalla.\led_mem.\image_2_inst.$auto$proc_rom.cc:150:do_switch$288$rdmux[0][4][13]$a$1510 [0] $memory$flatten\core_pantalla.\led_mem.\image_2_inst.$auto$proc_rom.cc:150:do_switch$288$rdmux[0][4][13]$a$1510 [0] }
    Consolidated identical input bits for $mux cell $memory$flatten\core_pantalla.\led_mem.\image_2_inst.$auto$proc_rom.cc:150:do_switch$288$rdmux[0][5][4]$1530:
      Old ports: A=9'000000000, B=9'111111111, Y=$memory$flatten\core_pantalla.\led_mem.\image_2_inst.$auto$proc_rom.cc:150:do_switch$288$rdmux[0][4][2]$a$1477
      New ports: A=1'0, B=1'1, Y=$memory$flatten\core_pantalla.\led_mem.\image_2_inst.$auto$proc_rom.cc:150:do_switch$288$rdmux[0][4][2]$a$1477 [0]
      New connections: $memory$flatten\core_pantalla.\led_mem.\image_2_inst.$auto$proc_rom.cc:150:do_switch$288$rdmux[0][4][2]$a$1477 [8:1] = { $memory$flatten\core_pantalla.\led_mem.\image_2_inst.$auto$proc_rom.cc:150:do_switch$288$rdmux[0][4][2]$a$1477 [0] $memory$flatten\core_pantalla.\led_mem.\image_2_inst.$auto$proc_rom.cc:150:do_switch$288$rdmux[0][4][2]$a$1477 [0] $memory$flatten\core_pantalla.\led_mem.\image_2_inst.$auto$proc_rom.cc:150:do_switch$288$rdmux[0][4][2]$a$1477 [0] $memory$flatten\core_pantalla.\led_mem.\image_2_inst.$auto$proc_rom.cc:150:do_switch$288$rdmux[0][4][2]$a$1477 [0] $memory$flatten\core_pantalla.\led_mem.\image_2_inst.$auto$proc_rom.cc:150:do_switch$288$rdmux[0][4][2]$a$1477 [0] $memory$flatten\core_pantalla.\led_mem.\image_2_inst.$auto$proc_rom.cc:150:do_switch$288$rdmux[0][4][2]$a$1477 [0] $memory$flatten\core_pantalla.\led_mem.\image_2_inst.$auto$proc_rom.cc:150:do_switch$288$rdmux[0][4][2]$a$1477 [0] $memory$flatten\core_pantalla.\led_mem.\image_2_inst.$auto$proc_rom.cc:150:do_switch$288$rdmux[0][4][2]$a$1477 [0] }
    Consolidated identical input bits for $mux cell $memory$flatten\core_pantalla.\led_mem.\image_2_inst.$auto$proc_rom.cc:150:do_switch$288$rdmux[0][5][18]$1572:
      Old ports: A=9'000000000, B=9'111111111, Y=$memory$flatten\core_pantalla.\led_mem.\image_2_inst.$auto$proc_rom.cc:150:do_switch$288$rdmux[0][4][9]$a$1498
      New ports: A=1'0, B=1'1, Y=$memory$flatten\core_pantalla.\led_mem.\image_2_inst.$auto$proc_rom.cc:150:do_switch$288$rdmux[0][4][9]$a$1498 [0]
      New connections: $memory$flatten\core_pantalla.\led_mem.\image_2_inst.$auto$proc_rom.cc:150:do_switch$288$rdmux[0][4][9]$a$1498 [8:1] = { $memory$flatten\core_pantalla.\led_mem.\image_2_inst.$auto$proc_rom.cc:150:do_switch$288$rdmux[0][4][9]$a$1498 [0] $memory$flatten\core_pantalla.\led_mem.\image_2_inst.$auto$proc_rom.cc:150:do_switch$288$rdmux[0][4][9]$a$1498 [0] $memory$flatten\core_pantalla.\led_mem.\image_2_inst.$auto$proc_rom.cc:150:do_switch$288$rdmux[0][4][9]$a$1498 [0] $memory$flatten\core_pantalla.\led_mem.\image_2_inst.$auto$proc_rom.cc:150:do_switch$288$rdmux[0][4][9]$a$1498 [0] $memory$flatten\core_pantalla.\led_mem.\image_2_inst.$auto$proc_rom.cc:150:do_switch$288$rdmux[0][4][9]$a$1498 [0] $memory$flatten\core_pantalla.\led_mem.\image_2_inst.$auto$proc_rom.cc:150:do_switch$288$rdmux[0][4][9]$a$1498 [0] $memory$flatten\core_pantalla.\led_mem.\image_2_inst.$auto$proc_rom.cc:150:do_switch$288$rdmux[0][4][9]$a$1498 [0] $memory$flatten\core_pantalla.\led_mem.\image_2_inst.$auto$proc_rom.cc:150:do_switch$288$rdmux[0][4][9]$a$1498 [0] }
    Consolidated identical input bits for $mux cell $memory$flatten\core_pantalla.\led_mem.\image_1_inst.$auto$proc_rom.cc:150:do_switch$284$rdmux[0][5][27]$1410:
      Old ports: A=7'1111111, B=7'0000000, Y=$memory$flatten\core_pantalla.\led_mem.\image_1_inst.$auto$proc_rom.cc:150:do_switch$284$rdmux[0][4][13]$b$1322
      New ports: A=1'1, B=1'0, Y=$memory$flatten\core_pantalla.\led_mem.\image_1_inst.$auto$proc_rom.cc:150:do_switch$284$rdmux[0][4][13]$b$1322 [0]
      New connections: $memory$flatten\core_pantalla.\led_mem.\image_1_inst.$auto$proc_rom.cc:150:do_switch$284$rdmux[0][4][13]$b$1322 [6:1] = { $memory$flatten\core_pantalla.\led_mem.\image_1_inst.$auto$proc_rom.cc:150:do_switch$284$rdmux[0][4][13]$b$1322 [0] $memory$flatten\core_pantalla.\led_mem.\image_1_inst.$auto$proc_rom.cc:150:do_switch$284$rdmux[0][4][13]$b$1322 [0] $memory$flatten\core_pantalla.\led_mem.\image_1_inst.$auto$proc_rom.cc:150:do_switch$284$rdmux[0][4][13]$b$1322 [0] $memory$flatten\core_pantalla.\led_mem.\image_1_inst.$auto$proc_rom.cc:150:do_switch$284$rdmux[0][4][13]$b$1322 [0] $memory$flatten\core_pantalla.\led_mem.\image_1_inst.$auto$proc_rom.cc:150:do_switch$284$rdmux[0][4][13]$b$1322 [0] $memory$flatten\core_pantalla.\led_mem.\image_1_inst.$auto$proc_rom.cc:150:do_switch$284$rdmux[0][4][13]$b$1322 [0] }
    Consolidated identical input bits for $mux cell $memory$flatten\core_pantalla.\led_mem.\image_1_inst.$auto$proc_rom.cc:150:do_switch$284$rdmux[0][5][26]$1407:
      Old ports: A=7'0000000, B=7'1111111, Y=$memory$flatten\core_pantalla.\led_mem.\image_1_inst.$auto$proc_rom.cc:150:do_switch$284$rdmux[0][4][13]$a$1321
      New ports: A=1'0, B=1'1, Y=$memory$flatten\core_pantalla.\led_mem.\image_1_inst.$auto$proc_rom.cc:150:do_switch$284$rdmux[0][4][13]$a$1321 [0]
      New connections: $memory$flatten\core_pantalla.\led_mem.\image_1_inst.$auto$proc_rom.cc:150:do_switch$284$rdmux[0][4][13]$a$1321 [6:1] = { $memory$flatten\core_pantalla.\led_mem.\image_1_inst.$auto$proc_rom.cc:150:do_switch$284$rdmux[0][4][13]$a$1321 [0] $memory$flatten\core_pantalla.\led_mem.\image_1_inst.$auto$proc_rom.cc:150:do_switch$284$rdmux[0][4][13]$a$1321 [0] $memory$flatten\core_pantalla.\led_mem.\image_1_inst.$auto$proc_rom.cc:150:do_switch$284$rdmux[0][4][13]$a$1321 [0] $memory$flatten\core_pantalla.\led_mem.\image_1_inst.$auto$proc_rom.cc:150:do_switch$284$rdmux[0][4][13]$a$1321 [0] $memory$flatten\core_pantalla.\led_mem.\image_1_inst.$auto$proc_rom.cc:150:do_switch$284$rdmux[0][4][13]$a$1321 [0] $memory$flatten\core_pantalla.\led_mem.\image_1_inst.$auto$proc_rom.cc:150:do_switch$284$rdmux[0][4][13]$a$1321 [0] }
    Consolidated identical input bits for $mux cell $memory$flatten\core_pantalla.\led_mem.\image_1_inst.$auto$proc_rom.cc:150:do_switch$284$rdmux[0][5][25]$1404:
      Old ports: A=7'1111111, B=7'0000000, Y=$memory$flatten\core_pantalla.\led_mem.\image_1_inst.$auto$proc_rom.cc:150:do_switch$284$rdmux[0][4][12]$b$1319
      New ports: A=1'1, B=1'0, Y=$memory$flatten\core_pantalla.\led_mem.\image_1_inst.$auto$proc_rom.cc:150:do_switch$284$rdmux[0][4][12]$b$1319 [0]
      New connections: $memory$flatten\core_pantalla.\led_mem.\image_1_inst.$auto$proc_rom.cc:150:do_switch$284$rdmux[0][4][12]$b$1319 [6:1] = { $memory$flatten\core_pantalla.\led_mem.\image_1_inst.$auto$proc_rom.cc:150:do_switch$284$rdmux[0][4][12]$b$1319 [0] $memory$flatten\core_pantalla.\led_mem.\image_1_inst.$auto$proc_rom.cc:150:do_switch$284$rdmux[0][4][12]$b$1319 [0] $memory$flatten\core_pantalla.\led_mem.\image_1_inst.$auto$proc_rom.cc:150:do_switch$284$rdmux[0][4][12]$b$1319 [0] $memory$flatten\core_pantalla.\led_mem.\image_1_inst.$auto$proc_rom.cc:150:do_switch$284$rdmux[0][4][12]$b$1319 [0] $memory$flatten\core_pantalla.\led_mem.\image_1_inst.$auto$proc_rom.cc:150:do_switch$284$rdmux[0][4][12]$b$1319 [0] $memory$flatten\core_pantalla.\led_mem.\image_1_inst.$auto$proc_rom.cc:150:do_switch$284$rdmux[0][4][12]$b$1319 [0] }
    Consolidated identical input bits for $mux cell $memory$flatten\core_pantalla.\led_mem.\image_1_inst.$auto$proc_rom.cc:150:do_switch$284$rdmux[0][5][24]$1401:
      Old ports: A=7'0000000, B=7'1111111, Y=$memory$flatten\core_pantalla.\led_mem.\image_1_inst.$auto$proc_rom.cc:150:do_switch$284$rdmux[0][4][12]$a$1318
      New ports: A=1'0, B=1'1, Y=$memory$flatten\core_pantalla.\led_mem.\image_1_inst.$auto$proc_rom.cc:150:do_switch$284$rdmux[0][4][12]$a$1318 [0]
      New connections: $memory$flatten\core_pantalla.\led_mem.\image_1_inst.$auto$proc_rom.cc:150:do_switch$284$rdmux[0][4][12]$a$1318 [6:1] = { $memory$flatten\core_pantalla.\led_mem.\image_1_inst.$auto$proc_rom.cc:150:do_switch$284$rdmux[0][4][12]$a$1318 [0] $memory$flatten\core_pantalla.\led_mem.\image_1_inst.$auto$proc_rom.cc:150:do_switch$284$rdmux[0][4][12]$a$1318 [0] $memory$flatten\core_pantalla.\led_mem.\image_1_inst.$auto$proc_rom.cc:150:do_switch$284$rdmux[0][4][12]$a$1318 [0] $memory$flatten\core_pantalla.\led_mem.\image_1_inst.$auto$proc_rom.cc:150:do_switch$284$rdmux[0][4][12]$a$1318 [0] $memory$flatten\core_pantalla.\led_mem.\image_1_inst.$auto$proc_rom.cc:150:do_switch$284$rdmux[0][4][12]$a$1318 [0] $memory$flatten\core_pantalla.\led_mem.\image_1_inst.$auto$proc_rom.cc:150:do_switch$284$rdmux[0][4][12]$a$1318 [0] }
    Consolidated identical input bits for $mux cell $memory$flatten\core_pantalla.\led_mem.\image_1_inst.$auto$proc_rom.cc:150:do_switch$284$rdmux[0][5][23]$1398:
      Old ports: A=7'1111111, B=7'0000000, Y=$memory$flatten\core_pantalla.\led_mem.\image_1_inst.$auto$proc_rom.cc:150:do_switch$284$rdmux[0][4][11]$b$1316
      New ports: A=1'1, B=1'0, Y=$memory$flatten\core_pantalla.\led_mem.\image_1_inst.$auto$proc_rom.cc:150:do_switch$284$rdmux[0][4][11]$b$1316 [0]
      New connections: $memory$flatten\core_pantalla.\led_mem.\image_1_inst.$auto$proc_rom.cc:150:do_switch$284$rdmux[0][4][11]$b$1316 [6:1] = { $memory$flatten\core_pantalla.\led_mem.\image_1_inst.$auto$proc_rom.cc:150:do_switch$284$rdmux[0][4][11]$b$1316 [0] $memory$flatten\core_pantalla.\led_mem.\image_1_inst.$auto$proc_rom.cc:150:do_switch$284$rdmux[0][4][11]$b$1316 [0] $memory$flatten\core_pantalla.\led_mem.\image_1_inst.$auto$proc_rom.cc:150:do_switch$284$rdmux[0][4][11]$b$1316 [0] $memory$flatten\core_pantalla.\led_mem.\image_1_inst.$auto$proc_rom.cc:150:do_switch$284$rdmux[0][4][11]$b$1316 [0] $memory$flatten\core_pantalla.\led_mem.\image_1_inst.$auto$proc_rom.cc:150:do_switch$284$rdmux[0][4][11]$b$1316 [0] $memory$flatten\core_pantalla.\led_mem.\image_1_inst.$auto$proc_rom.cc:150:do_switch$284$rdmux[0][4][11]$b$1316 [0] }
    Consolidated identical input bits for $mux cell $memory$flatten\core_pantalla.\led_mem.\image_1_inst.$auto$proc_rom.cc:150:do_switch$284$rdmux[0][5][22]$1395:
      Old ports: A=7'0000000, B=7'1111111, Y=$memory$flatten\core_pantalla.\led_mem.\image_1_inst.$auto$proc_rom.cc:150:do_switch$284$rdmux[0][4][11]$a$1315
      New ports: A=1'0, B=1'1, Y=$memory$flatten\core_pantalla.\led_mem.\image_1_inst.$auto$proc_rom.cc:150:do_switch$284$rdmux[0][4][11]$a$1315 [0]
      New connections: $memory$flatten\core_pantalla.\led_mem.\image_1_inst.$auto$proc_rom.cc:150:do_switch$284$rdmux[0][4][11]$a$1315 [6:1] = { $memory$flatten\core_pantalla.\led_mem.\image_1_inst.$auto$proc_rom.cc:150:do_switch$284$rdmux[0][4][11]$a$1315 [0] $memory$flatten\core_pantalla.\led_mem.\image_1_inst.$auto$proc_rom.cc:150:do_switch$284$rdmux[0][4][11]$a$1315 [0] $memory$flatten\core_pantalla.\led_mem.\image_1_inst.$auto$proc_rom.cc:150:do_switch$284$rdmux[0][4][11]$a$1315 [0] $memory$flatten\core_pantalla.\led_mem.\image_1_inst.$auto$proc_rom.cc:150:do_switch$284$rdmux[0][4][11]$a$1315 [0] $memory$flatten\core_pantalla.\led_mem.\image_1_inst.$auto$proc_rom.cc:150:do_switch$284$rdmux[0][4][11]$a$1315 [0] $memory$flatten\core_pantalla.\led_mem.\image_1_inst.$auto$proc_rom.cc:150:do_switch$284$rdmux[0][4][11]$a$1315 [0] }
    Consolidated identical input bits for $mux cell $memory$flatten\core_pantalla.\led_mem.\image_1_inst.$auto$proc_rom.cc:150:do_switch$284$rdmux[0][5][21]$1392:
      Old ports: A=7'1111111, B=7'0000000, Y=$memory$flatten\core_pantalla.\led_mem.\image_1_inst.$auto$proc_rom.cc:150:do_switch$284$rdmux[0][4][10]$b$1313
      New ports: A=1'1, B=1'0, Y=$memory$flatten\core_pantalla.\led_mem.\image_1_inst.$auto$proc_rom.cc:150:do_switch$284$rdmux[0][4][10]$b$1313 [0]
      New connections: $memory$flatten\core_pantalla.\led_mem.\image_1_inst.$auto$proc_rom.cc:150:do_switch$284$rdmux[0][4][10]$b$1313 [6:1] = { $memory$flatten\core_pantalla.\led_mem.\image_1_inst.$auto$proc_rom.cc:150:do_switch$284$rdmux[0][4][10]$b$1313 [0] $memory$flatten\core_pantalla.\led_mem.\image_1_inst.$auto$proc_rom.cc:150:do_switch$284$rdmux[0][4][10]$b$1313 [0] $memory$flatten\core_pantalla.\led_mem.\image_1_inst.$auto$proc_rom.cc:150:do_switch$284$rdmux[0][4][10]$b$1313 [0] $memory$flatten\core_pantalla.\led_mem.\image_1_inst.$auto$proc_rom.cc:150:do_switch$284$rdmux[0][4][10]$b$1313 [0] $memory$flatten\core_pantalla.\led_mem.\image_1_inst.$auto$proc_rom.cc:150:do_switch$284$rdmux[0][4][10]$b$1313 [0] $memory$flatten\core_pantalla.\led_mem.\image_1_inst.$auto$proc_rom.cc:150:do_switch$284$rdmux[0][4][10]$b$1313 [0] }
    Consolidated identical input bits for $mux cell $memory$flatten\core_pantalla.\led_mem.\image_1_inst.$auto$proc_rom.cc:150:do_switch$284$rdmux[0][5][20]$1389:
      Old ports: A=7'0000000, B=7'1111111, Y=$memory$flatten\core_pantalla.\led_mem.\image_1_inst.$auto$proc_rom.cc:150:do_switch$284$rdmux[0][4][10]$a$1312
      New ports: A=1'0, B=1'1, Y=$memory$flatten\core_pantalla.\led_mem.\image_1_inst.$auto$proc_rom.cc:150:do_switch$284$rdmux[0][4][10]$a$1312 [0]
      New connections: $memory$flatten\core_pantalla.\led_mem.\image_1_inst.$auto$proc_rom.cc:150:do_switch$284$rdmux[0][4][10]$a$1312 [6:1] = { $memory$flatten\core_pantalla.\led_mem.\image_1_inst.$auto$proc_rom.cc:150:do_switch$284$rdmux[0][4][10]$a$1312 [0] $memory$flatten\core_pantalla.\led_mem.\image_1_inst.$auto$proc_rom.cc:150:do_switch$284$rdmux[0][4][10]$a$1312 [0] $memory$flatten\core_pantalla.\led_mem.\image_1_inst.$auto$proc_rom.cc:150:do_switch$284$rdmux[0][4][10]$a$1312 [0] $memory$flatten\core_pantalla.\led_mem.\image_1_inst.$auto$proc_rom.cc:150:do_switch$284$rdmux[0][4][10]$a$1312 [0] $memory$flatten\core_pantalla.\led_mem.\image_1_inst.$auto$proc_rom.cc:150:do_switch$284$rdmux[0][4][10]$a$1312 [0] $memory$flatten\core_pantalla.\led_mem.\image_1_inst.$auto$proc_rom.cc:150:do_switch$284$rdmux[0][4][10]$a$1312 [0] }
    Consolidated identical input bits for $mux cell $memory$flatten\core_pantalla.\led_mem.\image_3_inst.$auto$proc_rom.cc:150:do_switch$292$rdmux[0][4][3]$1668:
      Old ports: A=8'11111111, B=8'00000000, Y=$memory$flatten\core_pantalla.\led_mem.\image_3_inst.$auto$proc_rom.cc:150:do_switch$292$rdmux[0][3][1]$b$1640
      New ports: A=1'1, B=1'0, Y=$memory$flatten\core_pantalla.\led_mem.\image_3_inst.$auto$proc_rom.cc:150:do_switch$292$rdmux[0][3][1]$b$1640 [0]
      New connections: $memory$flatten\core_pantalla.\led_mem.\image_3_inst.$auto$proc_rom.cc:150:do_switch$292$rdmux[0][3][1]$b$1640 [7:1] = { $memory$flatten\core_pantalla.\led_mem.\image_3_inst.$auto$proc_rom.cc:150:do_switch$292$rdmux[0][3][1]$b$1640 [0] $memory$flatten\core_pantalla.\led_mem.\image_3_inst.$auto$proc_rom.cc:150:do_switch$292$rdmux[0][3][1]$b$1640 [0] $memory$flatten\core_pantalla.\led_mem.\image_3_inst.$auto$proc_rom.cc:150:do_switch$292$rdmux[0][3][1]$b$1640 [0] $memory$flatten\core_pantalla.\led_mem.\image_3_inst.$auto$proc_rom.cc:150:do_switch$292$rdmux[0][3][1]$b$1640 [0] $memory$flatten\core_pantalla.\led_mem.\image_3_inst.$auto$proc_rom.cc:150:do_switch$292$rdmux[0][3][1]$b$1640 [0] $memory$flatten\core_pantalla.\led_mem.\image_3_inst.$auto$proc_rom.cc:150:do_switch$292$rdmux[0][3][1]$b$1640 [0] $memory$flatten\core_pantalla.\led_mem.\image_3_inst.$auto$proc_rom.cc:150:do_switch$292$rdmux[0][3][1]$b$1640 [0] }
    Consolidated identical input bits for $mux cell $memory$flatten\core_pantalla.\led_mem.\image_1_inst.$auto$proc_rom.cc:150:do_switch$284$rdmux[0][5][18]$1383:
      Old ports: A=7'0000000, B=7'1111111, Y=$memory$flatten\core_pantalla.\led_mem.\image_1_inst.$auto$proc_rom.cc:150:do_switch$284$rdmux[0][4][9]$a$1309
      New ports: A=1'0, B=1'1, Y=$memory$flatten\core_pantalla.\led_mem.\image_1_inst.$auto$proc_rom.cc:150:do_switch$284$rdmux[0][4][9]$a$1309 [0]
      New connections: $memory$flatten\core_pantalla.\led_mem.\image_1_inst.$auto$proc_rom.cc:150:do_switch$284$rdmux[0][4][9]$a$1309 [6:1] = { $memory$flatten\core_pantalla.\led_mem.\image_1_inst.$auto$proc_rom.cc:150:do_switch$284$rdmux[0][4][9]$a$1309 [0] $memory$flatten\core_pantalla.\led_mem.\image_1_inst.$auto$proc_rom.cc:150:do_switch$284$rdmux[0][4][9]$a$1309 [0] $memory$flatten\core_pantalla.\led_mem.\image_1_inst.$auto$proc_rom.cc:150:do_switch$284$rdmux[0][4][9]$a$1309 [0] $memory$flatten\core_pantalla.\led_mem.\image_1_inst.$auto$proc_rom.cc:150:do_switch$284$rdmux[0][4][9]$a$1309 [0] $memory$flatten\core_pantalla.\led_mem.\image_1_inst.$auto$proc_rom.cc:150:do_switch$284$rdmux[0][4][9]$a$1309 [0] $memory$flatten\core_pantalla.\led_mem.\image_1_inst.$auto$proc_rom.cc:150:do_switch$284$rdmux[0][4][9]$a$1309 [0] }
    Consolidated identical input bits for $mux cell $memory$flatten\core_pantalla.\led_mem.\image_1_inst.$auto$proc_rom.cc:150:do_switch$284$rdmux[0][5][17]$1380:
      Old ports: A=7'1111111, B=7'0000000, Y=$memory$flatten\core_pantalla.\led_mem.\image_1_inst.$auto$proc_rom.cc:150:do_switch$284$rdmux[0][4][8]$b$1307
      New ports: A=1'1, B=1'0, Y=$memory$flatten\core_pantalla.\led_mem.\image_1_inst.$auto$proc_rom.cc:150:do_switch$284$rdmux[0][4][8]$b$1307 [0]
      New connections: $memory$flatten\core_pantalla.\led_mem.\image_1_inst.$auto$proc_rom.cc:150:do_switch$284$rdmux[0][4][8]$b$1307 [6:1] = { $memory$flatten\core_pantalla.\led_mem.\image_1_inst.$auto$proc_rom.cc:150:do_switch$284$rdmux[0][4][8]$b$1307 [0] $memory$flatten\core_pantalla.\led_mem.\image_1_inst.$auto$proc_rom.cc:150:do_switch$284$rdmux[0][4][8]$b$1307 [0] $memory$flatten\core_pantalla.\led_mem.\image_1_inst.$auto$proc_rom.cc:150:do_switch$284$rdmux[0][4][8]$b$1307 [0] $memory$flatten\core_pantalla.\led_mem.\image_1_inst.$auto$proc_rom.cc:150:do_switch$284$rdmux[0][4][8]$b$1307 [0] $memory$flatten\core_pantalla.\led_mem.\image_1_inst.$auto$proc_rom.cc:150:do_switch$284$rdmux[0][4][8]$b$1307 [0] $memory$flatten\core_pantalla.\led_mem.\image_1_inst.$auto$proc_rom.cc:150:do_switch$284$rdmux[0][4][8]$b$1307 [0] }
    Consolidated identical input bits for $mux cell $memory$flatten\core_pantalla.\led_mem.\image_3_inst.$auto$proc_rom.cc:150:do_switch$292$rdmux[0][5][3]$1716:
      Old ports: A=8'11111111, B=8'00000000, Y=$memory$flatten\core_pantalla.\led_mem.\image_3_inst.$auto$proc_rom.cc:150:do_switch$292$rdmux[0][4][1]$b$1664
      New ports: A=1'1, B=1'0, Y=$memory$flatten\core_pantalla.\led_mem.\image_3_inst.$auto$proc_rom.cc:150:do_switch$292$rdmux[0][4][1]$b$1664 [0]
      New connections: $memory$flatten\core_pantalla.\led_mem.\image_3_inst.$auto$proc_rom.cc:150:do_switch$292$rdmux[0][4][1]$b$1664 [7:1] = { $memory$flatten\core_pantalla.\led_mem.\image_3_inst.$auto$proc_rom.cc:150:do_switch$292$rdmux[0][4][1]$b$1664 [0] $memory$flatten\core_pantalla.\led_mem.\image_3_inst.$auto$proc_rom.cc:150:do_switch$292$rdmux[0][4][1]$b$1664 [0] $memory$flatten\core_pantalla.\led_mem.\image_3_inst.$auto$proc_rom.cc:150:do_switch$292$rdmux[0][4][1]$b$1664 [0] $memory$flatten\core_pantalla.\led_mem.\image_3_inst.$auto$proc_rom.cc:150:do_switch$292$rdmux[0][4][1]$b$1664 [0] $memory$flatten\core_pantalla.\led_mem.\image_3_inst.$auto$proc_rom.cc:150:do_switch$292$rdmux[0][4][1]$b$1664 [0] $memory$flatten\core_pantalla.\led_mem.\image_3_inst.$auto$proc_rom.cc:150:do_switch$292$rdmux[0][4][1]$b$1664 [0] $memory$flatten\core_pantalla.\led_mem.\image_3_inst.$auto$proc_rom.cc:150:do_switch$292$rdmux[0][4][1]$b$1664 [0] }
    Consolidated identical input bits for $mux cell $memory$flatten\core_pantalla.\led_mem.\image_3_inst.$auto$proc_rom.cc:150:do_switch$292$rdmux[0][5][27]$1788:
      Old ports: A=8'11111111, B=8'00000000, Y=$memory$flatten\core_pantalla.\led_mem.\image_3_inst.$auto$proc_rom.cc:150:do_switch$292$rdmux[0][4][13]$b$1700
      New ports: A=1'1, B=1'0, Y=$memory$flatten\core_pantalla.\led_mem.\image_3_inst.$auto$proc_rom.cc:150:do_switch$292$rdmux[0][4][13]$b$1700 [0]
      New connections: $memory$flatten\core_pantalla.\led_mem.\image_3_inst.$auto$proc_rom.cc:150:do_switch$292$rdmux[0][4][13]$b$1700 [7:1] = { $memory$flatten\core_pantalla.\led_mem.\image_3_inst.$auto$proc_rom.cc:150:do_switch$292$rdmux[0][4][13]$b$1700 [0] $memory$flatten\core_pantalla.\led_mem.\image_3_inst.$auto$proc_rom.cc:150:do_switch$292$rdmux[0][4][13]$b$1700 [0] $memory$flatten\core_pantalla.\led_mem.\image_3_inst.$auto$proc_rom.cc:150:do_switch$292$rdmux[0][4][13]$b$1700 [0] $memory$flatten\core_pantalla.\led_mem.\image_3_inst.$auto$proc_rom.cc:150:do_switch$292$rdmux[0][4][13]$b$1700 [0] $memory$flatten\core_pantalla.\led_mem.\image_3_inst.$auto$proc_rom.cc:150:do_switch$292$rdmux[0][4][13]$b$1700 [0] $memory$flatten\core_pantalla.\led_mem.\image_3_inst.$auto$proc_rom.cc:150:do_switch$292$rdmux[0][4][13]$b$1700 [0] $memory$flatten\core_pantalla.\led_mem.\image_3_inst.$auto$proc_rom.cc:150:do_switch$292$rdmux[0][4][13]$b$1700 [0] }
    Consolidated identical input bits for $mux cell $memory$flatten\core_pantalla.\led_mem.\image_3_inst.$auto$proc_rom.cc:150:do_switch$292$rdmux[0][5][26]$1785:
      Old ports: A=8'00000000, B=8'11111111, Y=$memory$flatten\core_pantalla.\led_mem.\image_3_inst.$auto$proc_rom.cc:150:do_switch$292$rdmux[0][4][13]$a$1699
      New ports: A=1'0, B=1'1, Y=$memory$flatten\core_pantalla.\led_mem.\image_3_inst.$auto$proc_rom.cc:150:do_switch$292$rdmux[0][4][13]$a$1699 [0]
      New connections: $memory$flatten\core_pantalla.\led_mem.\image_3_inst.$auto$proc_rom.cc:150:do_switch$292$rdmux[0][4][13]$a$1699 [7:1] = { $memory$flatten\core_pantalla.\led_mem.\image_3_inst.$auto$proc_rom.cc:150:do_switch$292$rdmux[0][4][13]$a$1699 [0] $memory$flatten\core_pantalla.\led_mem.\image_3_inst.$auto$proc_rom.cc:150:do_switch$292$rdmux[0][4][13]$a$1699 [0] $memory$flatten\core_pantalla.\led_mem.\image_3_inst.$auto$proc_rom.cc:150:do_switch$292$rdmux[0][4][13]$a$1699 [0] $memory$flatten\core_pantalla.\led_mem.\image_3_inst.$auto$proc_rom.cc:150:do_switch$292$rdmux[0][4][13]$a$1699 [0] $memory$flatten\core_pantalla.\led_mem.\image_3_inst.$auto$proc_rom.cc:150:do_switch$292$rdmux[0][4][13]$a$1699 [0] $memory$flatten\core_pantalla.\led_mem.\image_3_inst.$auto$proc_rom.cc:150:do_switch$292$rdmux[0][4][13]$a$1699 [0] $memory$flatten\core_pantalla.\led_mem.\image_3_inst.$auto$proc_rom.cc:150:do_switch$292$rdmux[0][4][13]$a$1699 [0] }
    Consolidated identical input bits for $mux cell $memory$flatten\core_pantalla.\led_mem.\image_2_inst.$auto$proc_rom.cc:150:do_switch$288$rdmux[0][5][21]$1581:
      Old ports: A=9'111111111, B=9'000000000, Y=$memory$flatten\core_pantalla.\led_mem.\image_2_inst.$auto$proc_rom.cc:150:do_switch$288$rdmux[0][4][10]$b$1502
      New ports: A=1'1, B=1'0, Y=$memory$flatten\core_pantalla.\led_mem.\image_2_inst.$auto$proc_rom.cc:150:do_switch$288$rdmux[0][4][10]$b$1502 [0]
      New connections: $memory$flatten\core_pantalla.\led_mem.\image_2_inst.$auto$proc_rom.cc:150:do_switch$288$rdmux[0][4][10]$b$1502 [8:1] = { $memory$flatten\core_pantalla.\led_mem.\image_2_inst.$auto$proc_rom.cc:150:do_switch$288$rdmux[0][4][10]$b$1502 [0] $memory$flatten\core_pantalla.\led_mem.\image_2_inst.$auto$proc_rom.cc:150:do_switch$288$rdmux[0][4][10]$b$1502 [0] $memory$flatten\core_pantalla.\led_mem.\image_2_inst.$auto$proc_rom.cc:150:do_switch$288$rdmux[0][4][10]$b$1502 [0] $memory$flatten\core_pantalla.\led_mem.\image_2_inst.$auto$proc_rom.cc:150:do_switch$288$rdmux[0][4][10]$b$1502 [0] $memory$flatten\core_pantalla.\led_mem.\image_2_inst.$auto$proc_rom.cc:150:do_switch$288$rdmux[0][4][10]$b$1502 [0] $memory$flatten\core_pantalla.\led_mem.\image_2_inst.$auto$proc_rom.cc:150:do_switch$288$rdmux[0][4][10]$b$1502 [0] $memory$flatten\core_pantalla.\led_mem.\image_2_inst.$auto$proc_rom.cc:150:do_switch$288$rdmux[0][4][10]$b$1502 [0] $memory$flatten\core_pantalla.\led_mem.\image_2_inst.$auto$proc_rom.cc:150:do_switch$288$rdmux[0][4][10]$b$1502 [0] }
    Consolidated identical input bits for $mux cell $memory$flatten\core_pantalla.\led_mem.\image_1_inst.$auto$proc_rom.cc:150:do_switch$284$rdmux[0][5][11]$1362:
      Old ports: A=7'1111111, B=7'0000000, Y=$memory$flatten\core_pantalla.\led_mem.\image_1_inst.$auto$proc_rom.cc:150:do_switch$284$rdmux[0][4][5]$b$1298
      New ports: A=1'1, B=1'0, Y=$memory$flatten\core_pantalla.\led_mem.\image_1_inst.$auto$proc_rom.cc:150:do_switch$284$rdmux[0][4][5]$b$1298 [0]
      New connections: $memory$flatten\core_pantalla.\led_mem.\image_1_inst.$auto$proc_rom.cc:150:do_switch$284$rdmux[0][4][5]$b$1298 [6:1] = { $memory$flatten\core_pantalla.\led_mem.\image_1_inst.$auto$proc_rom.cc:150:do_switch$284$rdmux[0][4][5]$b$1298 [0] $memory$flatten\core_pantalla.\led_mem.\image_1_inst.$auto$proc_rom.cc:150:do_switch$284$rdmux[0][4][5]$b$1298 [0] $memory$flatten\core_pantalla.\led_mem.\image_1_inst.$auto$proc_rom.cc:150:do_switch$284$rdmux[0][4][5]$b$1298 [0] $memory$flatten\core_pantalla.\led_mem.\image_1_inst.$auto$proc_rom.cc:150:do_switch$284$rdmux[0][4][5]$b$1298 [0] $memory$flatten\core_pantalla.\led_mem.\image_1_inst.$auto$proc_rom.cc:150:do_switch$284$rdmux[0][4][5]$b$1298 [0] $memory$flatten\core_pantalla.\led_mem.\image_1_inst.$auto$proc_rom.cc:150:do_switch$284$rdmux[0][4][5]$b$1298 [0] }
    Consolidated identical input bits for $mux cell $memory$flatten\core_pantalla.\led_mem.\image_3_inst.$auto$proc_rom.cc:150:do_switch$292$rdmux[0][5][22]$1773:
      Old ports: A=8'00000000, B=8'11111111, Y=$memory$flatten\core_pantalla.\led_mem.\image_3_inst.$auto$proc_rom.cc:150:do_switch$292$rdmux[0][4][11]$a$1693
      New ports: A=1'0, B=1'1, Y=$memory$flatten\core_pantalla.\led_mem.\image_3_inst.$auto$proc_rom.cc:150:do_switch$292$rdmux[0][4][11]$a$1693 [0]
      New connections: $memory$flatten\core_pantalla.\led_mem.\image_3_inst.$auto$proc_rom.cc:150:do_switch$292$rdmux[0][4][11]$a$1693 [7:1] = { $memory$flatten\core_pantalla.\led_mem.\image_3_inst.$auto$proc_rom.cc:150:do_switch$292$rdmux[0][4][11]$a$1693 [0] $memory$flatten\core_pantalla.\led_mem.\image_3_inst.$auto$proc_rom.cc:150:do_switch$292$rdmux[0][4][11]$a$1693 [0] $memory$flatten\core_pantalla.\led_mem.\image_3_inst.$auto$proc_rom.cc:150:do_switch$292$rdmux[0][4][11]$a$1693 [0] $memory$flatten\core_pantalla.\led_mem.\image_3_inst.$auto$proc_rom.cc:150:do_switch$292$rdmux[0][4][11]$a$1693 [0] $memory$flatten\core_pantalla.\led_mem.\image_3_inst.$auto$proc_rom.cc:150:do_switch$292$rdmux[0][4][11]$a$1693 [0] $memory$flatten\core_pantalla.\led_mem.\image_3_inst.$auto$proc_rom.cc:150:do_switch$292$rdmux[0][4][11]$a$1693 [0] $memory$flatten\core_pantalla.\led_mem.\image_3_inst.$auto$proc_rom.cc:150:do_switch$292$rdmux[0][4][11]$a$1693 [0] }
    Consolidated identical input bits for $mux cell $memory$flatten\core_pantalla.\led_mem.\image_3_inst.$auto$proc_rom.cc:150:do_switch$292$rdmux[0][5][23]$1776:
      Old ports: A=8'11111111, B=8'00000000, Y=$memory$flatten\core_pantalla.\led_mem.\image_3_inst.$auto$proc_rom.cc:150:do_switch$292$rdmux[0][4][11]$b$1694
      New ports: A=1'1, B=1'0, Y=$memory$flatten\core_pantalla.\led_mem.\image_3_inst.$auto$proc_rom.cc:150:do_switch$292$rdmux[0][4][11]$b$1694 [0]
      New connections: $memory$flatten\core_pantalla.\led_mem.\image_3_inst.$auto$proc_rom.cc:150:do_switch$292$rdmux[0][4][11]$b$1694 [7:1] = { $memory$flatten\core_pantalla.\led_mem.\image_3_inst.$auto$proc_rom.cc:150:do_switch$292$rdmux[0][4][11]$b$1694 [0] $memory$flatten\core_pantalla.\led_mem.\image_3_inst.$auto$proc_rom.cc:150:do_switch$292$rdmux[0][4][11]$b$1694 [0] $memory$flatten\core_pantalla.\led_mem.\image_3_inst.$auto$proc_rom.cc:150:do_switch$292$rdmux[0][4][11]$b$1694 [0] $memory$flatten\core_pantalla.\led_mem.\image_3_inst.$auto$proc_rom.cc:150:do_switch$292$rdmux[0][4][11]$b$1694 [0] $memory$flatten\core_pantalla.\led_mem.\image_3_inst.$auto$proc_rom.cc:150:do_switch$292$rdmux[0][4][11]$b$1694 [0] $memory$flatten\core_pantalla.\led_mem.\image_3_inst.$auto$proc_rom.cc:150:do_switch$292$rdmux[0][4][11]$b$1694 [0] $memory$flatten\core_pantalla.\led_mem.\image_3_inst.$auto$proc_rom.cc:150:do_switch$292$rdmux[0][4][11]$b$1694 [0] }
    Consolidated identical input bits for $mux cell $memory$flatten\core_pantalla.\led_mem.\image_1_inst.$auto$proc_rom.cc:150:do_switch$284$rdmux[0][5][8]$1353:
      Old ports: A=7'0000000, B=7'1111111, Y=$memory$flatten\core_pantalla.\led_mem.\image_1_inst.$auto$proc_rom.cc:150:do_switch$284$rdmux[0][4][4]$a$1294
      New ports: A=1'0, B=1'1, Y=$memory$flatten\core_pantalla.\led_mem.\image_1_inst.$auto$proc_rom.cc:150:do_switch$284$rdmux[0][4][4]$a$1294 [0]
      New connections: $memory$flatten\core_pantalla.\led_mem.\image_1_inst.$auto$proc_rom.cc:150:do_switch$284$rdmux[0][4][4]$a$1294 [6:1] = { $memory$flatten\core_pantalla.\led_mem.\image_1_inst.$auto$proc_rom.cc:150:do_switch$284$rdmux[0][4][4]$a$1294 [0] $memory$flatten\core_pantalla.\led_mem.\image_1_inst.$auto$proc_rom.cc:150:do_switch$284$rdmux[0][4][4]$a$1294 [0] $memory$flatten\core_pantalla.\led_mem.\image_1_inst.$auto$proc_rom.cc:150:do_switch$284$rdmux[0][4][4]$a$1294 [0] $memory$flatten\core_pantalla.\led_mem.\image_1_inst.$auto$proc_rom.cc:150:do_switch$284$rdmux[0][4][4]$a$1294 [0] $memory$flatten\core_pantalla.\led_mem.\image_1_inst.$auto$proc_rom.cc:150:do_switch$284$rdmux[0][4][4]$a$1294 [0] $memory$flatten\core_pantalla.\led_mem.\image_1_inst.$auto$proc_rom.cc:150:do_switch$284$rdmux[0][4][4]$a$1294 [0] }
    Consolidated identical input bits for $mux cell $memory$flatten\core_pantalla.\led_mem.\image_3_inst.$auto$proc_rom.cc:150:do_switch$292$rdmux[0][5][18]$1761:
      Old ports: A=8'00000000, B=8'11111111, Y=$memory$flatten\core_pantalla.\led_mem.\image_3_inst.$auto$proc_rom.cc:150:do_switch$292$rdmux[0][4][9]$a$1687
      New ports: A=1'0, B=1'1, Y=$memory$flatten\core_pantalla.\led_mem.\image_3_inst.$auto$proc_rom.cc:150:do_switch$292$rdmux[0][4][9]$a$1687 [0]
      New connections: $memory$flatten\core_pantalla.\led_mem.\image_3_inst.$auto$proc_rom.cc:150:do_switch$292$rdmux[0][4][9]$a$1687 [7:1] = { $memory$flatten\core_pantalla.\led_mem.\image_3_inst.$auto$proc_rom.cc:150:do_switch$292$rdmux[0][4][9]$a$1687 [0] $memory$flatten\core_pantalla.\led_mem.\image_3_inst.$auto$proc_rom.cc:150:do_switch$292$rdmux[0][4][9]$a$1687 [0] $memory$flatten\core_pantalla.\led_mem.\image_3_inst.$auto$proc_rom.cc:150:do_switch$292$rdmux[0][4][9]$a$1687 [0] $memory$flatten\core_pantalla.\led_mem.\image_3_inst.$auto$proc_rom.cc:150:do_switch$292$rdmux[0][4][9]$a$1687 [0] $memory$flatten\core_pantalla.\led_mem.\image_3_inst.$auto$proc_rom.cc:150:do_switch$292$rdmux[0][4][9]$a$1687 [0] $memory$flatten\core_pantalla.\led_mem.\image_3_inst.$auto$proc_rom.cc:150:do_switch$292$rdmux[0][4][9]$a$1687 [0] $memory$flatten\core_pantalla.\led_mem.\image_3_inst.$auto$proc_rom.cc:150:do_switch$292$rdmux[0][4][9]$a$1687 [0] }
    Consolidated identical input bits for $mux cell $memory$flatten\core_pantalla.\led_mem.\image_3_inst.$auto$proc_rom.cc:150:do_switch$292$rdmux[0][5][17]$1758:
      Old ports: A=8'11111111, B=8'00000000, Y=$memory$flatten\core_pantalla.\led_mem.\image_3_inst.$auto$proc_rom.cc:150:do_switch$292$rdmux[0][4][8]$b$1685
      New ports: A=1'1, B=1'0, Y=$memory$flatten\core_pantalla.\led_mem.\image_3_inst.$auto$proc_rom.cc:150:do_switch$292$rdmux[0][4][8]$b$1685 [0]
      New connections: $memory$flatten\core_pantalla.\led_mem.\image_3_inst.$auto$proc_rom.cc:150:do_switch$292$rdmux[0][4][8]$b$1685 [7:1] = { $memory$flatten\core_pantalla.\led_mem.\image_3_inst.$auto$proc_rom.cc:150:do_switch$292$rdmux[0][4][8]$b$1685 [0] $memory$flatten\core_pantalla.\led_mem.\image_3_inst.$auto$proc_rom.cc:150:do_switch$292$rdmux[0][4][8]$b$1685 [0] $memory$flatten\core_pantalla.\led_mem.\image_3_inst.$auto$proc_rom.cc:150:do_switch$292$rdmux[0][4][8]$b$1685 [0] $memory$flatten\core_pantalla.\led_mem.\image_3_inst.$auto$proc_rom.cc:150:do_switch$292$rdmux[0][4][8]$b$1685 [0] $memory$flatten\core_pantalla.\led_mem.\image_3_inst.$auto$proc_rom.cc:150:do_switch$292$rdmux[0][4][8]$b$1685 [0] $memory$flatten\core_pantalla.\led_mem.\image_3_inst.$auto$proc_rom.cc:150:do_switch$292$rdmux[0][4][8]$b$1685 [0] $memory$flatten\core_pantalla.\led_mem.\image_3_inst.$auto$proc_rom.cc:150:do_switch$292$rdmux[0][4][8]$b$1685 [0] }
    Consolidated identical input bits for $mux cell $memory$flatten\core_pantalla.\led_mem.\image_3_inst.$auto$proc_rom.cc:150:do_switch$292$rdmux[0][5][21]$1770:
      Old ports: A=8'11111111, B=8'00000000, Y=$memory$flatten\core_pantalla.\led_mem.\image_3_inst.$auto$proc_rom.cc:150:do_switch$292$rdmux[0][4][10]$b$1691
      New ports: A=1'1, B=1'0, Y=$memory$flatten\core_pantalla.\led_mem.\image_3_inst.$auto$proc_rom.cc:150:do_switch$292$rdmux[0][4][10]$b$1691 [0]
      New connections: $memory$flatten\core_pantalla.\led_mem.\image_3_inst.$auto$proc_rom.cc:150:do_switch$292$rdmux[0][4][10]$b$1691 [7:1] = { $memory$flatten\core_pantalla.\led_mem.\image_3_inst.$auto$proc_rom.cc:150:do_switch$292$rdmux[0][4][10]$b$1691 [0] $memory$flatten\core_pantalla.\led_mem.\image_3_inst.$auto$proc_rom.cc:150:do_switch$292$rdmux[0][4][10]$b$1691 [0] $memory$flatten\core_pantalla.\led_mem.\image_3_inst.$auto$proc_rom.cc:150:do_switch$292$rdmux[0][4][10]$b$1691 [0] $memory$flatten\core_pantalla.\led_mem.\image_3_inst.$auto$proc_rom.cc:150:do_switch$292$rdmux[0][4][10]$b$1691 [0] $memory$flatten\core_pantalla.\led_mem.\image_3_inst.$auto$proc_rom.cc:150:do_switch$292$rdmux[0][4][10]$b$1691 [0] $memory$flatten\core_pantalla.\led_mem.\image_3_inst.$auto$proc_rom.cc:150:do_switch$292$rdmux[0][4][10]$b$1691 [0] $memory$flatten\core_pantalla.\led_mem.\image_3_inst.$auto$proc_rom.cc:150:do_switch$292$rdmux[0][4][10]$b$1691 [0] }
    Consolidated identical input bits for $mux cell $memory$flatten\core_pantalla.\led_mem.\image_3_inst.$auto$proc_rom.cc:150:do_switch$292$rdmux[0][5][20]$1767:
      Old ports: A=8'00000000, B=8'11111111, Y=$memory$flatten\core_pantalla.\led_mem.\image_3_inst.$auto$proc_rom.cc:150:do_switch$292$rdmux[0][4][10]$a$1690
      New ports: A=1'0, B=1'1, Y=$memory$flatten\core_pantalla.\led_mem.\image_3_inst.$auto$proc_rom.cc:150:do_switch$292$rdmux[0][4][10]$a$1690 [0]
      New connections: $memory$flatten\core_pantalla.\led_mem.\image_3_inst.$auto$proc_rom.cc:150:do_switch$292$rdmux[0][4][10]$a$1690 [7:1] = { $memory$flatten\core_pantalla.\led_mem.\image_3_inst.$auto$proc_rom.cc:150:do_switch$292$rdmux[0][4][10]$a$1690 [0] $memory$flatten\core_pantalla.\led_mem.\image_3_inst.$auto$proc_rom.cc:150:do_switch$292$rdmux[0][4][10]$a$1690 [0] $memory$flatten\core_pantalla.\led_mem.\image_3_inst.$auto$proc_rom.cc:150:do_switch$292$rdmux[0][4][10]$a$1690 [0] $memory$flatten\core_pantalla.\led_mem.\image_3_inst.$auto$proc_rom.cc:150:do_switch$292$rdmux[0][4][10]$a$1690 [0] $memory$flatten\core_pantalla.\led_mem.\image_3_inst.$auto$proc_rom.cc:150:do_switch$292$rdmux[0][4][10]$a$1690 [0] $memory$flatten\core_pantalla.\led_mem.\image_3_inst.$auto$proc_rom.cc:150:do_switch$292$rdmux[0][4][10]$a$1690 [0] $memory$flatten\core_pantalla.\led_mem.\image_3_inst.$auto$proc_rom.cc:150:do_switch$292$rdmux[0][4][10]$a$1690 [0] }
    Consolidated identical input bits for $mux cell $memory$flatten\core_pantalla.\led_mem.\image_3_inst.$auto$proc_rom.cc:150:do_switch$292$rdmux[0][5][25]$1782:
      Old ports: A=8'11111111, B=8'00000000, Y=$memory$flatten\core_pantalla.\led_mem.\image_3_inst.$auto$proc_rom.cc:150:do_switch$292$rdmux[0][4][12]$b$1697
      New ports: A=1'1, B=1'0, Y=$memory$flatten\core_pantalla.\led_mem.\image_3_inst.$auto$proc_rom.cc:150:do_switch$292$rdmux[0][4][12]$b$1697 [0]
      New connections: $memory$flatten\core_pantalla.\led_mem.\image_3_inst.$auto$proc_rom.cc:150:do_switch$292$rdmux[0][4][12]$b$1697 [7:1] = { $memory$flatten\core_pantalla.\led_mem.\image_3_inst.$auto$proc_rom.cc:150:do_switch$292$rdmux[0][4][12]$b$1697 [0] $memory$flatten\core_pantalla.\led_mem.\image_3_inst.$auto$proc_rom.cc:150:do_switch$292$rdmux[0][4][12]$b$1697 [0] $memory$flatten\core_pantalla.\led_mem.\image_3_inst.$auto$proc_rom.cc:150:do_switch$292$rdmux[0][4][12]$b$1697 [0] $memory$flatten\core_pantalla.\led_mem.\image_3_inst.$auto$proc_rom.cc:150:do_switch$292$rdmux[0][4][12]$b$1697 [0] $memory$flatten\core_pantalla.\led_mem.\image_3_inst.$auto$proc_rom.cc:150:do_switch$292$rdmux[0][4][12]$b$1697 [0] $memory$flatten\core_pantalla.\led_mem.\image_3_inst.$auto$proc_rom.cc:150:do_switch$292$rdmux[0][4][12]$b$1697 [0] $memory$flatten\core_pantalla.\led_mem.\image_3_inst.$auto$proc_rom.cc:150:do_switch$292$rdmux[0][4][12]$b$1697 [0] }
    Consolidated identical input bits for $mux cell $memory$flatten\core_pantalla.\led_mem.\image_1_inst.$auto$proc_rom.cc:150:do_switch$284$rdmux[0][4][3]$1290:
      Old ports: A=7'1111111, B=7'0000000, Y=$memory$flatten\core_pantalla.\led_mem.\image_1_inst.$auto$proc_rom.cc:150:do_switch$284$rdmux[0][3][1]$b$1262
      New ports: A=1'1, B=1'0, Y=$memory$flatten\core_pantalla.\led_mem.\image_1_inst.$auto$proc_rom.cc:150:do_switch$284$rdmux[0][3][1]$b$1262 [0]
      New connections: $memory$flatten\core_pantalla.\led_mem.\image_1_inst.$auto$proc_rom.cc:150:do_switch$284$rdmux[0][3][1]$b$1262 [6:1] = { $memory$flatten\core_pantalla.\led_mem.\image_1_inst.$auto$proc_rom.cc:150:do_switch$284$rdmux[0][3][1]$b$1262 [0] $memory$flatten\core_pantalla.\led_mem.\image_1_inst.$auto$proc_rom.cc:150:do_switch$284$rdmux[0][3][1]$b$1262 [0] $memory$flatten\core_pantalla.\led_mem.\image_1_inst.$auto$proc_rom.cc:150:do_switch$284$rdmux[0][3][1]$b$1262 [0] $memory$flatten\core_pantalla.\led_mem.\image_1_inst.$auto$proc_rom.cc:150:do_switch$284$rdmux[0][3][1]$b$1262 [0] $memory$flatten\core_pantalla.\led_mem.\image_1_inst.$auto$proc_rom.cc:150:do_switch$284$rdmux[0][3][1]$b$1262 [0] $memory$flatten\core_pantalla.\led_mem.\image_1_inst.$auto$proc_rom.cc:150:do_switch$284$rdmux[0][3][1]$b$1262 [0] }
    Consolidated identical input bits for $mux cell $memory$flatten\core_pantalla.\led_mem.\image_1_inst.$auto$proc_rom.cc:150:do_switch$284$rdmux[0][4][2]$1287:
      Old ports: A=7'0000000, B=7'1111111, Y=$memory$flatten\core_pantalla.\led_mem.\image_1_inst.$auto$proc_rom.cc:150:do_switch$284$rdmux[0][3][1]$a$1261
      New ports: A=1'0, B=1'1, Y=$memory$flatten\core_pantalla.\led_mem.\image_1_inst.$auto$proc_rom.cc:150:do_switch$284$rdmux[0][3][1]$a$1261 [0]
      New connections: $memory$flatten\core_pantalla.\led_mem.\image_1_inst.$auto$proc_rom.cc:150:do_switch$284$rdmux[0][3][1]$a$1261 [6:1] = { $memory$flatten\core_pantalla.\led_mem.\image_1_inst.$auto$proc_rom.cc:150:do_switch$284$rdmux[0][3][1]$a$1261 [0] $memory$flatten\core_pantalla.\led_mem.\image_1_inst.$auto$proc_rom.cc:150:do_switch$284$rdmux[0][3][1]$a$1261 [0] $memory$flatten\core_pantalla.\led_mem.\image_1_inst.$auto$proc_rom.cc:150:do_switch$284$rdmux[0][3][1]$a$1261 [0] $memory$flatten\core_pantalla.\led_mem.\image_1_inst.$auto$proc_rom.cc:150:do_switch$284$rdmux[0][3][1]$a$1261 [0] $memory$flatten\core_pantalla.\led_mem.\image_1_inst.$auto$proc_rom.cc:150:do_switch$284$rdmux[0][3][1]$a$1261 [0] $memory$flatten\core_pantalla.\led_mem.\image_1_inst.$auto$proc_rom.cc:150:do_switch$284$rdmux[0][3][1]$a$1261 [0] }
    Consolidated identical input bits for $mux cell $memory$flatten\core_pantalla.\led_mem.\image_2_inst.$auto$proc_rom.cc:150:do_switch$288$rdmux[0][5][20]$1578:
      Old ports: A=9'000000000, B=9'111111111, Y=$memory$flatten\core_pantalla.\led_mem.\image_2_inst.$auto$proc_rom.cc:150:do_switch$288$rdmux[0][4][10]$a$1501
      New ports: A=1'0, B=1'1, Y=$memory$flatten\core_pantalla.\led_mem.\image_2_inst.$auto$proc_rom.cc:150:do_switch$288$rdmux[0][4][10]$a$1501 [0]
      New connections: $memory$flatten\core_pantalla.\led_mem.\image_2_inst.$auto$proc_rom.cc:150:do_switch$288$rdmux[0][4][10]$a$1501 [8:1] = { $memory$flatten\core_pantalla.\led_mem.\image_2_inst.$auto$proc_rom.cc:150:do_switch$288$rdmux[0][4][10]$a$1501 [0] $memory$flatten\core_pantalla.\led_mem.\image_2_inst.$auto$proc_rom.cc:150:do_switch$288$rdmux[0][4][10]$a$1501 [0] $memory$flatten\core_pantalla.\led_mem.\image_2_inst.$auto$proc_rom.cc:150:do_switch$288$rdmux[0][4][10]$a$1501 [0] $memory$flatten\core_pantalla.\led_mem.\image_2_inst.$auto$proc_rom.cc:150:do_switch$288$rdmux[0][4][10]$a$1501 [0] $memory$flatten\core_pantalla.\led_mem.\image_2_inst.$auto$proc_rom.cc:150:do_switch$288$rdmux[0][4][10]$a$1501 [0] $memory$flatten\core_pantalla.\led_mem.\image_2_inst.$auto$proc_rom.cc:150:do_switch$288$rdmux[0][4][10]$a$1501 [0] $memory$flatten\core_pantalla.\led_mem.\image_2_inst.$auto$proc_rom.cc:150:do_switch$288$rdmux[0][4][10]$a$1501 [0] $memory$flatten\core_pantalla.\led_mem.\image_2_inst.$auto$proc_rom.cc:150:do_switch$288$rdmux[0][4][10]$a$1501 [0] }
    Consolidated identical input bits for $mux cell $memory$flatten\core_pantalla.\led_mem.\image_3_inst.$auto$proc_rom.cc:150:do_switch$292$rdmux[0][5][24]$1779:
      Old ports: A=8'00000000, B=8'11111111, Y=$memory$flatten\core_pantalla.\led_mem.\image_3_inst.$auto$proc_rom.cc:150:do_switch$292$rdmux[0][4][12]$a$1696
      New ports: A=1'0, B=1'1, Y=$memory$flatten\core_pantalla.\led_mem.\image_3_inst.$auto$proc_rom.cc:150:do_switch$292$rdmux[0][4][12]$a$1696 [0]
      New connections: $memory$flatten\core_pantalla.\led_mem.\image_3_inst.$auto$proc_rom.cc:150:do_switch$292$rdmux[0][4][12]$a$1696 [7:1] = { $memory$flatten\core_pantalla.\led_mem.\image_3_inst.$auto$proc_rom.cc:150:do_switch$292$rdmux[0][4][12]$a$1696 [0] $memory$flatten\core_pantalla.\led_mem.\image_3_inst.$auto$proc_rom.cc:150:do_switch$292$rdmux[0][4][12]$a$1696 [0] $memory$flatten\core_pantalla.\led_mem.\image_3_inst.$auto$proc_rom.cc:150:do_switch$292$rdmux[0][4][12]$a$1696 [0] $memory$flatten\core_pantalla.\led_mem.\image_3_inst.$auto$proc_rom.cc:150:do_switch$292$rdmux[0][4][12]$a$1696 [0] $memory$flatten\core_pantalla.\led_mem.\image_3_inst.$auto$proc_rom.cc:150:do_switch$292$rdmux[0][4][12]$a$1696 [0] $memory$flatten\core_pantalla.\led_mem.\image_3_inst.$auto$proc_rom.cc:150:do_switch$292$rdmux[0][4][12]$a$1696 [0] $memory$flatten\core_pantalla.\led_mem.\image_3_inst.$auto$proc_rom.cc:150:do_switch$292$rdmux[0][4][12]$a$1696 [0] }
    Consolidated identical input bits for $mux cell $flatten\core_pantalla.\led_mem.\image_0_inst.$procmux$438:
      Old ports: A=24'000000000000000000000000, B=24'111111110000000011111111, Y=\core_pantalla.led_mem.RGB_IMG_0
      New ports: A=1'0, B=1'1, Y=\core_pantalla.led_mem.RGB_IMG_0 [0]
      New connections: \core_pantalla.led_mem.RGB_IMG_0 [23:1] = { \core_pantalla.led_mem.RGB_IMG_0 [0] \core_pantalla.led_mem.RGB_IMG_0 [0] \core_pantalla.led_mem.RGB_IMG_0 [0] \core_pantalla.led_mem.RGB_IMG_0 [0] \core_pantalla.led_mem.RGB_IMG_0 [0] \core_pantalla.led_mem.RGB_IMG_0 [0] \core_pantalla.led_mem.RGB_IMG_0 [0] \core_pantalla.led_mem.RGB_IMG_0 [0] 8'00000000 \core_pantalla.led_mem.RGB_IMG_0 [0] \core_pantalla.led_mem.RGB_IMG_0 [0] \core_pantalla.led_mem.RGB_IMG_0 [0] \core_pantalla.led_mem.RGB_IMG_0 [0] \core_pantalla.led_mem.RGB_IMG_0 [0] \core_pantalla.led_mem.RGB_IMG_0 [0] \core_pantalla.led_mem.RGB_IMG_0 [0] }
    Consolidated identical input bits for $mux cell $memory$flatten\core_pantalla.\led_mem.\image_2_inst.$auto$proc_rom.cc:150:do_switch$288$rdmux[0][5][17]$1569:
      Old ports: A=9'111111111, B=9'000000000, Y=$memory$flatten\core_pantalla.\led_mem.\image_2_inst.$auto$proc_rom.cc:150:do_switch$288$rdmux[0][4][8]$b$1496
      New ports: A=1'1, B=1'0, Y=$memory$flatten\core_pantalla.\led_mem.\image_2_inst.$auto$proc_rom.cc:150:do_switch$288$rdmux[0][4][8]$b$1496 [0]
      New connections: $memory$flatten\core_pantalla.\led_mem.\image_2_inst.$auto$proc_rom.cc:150:do_switch$288$rdmux[0][4][8]$b$1496 [8:1] = { $memory$flatten\core_pantalla.\led_mem.\image_2_inst.$auto$proc_rom.cc:150:do_switch$288$rdmux[0][4][8]$b$1496 [0] $memory$flatten\core_pantalla.\led_mem.\image_2_inst.$auto$proc_rom.cc:150:do_switch$288$rdmux[0][4][8]$b$1496 [0] $memory$flatten\core_pantalla.\led_mem.\image_2_inst.$auto$proc_rom.cc:150:do_switch$288$rdmux[0][4][8]$b$1496 [0] $memory$flatten\core_pantalla.\led_mem.\image_2_inst.$auto$proc_rom.cc:150:do_switch$288$rdmux[0][4][8]$b$1496 [0] $memory$flatten\core_pantalla.\led_mem.\image_2_inst.$auto$proc_rom.cc:150:do_switch$288$rdmux[0][4][8]$b$1496 [0] $memory$flatten\core_pantalla.\led_mem.\image_2_inst.$auto$proc_rom.cc:150:do_switch$288$rdmux[0][4][8]$b$1496 [0] $memory$flatten\core_pantalla.\led_mem.\image_2_inst.$auto$proc_rom.cc:150:do_switch$288$rdmux[0][4][8]$b$1496 [0] $memory$flatten\core_pantalla.\led_mem.\image_2_inst.$auto$proc_rom.cc:150:do_switch$288$rdmux[0][4][8]$b$1496 [0] }
    Consolidated identical input bits for $mux cell $flatten\core_pantalla.\led_mem.\image_1_inst.$procmux$441:
      Old ports: A=24'000000000000000000000000, B={ $flatten\core_pantalla.\led_mem.\image_1_inst.$auto$proc_rom.cc:149:do_switch$283 [23:22] 3'000 $flatten\core_pantalla.\led_mem.\image_1_inst.$auto$proc_rom.cc:149:do_switch$283 [18:16] 1'0 $flatten\core_pantalla.\led_mem.\image_1_inst.$auto$proc_rom.cc:149:do_switch$283 [14] 1'0 $flatten\core_pantalla.\led_mem.\image_1_inst.$auto$proc_rom.cc:149:do_switch$283 [12] 12'000000000000 }, Y=\core_pantalla.led_mem.RGB_IMG_1
      New ports: A=7'0000000, B={ $flatten\core_pantalla.\led_mem.\image_1_inst.$auto$proc_rom.cc:149:do_switch$283 [23:22] $flatten\core_pantalla.\led_mem.\image_1_inst.$auto$proc_rom.cc:149:do_switch$283 [18:16] $flatten\core_pantalla.\led_mem.\image_1_inst.$auto$proc_rom.cc:149:do_switch$283 [14] $flatten\core_pantalla.\led_mem.\image_1_inst.$auto$proc_rom.cc:149:do_switch$283 [12] }, Y={ \core_pantalla.led_mem.RGB_IMG_1 [23:22] \core_pantalla.led_mem.RGB_IMG_1 [18:16] \core_pantalla.led_mem.RGB_IMG_1 [14] \core_pantalla.led_mem.RGB_IMG_1 [12] }
      New connections: { \core_pantalla.led_mem.RGB_IMG_1 [21:19] \core_pantalla.led_mem.RGB_IMG_1 [15] \core_pantalla.led_mem.RGB_IMG_1 [13] \core_pantalla.led_mem.RGB_IMG_1 [11:0] } = 17'00000000000000000
    Consolidated identical input bits for $mux cell $memory$flatten\core_pantalla.\led_mem.\image_2_inst.$auto$proc_rom.cc:150:do_switch$288$rdmux[0][5][24]$1590:
      Old ports: A=9'000000000, B=9'111111111, Y=$memory$flatten\core_pantalla.\led_mem.\image_2_inst.$auto$proc_rom.cc:150:do_switch$288$rdmux[0][4][12]$a$1507
      New ports: A=1'0, B=1'1, Y=$memory$flatten\core_pantalla.\led_mem.\image_2_inst.$auto$proc_rom.cc:150:do_switch$288$rdmux[0][4][12]$a$1507 [0]
      New connections: $memory$flatten\core_pantalla.\led_mem.\image_2_inst.$auto$proc_rom.cc:150:do_switch$288$rdmux[0][4][12]$a$1507 [8:1] = { $memory$flatten\core_pantalla.\led_mem.\image_2_inst.$auto$proc_rom.cc:150:do_switch$288$rdmux[0][4][12]$a$1507 [0] $memory$flatten\core_pantalla.\led_mem.\image_2_inst.$auto$proc_rom.cc:150:do_switch$288$rdmux[0][4][12]$a$1507 [0] $memory$flatten\core_pantalla.\led_mem.\image_2_inst.$auto$proc_rom.cc:150:do_switch$288$rdmux[0][4][12]$a$1507 [0] $memory$flatten\core_pantalla.\led_mem.\image_2_inst.$auto$proc_rom.cc:150:do_switch$288$rdmux[0][4][12]$a$1507 [0] $memory$flatten\core_pantalla.\led_mem.\image_2_inst.$auto$proc_rom.cc:150:do_switch$288$rdmux[0][4][12]$a$1507 [0] $memory$flatten\core_pantalla.\led_mem.\image_2_inst.$auto$proc_rom.cc:150:do_switch$288$rdmux[0][4][12]$a$1507 [0] $memory$flatten\core_pantalla.\led_mem.\image_2_inst.$auto$proc_rom.cc:150:do_switch$288$rdmux[0][4][12]$a$1507 [0] $memory$flatten\core_pantalla.\led_mem.\image_2_inst.$auto$proc_rom.cc:150:do_switch$288$rdmux[0][4][12]$a$1507 [0] }
    Consolidated identical input bits for $mux cell $flatten\core_pantalla.\led_mem.\image_2_inst.$procmux$444:
      Old ports: A=24'000000000000000000000000, B={ $flatten\core_pantalla.\led_mem.\image_2_inst.$auto$proc_rom.cc:149:do_switch$287 [23] 7'0000000 $flatten\core_pantalla.\led_mem.\image_2_inst.$auto$proc_rom.cc:149:do_switch$287 [15:8] 8'00000000 }, Y=\core_pantalla.led_mem.RGB_IMG_2
      New ports: A=9'000000000, B={ $flatten\core_pantalla.\led_mem.\image_2_inst.$auto$proc_rom.cc:149:do_switch$287 [23] $flatten\core_pantalla.\led_mem.\image_2_inst.$auto$proc_rom.cc:149:do_switch$287 [15:8] }, Y={ \core_pantalla.led_mem.RGB_IMG_2 [23] \core_pantalla.led_mem.RGB_IMG_2 [15:8] }
      New connections: { \core_pantalla.led_mem.RGB_IMG_2 [22:16] \core_pantalla.led_mem.RGB_IMG_2 [7:0] } = 15'000000000000000
    Consolidated identical input bits for $mux cell $flatten\core_pantalla.\led_mem.\image_3_inst.$procmux$447:
      Old ports: A=24'000000000000000000000000, B={ 8'00000000 $flatten\core_pantalla.\led_mem.\image_3_inst.$auto$proc_rom.cc:149:do_switch$291 [15:8] 8'00000000 }, Y=\core_pantalla.led_mem.RGB_IMG_3
      New ports: A=8'00000000, B=$flatten\core_pantalla.\led_mem.\image_3_inst.$auto$proc_rom.cc:149:do_switch$291 [15:8], Y=\core_pantalla.led_mem.RGB_IMG_3 [15:8]
      New connections: { \core_pantalla.led_mem.RGB_IMG_3 [23:16] \core_pantalla.led_mem.RGB_IMG_3 [7:0] } = 16'0000000000000000
    Consolidated identical input bits for $mux cell $flatten\core_pantalla.\ws2812_led_inst.\control0.$procmux$543:
      Old ports: A=2'00, B={ 1'0 \core_pantalla.ws2812_led_inst.lsr_rgb0.RGB_reg [23] }, Y=\core_pantalla.ws2812_led_inst.timer0.control_timer.SEL
      New ports: A=1'0, B=\core_pantalla.ws2812_led_inst.lsr_rgb0.RGB_reg [23], Y=\core_pantalla.ws2812_led_inst.timer0.control_timer.SEL [0]
      New connections: \core_pantalla.ws2812_led_inst.timer0.control_timer.SEL [1] = 1'0
    Consolidated identical input bits for $pmux cell $flatten\core_pantalla.\ws2812_led_inst.\timer0.\mux_timer.$procmux$432:
      Old ports: A=11'00000001010, B=33'000000101001001110001000000011111, Y=\core_pantalla.ws2812_led_inst.timer0.comparador_timer.mux_out
      New ports: A=5'01010, B=15'001001001001111, Y={ \core_pantalla.ws2812_led_inst.timer0.comparador_timer.mux_out [5] \core_pantalla.ws2812_led_inst.timer0.comparador_timer.mux_out [3:0] }
      New connections: { \core_pantalla.ws2812_led_inst.timer0.comparador_timer.mux_out [10:6] \core_pantalla.ws2812_led_inst.timer0.comparador_timer.mux_out [4] } = { \core_pantalla.ws2812_led_inst.timer0.comparador_timer.mux_out [5] 2'00 \core_pantalla.ws2812_led_inst.timer0.comparador_timer.mux_out [5] \core_pantalla.ws2812_led_inst.timer0.comparador_timer.mux_out [5] \core_pantalla.ws2812_led_inst.timer0.comparador_timer.mux_out [2] }
  Optimizing cells in module \Pantalla.
    Consolidated identical input bits for $mux cell $memory$flatten\core_pantalla.\led_mem.\image_3_inst.$auto$proc_rom.cc:150:do_switch$292$rdmux[0][4][8]$1683:
      Old ports: A=8'00000000, B=$memory$flatten\core_pantalla.\led_mem.\image_3_inst.$auto$proc_rom.cc:150:do_switch$292$rdmux[0][4][8]$b$1685, Y=$memory$flatten\core_pantalla.\led_mem.\image_3_inst.$auto$proc_rom.cc:150:do_switch$292$rdmux[0][3][4]$a$1648
      New ports: A=1'0, B=$memory$flatten\core_pantalla.\led_mem.\image_3_inst.$auto$proc_rom.cc:150:do_switch$292$rdmux[0][4][8]$b$1685 [0], Y=$memory$flatten\core_pantalla.\led_mem.\image_3_inst.$auto$proc_rom.cc:150:do_switch$292$rdmux[0][3][4]$a$1648 [0]
      New connections: $memory$flatten\core_pantalla.\led_mem.\image_3_inst.$auto$proc_rom.cc:150:do_switch$292$rdmux[0][3][4]$a$1648 [7:1] = { $memory$flatten\core_pantalla.\led_mem.\image_3_inst.$auto$proc_rom.cc:150:do_switch$292$rdmux[0][3][4]$a$1648 [0] $memory$flatten\core_pantalla.\led_mem.\image_3_inst.$auto$proc_rom.cc:150:do_switch$292$rdmux[0][3][4]$a$1648 [0] $memory$flatten\core_pantalla.\led_mem.\image_3_inst.$auto$proc_rom.cc:150:do_switch$292$rdmux[0][3][4]$a$1648 [0] $memory$flatten\core_pantalla.\led_mem.\image_3_inst.$auto$proc_rom.cc:150:do_switch$292$rdmux[0][3][4]$a$1648 [0] $memory$flatten\core_pantalla.\led_mem.\image_3_inst.$auto$proc_rom.cc:150:do_switch$292$rdmux[0][3][4]$a$1648 [0] $memory$flatten\core_pantalla.\led_mem.\image_3_inst.$auto$proc_rom.cc:150:do_switch$292$rdmux[0][3][4]$a$1648 [0] $memory$flatten\core_pantalla.\led_mem.\image_3_inst.$auto$proc_rom.cc:150:do_switch$292$rdmux[0][3][4]$a$1648 [0] }
    Consolidated identical input bits for $mux cell $memory$flatten\core_pantalla.\led_mem.\image_3_inst.$auto$proc_rom.cc:150:do_switch$292$rdmux[0][4][1]$1662:
      Old ports: A=8'00000000, B=$memory$flatten\core_pantalla.\led_mem.\image_3_inst.$auto$proc_rom.cc:150:do_switch$292$rdmux[0][4][1]$b$1664, Y=$memory$flatten\core_pantalla.\led_mem.\image_3_inst.$auto$proc_rom.cc:150:do_switch$292$rdmux[0][3][0]$b$1637
      New ports: A=1'0, B=$memory$flatten\core_pantalla.\led_mem.\image_3_inst.$auto$proc_rom.cc:150:do_switch$292$rdmux[0][4][1]$b$1664 [0], Y=$memory$flatten\core_pantalla.\led_mem.\image_3_inst.$auto$proc_rom.cc:150:do_switch$292$rdmux[0][3][0]$b$1637 [0]
      New connections: $memory$flatten\core_pantalla.\led_mem.\image_3_inst.$auto$proc_rom.cc:150:do_switch$292$rdmux[0][3][0]$b$1637 [7:1] = { $memory$flatten\core_pantalla.\led_mem.\image_3_inst.$auto$proc_rom.cc:150:do_switch$292$rdmux[0][3][0]$b$1637 [0] $memory$flatten\core_pantalla.\led_mem.\image_3_inst.$auto$proc_rom.cc:150:do_switch$292$rdmux[0][3][0]$b$1637 [0] $memory$flatten\core_pantalla.\led_mem.\image_3_inst.$auto$proc_rom.cc:150:do_switch$292$rdmux[0][3][0]$b$1637 [0] $memory$flatten\core_pantalla.\led_mem.\image_3_inst.$auto$proc_rom.cc:150:do_switch$292$rdmux[0][3][0]$b$1637 [0] $memory$flatten\core_pantalla.\led_mem.\image_3_inst.$auto$proc_rom.cc:150:do_switch$292$rdmux[0][3][0]$b$1637 [0] $memory$flatten\core_pantalla.\led_mem.\image_3_inst.$auto$proc_rom.cc:150:do_switch$292$rdmux[0][3][0]$b$1637 [0] $memory$flatten\core_pantalla.\led_mem.\image_3_inst.$auto$proc_rom.cc:150:do_switch$292$rdmux[0][3][0]$b$1637 [0] }
    Consolidated identical input bits for $mux cell $memory$flatten\core_pantalla.\led_mem.\image_2_inst.$auto$proc_rom.cc:150:do_switch$288$rdmux[0][4][13]$1509:
      Old ports: A=$memory$flatten\core_pantalla.\led_mem.\image_2_inst.$auto$proc_rom.cc:150:do_switch$288$rdmux[0][4][13]$a$1510, B=$memory$flatten\core_pantalla.\led_mem.\image_2_inst.$auto$proc_rom.cc:150:do_switch$288$rdmux[0][4][13]$b$1511, Y=$memory$flatten\core_pantalla.\led_mem.\image_2_inst.$auto$proc_rom.cc:150:do_switch$288$rdmux[0][3][6]$b$1466
      New ports: A=$memory$flatten\core_pantalla.\led_mem.\image_2_inst.$auto$proc_rom.cc:150:do_switch$288$rdmux[0][4][13]$a$1510 [0], B=$memory$flatten\core_pantalla.\led_mem.\image_2_inst.$auto$proc_rom.cc:150:do_switch$288$rdmux[0][4][13]$b$1511 [0], Y=$memory$flatten\core_pantalla.\led_mem.\image_2_inst.$auto$proc_rom.cc:150:do_switch$288$rdmux[0][3][6]$b$1466 [0]
      New connections: $memory$flatten\core_pantalla.\led_mem.\image_2_inst.$auto$proc_rom.cc:150:do_switch$288$rdmux[0][3][6]$b$1466 [8:1] = { $memory$flatten\core_pantalla.\led_mem.\image_2_inst.$auto$proc_rom.cc:150:do_switch$288$rdmux[0][3][6]$b$1466 [0] $memory$flatten\core_pantalla.\led_mem.\image_2_inst.$auto$proc_rom.cc:150:do_switch$288$rdmux[0][3][6]$b$1466 [0] $memory$flatten\core_pantalla.\led_mem.\image_2_inst.$auto$proc_rom.cc:150:do_switch$288$rdmux[0][3][6]$b$1466 [0] $memory$flatten\core_pantalla.\led_mem.\image_2_inst.$auto$proc_rom.cc:150:do_switch$288$rdmux[0][3][6]$b$1466 [0] $memory$flatten\core_pantalla.\led_mem.\image_2_inst.$auto$proc_rom.cc:150:do_switch$288$rdmux[0][3][6]$b$1466 [0] $memory$flatten\core_pantalla.\led_mem.\image_2_inst.$auto$proc_rom.cc:150:do_switch$288$rdmux[0][3][6]$b$1466 [0] $memory$flatten\core_pantalla.\led_mem.\image_2_inst.$auto$proc_rom.cc:150:do_switch$288$rdmux[0][3][6]$b$1466 [0] $memory$flatten\core_pantalla.\led_mem.\image_2_inst.$auto$proc_rom.cc:150:do_switch$288$rdmux[0][3][6]$b$1466 [0] }
    Consolidated identical input bits for $mux cell $memory$flatten\core_pantalla.\led_mem.\image_2_inst.$auto$proc_rom.cc:150:do_switch$288$rdmux[0][4][12]$1506:
      Old ports: A=$memory$flatten\core_pantalla.\led_mem.\image_2_inst.$auto$proc_rom.cc:150:do_switch$288$rdmux[0][4][12]$a$1507, B=$memory$flatten\core_pantalla.\led_mem.\image_2_inst.$auto$proc_rom.cc:150:do_switch$288$rdmux[0][4][12]$b$1508, Y=$memory$flatten\core_pantalla.\led_mem.\image_2_inst.$auto$proc_rom.cc:150:do_switch$288$rdmux[0][3][6]$a$1465
      New ports: A=$memory$flatten\core_pantalla.\led_mem.\image_2_inst.$auto$proc_rom.cc:150:do_switch$288$rdmux[0][4][12]$a$1507 [0], B=$memory$flatten\core_pantalla.\led_mem.\image_2_inst.$auto$proc_rom.cc:150:do_switch$288$rdmux[0][4][12]$b$1508 [0], Y=$memory$flatten\core_pantalla.\led_mem.\image_2_inst.$auto$proc_rom.cc:150:do_switch$288$rdmux[0][3][6]$a$1465 [0]
      New connections: $memory$flatten\core_pantalla.\led_mem.\image_2_inst.$auto$proc_rom.cc:150:do_switch$288$rdmux[0][3][6]$a$1465 [8:1] = { $memory$flatten\core_pantalla.\led_mem.\image_2_inst.$auto$proc_rom.cc:150:do_switch$288$rdmux[0][3][6]$a$1465 [0] $memory$flatten\core_pantalla.\led_mem.\image_2_inst.$auto$proc_rom.cc:150:do_switch$288$rdmux[0][3][6]$a$1465 [0] $memory$flatten\core_pantalla.\led_mem.\image_2_inst.$auto$proc_rom.cc:150:do_switch$288$rdmux[0][3][6]$a$1465 [0] $memory$flatten\core_pantalla.\led_mem.\image_2_inst.$auto$proc_rom.cc:150:do_switch$288$rdmux[0][3][6]$a$1465 [0] $memory$flatten\core_pantalla.\led_mem.\image_2_inst.$auto$proc_rom.cc:150:do_switch$288$rdmux[0][3][6]$a$1465 [0] $memory$flatten\core_pantalla.\led_mem.\image_2_inst.$auto$proc_rom.cc:150:do_switch$288$rdmux[0][3][6]$a$1465 [0] $memory$flatten\core_pantalla.\led_mem.\image_2_inst.$auto$proc_rom.cc:150:do_switch$288$rdmux[0][3][6]$a$1465 [0] $memory$flatten\core_pantalla.\led_mem.\image_2_inst.$auto$proc_rom.cc:150:do_switch$288$rdmux[0][3][6]$a$1465 [0] }
    Consolidated identical input bits for $mux cell $memory$flatten\core_pantalla.\led_mem.\image_2_inst.$auto$proc_rom.cc:150:do_switch$288$rdmux[0][4][11]$1503:
      Old ports: A=$memory$flatten\core_pantalla.\led_mem.\image_2_inst.$auto$proc_rom.cc:150:do_switch$288$rdmux[0][4][11]$a$1504, B=$memory$flatten\core_pantalla.\led_mem.\image_2_inst.$auto$proc_rom.cc:150:do_switch$288$rdmux[0][4][11]$b$1505, Y=$memory$flatten\core_pantalla.\led_mem.\image_2_inst.$auto$proc_rom.cc:150:do_switch$288$rdmux[0][3][5]$b$1463
      New ports: A=$memory$flatten\core_pantalla.\led_mem.\image_2_inst.$auto$proc_rom.cc:150:do_switch$288$rdmux[0][4][11]$a$1504 [0], B=$memory$flatten\core_pantalla.\led_mem.\image_2_inst.$auto$proc_rom.cc:150:do_switch$288$rdmux[0][4][11]$b$1505 [0], Y=$memory$flatten\core_pantalla.\led_mem.\image_2_inst.$auto$proc_rom.cc:150:do_switch$288$rdmux[0][3][5]$b$1463 [0]
      New connections: $memory$flatten\core_pantalla.\led_mem.\image_2_inst.$auto$proc_rom.cc:150:do_switch$288$rdmux[0][3][5]$b$1463 [8:1] = { $memory$flatten\core_pantalla.\led_mem.\image_2_inst.$auto$proc_rom.cc:150:do_switch$288$rdmux[0][3][5]$b$1463 [0] $memory$flatten\core_pantalla.\led_mem.\image_2_inst.$auto$proc_rom.cc:150:do_switch$288$rdmux[0][3][5]$b$1463 [0] $memory$flatten\core_pantalla.\led_mem.\image_2_inst.$auto$proc_rom.cc:150:do_switch$288$rdmux[0][3][5]$b$1463 [0] $memory$flatten\core_pantalla.\led_mem.\image_2_inst.$auto$proc_rom.cc:150:do_switch$288$rdmux[0][3][5]$b$1463 [0] $memory$flatten\core_pantalla.\led_mem.\image_2_inst.$auto$proc_rom.cc:150:do_switch$288$rdmux[0][3][5]$b$1463 [0] $memory$flatten\core_pantalla.\led_mem.\image_2_inst.$auto$proc_rom.cc:150:do_switch$288$rdmux[0][3][5]$b$1463 [0] $memory$flatten\core_pantalla.\led_mem.\image_2_inst.$auto$proc_rom.cc:150:do_switch$288$rdmux[0][3][5]$b$1463 [0] $memory$flatten\core_pantalla.\led_mem.\image_2_inst.$auto$proc_rom.cc:150:do_switch$288$rdmux[0][3][5]$b$1463 [0] }
    Consolidated identical input bits for $mux cell $memory$flatten\core_pantalla.\led_mem.\image_2_inst.$auto$proc_rom.cc:150:do_switch$288$rdmux[0][4][10]$1500:
      Old ports: A=$memory$flatten\core_pantalla.\led_mem.\image_2_inst.$auto$proc_rom.cc:150:do_switch$288$rdmux[0][4][10]$a$1501, B=$memory$flatten\core_pantalla.\led_mem.\image_2_inst.$auto$proc_rom.cc:150:do_switch$288$rdmux[0][4][10]$b$1502, Y=$memory$flatten\core_pantalla.\led_mem.\image_2_inst.$auto$proc_rom.cc:150:do_switch$288$rdmux[0][3][5]$a$1462
      New ports: A=$memory$flatten\core_pantalla.\led_mem.\image_2_inst.$auto$proc_rom.cc:150:do_switch$288$rdmux[0][4][10]$a$1501 [0], B=$memory$flatten\core_pantalla.\led_mem.\image_2_inst.$auto$proc_rom.cc:150:do_switch$288$rdmux[0][4][10]$b$1502 [0], Y=$memory$flatten\core_pantalla.\led_mem.\image_2_inst.$auto$proc_rom.cc:150:do_switch$288$rdmux[0][3][5]$a$1462 [0]
      New connections: $memory$flatten\core_pantalla.\led_mem.\image_2_inst.$auto$proc_rom.cc:150:do_switch$288$rdmux[0][3][5]$a$1462 [8:1] = { $memory$flatten\core_pantalla.\led_mem.\image_2_inst.$auto$proc_rom.cc:150:do_switch$288$rdmux[0][3][5]$a$1462 [0] $memory$flatten\core_pantalla.\led_mem.\image_2_inst.$auto$proc_rom.cc:150:do_switch$288$rdmux[0][3][5]$a$1462 [0] $memory$flatten\core_pantalla.\led_mem.\image_2_inst.$auto$proc_rom.cc:150:do_switch$288$rdmux[0][3][5]$a$1462 [0] $memory$flatten\core_pantalla.\led_mem.\image_2_inst.$auto$proc_rom.cc:150:do_switch$288$rdmux[0][3][5]$a$1462 [0] $memory$flatten\core_pantalla.\led_mem.\image_2_inst.$auto$proc_rom.cc:150:do_switch$288$rdmux[0][3][5]$a$1462 [0] $memory$flatten\core_pantalla.\led_mem.\image_2_inst.$auto$proc_rom.cc:150:do_switch$288$rdmux[0][3][5]$a$1462 [0] $memory$flatten\core_pantalla.\led_mem.\image_2_inst.$auto$proc_rom.cc:150:do_switch$288$rdmux[0][3][5]$a$1462 [0] $memory$flatten\core_pantalla.\led_mem.\image_2_inst.$auto$proc_rom.cc:150:do_switch$288$rdmux[0][3][5]$a$1462 [0] }
    Consolidated identical input bits for $mux cell $memory$flatten\core_pantalla.\led_mem.\image_2_inst.$auto$proc_rom.cc:150:do_switch$288$rdmux[0][4][9]$1497:
      Old ports: A=$memory$flatten\core_pantalla.\led_mem.\image_2_inst.$auto$proc_rom.cc:150:do_switch$288$rdmux[0][4][9]$a$1498, B=9'000000000, Y=$memory$flatten\core_pantalla.\led_mem.\image_2_inst.$auto$proc_rom.cc:150:do_switch$288$rdmux[0][3][4]$b$1460
      New ports: A=$memory$flatten\core_pantalla.\led_mem.\image_2_inst.$auto$proc_rom.cc:150:do_switch$288$rdmux[0][4][9]$a$1498 [0], B=1'0, Y=$memory$flatten\core_pantalla.\led_mem.\image_2_inst.$auto$proc_rom.cc:150:do_switch$288$rdmux[0][3][4]$b$1460 [0]
      New connections: $memory$flatten\core_pantalla.\led_mem.\image_2_inst.$auto$proc_rom.cc:150:do_switch$288$rdmux[0][3][4]$b$1460 [8:1] = { $memory$flatten\core_pantalla.\led_mem.\image_2_inst.$auto$proc_rom.cc:150:do_switch$288$rdmux[0][3][4]$b$1460 [0] $memory$flatten\core_pantalla.\led_mem.\image_2_inst.$auto$proc_rom.cc:150:do_switch$288$rdmux[0][3][4]$b$1460 [0] $memory$flatten\core_pantalla.\led_mem.\image_2_inst.$auto$proc_rom.cc:150:do_switch$288$rdmux[0][3][4]$b$1460 [0] $memory$flatten\core_pantalla.\led_mem.\image_2_inst.$auto$proc_rom.cc:150:do_switch$288$rdmux[0][3][4]$b$1460 [0] $memory$flatten\core_pantalla.\led_mem.\image_2_inst.$auto$proc_rom.cc:150:do_switch$288$rdmux[0][3][4]$b$1460 [0] $memory$flatten\core_pantalla.\led_mem.\image_2_inst.$auto$proc_rom.cc:150:do_switch$288$rdmux[0][3][4]$b$1460 [0] $memory$flatten\core_pantalla.\led_mem.\image_2_inst.$auto$proc_rom.cc:150:do_switch$288$rdmux[0][3][4]$b$1460 [0] $memory$flatten\core_pantalla.\led_mem.\image_2_inst.$auto$proc_rom.cc:150:do_switch$288$rdmux[0][3][4]$b$1460 [0] }
    Consolidated identical input bits for $mux cell $memory$flatten\core_pantalla.\led_mem.\image_2_inst.$auto$proc_rom.cc:150:do_switch$288$rdmux[0][4][8]$1494:
      Old ports: A=9'000000000, B=$memory$flatten\core_pantalla.\led_mem.\image_2_inst.$auto$proc_rom.cc:150:do_switch$288$rdmux[0][4][8]$b$1496, Y=$memory$flatten\core_pantalla.\led_mem.\image_2_inst.$auto$proc_rom.cc:150:do_switch$288$rdmux[0][3][4]$a$1459
      New ports: A=1'0, B=$memory$flatten\core_pantalla.\led_mem.\image_2_inst.$auto$proc_rom.cc:150:do_switch$288$rdmux[0][4][8]$b$1496 [0], Y=$memory$flatten\core_pantalla.\led_mem.\image_2_inst.$auto$proc_rom.cc:150:do_switch$288$rdmux[0][3][4]$a$1459 [0]
      New connections: $memory$flatten\core_pantalla.\led_mem.\image_2_inst.$auto$proc_rom.cc:150:do_switch$288$rdmux[0][3][4]$a$1459 [8:1] = { $memory$flatten\core_pantalla.\led_mem.\image_2_inst.$auto$proc_rom.cc:150:do_switch$288$rdmux[0][3][4]$a$1459 [0] $memory$flatten\core_pantalla.\led_mem.\image_2_inst.$auto$proc_rom.cc:150:do_switch$288$rdmux[0][3][4]$a$1459 [0] $memory$flatten\core_pantalla.\led_mem.\image_2_inst.$auto$proc_rom.cc:150:do_switch$288$rdmux[0][3][4]$a$1459 [0] $memory$flatten\core_pantalla.\led_mem.\image_2_inst.$auto$proc_rom.cc:150:do_switch$288$rdmux[0][3][4]$a$1459 [0] $memory$flatten\core_pantalla.\led_mem.\image_2_inst.$auto$proc_rom.cc:150:do_switch$288$rdmux[0][3][4]$a$1459 [0] $memory$flatten\core_pantalla.\led_mem.\image_2_inst.$auto$proc_rom.cc:150:do_switch$288$rdmux[0][3][4]$a$1459 [0] $memory$flatten\core_pantalla.\led_mem.\image_2_inst.$auto$proc_rom.cc:150:do_switch$288$rdmux[0][3][4]$a$1459 [0] $memory$flatten\core_pantalla.\led_mem.\image_2_inst.$auto$proc_rom.cc:150:do_switch$288$rdmux[0][3][4]$a$1459 [0] }
    Consolidated identical input bits for $mux cell $memory$flatten\core_pantalla.\led_mem.\image_2_inst.$auto$proc_rom.cc:150:do_switch$288$rdmux[0][4][3]$1479:
      Old ports: A=9'111111111, B=$memory$flatten\core_pantalla.\led_mem.\image_2_inst.$auto$proc_rom.cc:150:do_switch$288$rdmux[0][4][3]$b$1481, Y=$memory$flatten\core_pantalla.\led_mem.\image_2_inst.$auto$proc_rom.cc:150:do_switch$288$rdmux[0][3][1]$b$1451
      New ports: A=1'1, B=$memory$flatten\core_pantalla.\led_mem.\image_2_inst.$auto$proc_rom.cc:150:do_switch$288$rdmux[0][4][3]$b$1481 [0], Y=$memory$flatten\core_pantalla.\led_mem.\image_2_inst.$auto$proc_rom.cc:150:do_switch$288$rdmux[0][3][1]$b$1451 [0]
      New connections: $memory$flatten\core_pantalla.\led_mem.\image_2_inst.$auto$proc_rom.cc:150:do_switch$288$rdmux[0][3][1]$b$1451 [8:1] = { $memory$flatten\core_pantalla.\led_mem.\image_2_inst.$auto$proc_rom.cc:150:do_switch$288$rdmux[0][3][1]$b$1451 [0] $memory$flatten\core_pantalla.\led_mem.\image_2_inst.$auto$proc_rom.cc:150:do_switch$288$rdmux[0][3][1]$b$1451 [0] $memory$flatten\core_pantalla.\led_mem.\image_2_inst.$auto$proc_rom.cc:150:do_switch$288$rdmux[0][3][1]$b$1451 [0] $memory$flatten\core_pantalla.\led_mem.\image_2_inst.$auto$proc_rom.cc:150:do_switch$288$rdmux[0][3][1]$b$1451 [0] $memory$flatten\core_pantalla.\led_mem.\image_2_inst.$auto$proc_rom.cc:150:do_switch$288$rdmux[0][3][1]$b$1451 [0] $memory$flatten\core_pantalla.\led_mem.\image_2_inst.$auto$proc_rom.cc:150:do_switch$288$rdmux[0][3][1]$b$1451 [0] $memory$flatten\core_pantalla.\led_mem.\image_2_inst.$auto$proc_rom.cc:150:do_switch$288$rdmux[0][3][1]$b$1451 [0] $memory$flatten\core_pantalla.\led_mem.\image_2_inst.$auto$proc_rom.cc:150:do_switch$288$rdmux[0][3][1]$b$1451 [0] }
    Consolidated identical input bits for $mux cell $memory$flatten\core_pantalla.\led_mem.\image_2_inst.$auto$proc_rom.cc:150:do_switch$288$rdmux[0][4][2]$1476:
      Old ports: A=$memory$flatten\core_pantalla.\led_mem.\image_2_inst.$auto$proc_rom.cc:150:do_switch$288$rdmux[0][4][2]$a$1477, B=9'111111111, Y=$memory$flatten\core_pantalla.\led_mem.\image_2_inst.$auto$proc_rom.cc:150:do_switch$288$rdmux[0][3][1]$a$1450
      New ports: A=$memory$flatten\core_pantalla.\led_mem.\image_2_inst.$auto$proc_rom.cc:150:do_switch$288$rdmux[0][4][2]$a$1477 [0], B=1'1, Y=$memory$flatten\core_pantalla.\led_mem.\image_2_inst.$auto$proc_rom.cc:150:do_switch$288$rdmux[0][3][1]$a$1450 [0]
      New connections: $memory$flatten\core_pantalla.\led_mem.\image_2_inst.$auto$proc_rom.cc:150:do_switch$288$rdmux[0][3][1]$a$1450 [8:1] = { $memory$flatten\core_pantalla.\led_mem.\image_2_inst.$auto$proc_rom.cc:150:do_switch$288$rdmux[0][3][1]$a$1450 [0] $memory$flatten\core_pantalla.\led_mem.\image_2_inst.$auto$proc_rom.cc:150:do_switch$288$rdmux[0][3][1]$a$1450 [0] $memory$flatten\core_pantalla.\led_mem.\image_2_inst.$auto$proc_rom.cc:150:do_switch$288$rdmux[0][3][1]$a$1450 [0] $memory$flatten\core_pantalla.\led_mem.\image_2_inst.$auto$proc_rom.cc:150:do_switch$288$rdmux[0][3][1]$a$1450 [0] $memory$flatten\core_pantalla.\led_mem.\image_2_inst.$auto$proc_rom.cc:150:do_switch$288$rdmux[0][3][1]$a$1450 [0] $memory$flatten\core_pantalla.\led_mem.\image_2_inst.$auto$proc_rom.cc:150:do_switch$288$rdmux[0][3][1]$a$1450 [0] $memory$flatten\core_pantalla.\led_mem.\image_2_inst.$auto$proc_rom.cc:150:do_switch$288$rdmux[0][3][1]$a$1450 [0] $memory$flatten\core_pantalla.\led_mem.\image_2_inst.$auto$proc_rom.cc:150:do_switch$288$rdmux[0][3][1]$a$1450 [0] }
    Consolidated identical input bits for $mux cell $memory$flatten\core_pantalla.\led_mem.\image_3_inst.$auto$proc_rom.cc:150:do_switch$292$rdmux[0][4][10]$1689:
      Old ports: A=$memory$flatten\core_pantalla.\led_mem.\image_3_inst.$auto$proc_rom.cc:150:do_switch$292$rdmux[0][4][10]$a$1690, B=$memory$flatten\core_pantalla.\led_mem.\image_3_inst.$auto$proc_rom.cc:150:do_switch$292$rdmux[0][4][10]$b$1691, Y=$memory$flatten\core_pantalla.\led_mem.\image_3_inst.$auto$proc_rom.cc:150:do_switch$292$rdmux[0][3][5]$a$1651
      New ports: A=$memory$flatten\core_pantalla.\led_mem.\image_3_inst.$auto$proc_rom.cc:150:do_switch$292$rdmux[0][4][10]$a$1690 [0], B=$memory$flatten\core_pantalla.\led_mem.\image_3_inst.$auto$proc_rom.cc:150:do_switch$292$rdmux[0][4][10]$b$1691 [0], Y=$memory$flatten\core_pantalla.\led_mem.\image_3_inst.$auto$proc_rom.cc:150:do_switch$292$rdmux[0][3][5]$a$1651 [0]
      New connections: $memory$flatten\core_pantalla.\led_mem.\image_3_inst.$auto$proc_rom.cc:150:do_switch$292$rdmux[0][3][5]$a$1651 [7:1] = { $memory$flatten\core_pantalla.\led_mem.\image_3_inst.$auto$proc_rom.cc:150:do_switch$292$rdmux[0][3][5]$a$1651 [0] $memory$flatten\core_pantalla.\led_mem.\image_3_inst.$auto$proc_rom.cc:150:do_switch$292$rdmux[0][3][5]$a$1651 [0] $memory$flatten\core_pantalla.\led_mem.\image_3_inst.$auto$proc_rom.cc:150:do_switch$292$rdmux[0][3][5]$a$1651 [0] $memory$flatten\core_pantalla.\led_mem.\image_3_inst.$auto$proc_rom.cc:150:do_switch$292$rdmux[0][3][5]$a$1651 [0] $memory$flatten\core_pantalla.\led_mem.\image_3_inst.$auto$proc_rom.cc:150:do_switch$292$rdmux[0][3][5]$a$1651 [0] $memory$flatten\core_pantalla.\led_mem.\image_3_inst.$auto$proc_rom.cc:150:do_switch$292$rdmux[0][3][5]$a$1651 [0] $memory$flatten\core_pantalla.\led_mem.\image_3_inst.$auto$proc_rom.cc:150:do_switch$292$rdmux[0][3][5]$a$1651 [0] }
    Consolidated identical input bits for $mux cell $memory$flatten\core_pantalla.\led_mem.\image_3_inst.$auto$proc_rom.cc:150:do_switch$292$rdmux[0][4][9]$1686:
      Old ports: A=$memory$flatten\core_pantalla.\led_mem.\image_3_inst.$auto$proc_rom.cc:150:do_switch$292$rdmux[0][4][9]$a$1687, B=8'00000000, Y=$memory$flatten\core_pantalla.\led_mem.\image_3_inst.$auto$proc_rom.cc:150:do_switch$292$rdmux[0][3][4]$b$1649
      New ports: A=$memory$flatten\core_pantalla.\led_mem.\image_3_inst.$auto$proc_rom.cc:150:do_switch$292$rdmux[0][4][9]$a$1687 [0], B=1'0, Y=$memory$flatten\core_pantalla.\led_mem.\image_3_inst.$auto$proc_rom.cc:150:do_switch$292$rdmux[0][3][4]$b$1649 [0]
      New connections: $memory$flatten\core_pantalla.\led_mem.\image_3_inst.$auto$proc_rom.cc:150:do_switch$292$rdmux[0][3][4]$b$1649 [7:1] = { $memory$flatten\core_pantalla.\led_mem.\image_3_inst.$auto$proc_rom.cc:150:do_switch$292$rdmux[0][3][4]$b$1649 [0] $memory$flatten\core_pantalla.\led_mem.\image_3_inst.$auto$proc_rom.cc:150:do_switch$292$rdmux[0][3][4]$b$1649 [0] $memory$flatten\core_pantalla.\led_mem.\image_3_inst.$auto$proc_rom.cc:150:do_switch$292$rdmux[0][3][4]$b$1649 [0] $memory$flatten\core_pantalla.\led_mem.\image_3_inst.$auto$proc_rom.cc:150:do_switch$292$rdmux[0][3][4]$b$1649 [0] $memory$flatten\core_pantalla.\led_mem.\image_3_inst.$auto$proc_rom.cc:150:do_switch$292$rdmux[0][3][4]$b$1649 [0] $memory$flatten\core_pantalla.\led_mem.\image_3_inst.$auto$proc_rom.cc:150:do_switch$292$rdmux[0][3][4]$b$1649 [0] $memory$flatten\core_pantalla.\led_mem.\image_3_inst.$auto$proc_rom.cc:150:do_switch$292$rdmux[0][3][4]$b$1649 [0] }
    Consolidated identical input bits for $mux cell $memory$flatten\core_pantalla.\led_mem.\image_3_inst.$auto$proc_rom.cc:150:do_switch$292$rdmux[0][4][13]$1698:
      Old ports: A=$memory$flatten\core_pantalla.\led_mem.\image_3_inst.$auto$proc_rom.cc:150:do_switch$292$rdmux[0][4][13]$a$1699, B=$memory$flatten\core_pantalla.\led_mem.\image_3_inst.$auto$proc_rom.cc:150:do_switch$292$rdmux[0][4][13]$b$1700, Y=$memory$flatten\core_pantalla.\led_mem.\image_3_inst.$auto$proc_rom.cc:150:do_switch$292$rdmux[0][3][6]$b$1655
      New ports: A=$memory$flatten\core_pantalla.\led_mem.\image_3_inst.$auto$proc_rom.cc:150:do_switch$292$rdmux[0][4][13]$a$1699 [0], B=$memory$flatten\core_pantalla.\led_mem.\image_3_inst.$auto$proc_rom.cc:150:do_switch$292$rdmux[0][4][13]$b$1700 [0], Y=$memory$flatten\core_pantalla.\led_mem.\image_3_inst.$auto$proc_rom.cc:150:do_switch$292$rdmux[0][3][6]$b$1655 [0]
      New connections: $memory$flatten\core_pantalla.\led_mem.\image_3_inst.$auto$proc_rom.cc:150:do_switch$292$rdmux[0][3][6]$b$1655 [7:1] = { $memory$flatten\core_pantalla.\led_mem.\image_3_inst.$auto$proc_rom.cc:150:do_switch$292$rdmux[0][3][6]$b$1655 [0] $memory$flatten\core_pantalla.\led_mem.\image_3_inst.$auto$proc_rom.cc:150:do_switch$292$rdmux[0][3][6]$b$1655 [0] $memory$flatten\core_pantalla.\led_mem.\image_3_inst.$auto$proc_rom.cc:150:do_switch$292$rdmux[0][3][6]$b$1655 [0] $memory$flatten\core_pantalla.\led_mem.\image_3_inst.$auto$proc_rom.cc:150:do_switch$292$rdmux[0][3][6]$b$1655 [0] $memory$flatten\core_pantalla.\led_mem.\image_3_inst.$auto$proc_rom.cc:150:do_switch$292$rdmux[0][3][6]$b$1655 [0] $memory$flatten\core_pantalla.\led_mem.\image_3_inst.$auto$proc_rom.cc:150:do_switch$292$rdmux[0][3][6]$b$1655 [0] $memory$flatten\core_pantalla.\led_mem.\image_3_inst.$auto$proc_rom.cc:150:do_switch$292$rdmux[0][3][6]$b$1655 [0] }
    Consolidated identical input bits for $mux cell $memory$flatten\core_pantalla.\led_mem.\image_3_inst.$auto$proc_rom.cc:150:do_switch$292$rdmux[0][4][12]$1695:
      Old ports: A=$memory$flatten\core_pantalla.\led_mem.\image_3_inst.$auto$proc_rom.cc:150:do_switch$292$rdmux[0][4][12]$a$1696, B=$memory$flatten\core_pantalla.\led_mem.\image_3_inst.$auto$proc_rom.cc:150:do_switch$292$rdmux[0][4][12]$b$1697, Y=$memory$flatten\core_pantalla.\led_mem.\image_3_inst.$auto$proc_rom.cc:150:do_switch$292$rdmux[0][3][6]$a$1654
      New ports: A=$memory$flatten\core_pantalla.\led_mem.\image_3_inst.$auto$proc_rom.cc:150:do_switch$292$rdmux[0][4][12]$a$1696 [0], B=$memory$flatten\core_pantalla.\led_mem.\image_3_inst.$auto$proc_rom.cc:150:do_switch$292$rdmux[0][4][12]$b$1697 [0], Y=$memory$flatten\core_pantalla.\led_mem.\image_3_inst.$auto$proc_rom.cc:150:do_switch$292$rdmux[0][3][6]$a$1654 [0]
      New connections: $memory$flatten\core_pantalla.\led_mem.\image_3_inst.$auto$proc_rom.cc:150:do_switch$292$rdmux[0][3][6]$a$1654 [7:1] = { $memory$flatten\core_pantalla.\led_mem.\image_3_inst.$auto$proc_rom.cc:150:do_switch$292$rdmux[0][3][6]$a$1654 [0] $memory$flatten\core_pantalla.\led_mem.\image_3_inst.$auto$proc_rom.cc:150:do_switch$292$rdmux[0][3][6]$a$1654 [0] $memory$flatten\core_pantalla.\led_mem.\image_3_inst.$auto$proc_rom.cc:150:do_switch$292$rdmux[0][3][6]$a$1654 [0] $memory$flatten\core_pantalla.\led_mem.\image_3_inst.$auto$proc_rom.cc:150:do_switch$292$rdmux[0][3][6]$a$1654 [0] $memory$flatten\core_pantalla.\led_mem.\image_3_inst.$auto$proc_rom.cc:150:do_switch$292$rdmux[0][3][6]$a$1654 [0] $memory$flatten\core_pantalla.\led_mem.\image_3_inst.$auto$proc_rom.cc:150:do_switch$292$rdmux[0][3][6]$a$1654 [0] $memory$flatten\core_pantalla.\led_mem.\image_3_inst.$auto$proc_rom.cc:150:do_switch$292$rdmux[0][3][6]$a$1654 [0] }
    Consolidated identical input bits for $mux cell $memory$flatten\core_pantalla.\led_mem.\image_3_inst.$auto$proc_rom.cc:150:do_switch$292$rdmux[0][3][1]$1638:
      Old ports: A=$memory$flatten\core_pantalla.\led_mem.\image_3_inst.$auto$proc_rom.cc:150:do_switch$292$rdmux[0][3][1]$a$1639, B=$memory$flatten\core_pantalla.\led_mem.\image_3_inst.$auto$proc_rom.cc:150:do_switch$292$rdmux[0][3][1]$b$1640, Y=$memory$flatten\core_pantalla.\led_mem.\image_3_inst.$auto$proc_rom.cc:150:do_switch$292$rdmux[0][2][0]$b$1625
      New ports: A=$memory$flatten\core_pantalla.\led_mem.\image_3_inst.$auto$proc_rom.cc:150:do_switch$292$rdmux[0][3][1]$a$1639 [0], B=$memory$flatten\core_pantalla.\led_mem.\image_3_inst.$auto$proc_rom.cc:150:do_switch$292$rdmux[0][3][1]$b$1640 [0], Y=$memory$flatten\core_pantalla.\led_mem.\image_3_inst.$auto$proc_rom.cc:150:do_switch$292$rdmux[0][2][0]$b$1625 [0]
      New connections: $memory$flatten\core_pantalla.\led_mem.\image_3_inst.$auto$proc_rom.cc:150:do_switch$292$rdmux[0][2][0]$b$1625 [7:1] = { $memory$flatten\core_pantalla.\led_mem.\image_3_inst.$auto$proc_rom.cc:150:do_switch$292$rdmux[0][2][0]$b$1625 [0] $memory$flatten\core_pantalla.\led_mem.\image_3_inst.$auto$proc_rom.cc:150:do_switch$292$rdmux[0][2][0]$b$1625 [0] $memory$flatten\core_pantalla.\led_mem.\image_3_inst.$auto$proc_rom.cc:150:do_switch$292$rdmux[0][2][0]$b$1625 [0] $memory$flatten\core_pantalla.\led_mem.\image_3_inst.$auto$proc_rom.cc:150:do_switch$292$rdmux[0][2][0]$b$1625 [0] $memory$flatten\core_pantalla.\led_mem.\image_3_inst.$auto$proc_rom.cc:150:do_switch$292$rdmux[0][2][0]$b$1625 [0] $memory$flatten\core_pantalla.\led_mem.\image_3_inst.$auto$proc_rom.cc:150:do_switch$292$rdmux[0][2][0]$b$1625 [0] $memory$flatten\core_pantalla.\led_mem.\image_3_inst.$auto$proc_rom.cc:150:do_switch$292$rdmux[0][2][0]$b$1625 [0] }
    Consolidated identical input bits for $mux cell $memory$flatten\core_pantalla.\led_mem.\image_3_inst.$auto$proc_rom.cc:150:do_switch$292$rdmux[0][4][11]$1692:
      Old ports: A=$memory$flatten\core_pantalla.\led_mem.\image_3_inst.$auto$proc_rom.cc:150:do_switch$292$rdmux[0][4][11]$a$1693, B=$memory$flatten\core_pantalla.\led_mem.\image_3_inst.$auto$proc_rom.cc:150:do_switch$292$rdmux[0][4][11]$b$1694, Y=$memory$flatten\core_pantalla.\led_mem.\image_3_inst.$auto$proc_rom.cc:150:do_switch$292$rdmux[0][3][5]$b$1652
      New ports: A=$memory$flatten\core_pantalla.\led_mem.\image_3_inst.$auto$proc_rom.cc:150:do_switch$292$rdmux[0][4][11]$a$1693 [0], B=$memory$flatten\core_pantalla.\led_mem.\image_3_inst.$auto$proc_rom.cc:150:do_switch$292$rdmux[0][4][11]$b$1694 [0], Y=$memory$flatten\core_pantalla.\led_mem.\image_3_inst.$auto$proc_rom.cc:150:do_switch$292$rdmux[0][3][5]$b$1652 [0]
      New connections: $memory$flatten\core_pantalla.\led_mem.\image_3_inst.$auto$proc_rom.cc:150:do_switch$292$rdmux[0][3][5]$b$1652 [7:1] = { $memory$flatten\core_pantalla.\led_mem.\image_3_inst.$auto$proc_rom.cc:150:do_switch$292$rdmux[0][3][5]$b$1652 [0] $memory$flatten\core_pantalla.\led_mem.\image_3_inst.$auto$proc_rom.cc:150:do_switch$292$rdmux[0][3][5]$b$1652 [0] $memory$flatten\core_pantalla.\led_mem.\image_3_inst.$auto$proc_rom.cc:150:do_switch$292$rdmux[0][3][5]$b$1652 [0] $memory$flatten\core_pantalla.\led_mem.\image_3_inst.$auto$proc_rom.cc:150:do_switch$292$rdmux[0][3][5]$b$1652 [0] $memory$flatten\core_pantalla.\led_mem.\image_3_inst.$auto$proc_rom.cc:150:do_switch$292$rdmux[0][3][5]$b$1652 [0] $memory$flatten\core_pantalla.\led_mem.\image_3_inst.$auto$proc_rom.cc:150:do_switch$292$rdmux[0][3][5]$b$1652 [0] $memory$flatten\core_pantalla.\led_mem.\image_3_inst.$auto$proc_rom.cc:150:do_switch$292$rdmux[0][3][5]$b$1652 [0] }
    Consolidated identical input bits for $mux cell $memory$flatten\core_pantalla.\led_mem.\image_1_inst.$auto$proc_rom.cc:150:do_switch$284$rdmux[0][4][13]$1320:
      Old ports: A=$memory$flatten\core_pantalla.\led_mem.\image_1_inst.$auto$proc_rom.cc:150:do_switch$284$rdmux[0][4][13]$a$1321, B=$memory$flatten\core_pantalla.\led_mem.\image_1_inst.$auto$proc_rom.cc:150:do_switch$284$rdmux[0][4][13]$b$1322, Y=$memory$flatten\core_pantalla.\led_mem.\image_1_inst.$auto$proc_rom.cc:150:do_switch$284$rdmux[0][3][6]$b$1277
      New ports: A=$memory$flatten\core_pantalla.\led_mem.\image_1_inst.$auto$proc_rom.cc:150:do_switch$284$rdmux[0][4][13]$a$1321 [0], B=$memory$flatten\core_pantalla.\led_mem.\image_1_inst.$auto$proc_rom.cc:150:do_switch$284$rdmux[0][4][13]$b$1322 [0], Y=$memory$flatten\core_pantalla.\led_mem.\image_1_inst.$auto$proc_rom.cc:150:do_switch$284$rdmux[0][3][6]$b$1277 [0]
      New connections: $memory$flatten\core_pantalla.\led_mem.\image_1_inst.$auto$proc_rom.cc:150:do_switch$284$rdmux[0][3][6]$b$1277 [6:1] = { $memory$flatten\core_pantalla.\led_mem.\image_1_inst.$auto$proc_rom.cc:150:do_switch$284$rdmux[0][3][6]$b$1277 [0] $memory$flatten\core_pantalla.\led_mem.\image_1_inst.$auto$proc_rom.cc:150:do_switch$284$rdmux[0][3][6]$b$1277 [0] $memory$flatten\core_pantalla.\led_mem.\image_1_inst.$auto$proc_rom.cc:150:do_switch$284$rdmux[0][3][6]$b$1277 [0] $memory$flatten\core_pantalla.\led_mem.\image_1_inst.$auto$proc_rom.cc:150:do_switch$284$rdmux[0][3][6]$b$1277 [0] $memory$flatten\core_pantalla.\led_mem.\image_1_inst.$auto$proc_rom.cc:150:do_switch$284$rdmux[0][3][6]$b$1277 [0] $memory$flatten\core_pantalla.\led_mem.\image_1_inst.$auto$proc_rom.cc:150:do_switch$284$rdmux[0][3][6]$b$1277 [0] }
    Consolidated identical input bits for $mux cell $memory$flatten\core_pantalla.\led_mem.\image_1_inst.$auto$proc_rom.cc:150:do_switch$284$rdmux[0][4][12]$1317:
      Old ports: A=$memory$flatten\core_pantalla.\led_mem.\image_1_inst.$auto$proc_rom.cc:150:do_switch$284$rdmux[0][4][12]$a$1318, B=$memory$flatten\core_pantalla.\led_mem.\image_1_inst.$auto$proc_rom.cc:150:do_switch$284$rdmux[0][4][12]$b$1319, Y=$memory$flatten\core_pantalla.\led_mem.\image_1_inst.$auto$proc_rom.cc:150:do_switch$284$rdmux[0][3][6]$a$1276
      New ports: A=$memory$flatten\core_pantalla.\led_mem.\image_1_inst.$auto$proc_rom.cc:150:do_switch$284$rdmux[0][4][12]$a$1318 [0], B=$memory$flatten\core_pantalla.\led_mem.\image_1_inst.$auto$proc_rom.cc:150:do_switch$284$rdmux[0][4][12]$b$1319 [0], Y=$memory$flatten\core_pantalla.\led_mem.\image_1_inst.$auto$proc_rom.cc:150:do_switch$284$rdmux[0][3][6]$a$1276 [0]
      New connections: $memory$flatten\core_pantalla.\led_mem.\image_1_inst.$auto$proc_rom.cc:150:do_switch$284$rdmux[0][3][6]$a$1276 [6:1] = { $memory$flatten\core_pantalla.\led_mem.\image_1_inst.$auto$proc_rom.cc:150:do_switch$284$rdmux[0][3][6]$a$1276 [0] $memory$flatten\core_pantalla.\led_mem.\image_1_inst.$auto$proc_rom.cc:150:do_switch$284$rdmux[0][3][6]$a$1276 [0] $memory$flatten\core_pantalla.\led_mem.\image_1_inst.$auto$proc_rom.cc:150:do_switch$284$rdmux[0][3][6]$a$1276 [0] $memory$flatten\core_pantalla.\led_mem.\image_1_inst.$auto$proc_rom.cc:150:do_switch$284$rdmux[0][3][6]$a$1276 [0] $memory$flatten\core_pantalla.\led_mem.\image_1_inst.$auto$proc_rom.cc:150:do_switch$284$rdmux[0][3][6]$a$1276 [0] $memory$flatten\core_pantalla.\led_mem.\image_1_inst.$auto$proc_rom.cc:150:do_switch$284$rdmux[0][3][6]$a$1276 [0] }
    Consolidated identical input bits for $mux cell $memory$flatten\core_pantalla.\led_mem.\image_1_inst.$auto$proc_rom.cc:150:do_switch$284$rdmux[0][4][11]$1314:
      Old ports: A=$memory$flatten\core_pantalla.\led_mem.\image_1_inst.$auto$proc_rom.cc:150:do_switch$284$rdmux[0][4][11]$a$1315, B=$memory$flatten\core_pantalla.\led_mem.\image_1_inst.$auto$proc_rom.cc:150:do_switch$284$rdmux[0][4][11]$b$1316, Y=$memory$flatten\core_pantalla.\led_mem.\image_1_inst.$auto$proc_rom.cc:150:do_switch$284$rdmux[0][3][5]$b$1274
      New ports: A=$memory$flatten\core_pantalla.\led_mem.\image_1_inst.$auto$proc_rom.cc:150:do_switch$284$rdmux[0][4][11]$a$1315 [0], B=$memory$flatten\core_pantalla.\led_mem.\image_1_inst.$auto$proc_rom.cc:150:do_switch$284$rdmux[0][4][11]$b$1316 [0], Y=$memory$flatten\core_pantalla.\led_mem.\image_1_inst.$auto$proc_rom.cc:150:do_switch$284$rdmux[0][3][5]$b$1274 [0]
      New connections: $memory$flatten\core_pantalla.\led_mem.\image_1_inst.$auto$proc_rom.cc:150:do_switch$284$rdmux[0][3][5]$b$1274 [6:1] = { $memory$flatten\core_pantalla.\led_mem.\image_1_inst.$auto$proc_rom.cc:150:do_switch$284$rdmux[0][3][5]$b$1274 [0] $memory$flatten\core_pantalla.\led_mem.\image_1_inst.$auto$proc_rom.cc:150:do_switch$284$rdmux[0][3][5]$b$1274 [0] $memory$flatten\core_pantalla.\led_mem.\image_1_inst.$auto$proc_rom.cc:150:do_switch$284$rdmux[0][3][5]$b$1274 [0] $memory$flatten\core_pantalla.\led_mem.\image_1_inst.$auto$proc_rom.cc:150:do_switch$284$rdmux[0][3][5]$b$1274 [0] $memory$flatten\core_pantalla.\led_mem.\image_1_inst.$auto$proc_rom.cc:150:do_switch$284$rdmux[0][3][5]$b$1274 [0] $memory$flatten\core_pantalla.\led_mem.\image_1_inst.$auto$proc_rom.cc:150:do_switch$284$rdmux[0][3][5]$b$1274 [0] }
    Consolidated identical input bits for $mux cell $memory$flatten\core_pantalla.\led_mem.\image_1_inst.$auto$proc_rom.cc:150:do_switch$284$rdmux[0][4][10]$1311:
      Old ports: A=$memory$flatten\core_pantalla.\led_mem.\image_1_inst.$auto$proc_rom.cc:150:do_switch$284$rdmux[0][4][10]$a$1312, B=$memory$flatten\core_pantalla.\led_mem.\image_1_inst.$auto$proc_rom.cc:150:do_switch$284$rdmux[0][4][10]$b$1313, Y=$memory$flatten\core_pantalla.\led_mem.\image_1_inst.$auto$proc_rom.cc:150:do_switch$284$rdmux[0][3][5]$a$1273
      New ports: A=$memory$flatten\core_pantalla.\led_mem.\image_1_inst.$auto$proc_rom.cc:150:do_switch$284$rdmux[0][4][10]$a$1312 [0], B=$memory$flatten\core_pantalla.\led_mem.\image_1_inst.$auto$proc_rom.cc:150:do_switch$284$rdmux[0][4][10]$b$1313 [0], Y=$memory$flatten\core_pantalla.\led_mem.\image_1_inst.$auto$proc_rom.cc:150:do_switch$284$rdmux[0][3][5]$a$1273 [0]
      New connections: $memory$flatten\core_pantalla.\led_mem.\image_1_inst.$auto$proc_rom.cc:150:do_switch$284$rdmux[0][3][5]$a$1273 [6:1] = { $memory$flatten\core_pantalla.\led_mem.\image_1_inst.$auto$proc_rom.cc:150:do_switch$284$rdmux[0][3][5]$a$1273 [0] $memory$flatten\core_pantalla.\led_mem.\image_1_inst.$auto$proc_rom.cc:150:do_switch$284$rdmux[0][3][5]$a$1273 [0] $memory$flatten\core_pantalla.\led_mem.\image_1_inst.$auto$proc_rom.cc:150:do_switch$284$rdmux[0][3][5]$a$1273 [0] $memory$flatten\core_pantalla.\led_mem.\image_1_inst.$auto$proc_rom.cc:150:do_switch$284$rdmux[0][3][5]$a$1273 [0] $memory$flatten\core_pantalla.\led_mem.\image_1_inst.$auto$proc_rom.cc:150:do_switch$284$rdmux[0][3][5]$a$1273 [0] $memory$flatten\core_pantalla.\led_mem.\image_1_inst.$auto$proc_rom.cc:150:do_switch$284$rdmux[0][3][5]$a$1273 [0] }
    Consolidated identical input bits for $mux cell $memory$flatten\core_pantalla.\led_mem.\image_1_inst.$auto$proc_rom.cc:150:do_switch$284$rdmux[0][4][9]$1308:
      Old ports: A=$memory$flatten\core_pantalla.\led_mem.\image_1_inst.$auto$proc_rom.cc:150:do_switch$284$rdmux[0][4][9]$a$1309, B=7'0000000, Y=$memory$flatten\core_pantalla.\led_mem.\image_1_inst.$auto$proc_rom.cc:150:do_switch$284$rdmux[0][3][4]$b$1271
      New ports: A=$memory$flatten\core_pantalla.\led_mem.\image_1_inst.$auto$proc_rom.cc:150:do_switch$284$rdmux[0][4][9]$a$1309 [0], B=1'0, Y=$memory$flatten\core_pantalla.\led_mem.\image_1_inst.$auto$proc_rom.cc:150:do_switch$284$rdmux[0][3][4]$b$1271 [0]
      New connections: $memory$flatten\core_pantalla.\led_mem.\image_1_inst.$auto$proc_rom.cc:150:do_switch$284$rdmux[0][3][4]$b$1271 [6:1] = { $memory$flatten\core_pantalla.\led_mem.\image_1_inst.$auto$proc_rom.cc:150:do_switch$284$rdmux[0][3][4]$b$1271 [0] $memory$flatten\core_pantalla.\led_mem.\image_1_inst.$auto$proc_rom.cc:150:do_switch$284$rdmux[0][3][4]$b$1271 [0] $memory$flatten\core_pantalla.\led_mem.\image_1_inst.$auto$proc_rom.cc:150:do_switch$284$rdmux[0][3][4]$b$1271 [0] $memory$flatten\core_pantalla.\led_mem.\image_1_inst.$auto$proc_rom.cc:150:do_switch$284$rdmux[0][3][4]$b$1271 [0] $memory$flatten\core_pantalla.\led_mem.\image_1_inst.$auto$proc_rom.cc:150:do_switch$284$rdmux[0][3][4]$b$1271 [0] $memory$flatten\core_pantalla.\led_mem.\image_1_inst.$auto$proc_rom.cc:150:do_switch$284$rdmux[0][3][4]$b$1271 [0] }
    Consolidated identical input bits for $mux cell $memory$flatten\core_pantalla.\led_mem.\image_1_inst.$auto$proc_rom.cc:150:do_switch$284$rdmux[0][4][8]$1305:
      Old ports: A=7'0000000, B=$memory$flatten\core_pantalla.\led_mem.\image_1_inst.$auto$proc_rom.cc:150:do_switch$284$rdmux[0][4][8]$b$1307, Y=$memory$flatten\core_pantalla.\led_mem.\image_1_inst.$auto$proc_rom.cc:150:do_switch$284$rdmux[0][3][4]$a$1270
      New ports: A=1'0, B=$memory$flatten\core_pantalla.\led_mem.\image_1_inst.$auto$proc_rom.cc:150:do_switch$284$rdmux[0][4][8]$b$1307 [0], Y=$memory$flatten\core_pantalla.\led_mem.\image_1_inst.$auto$proc_rom.cc:150:do_switch$284$rdmux[0][3][4]$a$1270 [0]
      New connections: $memory$flatten\core_pantalla.\led_mem.\image_1_inst.$auto$proc_rom.cc:150:do_switch$284$rdmux[0][3][4]$a$1270 [6:1] = { $memory$flatten\core_pantalla.\led_mem.\image_1_inst.$auto$proc_rom.cc:150:do_switch$284$rdmux[0][3][4]$a$1270 [0] $memory$flatten\core_pantalla.\led_mem.\image_1_inst.$auto$proc_rom.cc:150:do_switch$284$rdmux[0][3][4]$a$1270 [0] $memory$flatten\core_pantalla.\led_mem.\image_1_inst.$auto$proc_rom.cc:150:do_switch$284$rdmux[0][3][4]$a$1270 [0] $memory$flatten\core_pantalla.\led_mem.\image_1_inst.$auto$proc_rom.cc:150:do_switch$284$rdmux[0][3][4]$a$1270 [0] $memory$flatten\core_pantalla.\led_mem.\image_1_inst.$auto$proc_rom.cc:150:do_switch$284$rdmux[0][3][4]$a$1270 [0] $memory$flatten\core_pantalla.\led_mem.\image_1_inst.$auto$proc_rom.cc:150:do_switch$284$rdmux[0][3][4]$a$1270 [0] }
    Consolidated identical input bits for $mux cell $memory$flatten\core_pantalla.\led_mem.\image_1_inst.$auto$proc_rom.cc:150:do_switch$284$rdmux[0][4][5]$1296:
      Old ports: A=7'0000000, B=$memory$flatten\core_pantalla.\led_mem.\image_1_inst.$auto$proc_rom.cc:150:do_switch$284$rdmux[0][4][5]$b$1298, Y=$memory$flatten\core_pantalla.\led_mem.\image_1_inst.$auto$proc_rom.cc:150:do_switch$284$rdmux[0][3][2]$b$1265
      New ports: A=1'0, B=$memory$flatten\core_pantalla.\led_mem.\image_1_inst.$auto$proc_rom.cc:150:do_switch$284$rdmux[0][4][5]$b$1298 [0], Y=$memory$flatten\core_pantalla.\led_mem.\image_1_inst.$auto$proc_rom.cc:150:do_switch$284$rdmux[0][3][2]$b$1265 [0]
      New connections: $memory$flatten\core_pantalla.\led_mem.\image_1_inst.$auto$proc_rom.cc:150:do_switch$284$rdmux[0][3][2]$b$1265 [6:1] = { $memory$flatten\core_pantalla.\led_mem.\image_1_inst.$auto$proc_rom.cc:150:do_switch$284$rdmux[0][3][2]$b$1265 [0] $memory$flatten\core_pantalla.\led_mem.\image_1_inst.$auto$proc_rom.cc:150:do_switch$284$rdmux[0][3][2]$b$1265 [0] $memory$flatten\core_pantalla.\led_mem.\image_1_inst.$auto$proc_rom.cc:150:do_switch$284$rdmux[0][3][2]$b$1265 [0] $memory$flatten\core_pantalla.\led_mem.\image_1_inst.$auto$proc_rom.cc:150:do_switch$284$rdmux[0][3][2]$b$1265 [0] $memory$flatten\core_pantalla.\led_mem.\image_1_inst.$auto$proc_rom.cc:150:do_switch$284$rdmux[0][3][2]$b$1265 [0] $memory$flatten\core_pantalla.\led_mem.\image_1_inst.$auto$proc_rom.cc:150:do_switch$284$rdmux[0][3][2]$b$1265 [0] }
    Consolidated identical input bits for $mux cell $memory$flatten\core_pantalla.\led_mem.\image_1_inst.$auto$proc_rom.cc:150:do_switch$284$rdmux[0][4][4]$1293:
      Old ports: A=$memory$flatten\core_pantalla.\led_mem.\image_1_inst.$auto$proc_rom.cc:150:do_switch$284$rdmux[0][4][4]$a$1294, B=7'0000000, Y=$memory$flatten\core_pantalla.\led_mem.\image_1_inst.$auto$proc_rom.cc:150:do_switch$284$rdmux[0][3][2]$a$1264
      New ports: A=$memory$flatten\core_pantalla.\led_mem.\image_1_inst.$auto$proc_rom.cc:150:do_switch$284$rdmux[0][4][4]$a$1294 [0], B=1'0, Y=$memory$flatten\core_pantalla.\led_mem.\image_1_inst.$auto$proc_rom.cc:150:do_switch$284$rdmux[0][3][2]$a$1264 [0]
      New connections: $memory$flatten\core_pantalla.\led_mem.\image_1_inst.$auto$proc_rom.cc:150:do_switch$284$rdmux[0][3][2]$a$1264 [6:1] = { $memory$flatten\core_pantalla.\led_mem.\image_1_inst.$auto$proc_rom.cc:150:do_switch$284$rdmux[0][3][2]$a$1264 [0] $memory$flatten\core_pantalla.\led_mem.\image_1_inst.$auto$proc_rom.cc:150:do_switch$284$rdmux[0][3][2]$a$1264 [0] $memory$flatten\core_pantalla.\led_mem.\image_1_inst.$auto$proc_rom.cc:150:do_switch$284$rdmux[0][3][2]$a$1264 [0] $memory$flatten\core_pantalla.\led_mem.\image_1_inst.$auto$proc_rom.cc:150:do_switch$284$rdmux[0][3][2]$a$1264 [0] $memory$flatten\core_pantalla.\led_mem.\image_1_inst.$auto$proc_rom.cc:150:do_switch$284$rdmux[0][3][2]$a$1264 [0] $memory$flatten\core_pantalla.\led_mem.\image_1_inst.$auto$proc_rom.cc:150:do_switch$284$rdmux[0][3][2]$a$1264 [0] }
    Consolidated identical input bits for $mux cell $memory$flatten\core_pantalla.\led_mem.\image_1_inst.$auto$proc_rom.cc:150:do_switch$284$rdmux[0][3][1]$1260:
      Old ports: A=$memory$flatten\core_pantalla.\led_mem.\image_1_inst.$auto$proc_rom.cc:150:do_switch$284$rdmux[0][3][1]$a$1261, B=$memory$flatten\core_pantalla.\led_mem.\image_1_inst.$auto$proc_rom.cc:150:do_switch$284$rdmux[0][3][1]$b$1262, Y=$memory$flatten\core_pantalla.\led_mem.\image_1_inst.$auto$proc_rom.cc:150:do_switch$284$rdmux[0][2][0]$b$1247
      New ports: A=$memory$flatten\core_pantalla.\led_mem.\image_1_inst.$auto$proc_rom.cc:150:do_switch$284$rdmux[0][3][1]$a$1261 [0], B=$memory$flatten\core_pantalla.\led_mem.\image_1_inst.$auto$proc_rom.cc:150:do_switch$284$rdmux[0][3][1]$b$1262 [0], Y=$memory$flatten\core_pantalla.\led_mem.\image_1_inst.$auto$proc_rom.cc:150:do_switch$284$rdmux[0][2][0]$b$1247 [0]
      New connections: $memory$flatten\core_pantalla.\led_mem.\image_1_inst.$auto$proc_rom.cc:150:do_switch$284$rdmux[0][2][0]$b$1247 [6:1] = { $memory$flatten\core_pantalla.\led_mem.\image_1_inst.$auto$proc_rom.cc:150:do_switch$284$rdmux[0][2][0]$b$1247 [0] $memory$flatten\core_pantalla.\led_mem.\image_1_inst.$auto$proc_rom.cc:150:do_switch$284$rdmux[0][2][0]$b$1247 [0] $memory$flatten\core_pantalla.\led_mem.\image_1_inst.$auto$proc_rom.cc:150:do_switch$284$rdmux[0][2][0]$b$1247 [0] $memory$flatten\core_pantalla.\led_mem.\image_1_inst.$auto$proc_rom.cc:150:do_switch$284$rdmux[0][2][0]$b$1247 [0] $memory$flatten\core_pantalla.\led_mem.\image_1_inst.$auto$proc_rom.cc:150:do_switch$284$rdmux[0][2][0]$b$1247 [0] $memory$flatten\core_pantalla.\led_mem.\image_1_inst.$auto$proc_rom.cc:150:do_switch$284$rdmux[0][2][0]$b$1247 [0] }
    Consolidated identical input bits for $pmux cell $flatten\core_pantalla.\led_mem.$procmux$687:
      Old ports: A=24'000000000000000000000000, B={ \core_pantalla.led_mem.RGB_IMG_0 \core_pantalla.led_mem.RGB_IMG_1 \core_pantalla.led_mem.RGB_IMG_2 \core_pantalla.led_mem.RGB_IMG_3 }, Y=\core_pantalla.ws2812_led_inst.lsr_rgb0.RGB
      New ports: A=14'00000000000000, B={ \core_pantalla.led_mem.RGB_IMG_0 [0] \core_pantalla.led_mem.RGB_IMG_0 [0] \core_pantalla.led_mem.RGB_IMG_0 [0] \core_pantalla.led_mem.RGB_IMG_0 [0] \core_pantalla.led_mem.RGB_IMG_0 [0] 8'00000000 \core_pantalla.led_mem.RGB_IMG_0 [0] \core_pantalla.led_mem.RGB_IMG_1 [23:22] \core_pantalla.led_mem.RGB_IMG_1 [18:16] 1'0 \core_pantalla.led_mem.RGB_IMG_1 [14] 1'0 \core_pantalla.led_mem.RGB_IMG_1 [12] 5'00000 \core_pantalla.led_mem.RGB_IMG_2 [23] 4'0000 \core_pantalla.led_mem.RGB_IMG_2 [15:8] 6'000000 \core_pantalla.led_mem.RGB_IMG_3 [15:8] 1'0 }, Y={ \core_pantalla.ws2812_led_inst.lsr_rgb0.RGB [23:22] \core_pantalla.ws2812_led_inst.lsr_rgb0.RGB [18:8] \core_pantalla.ws2812_led_inst.lsr_rgb0.RGB [0] }
      New connections: { \core_pantalla.ws2812_led_inst.lsr_rgb0.RGB [21:19] \core_pantalla.ws2812_led_inst.lsr_rgb0.RGB [7:1] } = { \core_pantalla.ws2812_led_inst.lsr_rgb0.RGB [0] \core_pantalla.ws2812_led_inst.lsr_rgb0.RGB [0] \core_pantalla.ws2812_led_inst.lsr_rgb0.RGB [0] \core_pantalla.ws2812_led_inst.lsr_rgb0.RGB [0] \core_pantalla.ws2812_led_inst.lsr_rgb0.RGB [0] \core_pantalla.ws2812_led_inst.lsr_rgb0.RGB [0] \core_pantalla.ws2812_led_inst.lsr_rgb0.RGB [0] \core_pantalla.ws2812_led_inst.lsr_rgb0.RGB [0] \core_pantalla.ws2812_led_inst.lsr_rgb0.RGB [0] \core_pantalla.ws2812_led_inst.lsr_rgb0.RGB [0] }
    Consolidated identical input bits for $mux cell $memory$flatten\core_pantalla.\led_mem.\image_3_inst.$auto$proc_rom.cc:150:do_switch$292$rdmux[0][4][0]$1659:
      Old ports: A=$memory$flatten\core_pantalla.\led_mem.\image_3_inst.$auto$proc_rom.cc:150:do_switch$292$rdmux[0][4][0]$a$1660, B=8'00000000, Y=$memory$flatten\core_pantalla.\led_mem.\image_3_inst.$auto$proc_rom.cc:150:do_switch$292$rdmux[0][3][0]$a$1636
      New ports: A=$memory$flatten\core_pantalla.\led_mem.\image_3_inst.$auto$proc_rom.cc:150:do_switch$292$rdmux[0][4][0]$a$1660 [0], B=1'0, Y=$memory$flatten\core_pantalla.\led_mem.\image_3_inst.$auto$proc_rom.cc:150:do_switch$292$rdmux[0][3][0]$a$1636 [0]
      New connections: $memory$flatten\core_pantalla.\led_mem.\image_3_inst.$auto$proc_rom.cc:150:do_switch$292$rdmux[0][3][0]$a$1636 [7:1] = { $memory$flatten\core_pantalla.\led_mem.\image_3_inst.$auto$proc_rom.cc:150:do_switch$292$rdmux[0][3][0]$a$1636 [0] $memory$flatten\core_pantalla.\led_mem.\image_3_inst.$auto$proc_rom.cc:150:do_switch$292$rdmux[0][3][0]$a$1636 [0] $memory$flatten\core_pantalla.\led_mem.\image_3_inst.$auto$proc_rom.cc:150:do_switch$292$rdmux[0][3][0]$a$1636 [0] $memory$flatten\core_pantalla.\led_mem.\image_3_inst.$auto$proc_rom.cc:150:do_switch$292$rdmux[0][3][0]$a$1636 [0] $memory$flatten\core_pantalla.\led_mem.\image_3_inst.$auto$proc_rom.cc:150:do_switch$292$rdmux[0][3][0]$a$1636 [0] $memory$flatten\core_pantalla.\led_mem.\image_3_inst.$auto$proc_rom.cc:150:do_switch$292$rdmux[0][3][0]$a$1636 [0] $memory$flatten\core_pantalla.\led_mem.\image_3_inst.$auto$proc_rom.cc:150:do_switch$292$rdmux[0][3][0]$a$1636 [0] }
  Optimizing cells in module \Pantalla.
    Consolidated identical input bits for $mux cell $memory$flatten\core_pantalla.\led_mem.\image_2_inst.$auto$proc_rom.cc:150:do_switch$288$rdmux[0][3][6]$1464:
      Old ports: A=$memory$flatten\core_pantalla.\led_mem.\image_2_inst.$auto$proc_rom.cc:150:do_switch$288$rdmux[0][3][6]$a$1465, B=$memory$flatten\core_pantalla.\led_mem.\image_2_inst.$auto$proc_rom.cc:150:do_switch$288$rdmux[0][3][6]$b$1466, Y=$memory$flatten\core_pantalla.\led_mem.\image_2_inst.$auto$proc_rom.cc:150:do_switch$288$rdmux[0][2][3]$a$1444
      New ports: A=$memory$flatten\core_pantalla.\led_mem.\image_2_inst.$auto$proc_rom.cc:150:do_switch$288$rdmux[0][3][6]$a$1465 [0], B=$memory$flatten\core_pantalla.\led_mem.\image_2_inst.$auto$proc_rom.cc:150:do_switch$288$rdmux[0][3][6]$b$1466 [0], Y=$memory$flatten\core_pantalla.\led_mem.\image_2_inst.$auto$proc_rom.cc:150:do_switch$288$rdmux[0][2][3]$a$1444 [0]
      New connections: $memory$flatten\core_pantalla.\led_mem.\image_2_inst.$auto$proc_rom.cc:150:do_switch$288$rdmux[0][2][3]$a$1444 [8:1] = { $memory$flatten\core_pantalla.\led_mem.\image_2_inst.$auto$proc_rom.cc:150:do_switch$288$rdmux[0][2][3]$a$1444 [0] $memory$flatten\core_pantalla.\led_mem.\image_2_inst.$auto$proc_rom.cc:150:do_switch$288$rdmux[0][2][3]$a$1444 [0] $memory$flatten\core_pantalla.\led_mem.\image_2_inst.$auto$proc_rom.cc:150:do_switch$288$rdmux[0][2][3]$a$1444 [0] $memory$flatten\core_pantalla.\led_mem.\image_2_inst.$auto$proc_rom.cc:150:do_switch$288$rdmux[0][2][3]$a$1444 [0] $memory$flatten\core_pantalla.\led_mem.\image_2_inst.$auto$proc_rom.cc:150:do_switch$288$rdmux[0][2][3]$a$1444 [0] $memory$flatten\core_pantalla.\led_mem.\image_2_inst.$auto$proc_rom.cc:150:do_switch$288$rdmux[0][2][3]$a$1444 [0] $memory$flatten\core_pantalla.\led_mem.\image_2_inst.$auto$proc_rom.cc:150:do_switch$288$rdmux[0][2][3]$a$1444 [0] $memory$flatten\core_pantalla.\led_mem.\image_2_inst.$auto$proc_rom.cc:150:do_switch$288$rdmux[0][2][3]$a$1444 [0] }
    Consolidated identical input bits for $mux cell $memory$flatten\core_pantalla.\led_mem.\image_2_inst.$auto$proc_rom.cc:150:do_switch$288$rdmux[0][3][5]$1461:
      Old ports: A=$memory$flatten\core_pantalla.\led_mem.\image_2_inst.$auto$proc_rom.cc:150:do_switch$288$rdmux[0][3][5]$a$1462, B=$memory$flatten\core_pantalla.\led_mem.\image_2_inst.$auto$proc_rom.cc:150:do_switch$288$rdmux[0][3][5]$b$1463, Y=$memory$flatten\core_pantalla.\led_mem.\image_2_inst.$auto$proc_rom.cc:150:do_switch$288$rdmux[0][2][2]$b$1442
      New ports: A=$memory$flatten\core_pantalla.\led_mem.\image_2_inst.$auto$proc_rom.cc:150:do_switch$288$rdmux[0][3][5]$a$1462 [0], B=$memory$flatten\core_pantalla.\led_mem.\image_2_inst.$auto$proc_rom.cc:150:do_switch$288$rdmux[0][3][5]$b$1463 [0], Y=$memory$flatten\core_pantalla.\led_mem.\image_2_inst.$auto$proc_rom.cc:150:do_switch$288$rdmux[0][2][2]$b$1442 [0]
      New connections: $memory$flatten\core_pantalla.\led_mem.\image_2_inst.$auto$proc_rom.cc:150:do_switch$288$rdmux[0][2][2]$b$1442 [8:1] = { $memory$flatten\core_pantalla.\led_mem.\image_2_inst.$auto$proc_rom.cc:150:do_switch$288$rdmux[0][2][2]$b$1442 [0] $memory$flatten\core_pantalla.\led_mem.\image_2_inst.$auto$proc_rom.cc:150:do_switch$288$rdmux[0][2][2]$b$1442 [0] $memory$flatten\core_pantalla.\led_mem.\image_2_inst.$auto$proc_rom.cc:150:do_switch$288$rdmux[0][2][2]$b$1442 [0] $memory$flatten\core_pantalla.\led_mem.\image_2_inst.$auto$proc_rom.cc:150:do_switch$288$rdmux[0][2][2]$b$1442 [0] $memory$flatten\core_pantalla.\led_mem.\image_2_inst.$auto$proc_rom.cc:150:do_switch$288$rdmux[0][2][2]$b$1442 [0] $memory$flatten\core_pantalla.\led_mem.\image_2_inst.$auto$proc_rom.cc:150:do_switch$288$rdmux[0][2][2]$b$1442 [0] $memory$flatten\core_pantalla.\led_mem.\image_2_inst.$auto$proc_rom.cc:150:do_switch$288$rdmux[0][2][2]$b$1442 [0] $memory$flatten\core_pantalla.\led_mem.\image_2_inst.$auto$proc_rom.cc:150:do_switch$288$rdmux[0][2][2]$b$1442 [0] }
    Consolidated identical input bits for $mux cell $memory$flatten\core_pantalla.\led_mem.\image_2_inst.$auto$proc_rom.cc:150:do_switch$288$rdmux[0][3][4]$1458:
      Old ports: A=$memory$flatten\core_pantalla.\led_mem.\image_2_inst.$auto$proc_rom.cc:150:do_switch$288$rdmux[0][3][4]$a$1459, B=$memory$flatten\core_pantalla.\led_mem.\image_2_inst.$auto$proc_rom.cc:150:do_switch$288$rdmux[0][3][4]$b$1460, Y=$memory$flatten\core_pantalla.\led_mem.\image_2_inst.$auto$proc_rom.cc:150:do_switch$288$rdmux[0][2][2]$a$1441
      New ports: A=$memory$flatten\core_pantalla.\led_mem.\image_2_inst.$auto$proc_rom.cc:150:do_switch$288$rdmux[0][3][4]$a$1459 [0], B=$memory$flatten\core_pantalla.\led_mem.\image_2_inst.$auto$proc_rom.cc:150:do_switch$288$rdmux[0][3][4]$b$1460 [0], Y=$memory$flatten\core_pantalla.\led_mem.\image_2_inst.$auto$proc_rom.cc:150:do_switch$288$rdmux[0][2][2]$a$1441 [0]
      New connections: $memory$flatten\core_pantalla.\led_mem.\image_2_inst.$auto$proc_rom.cc:150:do_switch$288$rdmux[0][2][2]$a$1441 [8:1] = { $memory$flatten\core_pantalla.\led_mem.\image_2_inst.$auto$proc_rom.cc:150:do_switch$288$rdmux[0][2][2]$a$1441 [0] $memory$flatten\core_pantalla.\led_mem.\image_2_inst.$auto$proc_rom.cc:150:do_switch$288$rdmux[0][2][2]$a$1441 [0] $memory$flatten\core_pantalla.\led_mem.\image_2_inst.$auto$proc_rom.cc:150:do_switch$288$rdmux[0][2][2]$a$1441 [0] $memory$flatten\core_pantalla.\led_mem.\image_2_inst.$auto$proc_rom.cc:150:do_switch$288$rdmux[0][2][2]$a$1441 [0] $memory$flatten\core_pantalla.\led_mem.\image_2_inst.$auto$proc_rom.cc:150:do_switch$288$rdmux[0][2][2]$a$1441 [0] $memory$flatten\core_pantalla.\led_mem.\image_2_inst.$auto$proc_rom.cc:150:do_switch$288$rdmux[0][2][2]$a$1441 [0] $memory$flatten\core_pantalla.\led_mem.\image_2_inst.$auto$proc_rom.cc:150:do_switch$288$rdmux[0][2][2]$a$1441 [0] $memory$flatten\core_pantalla.\led_mem.\image_2_inst.$auto$proc_rom.cc:150:do_switch$288$rdmux[0][2][2]$a$1441 [0] }
    Consolidated identical input bits for $mux cell $memory$flatten\core_pantalla.\led_mem.\image_2_inst.$auto$proc_rom.cc:150:do_switch$288$rdmux[0][3][1]$1449:
      Old ports: A=$memory$flatten\core_pantalla.\led_mem.\image_2_inst.$auto$proc_rom.cc:150:do_switch$288$rdmux[0][3][1]$a$1450, B=$memory$flatten\core_pantalla.\led_mem.\image_2_inst.$auto$proc_rom.cc:150:do_switch$288$rdmux[0][3][1]$b$1451, Y=$memory$flatten\core_pantalla.\led_mem.\image_2_inst.$auto$proc_rom.cc:150:do_switch$288$rdmux[0][2][0]$b$1436
      New ports: A=$memory$flatten\core_pantalla.\led_mem.\image_2_inst.$auto$proc_rom.cc:150:do_switch$288$rdmux[0][3][1]$a$1450 [0], B=$memory$flatten\core_pantalla.\led_mem.\image_2_inst.$auto$proc_rom.cc:150:do_switch$288$rdmux[0][3][1]$b$1451 [0], Y=$memory$flatten\core_pantalla.\led_mem.\image_2_inst.$auto$proc_rom.cc:150:do_switch$288$rdmux[0][2][0]$b$1436 [0]
      New connections: $memory$flatten\core_pantalla.\led_mem.\image_2_inst.$auto$proc_rom.cc:150:do_switch$288$rdmux[0][2][0]$b$1436 [8:1] = { $memory$flatten\core_pantalla.\led_mem.\image_2_inst.$auto$proc_rom.cc:150:do_switch$288$rdmux[0][2][0]$b$1436 [0] $memory$flatten\core_pantalla.\led_mem.\image_2_inst.$auto$proc_rom.cc:150:do_switch$288$rdmux[0][2][0]$b$1436 [0] $memory$flatten\core_pantalla.\led_mem.\image_2_inst.$auto$proc_rom.cc:150:do_switch$288$rdmux[0][2][0]$b$1436 [0] $memory$flatten\core_pantalla.\led_mem.\image_2_inst.$auto$proc_rom.cc:150:do_switch$288$rdmux[0][2][0]$b$1436 [0] $memory$flatten\core_pantalla.\led_mem.\image_2_inst.$auto$proc_rom.cc:150:do_switch$288$rdmux[0][2][0]$b$1436 [0] $memory$flatten\core_pantalla.\led_mem.\image_2_inst.$auto$proc_rom.cc:150:do_switch$288$rdmux[0][2][0]$b$1436 [0] $memory$flatten\core_pantalla.\led_mem.\image_2_inst.$auto$proc_rom.cc:150:do_switch$288$rdmux[0][2][0]$b$1436 [0] $memory$flatten\core_pantalla.\led_mem.\image_2_inst.$auto$proc_rom.cc:150:do_switch$288$rdmux[0][2][0]$b$1436 [0] }
    Consolidated identical input bits for $mux cell $memory$flatten\core_pantalla.\led_mem.\image_3_inst.$auto$proc_rom.cc:150:do_switch$292$rdmux[0][3][6]$1653:
      Old ports: A=$memory$flatten\core_pantalla.\led_mem.\image_3_inst.$auto$proc_rom.cc:150:do_switch$292$rdmux[0][3][6]$a$1654, B=$memory$flatten\core_pantalla.\led_mem.\image_3_inst.$auto$proc_rom.cc:150:do_switch$292$rdmux[0][3][6]$b$1655, Y=$memory$flatten\core_pantalla.\led_mem.\image_3_inst.$auto$proc_rom.cc:150:do_switch$292$rdmux[0][2][3]$a$1633
      New ports: A=$memory$flatten\core_pantalla.\led_mem.\image_3_inst.$auto$proc_rom.cc:150:do_switch$292$rdmux[0][3][6]$a$1654 [0], B=$memory$flatten\core_pantalla.\led_mem.\image_3_inst.$auto$proc_rom.cc:150:do_switch$292$rdmux[0][3][6]$b$1655 [0], Y=$memory$flatten\core_pantalla.\led_mem.\image_3_inst.$auto$proc_rom.cc:150:do_switch$292$rdmux[0][2][3]$a$1633 [0]
      New connections: $memory$flatten\core_pantalla.\led_mem.\image_3_inst.$auto$proc_rom.cc:150:do_switch$292$rdmux[0][2][3]$a$1633 [7:1] = { $memory$flatten\core_pantalla.\led_mem.\image_3_inst.$auto$proc_rom.cc:150:do_switch$292$rdmux[0][2][3]$a$1633 [0] $memory$flatten\core_pantalla.\led_mem.\image_3_inst.$auto$proc_rom.cc:150:do_switch$292$rdmux[0][2][3]$a$1633 [0] $memory$flatten\core_pantalla.\led_mem.\image_3_inst.$auto$proc_rom.cc:150:do_switch$292$rdmux[0][2][3]$a$1633 [0] $memory$flatten\core_pantalla.\led_mem.\image_3_inst.$auto$proc_rom.cc:150:do_switch$292$rdmux[0][2][3]$a$1633 [0] $memory$flatten\core_pantalla.\led_mem.\image_3_inst.$auto$proc_rom.cc:150:do_switch$292$rdmux[0][2][3]$a$1633 [0] $memory$flatten\core_pantalla.\led_mem.\image_3_inst.$auto$proc_rom.cc:150:do_switch$292$rdmux[0][2][3]$a$1633 [0] $memory$flatten\core_pantalla.\led_mem.\image_3_inst.$auto$proc_rom.cc:150:do_switch$292$rdmux[0][2][3]$a$1633 [0] }
    Consolidated identical input bits for $mux cell $memory$flatten\core_pantalla.\led_mem.\image_3_inst.$auto$proc_rom.cc:150:do_switch$292$rdmux[0][3][0]$1635:
      Old ports: A=$memory$flatten\core_pantalla.\led_mem.\image_3_inst.$auto$proc_rom.cc:150:do_switch$292$rdmux[0][3][0]$a$1636, B=$memory$flatten\core_pantalla.\led_mem.\image_3_inst.$auto$proc_rom.cc:150:do_switch$292$rdmux[0][3][0]$b$1637, Y=$memory$flatten\core_pantalla.\led_mem.\image_3_inst.$auto$proc_rom.cc:150:do_switch$292$rdmux[0][2][0]$a$1624
      New ports: A=$memory$flatten\core_pantalla.\led_mem.\image_3_inst.$auto$proc_rom.cc:150:do_switch$292$rdmux[0][3][0]$a$1636 [0], B=$memory$flatten\core_pantalla.\led_mem.\image_3_inst.$auto$proc_rom.cc:150:do_switch$292$rdmux[0][3][0]$b$1637 [0], Y=$memory$flatten\core_pantalla.\led_mem.\image_3_inst.$auto$proc_rom.cc:150:do_switch$292$rdmux[0][2][0]$a$1624 [0]
      New connections: $memory$flatten\core_pantalla.\led_mem.\image_3_inst.$auto$proc_rom.cc:150:do_switch$292$rdmux[0][2][0]$a$1624 [7:1] = { $memory$flatten\core_pantalla.\led_mem.\image_3_inst.$auto$proc_rom.cc:150:do_switch$292$rdmux[0][2][0]$a$1624 [0] $memory$flatten\core_pantalla.\led_mem.\image_3_inst.$auto$proc_rom.cc:150:do_switch$292$rdmux[0][2][0]$a$1624 [0] $memory$flatten\core_pantalla.\led_mem.\image_3_inst.$auto$proc_rom.cc:150:do_switch$292$rdmux[0][2][0]$a$1624 [0] $memory$flatten\core_pantalla.\led_mem.\image_3_inst.$auto$proc_rom.cc:150:do_switch$292$rdmux[0][2][0]$a$1624 [0] $memory$flatten\core_pantalla.\led_mem.\image_3_inst.$auto$proc_rom.cc:150:do_switch$292$rdmux[0][2][0]$a$1624 [0] $memory$flatten\core_pantalla.\led_mem.\image_3_inst.$auto$proc_rom.cc:150:do_switch$292$rdmux[0][2][0]$a$1624 [0] $memory$flatten\core_pantalla.\led_mem.\image_3_inst.$auto$proc_rom.cc:150:do_switch$292$rdmux[0][2][0]$a$1624 [0] }
    Consolidated identical input bits for $mux cell $memory$flatten\core_pantalla.\led_mem.\image_3_inst.$auto$proc_rom.cc:150:do_switch$292$rdmux[0][3][5]$1650:
      Old ports: A=$memory$flatten\core_pantalla.\led_mem.\image_3_inst.$auto$proc_rom.cc:150:do_switch$292$rdmux[0][3][5]$a$1651, B=$memory$flatten\core_pantalla.\led_mem.\image_3_inst.$auto$proc_rom.cc:150:do_switch$292$rdmux[0][3][5]$b$1652, Y=$memory$flatten\core_pantalla.\led_mem.\image_3_inst.$auto$proc_rom.cc:150:do_switch$292$rdmux[0][2][2]$b$1631
      New ports: A=$memory$flatten\core_pantalla.\led_mem.\image_3_inst.$auto$proc_rom.cc:150:do_switch$292$rdmux[0][3][5]$a$1651 [0], B=$memory$flatten\core_pantalla.\led_mem.\image_3_inst.$auto$proc_rom.cc:150:do_switch$292$rdmux[0][3][5]$b$1652 [0], Y=$memory$flatten\core_pantalla.\led_mem.\image_3_inst.$auto$proc_rom.cc:150:do_switch$292$rdmux[0][2][2]$b$1631 [0]
      New connections: $memory$flatten\core_pantalla.\led_mem.\image_3_inst.$auto$proc_rom.cc:150:do_switch$292$rdmux[0][2][2]$b$1631 [7:1] = { $memory$flatten\core_pantalla.\led_mem.\image_3_inst.$auto$proc_rom.cc:150:do_switch$292$rdmux[0][2][2]$b$1631 [0] $memory$flatten\core_pantalla.\led_mem.\image_3_inst.$auto$proc_rom.cc:150:do_switch$292$rdmux[0][2][2]$b$1631 [0] $memory$flatten\core_pantalla.\led_mem.\image_3_inst.$auto$proc_rom.cc:150:do_switch$292$rdmux[0][2][2]$b$1631 [0] $memory$flatten\core_pantalla.\led_mem.\image_3_inst.$auto$proc_rom.cc:150:do_switch$292$rdmux[0][2][2]$b$1631 [0] $memory$flatten\core_pantalla.\led_mem.\image_3_inst.$auto$proc_rom.cc:150:do_switch$292$rdmux[0][2][2]$b$1631 [0] $memory$flatten\core_pantalla.\led_mem.\image_3_inst.$auto$proc_rom.cc:150:do_switch$292$rdmux[0][2][2]$b$1631 [0] $memory$flatten\core_pantalla.\led_mem.\image_3_inst.$auto$proc_rom.cc:150:do_switch$292$rdmux[0][2][2]$b$1631 [0] }
    Consolidated identical input bits for $mux cell $memory$flatten\core_pantalla.\led_mem.\image_3_inst.$auto$proc_rom.cc:150:do_switch$292$rdmux[0][3][4]$1647:
      Old ports: A=$memory$flatten\core_pantalla.\led_mem.\image_3_inst.$auto$proc_rom.cc:150:do_switch$292$rdmux[0][3][4]$a$1648, B=$memory$flatten\core_pantalla.\led_mem.\image_3_inst.$auto$proc_rom.cc:150:do_switch$292$rdmux[0][3][4]$b$1649, Y=$memory$flatten\core_pantalla.\led_mem.\image_3_inst.$auto$proc_rom.cc:150:do_switch$292$rdmux[0][2][2]$a$1630
      New ports: A=$memory$flatten\core_pantalla.\led_mem.\image_3_inst.$auto$proc_rom.cc:150:do_switch$292$rdmux[0][3][4]$a$1648 [0], B=$memory$flatten\core_pantalla.\led_mem.\image_3_inst.$auto$proc_rom.cc:150:do_switch$292$rdmux[0][3][4]$b$1649 [0], Y=$memory$flatten\core_pantalla.\led_mem.\image_3_inst.$auto$proc_rom.cc:150:do_switch$292$rdmux[0][2][2]$a$1630 [0]
      New connections: $memory$flatten\core_pantalla.\led_mem.\image_3_inst.$auto$proc_rom.cc:150:do_switch$292$rdmux[0][2][2]$a$1630 [7:1] = { $memory$flatten\core_pantalla.\led_mem.\image_3_inst.$auto$proc_rom.cc:150:do_switch$292$rdmux[0][2][2]$a$1630 [0] $memory$flatten\core_pantalla.\led_mem.\image_3_inst.$auto$proc_rom.cc:150:do_switch$292$rdmux[0][2][2]$a$1630 [0] $memory$flatten\core_pantalla.\led_mem.\image_3_inst.$auto$proc_rom.cc:150:do_switch$292$rdmux[0][2][2]$a$1630 [0] $memory$flatten\core_pantalla.\led_mem.\image_3_inst.$auto$proc_rom.cc:150:do_switch$292$rdmux[0][2][2]$a$1630 [0] $memory$flatten\core_pantalla.\led_mem.\image_3_inst.$auto$proc_rom.cc:150:do_switch$292$rdmux[0][2][2]$a$1630 [0] $memory$flatten\core_pantalla.\led_mem.\image_3_inst.$auto$proc_rom.cc:150:do_switch$292$rdmux[0][2][2]$a$1630 [0] $memory$flatten\core_pantalla.\led_mem.\image_3_inst.$auto$proc_rom.cc:150:do_switch$292$rdmux[0][2][2]$a$1630 [0] }
    Consolidated identical input bits for $mux cell $memory$flatten\core_pantalla.\led_mem.\image_1_inst.$auto$proc_rom.cc:150:do_switch$284$rdmux[0][3][6]$1275:
      Old ports: A=$memory$flatten\core_pantalla.\led_mem.\image_1_inst.$auto$proc_rom.cc:150:do_switch$284$rdmux[0][3][6]$a$1276, B=$memory$flatten\core_pantalla.\led_mem.\image_1_inst.$auto$proc_rom.cc:150:do_switch$284$rdmux[0][3][6]$b$1277, Y=$memory$flatten\core_pantalla.\led_mem.\image_1_inst.$auto$proc_rom.cc:150:do_switch$284$rdmux[0][2][3]$a$1255
      New ports: A=$memory$flatten\core_pantalla.\led_mem.\image_1_inst.$auto$proc_rom.cc:150:do_switch$284$rdmux[0][3][6]$a$1276 [0], B=$memory$flatten\core_pantalla.\led_mem.\image_1_inst.$auto$proc_rom.cc:150:do_switch$284$rdmux[0][3][6]$b$1277 [0], Y=$memory$flatten\core_pantalla.\led_mem.\image_1_inst.$auto$proc_rom.cc:150:do_switch$284$rdmux[0][2][3]$a$1255 [0]
      New connections: $memory$flatten\core_pantalla.\led_mem.\image_1_inst.$auto$proc_rom.cc:150:do_switch$284$rdmux[0][2][3]$a$1255 [6:1] = { $memory$flatten\core_pantalla.\led_mem.\image_1_inst.$auto$proc_rom.cc:150:do_switch$284$rdmux[0][2][3]$a$1255 [0] $memory$flatten\core_pantalla.\led_mem.\image_1_inst.$auto$proc_rom.cc:150:do_switch$284$rdmux[0][2][3]$a$1255 [0] $memory$flatten\core_pantalla.\led_mem.\image_1_inst.$auto$proc_rom.cc:150:do_switch$284$rdmux[0][2][3]$a$1255 [0] $memory$flatten\core_pantalla.\led_mem.\image_1_inst.$auto$proc_rom.cc:150:do_switch$284$rdmux[0][2][3]$a$1255 [0] $memory$flatten\core_pantalla.\led_mem.\image_1_inst.$auto$proc_rom.cc:150:do_switch$284$rdmux[0][2][3]$a$1255 [0] $memory$flatten\core_pantalla.\led_mem.\image_1_inst.$auto$proc_rom.cc:150:do_switch$284$rdmux[0][2][3]$a$1255 [0] }
    Consolidated identical input bits for $mux cell $memory$flatten\core_pantalla.\led_mem.\image_1_inst.$auto$proc_rom.cc:150:do_switch$284$rdmux[0][3][5]$1272:
      Old ports: A=$memory$flatten\core_pantalla.\led_mem.\image_1_inst.$auto$proc_rom.cc:150:do_switch$284$rdmux[0][3][5]$a$1273, B=$memory$flatten\core_pantalla.\led_mem.\image_1_inst.$auto$proc_rom.cc:150:do_switch$284$rdmux[0][3][5]$b$1274, Y=$memory$flatten\core_pantalla.\led_mem.\image_1_inst.$auto$proc_rom.cc:150:do_switch$284$rdmux[0][2][2]$b$1253
      New ports: A=$memory$flatten\core_pantalla.\led_mem.\image_1_inst.$auto$proc_rom.cc:150:do_switch$284$rdmux[0][3][5]$a$1273 [0], B=$memory$flatten\core_pantalla.\led_mem.\image_1_inst.$auto$proc_rom.cc:150:do_switch$284$rdmux[0][3][5]$b$1274 [0], Y=$memory$flatten\core_pantalla.\led_mem.\image_1_inst.$auto$proc_rom.cc:150:do_switch$284$rdmux[0][2][2]$b$1253 [0]
      New connections: $memory$flatten\core_pantalla.\led_mem.\image_1_inst.$auto$proc_rom.cc:150:do_switch$284$rdmux[0][2][2]$b$1253 [6:1] = { $memory$flatten\core_pantalla.\led_mem.\image_1_inst.$auto$proc_rom.cc:150:do_switch$284$rdmux[0][2][2]$b$1253 [0] $memory$flatten\core_pantalla.\led_mem.\image_1_inst.$auto$proc_rom.cc:150:do_switch$284$rdmux[0][2][2]$b$1253 [0] $memory$flatten\core_pantalla.\led_mem.\image_1_inst.$auto$proc_rom.cc:150:do_switch$284$rdmux[0][2][2]$b$1253 [0] $memory$flatten\core_pantalla.\led_mem.\image_1_inst.$auto$proc_rom.cc:150:do_switch$284$rdmux[0][2][2]$b$1253 [0] $memory$flatten\core_pantalla.\led_mem.\image_1_inst.$auto$proc_rom.cc:150:do_switch$284$rdmux[0][2][2]$b$1253 [0] $memory$flatten\core_pantalla.\led_mem.\image_1_inst.$auto$proc_rom.cc:150:do_switch$284$rdmux[0][2][2]$b$1253 [0] }
    Consolidated identical input bits for $mux cell $memory$flatten\core_pantalla.\led_mem.\image_1_inst.$auto$proc_rom.cc:150:do_switch$284$rdmux[0][3][4]$1269:
      Old ports: A=$memory$flatten\core_pantalla.\led_mem.\image_1_inst.$auto$proc_rom.cc:150:do_switch$284$rdmux[0][3][4]$a$1270, B=$memory$flatten\core_pantalla.\led_mem.\image_1_inst.$auto$proc_rom.cc:150:do_switch$284$rdmux[0][3][4]$b$1271, Y=$memory$flatten\core_pantalla.\led_mem.\image_1_inst.$auto$proc_rom.cc:150:do_switch$284$rdmux[0][2][2]$a$1252
      New ports: A=$memory$flatten\core_pantalla.\led_mem.\image_1_inst.$auto$proc_rom.cc:150:do_switch$284$rdmux[0][3][4]$a$1270 [0], B=$memory$flatten\core_pantalla.\led_mem.\image_1_inst.$auto$proc_rom.cc:150:do_switch$284$rdmux[0][3][4]$b$1271 [0], Y=$memory$flatten\core_pantalla.\led_mem.\image_1_inst.$auto$proc_rom.cc:150:do_switch$284$rdmux[0][2][2]$a$1252 [0]
      New connections: $memory$flatten\core_pantalla.\led_mem.\image_1_inst.$auto$proc_rom.cc:150:do_switch$284$rdmux[0][2][2]$a$1252 [6:1] = { $memory$flatten\core_pantalla.\led_mem.\image_1_inst.$auto$proc_rom.cc:150:do_switch$284$rdmux[0][2][2]$a$1252 [0] $memory$flatten\core_pantalla.\led_mem.\image_1_inst.$auto$proc_rom.cc:150:do_switch$284$rdmux[0][2][2]$a$1252 [0] $memory$flatten\core_pantalla.\led_mem.\image_1_inst.$auto$proc_rom.cc:150:do_switch$284$rdmux[0][2][2]$a$1252 [0] $memory$flatten\core_pantalla.\led_mem.\image_1_inst.$auto$proc_rom.cc:150:do_switch$284$rdmux[0][2][2]$a$1252 [0] $memory$flatten\core_pantalla.\led_mem.\image_1_inst.$auto$proc_rom.cc:150:do_switch$284$rdmux[0][2][2]$a$1252 [0] $memory$flatten\core_pantalla.\led_mem.\image_1_inst.$auto$proc_rom.cc:150:do_switch$284$rdmux[0][2][2]$a$1252 [0] }
    Consolidated identical input bits for $mux cell $memory$flatten\core_pantalla.\led_mem.\image_1_inst.$auto$proc_rom.cc:150:do_switch$284$rdmux[0][3][2]$1263:
      Old ports: A=$memory$flatten\core_pantalla.\led_mem.\image_1_inst.$auto$proc_rom.cc:150:do_switch$284$rdmux[0][3][2]$a$1264, B=$memory$flatten\core_pantalla.\led_mem.\image_1_inst.$auto$proc_rom.cc:150:do_switch$284$rdmux[0][3][2]$b$1265, Y=$memory$flatten\core_pantalla.\led_mem.\image_1_inst.$auto$proc_rom.cc:150:do_switch$284$rdmux[0][2][1]$a$1249
      New ports: A=$memory$flatten\core_pantalla.\led_mem.\image_1_inst.$auto$proc_rom.cc:150:do_switch$284$rdmux[0][3][2]$a$1264 [0], B=$memory$flatten\core_pantalla.\led_mem.\image_1_inst.$auto$proc_rom.cc:150:do_switch$284$rdmux[0][3][2]$b$1265 [0], Y=$memory$flatten\core_pantalla.\led_mem.\image_1_inst.$auto$proc_rom.cc:150:do_switch$284$rdmux[0][2][1]$a$1249 [0]
      New connections: $memory$flatten\core_pantalla.\led_mem.\image_1_inst.$auto$proc_rom.cc:150:do_switch$284$rdmux[0][2][1]$a$1249 [6:1] = { $memory$flatten\core_pantalla.\led_mem.\image_1_inst.$auto$proc_rom.cc:150:do_switch$284$rdmux[0][2][1]$a$1249 [0] $memory$flatten\core_pantalla.\led_mem.\image_1_inst.$auto$proc_rom.cc:150:do_switch$284$rdmux[0][2][1]$a$1249 [0] $memory$flatten\core_pantalla.\led_mem.\image_1_inst.$auto$proc_rom.cc:150:do_switch$284$rdmux[0][2][1]$a$1249 [0] $memory$flatten\core_pantalla.\led_mem.\image_1_inst.$auto$proc_rom.cc:150:do_switch$284$rdmux[0][2][1]$a$1249 [0] $memory$flatten\core_pantalla.\led_mem.\image_1_inst.$auto$proc_rom.cc:150:do_switch$284$rdmux[0][2][1]$a$1249 [0] $memory$flatten\core_pantalla.\led_mem.\image_1_inst.$auto$proc_rom.cc:150:do_switch$284$rdmux[0][2][1]$a$1249 [0] }
    Consolidated identical input bits for $mux cell $memory$flatten\core_pantalla.\led_mem.\image_1_inst.$auto$proc_rom.cc:150:do_switch$284$rdmux[0][2][0]$1245:
      Old ports: A=7'0000000, B=$memory$flatten\core_pantalla.\led_mem.\image_1_inst.$auto$proc_rom.cc:150:do_switch$284$rdmux[0][2][0]$b$1247, Y=$memory$flatten\core_pantalla.\led_mem.\image_1_inst.$auto$proc_rom.cc:150:do_switch$284$rdmux[0][1][0]$a$1240
      New ports: A=1'0, B=$memory$flatten\core_pantalla.\led_mem.\image_1_inst.$auto$proc_rom.cc:150:do_switch$284$rdmux[0][2][0]$b$1247 [0], Y=$memory$flatten\core_pantalla.\led_mem.\image_1_inst.$auto$proc_rom.cc:150:do_switch$284$rdmux[0][1][0]$a$1240 [0]
      New connections: $memory$flatten\core_pantalla.\led_mem.\image_1_inst.$auto$proc_rom.cc:150:do_switch$284$rdmux[0][1][0]$a$1240 [6:1] = { $memory$flatten\core_pantalla.\led_mem.\image_1_inst.$auto$proc_rom.cc:150:do_switch$284$rdmux[0][1][0]$a$1240 [0] $memory$flatten\core_pantalla.\led_mem.\image_1_inst.$auto$proc_rom.cc:150:do_switch$284$rdmux[0][1][0]$a$1240 [0] $memory$flatten\core_pantalla.\led_mem.\image_1_inst.$auto$proc_rom.cc:150:do_switch$284$rdmux[0][1][0]$a$1240 [0] $memory$flatten\core_pantalla.\led_mem.\image_1_inst.$auto$proc_rom.cc:150:do_switch$284$rdmux[0][1][0]$a$1240 [0] $memory$flatten\core_pantalla.\led_mem.\image_1_inst.$auto$proc_rom.cc:150:do_switch$284$rdmux[0][1][0]$a$1240 [0] $memory$flatten\core_pantalla.\led_mem.\image_1_inst.$auto$proc_rom.cc:150:do_switch$284$rdmux[0][1][0]$a$1240 [0] }
  Optimizing cells in module \Pantalla.
    Consolidated identical input bits for $mux cell $memory$flatten\core_pantalla.\led_mem.\image_2_inst.$auto$proc_rom.cc:150:do_switch$288$rdmux[0][2][3]$1443:
      Old ports: A=$memory$flatten\core_pantalla.\led_mem.\image_2_inst.$auto$proc_rom.cc:150:do_switch$288$rdmux[0][2][3]$a$1444, B=9'000000000, Y=$memory$flatten\core_pantalla.\led_mem.\image_2_inst.$auto$proc_rom.cc:150:do_switch$288$rdmux[0][1][1]$b$1433
      New ports: A=$memory$flatten\core_pantalla.\led_mem.\image_2_inst.$auto$proc_rom.cc:150:do_switch$288$rdmux[0][2][3]$a$1444 [0], B=1'0, Y=$memory$flatten\core_pantalla.\led_mem.\image_2_inst.$auto$proc_rom.cc:150:do_switch$288$rdmux[0][1][1]$b$1433 [0]
      New connections: $memory$flatten\core_pantalla.\led_mem.\image_2_inst.$auto$proc_rom.cc:150:do_switch$288$rdmux[0][1][1]$b$1433 [8:1] = { $memory$flatten\core_pantalla.\led_mem.\image_2_inst.$auto$proc_rom.cc:150:do_switch$288$rdmux[0][1][1]$b$1433 [0] $memory$flatten\core_pantalla.\led_mem.\image_2_inst.$auto$proc_rom.cc:150:do_switch$288$rdmux[0][1][1]$b$1433 [0] $memory$flatten\core_pantalla.\led_mem.\image_2_inst.$auto$proc_rom.cc:150:do_switch$288$rdmux[0][1][1]$b$1433 [0] $memory$flatten\core_pantalla.\led_mem.\image_2_inst.$auto$proc_rom.cc:150:do_switch$288$rdmux[0][1][1]$b$1433 [0] $memory$flatten\core_pantalla.\led_mem.\image_2_inst.$auto$proc_rom.cc:150:do_switch$288$rdmux[0][1][1]$b$1433 [0] $memory$flatten\core_pantalla.\led_mem.\image_2_inst.$auto$proc_rom.cc:150:do_switch$288$rdmux[0][1][1]$b$1433 [0] $memory$flatten\core_pantalla.\led_mem.\image_2_inst.$auto$proc_rom.cc:150:do_switch$288$rdmux[0][1][1]$b$1433 [0] $memory$flatten\core_pantalla.\led_mem.\image_2_inst.$auto$proc_rom.cc:150:do_switch$288$rdmux[0][1][1]$b$1433 [0] }
    Consolidated identical input bits for $mux cell $memory$flatten\core_pantalla.\led_mem.\image_2_inst.$auto$proc_rom.cc:150:do_switch$288$rdmux[0][2][2]$1440:
      Old ports: A=$memory$flatten\core_pantalla.\led_mem.\image_2_inst.$auto$proc_rom.cc:150:do_switch$288$rdmux[0][2][2]$a$1441, B=$memory$flatten\core_pantalla.\led_mem.\image_2_inst.$auto$proc_rom.cc:150:do_switch$288$rdmux[0][2][2]$b$1442, Y=$memory$flatten\core_pantalla.\led_mem.\image_2_inst.$auto$proc_rom.cc:150:do_switch$288$rdmux[0][1][1]$a$1432
      New ports: A=$memory$flatten\core_pantalla.\led_mem.\image_2_inst.$auto$proc_rom.cc:150:do_switch$288$rdmux[0][2][2]$a$1441 [0], B=$memory$flatten\core_pantalla.\led_mem.\image_2_inst.$auto$proc_rom.cc:150:do_switch$288$rdmux[0][2][2]$b$1442 [0], Y=$memory$flatten\core_pantalla.\led_mem.\image_2_inst.$auto$proc_rom.cc:150:do_switch$288$rdmux[0][1][1]$a$1432 [0]
      New connections: $memory$flatten\core_pantalla.\led_mem.\image_2_inst.$auto$proc_rom.cc:150:do_switch$288$rdmux[0][1][1]$a$1432 [8:1] = { $memory$flatten\core_pantalla.\led_mem.\image_2_inst.$auto$proc_rom.cc:150:do_switch$288$rdmux[0][1][1]$a$1432 [0] $memory$flatten\core_pantalla.\led_mem.\image_2_inst.$auto$proc_rom.cc:150:do_switch$288$rdmux[0][1][1]$a$1432 [0] $memory$flatten\core_pantalla.\led_mem.\image_2_inst.$auto$proc_rom.cc:150:do_switch$288$rdmux[0][1][1]$a$1432 [0] $memory$flatten\core_pantalla.\led_mem.\image_2_inst.$auto$proc_rom.cc:150:do_switch$288$rdmux[0][1][1]$a$1432 [0] $memory$flatten\core_pantalla.\led_mem.\image_2_inst.$auto$proc_rom.cc:150:do_switch$288$rdmux[0][1][1]$a$1432 [0] $memory$flatten\core_pantalla.\led_mem.\image_2_inst.$auto$proc_rom.cc:150:do_switch$288$rdmux[0][1][1]$a$1432 [0] $memory$flatten\core_pantalla.\led_mem.\image_2_inst.$auto$proc_rom.cc:150:do_switch$288$rdmux[0][1][1]$a$1432 [0] $memory$flatten\core_pantalla.\led_mem.\image_2_inst.$auto$proc_rom.cc:150:do_switch$288$rdmux[0][1][1]$a$1432 [0] }
    Consolidated identical input bits for $mux cell $memory$flatten\core_pantalla.\led_mem.\image_2_inst.$auto$proc_rom.cc:150:do_switch$288$rdmux[0][2][0]$1434:
      Old ports: A=9'000000000, B=$memory$flatten\core_pantalla.\led_mem.\image_2_inst.$auto$proc_rom.cc:150:do_switch$288$rdmux[0][2][0]$b$1436, Y=$memory$flatten\core_pantalla.\led_mem.\image_2_inst.$auto$proc_rom.cc:150:do_switch$288$rdmux[0][1][0]$a$1429
      New ports: A=1'0, B=$memory$flatten\core_pantalla.\led_mem.\image_2_inst.$auto$proc_rom.cc:150:do_switch$288$rdmux[0][2][0]$b$1436 [0], Y=$memory$flatten\core_pantalla.\led_mem.\image_2_inst.$auto$proc_rom.cc:150:do_switch$288$rdmux[0][1][0]$a$1429 [0]
      New connections: $memory$flatten\core_pantalla.\led_mem.\image_2_inst.$auto$proc_rom.cc:150:do_switch$288$rdmux[0][1][0]$a$1429 [8:1] = { $memory$flatten\core_pantalla.\led_mem.\image_2_inst.$auto$proc_rom.cc:150:do_switch$288$rdmux[0][1][0]$a$1429 [0] $memory$flatten\core_pantalla.\led_mem.\image_2_inst.$auto$proc_rom.cc:150:do_switch$288$rdmux[0][1][0]$a$1429 [0] $memory$flatten\core_pantalla.\led_mem.\image_2_inst.$auto$proc_rom.cc:150:do_switch$288$rdmux[0][1][0]$a$1429 [0] $memory$flatten\core_pantalla.\led_mem.\image_2_inst.$auto$proc_rom.cc:150:do_switch$288$rdmux[0][1][0]$a$1429 [0] $memory$flatten\core_pantalla.\led_mem.\image_2_inst.$auto$proc_rom.cc:150:do_switch$288$rdmux[0][1][0]$a$1429 [0] $memory$flatten\core_pantalla.\led_mem.\image_2_inst.$auto$proc_rom.cc:150:do_switch$288$rdmux[0][1][0]$a$1429 [0] $memory$flatten\core_pantalla.\led_mem.\image_2_inst.$auto$proc_rom.cc:150:do_switch$288$rdmux[0][1][0]$a$1429 [0] $memory$flatten\core_pantalla.\led_mem.\image_2_inst.$auto$proc_rom.cc:150:do_switch$288$rdmux[0][1][0]$a$1429 [0] }
    Consolidated identical input bits for $mux cell $memory$flatten\core_pantalla.\led_mem.\image_3_inst.$auto$proc_rom.cc:150:do_switch$292$rdmux[0][2][3]$1632:
      Old ports: A=$memory$flatten\core_pantalla.\led_mem.\image_3_inst.$auto$proc_rom.cc:150:do_switch$292$rdmux[0][2][3]$a$1633, B=8'00000000, Y=$memory$flatten\core_pantalla.\led_mem.\image_3_inst.$auto$proc_rom.cc:150:do_switch$292$rdmux[0][1][1]$b$1622
      New ports: A=$memory$flatten\core_pantalla.\led_mem.\image_3_inst.$auto$proc_rom.cc:150:do_switch$292$rdmux[0][2][3]$a$1633 [0], B=1'0, Y=$memory$flatten\core_pantalla.\led_mem.\image_3_inst.$auto$proc_rom.cc:150:do_switch$292$rdmux[0][1][1]$b$1622 [0]
      New connections: $memory$flatten\core_pantalla.\led_mem.\image_3_inst.$auto$proc_rom.cc:150:do_switch$292$rdmux[0][1][1]$b$1622 [7:1] = { $memory$flatten\core_pantalla.\led_mem.\image_3_inst.$auto$proc_rom.cc:150:do_switch$292$rdmux[0][1][1]$b$1622 [0] $memory$flatten\core_pantalla.\led_mem.\image_3_inst.$auto$proc_rom.cc:150:do_switch$292$rdmux[0][1][1]$b$1622 [0] $memory$flatten\core_pantalla.\led_mem.\image_3_inst.$auto$proc_rom.cc:150:do_switch$292$rdmux[0][1][1]$b$1622 [0] $memory$flatten\core_pantalla.\led_mem.\image_3_inst.$auto$proc_rom.cc:150:do_switch$292$rdmux[0][1][1]$b$1622 [0] $memory$flatten\core_pantalla.\led_mem.\image_3_inst.$auto$proc_rom.cc:150:do_switch$292$rdmux[0][1][1]$b$1622 [0] $memory$flatten\core_pantalla.\led_mem.\image_3_inst.$auto$proc_rom.cc:150:do_switch$292$rdmux[0][1][1]$b$1622 [0] $memory$flatten\core_pantalla.\led_mem.\image_3_inst.$auto$proc_rom.cc:150:do_switch$292$rdmux[0][1][1]$b$1622 [0] }
    Consolidated identical input bits for $mux cell $memory$flatten\core_pantalla.\led_mem.\image_3_inst.$auto$proc_rom.cc:150:do_switch$292$rdmux[0][2][2]$1629:
      Old ports: A=$memory$flatten\core_pantalla.\led_mem.\image_3_inst.$auto$proc_rom.cc:150:do_switch$292$rdmux[0][2][2]$a$1630, B=$memory$flatten\core_pantalla.\led_mem.\image_3_inst.$auto$proc_rom.cc:150:do_switch$292$rdmux[0][2][2]$b$1631, Y=$memory$flatten\core_pantalla.\led_mem.\image_3_inst.$auto$proc_rom.cc:150:do_switch$292$rdmux[0][1][1]$a$1621
      New ports: A=$memory$flatten\core_pantalla.\led_mem.\image_3_inst.$auto$proc_rom.cc:150:do_switch$292$rdmux[0][2][2]$a$1630 [0], B=$memory$flatten\core_pantalla.\led_mem.\image_3_inst.$auto$proc_rom.cc:150:do_switch$292$rdmux[0][2][2]$b$1631 [0], Y=$memory$flatten\core_pantalla.\led_mem.\image_3_inst.$auto$proc_rom.cc:150:do_switch$292$rdmux[0][1][1]$a$1621 [0]
      New connections: $memory$flatten\core_pantalla.\led_mem.\image_3_inst.$auto$proc_rom.cc:150:do_switch$292$rdmux[0][1][1]$a$1621 [7:1] = { $memory$flatten\core_pantalla.\led_mem.\image_3_inst.$auto$proc_rom.cc:150:do_switch$292$rdmux[0][1][1]$a$1621 [0] $memory$flatten\core_pantalla.\led_mem.\image_3_inst.$auto$proc_rom.cc:150:do_switch$292$rdmux[0][1][1]$a$1621 [0] $memory$flatten\core_pantalla.\led_mem.\image_3_inst.$auto$proc_rom.cc:150:do_switch$292$rdmux[0][1][1]$a$1621 [0] $memory$flatten\core_pantalla.\led_mem.\image_3_inst.$auto$proc_rom.cc:150:do_switch$292$rdmux[0][1][1]$a$1621 [0] $memory$flatten\core_pantalla.\led_mem.\image_3_inst.$auto$proc_rom.cc:150:do_switch$292$rdmux[0][1][1]$a$1621 [0] $memory$flatten\core_pantalla.\led_mem.\image_3_inst.$auto$proc_rom.cc:150:do_switch$292$rdmux[0][1][1]$a$1621 [0] $memory$flatten\core_pantalla.\led_mem.\image_3_inst.$auto$proc_rom.cc:150:do_switch$292$rdmux[0][1][1]$a$1621 [0] }
    Consolidated identical input bits for $mux cell $memory$flatten\core_pantalla.\led_mem.\image_3_inst.$auto$proc_rom.cc:150:do_switch$292$rdmux[0][2][0]$1623:
      Old ports: A=$memory$flatten\core_pantalla.\led_mem.\image_3_inst.$auto$proc_rom.cc:150:do_switch$292$rdmux[0][2][0]$a$1624, B=$memory$flatten\core_pantalla.\led_mem.\image_3_inst.$auto$proc_rom.cc:150:do_switch$292$rdmux[0][2][0]$b$1625, Y=$memory$flatten\core_pantalla.\led_mem.\image_3_inst.$auto$proc_rom.cc:150:do_switch$292$rdmux[0][1][0]$a$1618
      New ports: A=$memory$flatten\core_pantalla.\led_mem.\image_3_inst.$auto$proc_rom.cc:150:do_switch$292$rdmux[0][2][0]$a$1624 [0], B=$memory$flatten\core_pantalla.\led_mem.\image_3_inst.$auto$proc_rom.cc:150:do_switch$292$rdmux[0][2][0]$b$1625 [0], Y=$memory$flatten\core_pantalla.\led_mem.\image_3_inst.$auto$proc_rom.cc:150:do_switch$292$rdmux[0][1][0]$a$1618 [0]
      New connections: $memory$flatten\core_pantalla.\led_mem.\image_3_inst.$auto$proc_rom.cc:150:do_switch$292$rdmux[0][1][0]$a$1618 [7:1] = { $memory$flatten\core_pantalla.\led_mem.\image_3_inst.$auto$proc_rom.cc:150:do_switch$292$rdmux[0][1][0]$a$1618 [0] $memory$flatten\core_pantalla.\led_mem.\image_3_inst.$auto$proc_rom.cc:150:do_switch$292$rdmux[0][1][0]$a$1618 [0] $memory$flatten\core_pantalla.\led_mem.\image_3_inst.$auto$proc_rom.cc:150:do_switch$292$rdmux[0][1][0]$a$1618 [0] $memory$flatten\core_pantalla.\led_mem.\image_3_inst.$auto$proc_rom.cc:150:do_switch$292$rdmux[0][1][0]$a$1618 [0] $memory$flatten\core_pantalla.\led_mem.\image_3_inst.$auto$proc_rom.cc:150:do_switch$292$rdmux[0][1][0]$a$1618 [0] $memory$flatten\core_pantalla.\led_mem.\image_3_inst.$auto$proc_rom.cc:150:do_switch$292$rdmux[0][1][0]$a$1618 [0] $memory$flatten\core_pantalla.\led_mem.\image_3_inst.$auto$proc_rom.cc:150:do_switch$292$rdmux[0][1][0]$a$1618 [0] }
    Consolidated identical input bits for $mux cell $memory$flatten\core_pantalla.\led_mem.\image_1_inst.$auto$proc_rom.cc:150:do_switch$284$rdmux[0][2][3]$1254:
      Old ports: A=$memory$flatten\core_pantalla.\led_mem.\image_1_inst.$auto$proc_rom.cc:150:do_switch$284$rdmux[0][2][3]$a$1255, B=7'0000000, Y=$memory$flatten\core_pantalla.\led_mem.\image_1_inst.$auto$proc_rom.cc:150:do_switch$284$rdmux[0][1][1]$b$1244
      New ports: A=$memory$flatten\core_pantalla.\led_mem.\image_1_inst.$auto$proc_rom.cc:150:do_switch$284$rdmux[0][2][3]$a$1255 [0], B=1'0, Y=$memory$flatten\core_pantalla.\led_mem.\image_1_inst.$auto$proc_rom.cc:150:do_switch$284$rdmux[0][1][1]$b$1244 [0]
      New connections: $memory$flatten\core_pantalla.\led_mem.\image_1_inst.$auto$proc_rom.cc:150:do_switch$284$rdmux[0][1][1]$b$1244 [6:1] = { $memory$flatten\core_pantalla.\led_mem.\image_1_inst.$auto$proc_rom.cc:150:do_switch$284$rdmux[0][1][1]$b$1244 [0] $memory$flatten\core_pantalla.\led_mem.\image_1_inst.$auto$proc_rom.cc:150:do_switch$284$rdmux[0][1][1]$b$1244 [0] $memory$flatten\core_pantalla.\led_mem.\image_1_inst.$auto$proc_rom.cc:150:do_switch$284$rdmux[0][1][1]$b$1244 [0] $memory$flatten\core_pantalla.\led_mem.\image_1_inst.$auto$proc_rom.cc:150:do_switch$284$rdmux[0][1][1]$b$1244 [0] $memory$flatten\core_pantalla.\led_mem.\image_1_inst.$auto$proc_rom.cc:150:do_switch$284$rdmux[0][1][1]$b$1244 [0] $memory$flatten\core_pantalla.\led_mem.\image_1_inst.$auto$proc_rom.cc:150:do_switch$284$rdmux[0][1][1]$b$1244 [0] }
    Consolidated identical input bits for $mux cell $memory$flatten\core_pantalla.\led_mem.\image_1_inst.$auto$proc_rom.cc:150:do_switch$284$rdmux[0][2][2]$1251:
      Old ports: A=$memory$flatten\core_pantalla.\led_mem.\image_1_inst.$auto$proc_rom.cc:150:do_switch$284$rdmux[0][2][2]$a$1252, B=$memory$flatten\core_pantalla.\led_mem.\image_1_inst.$auto$proc_rom.cc:150:do_switch$284$rdmux[0][2][2]$b$1253, Y=$memory$flatten\core_pantalla.\led_mem.\image_1_inst.$auto$proc_rom.cc:150:do_switch$284$rdmux[0][1][1]$a$1243
      New ports: A=$memory$flatten\core_pantalla.\led_mem.\image_1_inst.$auto$proc_rom.cc:150:do_switch$284$rdmux[0][2][2]$a$1252 [0], B=$memory$flatten\core_pantalla.\led_mem.\image_1_inst.$auto$proc_rom.cc:150:do_switch$284$rdmux[0][2][2]$b$1253 [0], Y=$memory$flatten\core_pantalla.\led_mem.\image_1_inst.$auto$proc_rom.cc:150:do_switch$284$rdmux[0][1][1]$a$1243 [0]
      New connections: $memory$flatten\core_pantalla.\led_mem.\image_1_inst.$auto$proc_rom.cc:150:do_switch$284$rdmux[0][1][1]$a$1243 [6:1] = { $memory$flatten\core_pantalla.\led_mem.\image_1_inst.$auto$proc_rom.cc:150:do_switch$284$rdmux[0][1][1]$a$1243 [0] $memory$flatten\core_pantalla.\led_mem.\image_1_inst.$auto$proc_rom.cc:150:do_switch$284$rdmux[0][1][1]$a$1243 [0] $memory$flatten\core_pantalla.\led_mem.\image_1_inst.$auto$proc_rom.cc:150:do_switch$284$rdmux[0][1][1]$a$1243 [0] $memory$flatten\core_pantalla.\led_mem.\image_1_inst.$auto$proc_rom.cc:150:do_switch$284$rdmux[0][1][1]$a$1243 [0] $memory$flatten\core_pantalla.\led_mem.\image_1_inst.$auto$proc_rom.cc:150:do_switch$284$rdmux[0][1][1]$a$1243 [0] $memory$flatten\core_pantalla.\led_mem.\image_1_inst.$auto$proc_rom.cc:150:do_switch$284$rdmux[0][1][1]$a$1243 [0] }
    Consolidated identical input bits for $mux cell $memory$flatten\core_pantalla.\led_mem.\image_1_inst.$auto$proc_rom.cc:150:do_switch$284$rdmux[0][2][1]$1248:
      Old ports: A=$memory$flatten\core_pantalla.\led_mem.\image_1_inst.$auto$proc_rom.cc:150:do_switch$284$rdmux[0][2][1]$a$1249, B=7'0000000, Y=$memory$flatten\core_pantalla.\led_mem.\image_1_inst.$auto$proc_rom.cc:150:do_switch$284$rdmux[0][1][0]$b$1241
      New ports: A=$memory$flatten\core_pantalla.\led_mem.\image_1_inst.$auto$proc_rom.cc:150:do_switch$284$rdmux[0][2][1]$a$1249 [0], B=1'0, Y=$memory$flatten\core_pantalla.\led_mem.\image_1_inst.$auto$proc_rom.cc:150:do_switch$284$rdmux[0][1][0]$b$1241 [0]
      New connections: $memory$flatten\core_pantalla.\led_mem.\image_1_inst.$auto$proc_rom.cc:150:do_switch$284$rdmux[0][1][0]$b$1241 [6:1] = { $memory$flatten\core_pantalla.\led_mem.\image_1_inst.$auto$proc_rom.cc:150:do_switch$284$rdmux[0][1][0]$b$1241 [0] $memory$flatten\core_pantalla.\led_mem.\image_1_inst.$auto$proc_rom.cc:150:do_switch$284$rdmux[0][1][0]$b$1241 [0] $memory$flatten\core_pantalla.\led_mem.\image_1_inst.$auto$proc_rom.cc:150:do_switch$284$rdmux[0][1][0]$b$1241 [0] $memory$flatten\core_pantalla.\led_mem.\image_1_inst.$auto$proc_rom.cc:150:do_switch$284$rdmux[0][1][0]$b$1241 [0] $memory$flatten\core_pantalla.\led_mem.\image_1_inst.$auto$proc_rom.cc:150:do_switch$284$rdmux[0][1][0]$b$1241 [0] $memory$flatten\core_pantalla.\led_mem.\image_1_inst.$auto$proc_rom.cc:150:do_switch$284$rdmux[0][1][0]$b$1241 [0] }
  Optimizing cells in module \Pantalla.
    Consolidated identical input bits for $mux cell $memory$flatten\core_pantalla.\led_mem.\image_2_inst.$auto$proc_rom.cc:150:do_switch$288$rdmux[0][1][1]$1431:
      Old ports: A=$memory$flatten\core_pantalla.\led_mem.\image_2_inst.$auto$proc_rom.cc:150:do_switch$288$rdmux[0][1][1]$a$1432, B=$memory$flatten\core_pantalla.\led_mem.\image_2_inst.$auto$proc_rom.cc:150:do_switch$288$rdmux[0][1][1]$b$1433, Y=$memory$flatten\core_pantalla.\led_mem.\image_2_inst.$auto$proc_rom.cc:150:do_switch$288$rdmux[0][0][0]$b$1427
      New ports: A=$memory$flatten\core_pantalla.\led_mem.\image_2_inst.$auto$proc_rom.cc:150:do_switch$288$rdmux[0][1][1]$a$1432 [0], B=$memory$flatten\core_pantalla.\led_mem.\image_2_inst.$auto$proc_rom.cc:150:do_switch$288$rdmux[0][1][1]$b$1433 [0], Y=$memory$flatten\core_pantalla.\led_mem.\image_2_inst.$auto$proc_rom.cc:150:do_switch$288$rdmux[0][0][0]$b$1427 [0]
      New connections: $memory$flatten\core_pantalla.\led_mem.\image_2_inst.$auto$proc_rom.cc:150:do_switch$288$rdmux[0][0][0]$b$1427 [8:1] = { $memory$flatten\core_pantalla.\led_mem.\image_2_inst.$auto$proc_rom.cc:150:do_switch$288$rdmux[0][0][0]$b$1427 [0] $memory$flatten\core_pantalla.\led_mem.\image_2_inst.$auto$proc_rom.cc:150:do_switch$288$rdmux[0][0][0]$b$1427 [0] $memory$flatten\core_pantalla.\led_mem.\image_2_inst.$auto$proc_rom.cc:150:do_switch$288$rdmux[0][0][0]$b$1427 [0] $memory$flatten\core_pantalla.\led_mem.\image_2_inst.$auto$proc_rom.cc:150:do_switch$288$rdmux[0][0][0]$b$1427 [0] $memory$flatten\core_pantalla.\led_mem.\image_2_inst.$auto$proc_rom.cc:150:do_switch$288$rdmux[0][0][0]$b$1427 [0] $memory$flatten\core_pantalla.\led_mem.\image_2_inst.$auto$proc_rom.cc:150:do_switch$288$rdmux[0][0][0]$b$1427 [0] $memory$flatten\core_pantalla.\led_mem.\image_2_inst.$auto$proc_rom.cc:150:do_switch$288$rdmux[0][0][0]$b$1427 [0] $memory$flatten\core_pantalla.\led_mem.\image_2_inst.$auto$proc_rom.cc:150:do_switch$288$rdmux[0][0][0]$b$1427 [0] }
    Consolidated identical input bits for $mux cell $memory$flatten\core_pantalla.\led_mem.\image_2_inst.$auto$proc_rom.cc:150:do_switch$288$rdmux[0][1][0]$1428:
      Old ports: A=$memory$flatten\core_pantalla.\led_mem.\image_2_inst.$auto$proc_rom.cc:150:do_switch$288$rdmux[0][1][0]$a$1429, B=9'000000000, Y=$memory$flatten\core_pantalla.\led_mem.\image_2_inst.$auto$proc_rom.cc:150:do_switch$288$rdmux[0][0][0]$a$1426
      New ports: A=$memory$flatten\core_pantalla.\led_mem.\image_2_inst.$auto$proc_rom.cc:150:do_switch$288$rdmux[0][1][0]$a$1429 [0], B=1'0, Y=$memory$flatten\core_pantalla.\led_mem.\image_2_inst.$auto$proc_rom.cc:150:do_switch$288$rdmux[0][0][0]$a$1426 [0]
      New connections: $memory$flatten\core_pantalla.\led_mem.\image_2_inst.$auto$proc_rom.cc:150:do_switch$288$rdmux[0][0][0]$a$1426 [8:1] = { $memory$flatten\core_pantalla.\led_mem.\image_2_inst.$auto$proc_rom.cc:150:do_switch$288$rdmux[0][0][0]$a$1426 [0] $memory$flatten\core_pantalla.\led_mem.\image_2_inst.$auto$proc_rom.cc:150:do_switch$288$rdmux[0][0][0]$a$1426 [0] $memory$flatten\core_pantalla.\led_mem.\image_2_inst.$auto$proc_rom.cc:150:do_switch$288$rdmux[0][0][0]$a$1426 [0] $memory$flatten\core_pantalla.\led_mem.\image_2_inst.$auto$proc_rom.cc:150:do_switch$288$rdmux[0][0][0]$a$1426 [0] $memory$flatten\core_pantalla.\led_mem.\image_2_inst.$auto$proc_rom.cc:150:do_switch$288$rdmux[0][0][0]$a$1426 [0] $memory$flatten\core_pantalla.\led_mem.\image_2_inst.$auto$proc_rom.cc:150:do_switch$288$rdmux[0][0][0]$a$1426 [0] $memory$flatten\core_pantalla.\led_mem.\image_2_inst.$auto$proc_rom.cc:150:do_switch$288$rdmux[0][0][0]$a$1426 [0] $memory$flatten\core_pantalla.\led_mem.\image_2_inst.$auto$proc_rom.cc:150:do_switch$288$rdmux[0][0][0]$a$1426 [0] }
    Consolidated identical input bits for $mux cell $memory$flatten\core_pantalla.\led_mem.\image_3_inst.$auto$proc_rom.cc:150:do_switch$292$rdmux[0][1][1]$1620:
      Old ports: A=$memory$flatten\core_pantalla.\led_mem.\image_3_inst.$auto$proc_rom.cc:150:do_switch$292$rdmux[0][1][1]$a$1621, B=$memory$flatten\core_pantalla.\led_mem.\image_3_inst.$auto$proc_rom.cc:150:do_switch$292$rdmux[0][1][1]$b$1622, Y=$memory$flatten\core_pantalla.\led_mem.\image_3_inst.$auto$proc_rom.cc:150:do_switch$292$rdmux[0][0][0]$b$1616
      New ports: A=$memory$flatten\core_pantalla.\led_mem.\image_3_inst.$auto$proc_rom.cc:150:do_switch$292$rdmux[0][1][1]$a$1621 [0], B=$memory$flatten\core_pantalla.\led_mem.\image_3_inst.$auto$proc_rom.cc:150:do_switch$292$rdmux[0][1][1]$b$1622 [0], Y=$memory$flatten\core_pantalla.\led_mem.\image_3_inst.$auto$proc_rom.cc:150:do_switch$292$rdmux[0][0][0]$b$1616 [0]
      New connections: $memory$flatten\core_pantalla.\led_mem.\image_3_inst.$auto$proc_rom.cc:150:do_switch$292$rdmux[0][0][0]$b$1616 [7:1] = { $memory$flatten\core_pantalla.\led_mem.\image_3_inst.$auto$proc_rom.cc:150:do_switch$292$rdmux[0][0][0]$b$1616 [0] $memory$flatten\core_pantalla.\led_mem.\image_3_inst.$auto$proc_rom.cc:150:do_switch$292$rdmux[0][0][0]$b$1616 [0] $memory$flatten\core_pantalla.\led_mem.\image_3_inst.$auto$proc_rom.cc:150:do_switch$292$rdmux[0][0][0]$b$1616 [0] $memory$flatten\core_pantalla.\led_mem.\image_3_inst.$auto$proc_rom.cc:150:do_switch$292$rdmux[0][0][0]$b$1616 [0] $memory$flatten\core_pantalla.\led_mem.\image_3_inst.$auto$proc_rom.cc:150:do_switch$292$rdmux[0][0][0]$b$1616 [0] $memory$flatten\core_pantalla.\led_mem.\image_3_inst.$auto$proc_rom.cc:150:do_switch$292$rdmux[0][0][0]$b$1616 [0] $memory$flatten\core_pantalla.\led_mem.\image_3_inst.$auto$proc_rom.cc:150:do_switch$292$rdmux[0][0][0]$b$1616 [0] }
    Consolidated identical input bits for $mux cell $memory$flatten\core_pantalla.\led_mem.\image_3_inst.$auto$proc_rom.cc:150:do_switch$292$rdmux[0][1][0]$1617:
      Old ports: A=$memory$flatten\core_pantalla.\led_mem.\image_3_inst.$auto$proc_rom.cc:150:do_switch$292$rdmux[0][1][0]$a$1618, B=8'00000000, Y=$memory$flatten\core_pantalla.\led_mem.\image_3_inst.$auto$proc_rom.cc:150:do_switch$292$rdmux[0][0][0]$a$1615
      New ports: A=$memory$flatten\core_pantalla.\led_mem.\image_3_inst.$auto$proc_rom.cc:150:do_switch$292$rdmux[0][1][0]$a$1618 [0], B=1'0, Y=$memory$flatten\core_pantalla.\led_mem.\image_3_inst.$auto$proc_rom.cc:150:do_switch$292$rdmux[0][0][0]$a$1615 [0]
      New connections: $memory$flatten\core_pantalla.\led_mem.\image_3_inst.$auto$proc_rom.cc:150:do_switch$292$rdmux[0][0][0]$a$1615 [7:1] = { $memory$flatten\core_pantalla.\led_mem.\image_3_inst.$auto$proc_rom.cc:150:do_switch$292$rdmux[0][0][0]$a$1615 [0] $memory$flatten\core_pantalla.\led_mem.\image_3_inst.$auto$proc_rom.cc:150:do_switch$292$rdmux[0][0][0]$a$1615 [0] $memory$flatten\core_pantalla.\led_mem.\image_3_inst.$auto$proc_rom.cc:150:do_switch$292$rdmux[0][0][0]$a$1615 [0] $memory$flatten\core_pantalla.\led_mem.\image_3_inst.$auto$proc_rom.cc:150:do_switch$292$rdmux[0][0][0]$a$1615 [0] $memory$flatten\core_pantalla.\led_mem.\image_3_inst.$auto$proc_rom.cc:150:do_switch$292$rdmux[0][0][0]$a$1615 [0] $memory$flatten\core_pantalla.\led_mem.\image_3_inst.$auto$proc_rom.cc:150:do_switch$292$rdmux[0][0][0]$a$1615 [0] $memory$flatten\core_pantalla.\led_mem.\image_3_inst.$auto$proc_rom.cc:150:do_switch$292$rdmux[0][0][0]$a$1615 [0] }
    Consolidated identical input bits for $mux cell $memory$flatten\core_pantalla.\led_mem.\image_1_inst.$auto$proc_rom.cc:150:do_switch$284$rdmux[0][1][1]$1242:
      Old ports: A=$memory$flatten\core_pantalla.\led_mem.\image_1_inst.$auto$proc_rom.cc:150:do_switch$284$rdmux[0][1][1]$a$1243, B=$memory$flatten\core_pantalla.\led_mem.\image_1_inst.$auto$proc_rom.cc:150:do_switch$284$rdmux[0][1][1]$b$1244, Y=$memory$flatten\core_pantalla.\led_mem.\image_1_inst.$auto$proc_rom.cc:150:do_switch$284$rdmux[0][0][0]$b$1238
      New ports: A=$memory$flatten\core_pantalla.\led_mem.\image_1_inst.$auto$proc_rom.cc:150:do_switch$284$rdmux[0][1][1]$a$1243 [0], B=$memory$flatten\core_pantalla.\led_mem.\image_1_inst.$auto$proc_rom.cc:150:do_switch$284$rdmux[0][1][1]$b$1244 [0], Y=$memory$flatten\core_pantalla.\led_mem.\image_1_inst.$auto$proc_rom.cc:150:do_switch$284$rdmux[0][0][0]$b$1238 [0]
      New connections: $memory$flatten\core_pantalla.\led_mem.\image_1_inst.$auto$proc_rom.cc:150:do_switch$284$rdmux[0][0][0]$b$1238 [6:1] = { $memory$flatten\core_pantalla.\led_mem.\image_1_inst.$auto$proc_rom.cc:150:do_switch$284$rdmux[0][0][0]$b$1238 [0] $memory$flatten\core_pantalla.\led_mem.\image_1_inst.$auto$proc_rom.cc:150:do_switch$284$rdmux[0][0][0]$b$1238 [0] $memory$flatten\core_pantalla.\led_mem.\image_1_inst.$auto$proc_rom.cc:150:do_switch$284$rdmux[0][0][0]$b$1238 [0] $memory$flatten\core_pantalla.\led_mem.\image_1_inst.$auto$proc_rom.cc:150:do_switch$284$rdmux[0][0][0]$b$1238 [0] $memory$flatten\core_pantalla.\led_mem.\image_1_inst.$auto$proc_rom.cc:150:do_switch$284$rdmux[0][0][0]$b$1238 [0] $memory$flatten\core_pantalla.\led_mem.\image_1_inst.$auto$proc_rom.cc:150:do_switch$284$rdmux[0][0][0]$b$1238 [0] }
    Consolidated identical input bits for $mux cell $memory$flatten\core_pantalla.\led_mem.\image_1_inst.$auto$proc_rom.cc:150:do_switch$284$rdmux[0][1][0]$1239:
      Old ports: A=$memory$flatten\core_pantalla.\led_mem.\image_1_inst.$auto$proc_rom.cc:150:do_switch$284$rdmux[0][1][0]$a$1240, B=$memory$flatten\core_pantalla.\led_mem.\image_1_inst.$auto$proc_rom.cc:150:do_switch$284$rdmux[0][1][0]$b$1241, Y=$memory$flatten\core_pantalla.\led_mem.\image_1_inst.$auto$proc_rom.cc:150:do_switch$284$rdmux[0][0][0]$a$1237
      New ports: A=$memory$flatten\core_pantalla.\led_mem.\image_1_inst.$auto$proc_rom.cc:150:do_switch$284$rdmux[0][1][0]$a$1240 [0], B=$memory$flatten\core_pantalla.\led_mem.\image_1_inst.$auto$proc_rom.cc:150:do_switch$284$rdmux[0][1][0]$b$1241 [0], Y=$memory$flatten\core_pantalla.\led_mem.\image_1_inst.$auto$proc_rom.cc:150:do_switch$284$rdmux[0][0][0]$a$1237 [0]
      New connections: $memory$flatten\core_pantalla.\led_mem.\image_1_inst.$auto$proc_rom.cc:150:do_switch$284$rdmux[0][0][0]$a$1237 [6:1] = { $memory$flatten\core_pantalla.\led_mem.\image_1_inst.$auto$proc_rom.cc:150:do_switch$284$rdmux[0][0][0]$a$1237 [0] $memory$flatten\core_pantalla.\led_mem.\image_1_inst.$auto$proc_rom.cc:150:do_switch$284$rdmux[0][0][0]$a$1237 [0] $memory$flatten\core_pantalla.\led_mem.\image_1_inst.$auto$proc_rom.cc:150:do_switch$284$rdmux[0][0][0]$a$1237 [0] $memory$flatten\core_pantalla.\led_mem.\image_1_inst.$auto$proc_rom.cc:150:do_switch$284$rdmux[0][0][0]$a$1237 [0] $memory$flatten\core_pantalla.\led_mem.\image_1_inst.$auto$proc_rom.cc:150:do_switch$284$rdmux[0][0][0]$a$1237 [0] $memory$flatten\core_pantalla.\led_mem.\image_1_inst.$auto$proc_rom.cc:150:do_switch$284$rdmux[0][0][0]$a$1237 [0] }
  Optimizing cells in module \Pantalla.
    Consolidated identical input bits for $mux cell $memory$flatten\core_pantalla.\led_mem.\image_3_inst.$auto$proc_rom.cc:150:do_switch$292$rdmux[0][0][0]$1614:
      Old ports: A=$memory$flatten\core_pantalla.\led_mem.\image_3_inst.$auto$proc_rom.cc:150:do_switch$292$rdmux[0][0][0]$a$1615, B=$memory$flatten\core_pantalla.\led_mem.\image_3_inst.$auto$proc_rom.cc:150:do_switch$292$rdmux[0][0][0]$b$1616, Y=$$flatten\core_pantalla.\led_mem.\image_3_inst.$auto$proc_rom.cc:150:do_switch$292$rdreg[0]$d
      New ports: A=$memory$flatten\core_pantalla.\led_mem.\image_3_inst.$auto$proc_rom.cc:150:do_switch$292$rdmux[0][0][0]$a$1615 [0], B=$memory$flatten\core_pantalla.\led_mem.\image_3_inst.$auto$proc_rom.cc:150:do_switch$292$rdmux[0][0][0]$b$1616 [0], Y=$$flatten\core_pantalla.\led_mem.\image_3_inst.$auto$proc_rom.cc:150:do_switch$292$rdreg[0]$d [0]
      New connections: $$flatten\core_pantalla.\led_mem.\image_3_inst.$auto$proc_rom.cc:150:do_switch$292$rdreg[0]$d [7:1] = { $$flatten\core_pantalla.\led_mem.\image_3_inst.$auto$proc_rom.cc:150:do_switch$292$rdreg[0]$d [0] $$flatten\core_pantalla.\led_mem.\image_3_inst.$auto$proc_rom.cc:150:do_switch$292$rdreg[0]$d [0] $$flatten\core_pantalla.\led_mem.\image_3_inst.$auto$proc_rom.cc:150:do_switch$292$rdreg[0]$d [0] $$flatten\core_pantalla.\led_mem.\image_3_inst.$auto$proc_rom.cc:150:do_switch$292$rdreg[0]$d [0] $$flatten\core_pantalla.\led_mem.\image_3_inst.$auto$proc_rom.cc:150:do_switch$292$rdreg[0]$d [0] $$flatten\core_pantalla.\led_mem.\image_3_inst.$auto$proc_rom.cc:150:do_switch$292$rdreg[0]$d [0] $$flatten\core_pantalla.\led_mem.\image_3_inst.$auto$proc_rom.cc:150:do_switch$292$rdreg[0]$d [0] }
    Consolidated identical input bits for $mux cell $memory$flatten\core_pantalla.\led_mem.\image_2_inst.$auto$proc_rom.cc:150:do_switch$288$rdmux[0][0][0]$1425:
      Old ports: A=$memory$flatten\core_pantalla.\led_mem.\image_2_inst.$auto$proc_rom.cc:150:do_switch$288$rdmux[0][0][0]$a$1426, B=$memory$flatten\core_pantalla.\led_mem.\image_2_inst.$auto$proc_rom.cc:150:do_switch$288$rdmux[0][0][0]$b$1427, Y=$$flatten\core_pantalla.\led_mem.\image_2_inst.$auto$proc_rom.cc:150:do_switch$288$rdreg[0]$d
      New ports: A=$memory$flatten\core_pantalla.\led_mem.\image_2_inst.$auto$proc_rom.cc:150:do_switch$288$rdmux[0][0][0]$a$1426 [0], B=$memory$flatten\core_pantalla.\led_mem.\image_2_inst.$auto$proc_rom.cc:150:do_switch$288$rdmux[0][0][0]$b$1427 [0], Y=$$flatten\core_pantalla.\led_mem.\image_2_inst.$auto$proc_rom.cc:150:do_switch$288$rdreg[0]$d [0]
      New connections: $$flatten\core_pantalla.\led_mem.\image_2_inst.$auto$proc_rom.cc:150:do_switch$288$rdreg[0]$d [8:1] = { $$flatten\core_pantalla.\led_mem.\image_2_inst.$auto$proc_rom.cc:150:do_switch$288$rdreg[0]$d [0] $$flatten\core_pantalla.\led_mem.\image_2_inst.$auto$proc_rom.cc:150:do_switch$288$rdreg[0]$d [0] $$flatten\core_pantalla.\led_mem.\image_2_inst.$auto$proc_rom.cc:150:do_switch$288$rdreg[0]$d [0] $$flatten\core_pantalla.\led_mem.\image_2_inst.$auto$proc_rom.cc:150:do_switch$288$rdreg[0]$d [0] $$flatten\core_pantalla.\led_mem.\image_2_inst.$auto$proc_rom.cc:150:do_switch$288$rdreg[0]$d [0] $$flatten\core_pantalla.\led_mem.\image_2_inst.$auto$proc_rom.cc:150:do_switch$288$rdreg[0]$d [0] $$flatten\core_pantalla.\led_mem.\image_2_inst.$auto$proc_rom.cc:150:do_switch$288$rdreg[0]$d [0] $$flatten\core_pantalla.\led_mem.\image_2_inst.$auto$proc_rom.cc:150:do_switch$288$rdreg[0]$d [0] }
    Consolidated identical input bits for $mux cell $memory$flatten\core_pantalla.\led_mem.\image_1_inst.$auto$proc_rom.cc:150:do_switch$284$rdmux[0][0][0]$1236:
      Old ports: A=$memory$flatten\core_pantalla.\led_mem.\image_1_inst.$auto$proc_rom.cc:150:do_switch$284$rdmux[0][0][0]$a$1237, B=$memory$flatten\core_pantalla.\led_mem.\image_1_inst.$auto$proc_rom.cc:150:do_switch$284$rdmux[0][0][0]$b$1238, Y=$$flatten\core_pantalla.\led_mem.\image_1_inst.$auto$proc_rom.cc:150:do_switch$284$rdreg[0]$d
      New ports: A=$memory$flatten\core_pantalla.\led_mem.\image_1_inst.$auto$proc_rom.cc:150:do_switch$284$rdmux[0][0][0]$a$1237 [0], B=$memory$flatten\core_pantalla.\led_mem.\image_1_inst.$auto$proc_rom.cc:150:do_switch$284$rdmux[0][0][0]$b$1238 [0], Y=$$flatten\core_pantalla.\led_mem.\image_1_inst.$auto$proc_rom.cc:150:do_switch$284$rdreg[0]$d [0]
      New connections: $$flatten\core_pantalla.\led_mem.\image_1_inst.$auto$proc_rom.cc:150:do_switch$284$rdreg[0]$d [6:1] = { $$flatten\core_pantalla.\led_mem.\image_1_inst.$auto$proc_rom.cc:150:do_switch$284$rdreg[0]$d [0] $$flatten\core_pantalla.\led_mem.\image_1_inst.$auto$proc_rom.cc:150:do_switch$284$rdreg[0]$d [0] $$flatten\core_pantalla.\led_mem.\image_1_inst.$auto$proc_rom.cc:150:do_switch$284$rdreg[0]$d [0] $$flatten\core_pantalla.\led_mem.\image_1_inst.$auto$proc_rom.cc:150:do_switch$284$rdreg[0]$d [0] $$flatten\core_pantalla.\led_mem.\image_1_inst.$auto$proc_rom.cc:150:do_switch$284$rdreg[0]$d [0] $$flatten\core_pantalla.\led_mem.\image_1_inst.$auto$proc_rom.cc:150:do_switch$284$rdreg[0]$d [0] }
  Optimizing cells in module \Pantalla.
Performed a total of 105 changes.

21.31.5. Executing OPT_MERGE pass (detect identical cells).
Finding identical cells in module `\Pantalla'.
Removed a total of 70 cells.

21.31.6. Executing OPT_DFF pass (perform DFF optimizations).

21.31.7. Executing OPT_CLEAN pass (remove unused cells and wires).
Finding unused cells or wires in module \Pantalla..
Removed 0 unused cells and 354 unused wires.

21.31.8. Executing OPT_EXPR pass (perform const folding).
Optimizing module Pantalla.

21.31.9. Rerunning OPT passes. (Maybe there is more to do..)

21.31.10. Executing OPT_MUXTREE pass (detect dead branches in mux trees).
Running muxtree optimizer on module \Pantalla..
  Creating internal representation of mux trees.
  Evaluating internal representation of mux trees.
  Analyzing evaluation results.
Removed 0 multiplexer ports.

21.31.11. Executing OPT_REDUCE pass (consolidate $*mux and $reduce_* inputs).
  Optimizing cells in module \Pantalla.
Performed a total of 0 changes.

21.31.12. Executing OPT_MERGE pass (detect identical cells).
Finding identical cells in module `\Pantalla'.
Removed a total of 0 cells.

21.31.13. Executing OPT_DFF pass (perform DFF optimizations).

21.31.14. Executing OPT_CLEAN pass (remove unused cells and wires).
Finding unused cells or wires in module \Pantalla..
Removed 0 unused cells and 2 unused wires.

21.31.15. Executing OPT_EXPR pass (perform const folding).
Optimizing module Pantalla.

21.31.16. Rerunning OPT passes. (Maybe there is more to do..)

21.31.17. Executing OPT_MUXTREE pass (detect dead branches in mux trees).
Running muxtree optimizer on module \Pantalla..
  Creating internal representation of mux trees.
  Evaluating internal representation of mux trees.
  Analyzing evaluation results.
Removed 0 multiplexer ports.

21.31.18. Executing OPT_REDUCE pass (consolidate $*mux and $reduce_* inputs).
  Optimizing cells in module \Pantalla.
Performed a total of 0 changes.

21.31.19. Executing OPT_MERGE pass (detect identical cells).
Finding identical cells in module `\Pantalla'.
Removed a total of 0 cells.

21.31.20. Executing OPT_DFF pass (perform DFF optimizations).

21.31.21. Executing OPT_CLEAN pass (remove unused cells and wires).
Finding unused cells or wires in module \Pantalla..

21.31.22. Executing OPT_EXPR pass (perform const folding).
Optimizing module Pantalla.

21.31.23. Finished OPT passes. (There is nothing left to do.)

21.32. Executing TECHMAP pass (map to technology primitives).

21.32.1. Executing Verilog-2005 frontend: /home/juan-diego/miniconda3/envs/digital/bin/../share/yosys/techmap.v
Parsing Verilog input from `/home/juan-diego/miniconda3/envs/digital/bin/../share/yosys/techmap.v' to AST representation.
Generating RTLIL representation for module `\_90_simplemap_bool_ops'.
Generating RTLIL representation for module `\_90_simplemap_reduce_ops'.
Generating RTLIL representation for module `\_90_simplemap_logic_ops'.
Generating RTLIL representation for module `\_90_simplemap_compare_ops'.
Generating RTLIL representation for module `\_90_simplemap_various'.
Generating RTLIL representation for module `\_90_simplemap_registers'.
Generating RTLIL representation for module `\_90_shift_ops_shr_shl_sshl_sshr'.
Generating RTLIL representation for module `\_90_shift_shiftx'.
Generating RTLIL representation for module `\_90_fa'.
Generating RTLIL representation for module `\_90_lcu'.
Generating RTLIL representation for module `\_90_alu'.
Generating RTLIL representation for module `\_90_macc'.
Generating RTLIL representation for module `\_90_alumacc'.
Generating RTLIL representation for module `\$__div_mod_u'.
Generating RTLIL representation for module `\$__div_mod_trunc'.
Generating RTLIL representation for module `\_90_div'.
Generating RTLIL representation for module `\_90_mod'.
Generating RTLIL representation for module `\$__div_mod_floor'.
Generating RTLIL representation for module `\_90_divfloor'.
Generating RTLIL representation for module `\_90_modfloor'.
Generating RTLIL representation for module `\_90_pow'.
Generating RTLIL representation for module `\_90_pmux'.
Generating RTLIL representation for module `\_90_demux'.
Generating RTLIL representation for module `\_90_lut'.
Successfully finished Verilog frontend.

21.32.2. Executing Verilog-2005 frontend: /home/juan-diego/miniconda3/envs/digital/bin/../share/yosys/ecp5/arith_map.v
Parsing Verilog input from `/home/juan-diego/miniconda3/envs/digital/bin/../share/yosys/ecp5/arith_map.v' to AST representation.
Generating RTLIL representation for module `\_80_ecp5_alu'.
Successfully finished Verilog frontend.

21.32.3. Continuing TECHMAP pass.
Using extmapper simplemap for cells of type $not.
Using extmapper simplemap for cells of type $and.
Using extmapper simplemap for cells of type $mux.
Using template $paramod$c3cd1564c35d873179656addd6052d7ea8b6d991\_80_ecp5_alu for cells of type $alu.
Using template $paramod$6a42b6fefed750f8a1c58eab59479d960557103c\_80_ecp5_alu for cells of type $alu.
Using template $paramod$32a7b7b86c07519b7537abc18e96f0331f97914d\_90_alu for cells of type $alu.
Using extmapper simplemap for cells of type $logic_not.
Using extmapper simplemap for cells of type $logic_and.
Using extmapper simplemap for cells of type $reduce_bool.
Using extmapper simplemap for cells of type $sdffe.
Using extmapper simplemap for cells of type $sdff.
Using extmapper simplemap for cells of type $dff.
Using extmapper simplemap for cells of type $reduce_or.
Using extmapper simplemap for cells of type $eq.
Using extmapper simplemap for cells of type $reduce_and.
Using template $paramod$c85f7f36eaf20b9dfdd10e675753f6620fd8e4e5\_80_ecp5_alu for cells of type $alu.
Using template $paramod$fedb90247e1daaa8b0af86a595f377181f141d27\_90_pmux for cells of type $pmux.
Using template $paramod$d4fbf181fbf74ad2c33c84c81168c20bdbe88f93\_80_ecp5_alu for cells of type $alu.
Using template $paramod$97565c3687be688407d1272a293bd9d0ae6852dc\_90_pmux for cells of type $pmux.
Using extmapper simplemap for cells of type $ne.
Using template $paramod$2f5fb04daf2da94d981bf9455fa4454c6ec8b705\_80_ecp5_alu for cells of type $alu.
Using template $paramod$bb990411fd15fdc1f86721cf4a55c97ef699e08e\_90_pmux for cells of type $pmux.
Using template $paramod$dc04b7d98e503a7bab16fce2df70e6e2c5ca34d6\_80_ecp5_alu for cells of type $alu.
Using extmapper simplemap for cells of type $logic_or.
Using extmapper simplemap for cells of type $xor.
Using extmapper simplemap for cells of type $pos.
Using template $paramod\_90_lcu\WIDTH=32'00000000000000000000000000000100 for cells of type $lcu.
Using extmapper simplemap for cells of type $or.
No more expansions possible.

21.33. Executing OPT pass (performing simple optimizations).

21.33.1. Executing OPT_EXPR pass (perform const folding).
Optimizing module Pantalla.

21.33.2. Executing OPT_MERGE pass (detect identical cells).
Finding identical cells in module `\Pantalla'.
Removed a total of 155 cells.

21.33.3. Executing OPT_DFF pass (perform DFF optimizations).

21.33.4. Executing OPT_CLEAN pass (remove unused cells and wires).
Finding unused cells or wires in module \Pantalla..
Removed 91 unused cells and 592 unused wires.

21.33.5. Finished fast OPT passes.

21.34. Executing OPT_CLEAN pass (remove unused cells and wires).
Finding unused cells or wires in module \Pantalla..

21.35. Executing DFFLEGALIZE pass (convert FFs to types supported by the target).

21.36. Executing TECHMAP pass (map to technology primitives).

21.36.1. Executing Verilog-2005 frontend: /home/juan-diego/miniconda3/envs/digital/bin/../share/yosys/ecp5/cells_map.v
Parsing Verilog input from `/home/juan-diego/miniconda3/envs/digital/bin/../share/yosys/ecp5/cells_map.v' to AST representation.
Generating RTLIL representation for module `\$_DFF_N_'.
Generating RTLIL representation for module `\$_DFF_P_'.
Generating RTLIL representation for module `\$_DFFE_NN_'.
Generating RTLIL representation for module `\$_DFFE_PN_'.
Generating RTLIL representation for module `\$_DFFE_NP_'.
Generating RTLIL representation for module `\$_DFFE_PP_'.
Generating RTLIL representation for module `\$_DFF_NP0_'.
Generating RTLIL representation for module `\$_DFF_NP1_'.
Generating RTLIL representation for module `\$_DFF_PP0_'.
Generating RTLIL representation for module `\$_DFF_PP1_'.
Generating RTLIL representation for module `\$_SDFF_NP0_'.
Generating RTLIL representation for module `\$_SDFF_NP1_'.
Generating RTLIL representation for module `\$_SDFF_PP0_'.
Generating RTLIL representation for module `\$_SDFF_PP1_'.
Generating RTLIL representation for module `\$_DFFE_NP0P_'.
Generating RTLIL representation for module `\$_DFFE_NP1P_'.
Generating RTLIL representation for module `\$_DFFE_PP0P_'.
Generating RTLIL representation for module `\$_DFFE_PP1P_'.
Generating RTLIL representation for module `\$_DFFE_NP0N_'.
Generating RTLIL representation for module `\$_DFFE_NP1N_'.
Generating RTLIL representation for module `\$_DFFE_PP0N_'.
Generating RTLIL representation for module `\$_DFFE_PP1N_'.
Generating RTLIL representation for module `\$_SDFFE_NP0P_'.
Generating RTLIL representation for module `\$_SDFFE_NP1P_'.
Generating RTLIL representation for module `\$_SDFFE_PP0P_'.
Generating RTLIL representation for module `\$_SDFFE_PP1P_'.
Generating RTLIL representation for module `\$_SDFFE_NP0N_'.
Generating RTLIL representation for module `\$_SDFFE_NP1N_'.
Generating RTLIL representation for module `\$_SDFFE_PP0N_'.
Generating RTLIL representation for module `\$_SDFFE_PP1N_'.
Generating RTLIL representation for module `\$_ALDFF_NP_'.
Generating RTLIL representation for module `\$_ALDFF_PP_'.
Generating RTLIL representation for module `\$_ALDFFE_NPN_'.
Generating RTLIL representation for module `\$_ALDFFE_NPP_'.
Generating RTLIL representation for module `\$_ALDFFE_PPN_'.
Generating RTLIL representation for module `\$_ALDFFE_PPP_'.
Generating RTLIL representation for module `\FD1P3AX'.
Generating RTLIL representation for module `\FD1P3AY'.
Generating RTLIL representation for module `\FD1P3BX'.
Generating RTLIL representation for module `\FD1P3DX'.
Generating RTLIL representation for module `\FD1P3IX'.
Generating RTLIL representation for module `\FD1P3JX'.
Generating RTLIL representation for module `\FD1S3AX'.
Generating RTLIL representation for module `\FD1S3AY'.
Generating RTLIL representation for module `\FD1S3BX'.
Generating RTLIL representation for module `\FD1S3DX'.
Generating RTLIL representation for module `\FD1S3IX'.
Generating RTLIL representation for module `\FD1S3JX'.
Generating RTLIL representation for module `\IFS1P3BX'.
Generating RTLIL representation for module `\IFS1P3DX'.
Generating RTLIL representation for module `\IFS1P3IX'.
Generating RTLIL representation for module `\IFS1P3JX'.
Generating RTLIL representation for module `\OFS1P3BX'.
Generating RTLIL representation for module `\OFS1P3DX'.
Generating RTLIL representation for module `\OFS1P3IX'.
Generating RTLIL representation for module `\OFS1P3JX'.
Generating RTLIL representation for module `\IB'.
Generating RTLIL representation for module `\IBPU'.
Generating RTLIL representation for module `\IBPD'.
Generating RTLIL representation for module `\OB'.
Generating RTLIL representation for module `\OBZ'.
Generating RTLIL representation for module `\OBZPU'.
Generating RTLIL representation for module `\OBZPD'.
Generating RTLIL representation for module `\OBCO'.
Generating RTLIL representation for module `\BB'.
Generating RTLIL representation for module `\BBPU'.
Generating RTLIL representation for module `\BBPD'.
Generating RTLIL representation for module `\ILVDS'.
Generating RTLIL representation for module `\OLVDS'.
Successfully finished Verilog frontend.

21.36.2. Continuing TECHMAP pass.
Using template \$_SDFFE_PP0P_ for cells of type $_SDFFE_PP0P_.
Using template $paramod\$_DFF_P_\_TECHMAP_WIREINIT_Q_=1'x for cells of type $_DFF_P_.
Using template \$_SDFF_PP0_ for cells of type $_SDFF_PP0_.
Using template $paramod\$_DFF_P_\_TECHMAP_WIREINIT_Q_=1'0 for cells of type $_DFF_P_.
No more expansions possible.

21.37. Executing OPT_EXPR pass (perform const folding).
Optimizing module Pantalla.

21.38. Executing SIMPLEMAP pass (map simple cells to gate primitives).

21.39. Executing LATTICE_GSR pass (implement FF init values).
Handling GSR in Pantalla.

21.40. Executing ATTRMVCP pass (move or copy attributes).

21.41. Executing OPT_CLEAN pass (remove unused cells and wires).
Finding unused cells or wires in module \Pantalla..
Removed 0 unused cells and 682 unused wires.

21.42. Executing TECHMAP pass (map to technology primitives).

21.42.1. Executing Verilog-2005 frontend: /home/juan-diego/miniconda3/envs/digital/bin/../share/yosys/ecp5/latches_map.v
Parsing Verilog input from `/home/juan-diego/miniconda3/envs/digital/bin/../share/yosys/ecp5/latches_map.v' to AST representation.
Generating RTLIL representation for module `\$_DLATCH_N_'.
Generating RTLIL representation for module `\$_DLATCH_P_'.
Successfully finished Verilog frontend.

21.42.2. Continuing TECHMAP pass.
No more expansions possible.

21.43. Executing ABC pass (technology mapping using ABC).

21.43.1. Extracting gate netlist of module `\Pantalla' to `<abc-temp-dir>/input.blif'..
Extracted 387 gates and 564 wires to a netlist network with 175 inputs and 110 outputs.

21.43.1.1. Executing ABC.
Running ABC command: "<yosys-exe-dir>/yosys-abc" -s -f <abc-temp-dir>/abc.script 2>&1
ABC: ABC command line: "source <abc-temp-dir>/abc.script".
ABC: 
ABC: + read_blif <abc-temp-dir>/input.blif 
ABC: + read_lut <abc-temp-dir>/lutdefs.txt 
ABC: + strash 
ABC: + &get -n 
ABC: + &fraig -x 
ABC: + &put 
ABC: + scorr 
ABC: Warning: The network is combinational (run "fraig" or "fraig_sweep").
ABC: + dc2 
ABC: + dretime 
ABC: + strash 
ABC: + dch -f 
ABC: + if 
ABC: + mfs2 
ABC: + dress <abc-temp-dir>/input.blif 
ABC: Total number of equiv classes                =     131.
ABC: Participating nodes from both networks       =     285.
ABC: Participating nodes from the first network   =     130. (  85.53 % of nodes)
ABC: Participating nodes from the second network  =     155. ( 101.97 % of nodes)
ABC: Node pairs (any polarity)                    =     130. (  85.53 % of names can be moved)
ABC: Node pairs (same polarity)                   =     127. (  83.55 % of names can be moved)
ABC: Total runtime =     0.06 sec
ABC: + write_blif <abc-temp-dir>/output.blif 

21.43.1.2. Re-integrating ABC results.
ABC RESULTS:              $lut cells:      151
ABC RESULTS:        internal signals:      279
ABC RESULTS:           input signals:      175
ABC RESULTS:          output signals:      110
Removing temp directory.
Removed 0 unused cells and 385 unused wires.

21.44. Executing TECHMAP pass (map to technology primitives).

21.44.1. Executing Verilog-2005 frontend: /home/juan-diego/miniconda3/envs/digital/bin/../share/yosys/ecp5/cells_map.v
Parsing Verilog input from `/home/juan-diego/miniconda3/envs/digital/bin/../share/yosys/ecp5/cells_map.v' to AST representation.
Generating RTLIL representation for module `\$_DFF_N_'.
Generating RTLIL representation for module `\$_DFF_P_'.
Generating RTLIL representation for module `\$_DFFE_NN_'.
Generating RTLIL representation for module `\$_DFFE_PN_'.
Generating RTLIL representation for module `\$_DFFE_NP_'.
Generating RTLIL representation for module `\$_DFFE_PP_'.
Generating RTLIL representation for module `\$_DFF_NP0_'.
Generating RTLIL representation for module `\$_DFF_NP1_'.
Generating RTLIL representation for module `\$_DFF_PP0_'.
Generating RTLIL representation for module `\$_DFF_PP1_'.
Generating RTLIL representation for module `\$_SDFF_NP0_'.
Generating RTLIL representation for module `\$_SDFF_NP1_'.
Generating RTLIL representation for module `\$_SDFF_PP0_'.
Generating RTLIL representation for module `\$_SDFF_PP1_'.
Generating RTLIL representation for module `\$_DFFE_NP0P_'.
Generating RTLIL representation for module `\$_DFFE_NP1P_'.
Generating RTLIL representation for module `\$_DFFE_PP0P_'.
Generating RTLIL representation for module `\$_DFFE_PP1P_'.
Generating RTLIL representation for module `\$_DFFE_NP0N_'.
Generating RTLIL representation for module `\$_DFFE_NP1N_'.
Generating RTLIL representation for module `\$_DFFE_PP0N_'.
Generating RTLIL representation for module `\$_DFFE_PP1N_'.
Generating RTLIL representation for module `\$_SDFFE_NP0P_'.
Generating RTLIL representation for module `\$_SDFFE_NP1P_'.
Generating RTLIL representation for module `\$_SDFFE_PP0P_'.
Generating RTLIL representation for module `\$_SDFFE_PP1P_'.
Generating RTLIL representation for module `\$_SDFFE_NP0N_'.
Generating RTLIL representation for module `\$_SDFFE_NP1N_'.
Generating RTLIL representation for module `\$_SDFFE_PP0N_'.
Generating RTLIL representation for module `\$_SDFFE_PP1N_'.
Generating RTLIL representation for module `\$_ALDFF_NP_'.
Generating RTLIL representation for module `\$_ALDFF_PP_'.
Generating RTLIL representation for module `\$_ALDFFE_NPN_'.
Generating RTLIL representation for module `\$_ALDFFE_NPP_'.
Generating RTLIL representation for module `\$_ALDFFE_PPN_'.
Generating RTLIL representation for module `\$_ALDFFE_PPP_'.
Generating RTLIL representation for module `\FD1P3AX'.
Generating RTLIL representation for module `\FD1P3AY'.
Generating RTLIL representation for module `\FD1P3BX'.
Generating RTLIL representation for module `\FD1P3DX'.
Generating RTLIL representation for module `\FD1P3IX'.
Generating RTLIL representation for module `\FD1P3JX'.
Generating RTLIL representation for module `\FD1S3AX'.
Generating RTLIL representation for module `\FD1S3AY'.
Generating RTLIL representation for module `\FD1S3BX'.
Generating RTLIL representation for module `\FD1S3DX'.
Generating RTLIL representation for module `\FD1S3IX'.
Generating RTLIL representation for module `\FD1S3JX'.
Generating RTLIL representation for module `\IFS1P3BX'.
Generating RTLIL representation for module `\IFS1P3DX'.
Generating RTLIL representation for module `\IFS1P3IX'.
Generating RTLIL representation for module `\IFS1P3JX'.
Generating RTLIL representation for module `\OFS1P3BX'.
Generating RTLIL representation for module `\OFS1P3DX'.
Generating RTLIL representation for module `\OFS1P3IX'.
Generating RTLIL representation for module `\OFS1P3JX'.
Generating RTLIL representation for module `\IB'.
Generating RTLIL representation for module `\IBPU'.
Generating RTLIL representation for module `\IBPD'.
Generating RTLIL representation for module `\OB'.
Generating RTLIL representation for module `\OBZ'.
Generating RTLIL representation for module `\OBZPU'.
Generating RTLIL representation for module `\OBZPD'.
Generating RTLIL representation for module `\OBCO'.
Generating RTLIL representation for module `\BB'.
Generating RTLIL representation for module `\BBPU'.
Generating RTLIL representation for module `\BBPD'.
Generating RTLIL representation for module `\ILVDS'.
Generating RTLIL representation for module `\OLVDS'.
Generating RTLIL representation for module `\$lut'.
Successfully finished Verilog frontend.

21.44.2. Continuing TECHMAP pass.
Using template $paramod\$lut\WIDTH=32'00000000000000000000000000000010\LUT=4'1110 for cells of type $lut.
Using template $paramod$6e238df02989b317f10820a22773676e71120644\$lut for cells of type $lut.
Using template $paramod$eba7de026ff587370e320127e266317dae097a89\$lut for cells of type $lut.
Using template $paramod$8d5273be6d4e381fb086b65222b8fc0ea5ac2206\$lut for cells of type $lut.
Using template $paramod$2d07c1a6c53c7b878509360922c4fa5ebedc3011\$lut for cells of type $lut.
Using template $paramod\$lut\WIDTH=32'00000000000000000000000000000010\LUT=4'0100 for cells of type $lut.
Using template $paramod$7bb6a37e65823eeb4b38c370fec30ab082759a14\$lut for cells of type $lut.
Using template $paramod$658b9ed803f0d3d335616d3858b53e0a2522f1e8\$lut for cells of type $lut.
Using template $paramod\$lut\WIDTH=32'00000000000000000000000000000011\LUT=8'01000000 for cells of type $lut.
Using template $paramod\$lut\WIDTH=32'00000000000000000000000000000010\LUT=4'0001 for cells of type $lut.
Using template $paramod\$lut\WIDTH=32'00000000000000000000000000000010\LUT=4'1011 for cells of type $lut.
Using template $paramod$571404c0889eaf57f492cb5e37f8acb5df5852f9\$lut for cells of type $lut.
Using template $paramod$6d6beead1425af15cf78b27fd9b11b41b5d4bce8\$lut for cells of type $lut.
Using template $paramod$bba54c1ef87367812b4c15f4aed5ac70773df775\$lut for cells of type $lut.
Using template $paramod\$lut\WIDTH=32'00000000000000000000000000000011\LUT=8'11001010 for cells of type $lut.
Using template $paramod\$lut\WIDTH=32'00000000000000000000000000000010\LUT=4'1000 for cells of type $lut.
Using template $paramod$c213cbfa3df2a7db216074f2b4422dde17e95b9f\$lut for cells of type $lut.
Using template $paramod\$lut\WIDTH=32'00000000000000000000000000000011\LUT=8'01011100 for cells of type $lut.
Using template $paramod$272652f6c6fbe9a75eff76e45cc7e2788835518b\$lut for cells of type $lut.
Using template $paramod\$lut\WIDTH=32'00000000000000000000000000000011\LUT=8'11110100 for cells of type $lut.
Using template $paramod$d6cf0a4b6f6ccd87588da28c41b5b6c258da2509\$lut for cells of type $lut.
Using template $paramod\$lut\WIDTH=32'00000000000000000000000000000001\LUT=2'01 for cells of type $lut.
Using template $paramod$8b09f347504cfc0d3d65fbb4601497936543b1b3\$lut for cells of type $lut.
Using template $paramod$49eb50c63a5b5355fa8408239eeac288f1d9f4c3\$lut for cells of type $lut.
Using template $paramod$70ebb6cf5bc7d63c5c1a98ccefefa2af79e8f2a9\$lut for cells of type $lut.
Using template $paramod$973818279bc95792902f3c09371fd2407d04a2a5\$lut for cells of type $lut.
Using template $paramod\$lut\WIDTH=32'00000000000000000000000000000011\LUT=8'00010000 for cells of type $lut.
Using template $paramod$251994398653c4cf8de320f1e306e535d5d2d624\$lut for cells of type $lut.
Using template $paramod$2ea69c779d6c1b79ac5a87b0d1523c67d5628dba\$lut for cells of type $lut.
Using template $paramod$ad823946862e656cf7f96d606b18b8f972dc6d6c\$lut for cells of type $lut.
Using template $paramod\$lut\WIDTH=32'00000000000000000000000000000010\LUT=4'0111 for cells of type $lut.
Using template $paramod$511125d930570405cc5e39c7f11b823fbc41a1e6\$lut for cells of type $lut.
Using template $paramod$a3da782fc5eb38bf323aadc23266b394f1577c84\$lut for cells of type $lut.
Using template $paramod$f9b715fbf1040e81e900b2461c2390d17ed5e988\$lut for cells of type $lut.
Using template $paramod\$lut\WIDTH=32'00000000000000000000000000000011\LUT=8'11111110 for cells of type $lut.
Using template $paramod$b297295e19b03521716155b85537bbe86d6a9ae6\$lut for cells of type $lut.
Using template $paramod$b4f15f202f50520dbc381cd0880ac94f830f05a8\$lut for cells of type $lut.
Using template $paramod$c93979aa75e0c3a19087ab15b509a110c64f6afe\$lut for cells of type $lut.
Using template $paramod\$lut\WIDTH=32'00000000000000000000000000000011\LUT=8'01100000 for cells of type $lut.
Using template $paramod$7d3cbfc289ec00e0691f33de08826f2254fca668\$lut for cells of type $lut.
Using template $paramod$3ddfed13842f8a8ba1ab7e7b6c1a8374850a0eba\$lut for cells of type $lut.
Using template $paramod$5312400ed22cdc3c6b6951f619e09d121124c527\$lut for cells of type $lut.
Using template $paramod\$lut\WIDTH=32'00000000000000000000000000000011\LUT=8'11101011 for cells of type $lut.
Using template $paramod$30e1ac1183d91190b531bad571bf822d64fb1abf\$lut for cells of type $lut.
Using template $paramod$70b43c7b418942eb8bff82ba1f898deaa4b7a977\$lut for cells of type $lut.
Using template $paramod\$lut\WIDTH=32'00000000000000000000000000000011\LUT=8'11010000 for cells of type $lut.
No more expansions possible.

21.45. Executing OPT_LUT_INS pass (discard unused LUT inputs).
Optimizing LUTs in Pantalla.
  Optimizing lut $abc$3918$auto$blifparse.cc:525:parse_blif$4012.genblk1.genblk1.genblk1.genblk1.genblk1.genblk1.lut1 (4 -> 1)
  Optimizing lut $abc$3918$auto$blifparse.cc:525:parse_blif$4012.genblk1.genblk1.genblk1.genblk1.genblk1.genblk1.lut2 (4 -> 1)
  Optimizing lut $abc$3918$auto$blifparse.cc:525:parse_blif$4021.genblk1.genblk1.genblk1.genblk1.genblk1.genblk1.lut2 (4 -> 3)
  Optimizing lut $abc$3918$auto$blifparse.cc:525:parse_blif$4021.genblk1.genblk1.genblk1.genblk1.genblk1.genblk1.lut3 (4 -> 3)
  Optimizing lut $abc$3918$auto$blifparse.cc:525:parse_blif$4006.genblk1.genblk1.genblk1.genblk1.genblk1.genblk1.lut1 (4 -> 1)
  Optimizing lut $abc$3918$auto$blifparse.cc:525:parse_blif$4006.genblk1.genblk1.genblk1.genblk1.genblk1.genblk1.lut2 (4 -> 1)
  Optimizing lut $abc$3918$auto$blifparse.cc:525:parse_blif$4010.genblk1.genblk1.genblk1.genblk1.genblk1.genblk1.lut2 (4 -> 1)
  Optimizing lut $abc$3918$auto$blifparse.cc:525:parse_blif$4008.genblk1.genblk1.genblk1.genblk1.genblk1.genblk1.lut2 (4 -> 1)
  Optimizing lut $abc$3918$auto$blifparse.cc:525:parse_blif$3947.genblk1.genblk1.genblk1.genblk1.genblk1.genblk1.lut2 (4 -> 0)
  Optimizing lut $abc$3918$auto$blifparse.cc:525:parse_blif$3947.genblk1.genblk1.genblk1.genblk1.genblk1.genblk1.lut3 (4 -> 0)
  Optimizing lut $abc$3918$auto$blifparse.cc:525:parse_blif$3934.genblk1.genblk1.genblk1.genblk1.genblk1.genblk1.lut2 (4 -> 0)
  Optimizing lut $abc$3918$auto$blifparse.cc:525:parse_blif$3926.genblk1.genblk1.genblk1.genblk1.genblk1.lut0 (4 -> 0)
  Optimizing lut $abc$3918$auto$blifparse.cc:525:parse_blif$3932.genblk1.genblk1.genblk1.genblk1.genblk1.lut0 (4 -> 0)
  Optimizing lut $abc$3918$auto$blifparse.cc:525:parse_blif$3934.genblk1.genblk1.genblk1.genblk1.genblk1.genblk1.lut1 (4 -> 0)
  Optimizing lut $abc$3918$auto$blifparse.cc:525:parse_blif$3925.genblk1.genblk1.genblk1.genblk1.genblk1.lut1 (4 -> 0)
  Optimizing lut $abc$3918$auto$blifparse.cc:525:parse_blif$3943.genblk1.genblk1.genblk1.genblk1.genblk1.lut1 (4 -> 0)
  Optimizing lut $abc$3918$auto$blifparse.cc:525:parse_blif$3947.genblk1.genblk1.genblk1.genblk1.genblk1.genblk1.lut0 (4 -> 0)
  Optimizing lut $abc$3918$auto$blifparse.cc:525:parse_blif$3945.genblk1.genblk1.genblk1.genblk1.genblk1.lut1 (4 -> 0)
  Optimizing lut $abc$3918$auto$blifparse.cc:525:parse_blif$3953.genblk1.genblk1.genblk1.genblk1.genblk1.lut1 (4 -> 0)
  Optimizing lut $abc$3918$auto$blifparse.cc:525:parse_blif$3998.genblk1.genblk1.genblk1.genblk1.genblk1.lut0 (4 -> 1)
  Optimizing lut $abc$3918$auto$blifparse.cc:525:parse_blif$4001.genblk1.genblk1.genblk1.genblk1.genblk1.lut0 (4 -> 1)
  Optimizing lut $abc$3918$auto$blifparse.cc:525:parse_blif$4005.genblk1.genblk1.genblk1.genblk1.genblk1.lut0 (4 -> 0)
  Optimizing lut $abc$3918$auto$blifparse.cc:525:parse_blif$4006.genblk1.genblk1.genblk1.genblk1.genblk1.genblk1.lut0 (4 -> 1)
  Optimizing lut $abc$3918$auto$blifparse.cc:525:parse_blif$4010.genblk1.genblk1.genblk1.genblk1.genblk1.genblk1.lut1 (4 -> 1)
  Optimizing lut $abc$3918$auto$blifparse.cc:525:parse_blif$4008.genblk1.genblk1.genblk1.genblk1.genblk1.genblk1.lut0 (4 -> 1)
  Optimizing lut $abc$3918$auto$blifparse.cc:525:parse_blif$4010.genblk1.genblk1.genblk1.genblk1.genblk1.genblk1.lut0 (4 -> 1)
  Optimizing lut $abc$3918$auto$blifparse.cc:525:parse_blif$4012.genblk1.genblk1.genblk1.genblk1.genblk1.genblk1.lut0 (4 -> 1)
  Optimizing lut $abc$3918$auto$blifparse.cc:525:parse_blif$4008.genblk1.genblk1.genblk1.genblk1.genblk1.genblk1.lut1 (4 -> 1)
  Optimizing lut $abc$3918$auto$blifparse.cc:525:parse_blif$4032.genblk1.genblk1.genblk1.genblk1.genblk1.lut0 (4 -> 0)
Removed 0 unused cells and 322 unused wires.

21.46. Executing AUTONAME pass.
Renamed 4474 objects in module Pantalla (48 iterations).

21.47. Executing HIERARCHY pass (managing design hierarchy).

21.47.1. Analyzing design hierarchy..
Top module:  \Pantalla

21.47.2. Analyzing design hierarchy..
Top module:  \Pantalla
Removed 0 unused modules.

21.48. Printing statistics.

=== Pantalla ===

   Number of wires:                348
   Number of wire bits:           1280
   Number of public wires:         348
   Number of public wire bits:    1280
   Number of memories:               0
   Number of memory bits:            0
   Number of processes:              0
   Number of cells:                398
     CCU2C                          51
     L6MUX21                         9
     LUT4                          187
     PFUMX                          28
     TRELLIS_FF                    123

21.49. Executing CHECK pass (checking for obvious problems).
Checking module Pantalla...
Found and reported 0 problems.

22. Executing JSON backend.

End of script. Logfile hash: d21e4dfacd, CPU: user 1.35s system 0.05s, MEM: 38.66 MB peak
Yosys 0.33+6 (git sha1 41b34a193, x86_64-conda-linux-gnu-cc 11.2.0 -fvisibility-inlines-hidden -fmessage-length=0 -march=nocona -mtune=haswell -ftree-vectorize -fPIC -fstack-protector-strong -fno-plt -O2 -ffunction-sections -fdebug-prefix-map=/root/conda-eda/conda-eda/workdir/conda-env/conda-bld/yosys_1694128612374/work=/usr/local/src/conda/yosys-0.33_7_g41b34a193 -fdebug-prefix-map=/home/juan-diego/miniconda3/envs/digital=/usr/local/src/conda-prefix -fPIC -Os -fno-merge-constants)
Time spent: 26% 33x read_verilog (0 sec), 18% 7x techmap (0 sec), ...
