
 /----------------------------------------------------------------------------\
 |                                                                            |
 |  yosys -- Yosys Open SYnthesis Suite                                       |
 |                                                                            |
 |  Copyright (C) 2012 - 2020  Claire Xenia Wolf <claire@yosyshq.com>         |
 |                                                                            |
 |  Permission to use, copy, modify, and/or distribute this software for any  |
 |  purpose with or without fee is hereby granted, provided that the above    |
 |  copyright notice and this permission notice appear in all copies.         |
 |                                                                            |
 |  THE SOFTWARE IS PROVIDED "AS IS" AND THE AUTHOR DISCLAIMS ALL WARRANTIES  |
 |  WITH REGARD TO THIS SOFTWARE INCLUDING ALL IMPLIED WARRANTIES OF          |
 |  MERCHANTABILITY AND FITNESS. IN NO EVENT SHALL THE AUTHOR BE LIABLE FOR   |
 |  ANY SPECIAL, DIRECT, INDIRECT, OR CONSEQUENTIAL DAMAGES OR ANY DAMAGES    |
 |  WHATSOEVER RESULTING FROM LOSS OF USE, DATA OR PROFITS, WHETHER IN AN     |
 |  ACTION OF CONTRACT, NEGLIGENCE OR OTHER TORTIOUS ACTION, ARISING OUT OF   |
 |  OR IN CONNECTION WITH THE USE OR PERFORMANCE OF THIS SOFTWARE.            |
 |                                                                            |
 \----------------------------------------------------------------------------/

 Yosys 0.33+6 (git sha1 41b34a193, x86_64-conda-linux-gnu-cc 11.2.0 -fvisibility-inlines-hidden -fmessage-length=0 -march=nocona -mtune=haswell -ftree-vectorize -fPIC -fstack-protector-strong -fno-plt -O2 -ffunction-sections -fdebug-prefix-map=/root/conda-eda/conda-eda/workdir/conda-env/conda-bld/yosys_1694128612374/work=/usr/local/src/conda/yosys-0.33_7_g41b34a193 -fdebug-prefix-map=/home/juan-diego/miniconda3/envs/digital=/usr/local/src/conda-prefix -fPIC -Os -fno-merge-constants)


-- Running command `verilog_defaults -push; verilog_defaults -add -defer; read_verilog -formal SOC.v cores/bram/bram.v cores/cpu/femtorv32_quark.v cores/uart/perip_uart.v cores/uart/uart.v cores/Multiplicador/A_long_Multiplicador.v cores/Multiplicador/Acumulador_Multiplicador.v cores/Multiplicador/B_long_Multiplicador.v cores/Multiplicador/Contador_Multiplicador.v cores/Multiplicador/Control_Multiplicador.v cores/Multiplicador/Periferico_Multiplicador.v cores/Multiplicador/TOP_Multiplicador.v cores/Divisor/Contador_Divisor.v cores/Divisor/Control_Divisor.v cores/Divisor/Corregir_Divisor.v cores/Divisor/Periferico_Divisor.v cores/Divisor/RegistroA_Divisor.v cores/Divisor/RegistroDV_Divisor.v cores/Divisor/Sumador_Divisor.v cores/Divisor/Top_Divisor.v cores/raiz/CONTROL_RAIZ.v cores/raiz/COUNT_RAIZ.v cores/raiz/LSR_A_RAIZ.v cores/raiz/LSR_R_RAIZ.v cores/raiz/LSR_TMP_RAIZ.v cores/raiz/Periferico_raiz.v cores/raiz/RAIZ.v cores/raiz/SUM_C2_RAIZ.v cores/Binario_BCD/Contador_Binario_BCD.v cores/Binario_BCD/Control_Binario_BCD.v cores/Binario_BCD/LSR_Binario_BCD.v cores/Binario_BCD/Periferico_Binario_BCD.v cores/Binario_BCD/Sumador_Binario_BCD.v cores/Binario_BCD/Top_Binario_BCD.v cores/BCD_Binario/Contador_BCD_Binario.v cores/BCD_Binario/Control_BCD_Binario.v cores/BCD_Binario/Periferico_BCD_Binario.v cores/BCD_Binario/RSR_BCD_Binario.v cores/BCD_Binario/Sumador_BCD_Binario.v cores/BCD_Binario/Top_BCD_Binario.v; verilog_defaults -pop; attrmap -tocase keep -imap keep="true" keep=1 -imap keep="false" keep=0 -remove keep=0; synth_ecp5 -top SOC; write_json build/SOC_i9.json' --

1. Executing Verilog-2005 frontend: SOC.v
Parsing formal Verilog input from `SOC.v' to AST representation.
Storing AST representation for module `$abstract\SOC'.
Successfully finished Verilog frontend.

2. Executing Verilog-2005 frontend: cores/bram/bram.v
Parsing formal Verilog input from `cores/bram/bram.v' to AST representation.
Storing AST representation for module `$abstract\bram'.
Successfully finished Verilog frontend.

3. Executing Verilog-2005 frontend: cores/cpu/femtorv32_quark.v
Parsing formal Verilog input from `cores/cpu/femtorv32_quark.v' to AST representation.
Storing AST representation for module `$abstract\FemtoRV32'.
Storing AST representation for module `$abstract\Memory'.
Successfully finished Verilog frontend.

4. Executing Verilog-2005 frontend: cores/uart/perip_uart.v
Parsing formal Verilog input from `cores/uart/perip_uart.v' to AST representation.
Storing AST representation for module `$abstract\peripheral_uart'.
Successfully finished Verilog frontend.

5. Executing Verilog-2005 frontend: cores/uart/uart.v
Parsing formal Verilog input from `cores/uart/uart.v' to AST representation.
Storing AST representation for module `$abstract\uart'.
Successfully finished Verilog frontend.

6. Executing Verilog-2005 frontend: cores/Multiplicador/A_long_Multiplicador.v
Parsing formal Verilog input from `cores/Multiplicador/A_long_Multiplicador.v' to AST representation.
Storing AST representation for module `$abstract\A_long_Multiplicador'.
Successfully finished Verilog frontend.

7. Executing Verilog-2005 frontend: cores/Multiplicador/Acumulador_Multiplicador.v
Parsing formal Verilog input from `cores/Multiplicador/Acumulador_Multiplicador.v' to AST representation.
Storing AST representation for module `$abstract\Acumulador_Multiplicador'.
Successfully finished Verilog frontend.

8. Executing Verilog-2005 frontend: cores/Multiplicador/B_long_Multiplicador.v
Parsing formal Verilog input from `cores/Multiplicador/B_long_Multiplicador.v' to AST representation.
Storing AST representation for module `$abstract\B_long_Multiplicador'.
Successfully finished Verilog frontend.

9. Executing Verilog-2005 frontend: cores/Multiplicador/Contador_Multiplicador.v
Parsing formal Verilog input from `cores/Multiplicador/Contador_Multiplicador.v' to AST representation.
Storing AST representation for module `$abstract\contador_Multiplicador'.
Successfully finished Verilog frontend.

10. Executing Verilog-2005 frontend: cores/Multiplicador/Control_Multiplicador.v
Parsing formal Verilog input from `cores/Multiplicador/Control_Multiplicador.v' to AST representation.
Storing AST representation for module `$abstract\Control_Multiplicador'.
Successfully finished Verilog frontend.

11. Executing Verilog-2005 frontend: cores/Multiplicador/Periferico_Multiplicador.v
Parsing formal Verilog input from `cores/Multiplicador/Periferico_Multiplicador.v' to AST representation.
Storing AST representation for module `$abstract\Periferico_Multiplicador'.
Successfully finished Verilog frontend.

12. Executing Verilog-2005 frontend: cores/Multiplicador/TOP_Multiplicador.v
Parsing formal Verilog input from `cores/Multiplicador/TOP_Multiplicador.v' to AST representation.
Storing AST representation for module `$abstract\TOP_Multiplicador'.
Successfully finished Verilog frontend.

13. Executing Verilog-2005 frontend: cores/Divisor/Contador_Divisor.v
Parsing formal Verilog input from `cores/Divisor/Contador_Divisor.v' to AST representation.
Storing AST representation for module `$abstract\Contador_Divisor'.
Successfully finished Verilog frontend.

14. Executing Verilog-2005 frontend: cores/Divisor/Control_Divisor.v
Parsing formal Verilog input from `cores/Divisor/Control_Divisor.v' to AST representation.
Storing AST representation for module `$abstract\Control_Divisor'.
Successfully finished Verilog frontend.

15. Executing Verilog-2005 frontend: cores/Divisor/Corregir_Divisor.v
Parsing formal Verilog input from `cores/Divisor/Corregir_Divisor.v' to AST representation.
Storing AST representation for module `$abstract\Corregir_Signos'.
Successfully finished Verilog frontend.

16. Executing Verilog-2005 frontend: cores/Divisor/Periferico_Divisor.v
Parsing formal Verilog input from `cores/Divisor/Periferico_Divisor.v' to AST representation.
Storing AST representation for module `$abstract\Periferico_Divisor'.
Successfully finished Verilog frontend.

17. Executing Verilog-2005 frontend: cores/Divisor/RegistroA_Divisor.v
Parsing formal Verilog input from `cores/Divisor/RegistroA_Divisor.v' to AST representation.
Storing AST representation for module `$abstract\Registro_A'.
Successfully finished Verilog frontend.

18. Executing Verilog-2005 frontend: cores/Divisor/RegistroDV_Divisor.v
Parsing formal Verilog input from `cores/Divisor/RegistroDV_Divisor.v' to AST representation.
Storing AST representation for module `$abstract\Registro_DV'.
Successfully finished Verilog frontend.

19. Executing Verilog-2005 frontend: cores/Divisor/Sumador_Divisor.v
Parsing formal Verilog input from `cores/Divisor/Sumador_Divisor.v' to AST representation.
Storing AST representation for module `$abstract\Sumador_Divisor'.
Successfully finished Verilog frontend.

20. Executing Verilog-2005 frontend: cores/Divisor/Top_Divisor.v
Parsing formal Verilog input from `cores/Divisor/Top_Divisor.v' to AST representation.
Storing AST representation for module `$abstract\Divisor_Top'.
Successfully finished Verilog frontend.

21. Executing Verilog-2005 frontend: cores/raiz/CONTROL_RAIZ.v
Parsing formal Verilog input from `cores/raiz/CONTROL_RAIZ.v' to AST representation.
Storing AST representation for module `$abstract\CONTROL_RAIZ'.
Successfully finished Verilog frontend.

22. Executing Verilog-2005 frontend: cores/raiz/COUNT_RAIZ.v
Parsing formal Verilog input from `cores/raiz/COUNT_RAIZ.v' to AST representation.
Storing AST representation for module `$abstract\COUNT_RAIZ'.
Successfully finished Verilog frontend.

23. Executing Verilog-2005 frontend: cores/raiz/LSR_A_RAIZ.v
Parsing formal Verilog input from `cores/raiz/LSR_A_RAIZ.v' to AST representation.
Storing AST representation for module `$abstract\LSR_A_RAIZ'.
Successfully finished Verilog frontend.

24. Executing Verilog-2005 frontend: cores/raiz/LSR_R_RAIZ.v
Parsing formal Verilog input from `cores/raiz/LSR_R_RAIZ.v' to AST representation.
Storing AST representation for module `$abstract\LSR_R_RAIZ'.
Successfully finished Verilog frontend.

25. Executing Verilog-2005 frontend: cores/raiz/LSR_TMP_RAIZ.v
Parsing formal Verilog input from `cores/raiz/LSR_TMP_RAIZ.v' to AST representation.
Storing AST representation for module `$abstract\LSR_TMP_RAIZ'.
Successfully finished Verilog frontend.

26. Executing Verilog-2005 frontend: cores/raiz/Periferico_raiz.v
Parsing formal Verilog input from `cores/raiz/Periferico_raiz.v' to AST representation.
Storing AST representation for module `$abstract\Periferico_raiz'.
Successfully finished Verilog frontend.

27. Executing Verilog-2005 frontend: cores/raiz/RAIZ.v
Parsing formal Verilog input from `cores/raiz/RAIZ.v' to AST representation.
Storing AST representation for module `$abstract\RAIZ'.
Successfully finished Verilog frontend.

28. Executing Verilog-2005 frontend: cores/raiz/SUM_C2_RAIZ.v
Parsing formal Verilog input from `cores/raiz/SUM_C2_RAIZ.v' to AST representation.
Storing AST representation for module `$abstract\SUM_C2_RAIZ'.
Successfully finished Verilog frontend.

29. Executing Verilog-2005 frontend: cores/Binario_BCD/Contador_Binario_BCD.v
Parsing formal Verilog input from `cores/Binario_BCD/Contador_Binario_BCD.v' to AST representation.
Storing AST representation for module `$abstract\CONTADOR_BBCD'.
Successfully finished Verilog frontend.

30. Executing Verilog-2005 frontend: cores/Binario_BCD/Control_Binario_BCD.v
Parsing formal Verilog input from `cores/Binario_BCD/Control_Binario_BCD.v' to AST representation.
Storing AST representation for module `$abstract\CONTROL_BBCD'.
Successfully finished Verilog frontend.

31. Executing Verilog-2005 frontend: cores/Binario_BCD/LSR_Binario_BCD.v
Parsing formal Verilog input from `cores/Binario_BCD/LSR_Binario_BCD.v' to AST representation.
Storing AST representation for module `$abstract\LSR_BBCD'.
Successfully finished Verilog frontend.

32. Executing Verilog-2005 frontend: cores/Binario_BCD/Periferico_Binario_BCD.v
Parsing formal Verilog input from `cores/Binario_BCD/Periferico_Binario_BCD.v' to AST representation.
Storing AST representation for module `$abstract\Periferico_Binario_BCD'.
Successfully finished Verilog frontend.

33. Executing Verilog-2005 frontend: cores/Binario_BCD/Sumador_Binario_BCD.v
Parsing formal Verilog input from `cores/Binario_BCD/Sumador_Binario_BCD.v' to AST representation.
Storing AST representation for module `$abstract\SUM_C2_BBCD'.
Successfully finished Verilog frontend.

34. Executing Verilog-2005 frontend: cores/Binario_BCD/Top_Binario_BCD.v
Parsing formal Verilog input from `cores/Binario_BCD/Top_Binario_BCD.v' to AST representation.
Storing AST representation for module `$abstract\BinarioABCD'.
Successfully finished Verilog frontend.

35. Executing Verilog-2005 frontend: cores/BCD_Binario/Contador_BCD_Binario.v
Parsing formal Verilog input from `cores/BCD_Binario/Contador_BCD_Binario.v' to AST representation.
Storing AST representation for module `$abstract\CONTADOR_BCDB'.
Successfully finished Verilog frontend.

36. Executing Verilog-2005 frontend: cores/BCD_Binario/Control_BCD_Binario.v
Parsing formal Verilog input from `cores/BCD_Binario/Control_BCD_Binario.v' to AST representation.
Storing AST representation for module `$abstract\CONTROL_BCDB'.
Successfully finished Verilog frontend.

37. Executing Verilog-2005 frontend: cores/BCD_Binario/Periferico_BCD_Binario.v
Parsing formal Verilog input from `cores/BCD_Binario/Periferico_BCD_Binario.v' to AST representation.
Storing AST representation for module `$abstract\Periferico_BCD_Binario'.
Successfully finished Verilog frontend.

38. Executing Verilog-2005 frontend: cores/BCD_Binario/RSR_BCD_Binario.v
Parsing formal Verilog input from `cores/BCD_Binario/RSR_BCD_Binario.v' to AST representation.
Storing AST representation for module `$abstract\RSR_BCDB'.
Successfully finished Verilog frontend.

39. Executing Verilog-2005 frontend: cores/BCD_Binario/Sumador_BCD_Binario.v
Parsing formal Verilog input from `cores/BCD_Binario/Sumador_BCD_Binario.v' to AST representation.
Storing AST representation for module `$abstract\SUB_C2_BCDB'.
Successfully finished Verilog frontend.

40. Executing Verilog-2005 frontend: cores/BCD_Binario/Top_BCD_Binario.v
Parsing formal Verilog input from `cores/BCD_Binario/Top_BCD_Binario.v' to AST representation.
Storing AST representation for module `$abstract\BCDABinario'.
Successfully finished Verilog frontend.

41. Executing ATTRMAP pass (move or copy attributes).

42. Executing SYNTH_ECP5 pass.

42.1. Executing Verilog-2005 frontend: /home/juan-diego/miniconda3/envs/digital/bin/../share/yosys/ecp5/cells_sim.v
Parsing Verilog input from `/home/juan-diego/miniconda3/envs/digital/bin/../share/yosys/ecp5/cells_sim.v' to AST representation.
Generating RTLIL representation for module `\LUT4'.
Generating RTLIL representation for module `\$__ABC9_LUT5'.
Generating RTLIL representation for module `\$__ABC9_LUT6'.
Generating RTLIL representation for module `\$__ABC9_LUT7'.
Generating RTLIL representation for module `\L6MUX21'.
Generating RTLIL representation for module `\CCU2C'.
Generating RTLIL representation for module `\TRELLIS_RAM16X2'.
Generating RTLIL representation for module `\PFUMX'.
Generating RTLIL representation for module `\TRELLIS_DPR16X4'.
Generating RTLIL representation for module `\DPR16X4C'.
Generating RTLIL representation for module `\LUT2'.
Generating RTLIL representation for module `\TRELLIS_FF'.
Generating RTLIL representation for module `\TRELLIS_IO'.
Generating RTLIL representation for module `\INV'.
Generating RTLIL representation for module `\TRELLIS_COMB'.
Generating RTLIL representation for module `\DP16KD'.
Generating RTLIL representation for module `\FD1P3AX'.
Generating RTLIL representation for module `\FD1P3AY'.
Generating RTLIL representation for module `\FD1P3BX'.
Generating RTLIL representation for module `\FD1P3DX'.
Generating RTLIL representation for module `\FD1P3IX'.
Generating RTLIL representation for module `\FD1P3JX'.
Generating RTLIL representation for module `\FD1S3AX'.
Generating RTLIL representation for module `\FD1S3AY'.
Generating RTLIL representation for module `\FD1S3BX'.
Generating RTLIL representation for module `\FD1S3DX'.
Generating RTLIL representation for module `\FD1S3IX'.
Generating RTLIL representation for module `\FD1S3JX'.
Generating RTLIL representation for module `\IFS1P3BX'.
Generating RTLIL representation for module `\IFS1P3DX'.
Generating RTLIL representation for module `\IFS1P3IX'.
Generating RTLIL representation for module `\IFS1P3JX'.
Generating RTLIL representation for module `\OFS1P3BX'.
Generating RTLIL representation for module `\OFS1P3DX'.
Generating RTLIL representation for module `\OFS1P3IX'.
Generating RTLIL representation for module `\OFS1P3JX'.
Generating RTLIL representation for module `\IB'.
Generating RTLIL representation for module `\IBPU'.
Generating RTLIL representation for module `\IBPD'.
Generating RTLIL representation for module `\OB'.
Generating RTLIL representation for module `\OBZ'.
Generating RTLIL representation for module `\OBZPU'.
Generating RTLIL representation for module `\OBZPD'.
Generating RTLIL representation for module `\OBCO'.
Generating RTLIL representation for module `\BB'.
Generating RTLIL representation for module `\BBPU'.
Generating RTLIL representation for module `\BBPD'.
Generating RTLIL representation for module `\ILVDS'.
Generating RTLIL representation for module `\OLVDS'.
Successfully finished Verilog frontend.

42.2. Executing Verilog-2005 frontend: /home/juan-diego/miniconda3/envs/digital/bin/../share/yosys/ecp5/cells_bb.v
Parsing Verilog input from `/home/juan-diego/miniconda3/envs/digital/bin/../share/yosys/ecp5/cells_bb.v' to AST representation.
Generating RTLIL representation for module `\MULT18X18D'.
Generating RTLIL representation for module `\ALU54B'.
Generating RTLIL representation for module `\EHXPLLL'.
Generating RTLIL representation for module `\DTR'.
Generating RTLIL representation for module `\OSCG'.
Generating RTLIL representation for module `\USRMCLK'.
Generating RTLIL representation for module `\JTAGG'.
Generating RTLIL representation for module `\DELAYF'.
Generating RTLIL representation for module `\DELAYG'.
Generating RTLIL representation for module `\IDDRX1F'.
Generating RTLIL representation for module `\IDDRX2F'.
Generating RTLIL representation for module `\IDDR71B'.
Generating RTLIL representation for module `\IDDRX2DQA'.
Generating RTLIL representation for module `\ODDRX1F'.
Generating RTLIL representation for module `\ODDRX2F'.
Generating RTLIL representation for module `\ODDR71B'.
Generating RTLIL representation for module `\OSHX2A'.
Generating RTLIL representation for module `\ODDRX2DQA'.
Generating RTLIL representation for module `\ODDRX2DQSB'.
Generating RTLIL representation for module `\TSHX2DQA'.
Generating RTLIL representation for module `\TSHX2DQSA'.
Generating RTLIL representation for module `\DQSBUFM'.
Generating RTLIL representation for module `\DDRDLLA'.
Generating RTLIL representation for module `\DLLDELD'.
Generating RTLIL representation for module `\CLKDIVF'.
Generating RTLIL representation for module `\ECLKSYNCB'.
Generating RTLIL representation for module `\ECLKBRIDGECS'.
Generating RTLIL representation for module `\DCCA'.
Generating RTLIL representation for module `\DCSC'.
Generating RTLIL representation for module `\DCUA'.
Generating RTLIL representation for module `\EXTREFB'.
Generating RTLIL representation for module `\PCSCLKDIV'.
Generating RTLIL representation for module `\PUR'.
Generating RTLIL representation for module `\GSR'.
Generating RTLIL representation for module `\SGSR'.
Generating RTLIL representation for module `\PDPW16KD'.
Successfully finished Verilog frontend.

42.3. Executing HIERARCHY pass (managing design hierarchy).

42.4. Executing AST frontend in derive mode using pre-parsed AST for module `\SOC'.
Generating RTLIL representation for module `\SOC'.

42.4.1. Analyzing design hierarchy..
Top module:  \SOC
Parameter \clk_freq = 26000000
Parameter \baud = 115200

42.4.2. Executing AST frontend in derive mode using pre-parsed AST for module `\peripheral_uart'.
Parameter \clk_freq = 26000000
Parameter \baud = 115200
Generating RTLIL representation for module `$paramod$e6d04b969bf2e003005da0092106b7e60df8a87d\peripheral_uart'.

42.4.3. Executing AST frontend in derive mode using pre-parsed AST for module `\Periferico_BCD_Binario'.
Generating RTLIL representation for module `\Periferico_BCD_Binario'.

42.4.4. Executing AST frontend in derive mode using pre-parsed AST for module `\Periferico_Binario_BCD'.
Generating RTLIL representation for module `\Periferico_Binario_BCD'.

42.4.5. Executing AST frontend in derive mode using pre-parsed AST for module `\Periferico_raiz'.
Generating RTLIL representation for module `\Periferico_raiz'.

42.4.6. Executing AST frontend in derive mode using pre-parsed AST for module `\Periferico_Divisor'.
Generating RTLIL representation for module `\Periferico_Divisor'.

42.4.7. Executing AST frontend in derive mode using pre-parsed AST for module `\Periferico_Multiplicador'.
Generating RTLIL representation for module `\Periferico_Multiplicador'.

42.4.8. Executing AST frontend in derive mode using pre-parsed AST for module `\bram'.
Generating RTLIL representation for module `\bram'.

42.4.9. Executing AST frontend in derive mode using pre-parsed AST for module `\FemtoRV32'.
Generating RTLIL representation for module `\FemtoRV32'.

42.4.10. Analyzing design hierarchy..
Top module:  \SOC
Used module:     $paramod$e6d04b969bf2e003005da0092106b7e60df8a87d\peripheral_uart
Used module:     \Periferico_BCD_Binario
Used module:     \Periferico_Binario_BCD
Used module:     \Periferico_raiz
Used module:     \Periferico_Divisor
Used module:     \Periferico_Multiplicador
Used module:     \bram
Used module:     \FemtoRV32

42.4.11. Executing AST frontend in derive mode using pre-parsed AST for module `\TOP_Multiplicador'.
Generating RTLIL representation for module `\TOP_Multiplicador'.
Parameter \width = 31

42.4.12. Executing AST frontend in derive mode using pre-parsed AST for module `\Divisor_Top'.
Parameter \width = 31
Generating RTLIL representation for module `$paramod\Divisor_Top\width=s32'00000000000000000000000000011111'.

42.4.13. Executing AST frontend in derive mode using pre-parsed AST for module `\RAIZ'.
Generating RTLIL representation for module `\RAIZ'.

42.4.14. Executing AST frontend in derive mode using pre-parsed AST for module `\BinarioABCD'.
Generating RTLIL representation for module `\BinarioABCD'.

42.4.15. Executing AST frontend in derive mode using pre-parsed AST for module `\BCDABinario'.
Generating RTLIL representation for module `\BCDABinario'.
Parameter \freq_hz = 26000000
Parameter \baud = 115200

42.4.16. Executing AST frontend in derive mode using pre-parsed AST for module `\uart'.
Parameter \freq_hz = 26000000
Parameter \baud = 115200
Generating RTLIL representation for module `$paramod$3e616a0e06e4648ce82d4c7cdb2269fbdad4d203\uart'.

42.4.17. Analyzing design hierarchy..
Top module:  \SOC
Used module:     $paramod$e6d04b969bf2e003005da0092106b7e60df8a87d\peripheral_uart
Used module:         $paramod$3e616a0e06e4648ce82d4c7cdb2269fbdad4d203\uart
Used module:     \Periferico_BCD_Binario
Used module:         \BCDABinario
Used module:     \Periferico_Binario_BCD
Used module:         \BinarioABCD
Used module:     \Periferico_raiz
Used module:         \RAIZ
Used module:     \Periferico_Divisor
Used module:         $paramod\Divisor_Top\width=s32'00000000000000000000000000011111
Used module:     \Periferico_Multiplicador
Used module:         \TOP_Multiplicador
Used module:     \bram
Used module:     \FemtoRV32

42.4.18. Executing AST frontend in derive mode using pre-parsed AST for module `\CONTROL_BCDB'.
Generating RTLIL representation for module `\CONTROL_BCDB'.

42.4.19. Executing AST frontend in derive mode using pre-parsed AST for module `\CONTADOR_BCDB'.
Generating RTLIL representation for module `\CONTADOR_BCDB'.

42.4.20. Executing AST frontend in derive mode using pre-parsed AST for module `\RSR_BCDB'.
Generating RTLIL representation for module `\RSR_BCDB'.

42.4.21. Executing AST frontend in derive mode using pre-parsed AST for module `\SUB_C2_BCDB'.
Generating RTLIL representation for module `\SUB_C2_BCDB'.

42.4.22. Executing AST frontend in derive mode using pre-parsed AST for module `\CONTROL_BBCD'.
Generating RTLIL representation for module `\CONTROL_BBCD'.

42.4.23. Executing AST frontend in derive mode using pre-parsed AST for module `\LSR_BBCD'.
Generating RTLIL representation for module `\LSR_BBCD'.

42.4.24. Executing AST frontend in derive mode using pre-parsed AST for module `\CONTADOR_BBCD'.
Generating RTLIL representation for module `\CONTADOR_BBCD'.

42.4.25. Executing AST frontend in derive mode using pre-parsed AST for module `\SUM_C2_BBCD'.
Generating RTLIL representation for module `\SUM_C2_BBCD'.

42.4.26. Executing AST frontend in derive mode using pre-parsed AST for module `\SUM_C2_RAIZ'.
Generating RTLIL representation for module `\SUM_C2_RAIZ'.

42.4.27. Executing AST frontend in derive mode using pre-parsed AST for module `\LSR_TMP_RAIZ'.
Generating RTLIL representation for module `\LSR_TMP_RAIZ'.

42.4.28. Executing AST frontend in derive mode using pre-parsed AST for module `\LSR_R_RAIZ'.
Generating RTLIL representation for module `\LSR_R_RAIZ'.

42.4.29. Executing AST frontend in derive mode using pre-parsed AST for module `\LSR_A_RAIZ'.
Generating RTLIL representation for module `\LSR_A_RAIZ'.

42.4.30. Executing AST frontend in derive mode using pre-parsed AST for module `\COUNT_RAIZ'.
Generating RTLIL representation for module `\COUNT_RAIZ'.

42.4.31. Executing AST frontend in derive mode using pre-parsed AST for module `\CONTROL_RAIZ'.
Generating RTLIL representation for module `\CONTROL_RAIZ'.

42.4.32. Executing AST frontend in derive mode using pre-parsed AST for module `\Control_Multiplicador'.
Generating RTLIL representation for module `\Control_Multiplicador'.

42.4.33. Executing AST frontend in derive mode using pre-parsed AST for module `\contador_Multiplicador'.
Generating RTLIL representation for module `\contador_Multiplicador'.

42.4.34. Executing AST frontend in derive mode using pre-parsed AST for module `\Acumulador_Multiplicador'.
Generating RTLIL representation for module `\Acumulador_Multiplicador'.

42.4.35. Executing AST frontend in derive mode using pre-parsed AST for module `\B_long_Multiplicador'.
Generating RTLIL representation for module `\B_long_Multiplicador'.

42.4.36. Executing AST frontend in derive mode using pre-parsed AST for module `\A_long_Multiplicador'.
Generating RTLIL representation for module `\A_long_Multiplicador'.
Parameter \width = 31

42.4.37. Executing AST frontend in derive mode using pre-parsed AST for module `\Corregir_Signos'.
Parameter \width = 31
Generating RTLIL representation for module `$paramod\Corregir_Signos\width=s32'00000000000000000000000000011111'.
Parameter \width = 31

42.4.38. Executing AST frontend in derive mode using pre-parsed AST for module `\Sumador_Divisor'.
Parameter \width = 31
Generating RTLIL representation for module `$paramod\Sumador_Divisor\width=s32'00000000000000000000000000011111'.
Parameter \width = 31

42.4.39. Executing AST frontend in derive mode using pre-parsed AST for module `\Registro_A'.
Parameter \width = 31
Generating RTLIL representation for module `$paramod\Registro_A\width=s32'00000000000000000000000000011111'.
Parameter \width = 31

42.4.40. Executing AST frontend in derive mode using pre-parsed AST for module `\Registro_DV'.
Parameter \width = 31
Generating RTLIL representation for module `$paramod\Registro_DV\width=s32'00000000000000000000000000011111'.

42.4.41. Executing AST frontend in derive mode using pre-parsed AST for module `\Contador_Divisor'.
Generating RTLIL representation for module `\Contador_Divisor'.

42.4.42. Executing AST frontend in derive mode using pre-parsed AST for module `\Control_Divisor'.
Generating RTLIL representation for module `\Control_Divisor'.

42.4.43. Analyzing design hierarchy..
Top module:  \SOC
Used module:     $paramod$e6d04b969bf2e003005da0092106b7e60df8a87d\peripheral_uart
Used module:         $paramod$3e616a0e06e4648ce82d4c7cdb2269fbdad4d203\uart
Used module:     \Periferico_BCD_Binario
Used module:         \BCDABinario
Used module:             \CONTROL_BCDB
Used module:             \CONTADOR_BCDB
Used module:             \RSR_BCDB
Used module:             \SUB_C2_BCDB
Used module:     \Periferico_Binario_BCD
Used module:         \BinarioABCD
Used module:             \CONTROL_BBCD
Used module:             \LSR_BBCD
Used module:             \CONTADOR_BBCD
Used module:             \SUM_C2_BBCD
Used module:     \Periferico_raiz
Used module:         \RAIZ
Used module:             \SUM_C2_RAIZ
Used module:             \LSR_TMP_RAIZ
Used module:             \LSR_R_RAIZ
Used module:             \LSR_A_RAIZ
Used module:             \COUNT_RAIZ
Used module:             \CONTROL_RAIZ
Used module:     \Periferico_Divisor
Used module:         $paramod\Divisor_Top\width=s32'00000000000000000000000000011111
Used module:             $paramod\Corregir_Signos\width=s32'00000000000000000000000000011111
Used module:             $paramod\Sumador_Divisor\width=s32'00000000000000000000000000011111
Used module:             $paramod\Registro_A\width=s32'00000000000000000000000000011111
Used module:             $paramod\Registro_DV\width=s32'00000000000000000000000000011111
Used module:             \Contador_Divisor
Used module:             \Control_Divisor
Used module:     \Periferico_Multiplicador
Used module:         \TOP_Multiplicador
Used module:             \Control_Multiplicador
Used module:             \contador_Multiplicador
Used module:             \Acumulador_Multiplicador
Used module:             \B_long_Multiplicador
Used module:             \A_long_Multiplicador
Used module:     \bram
Used module:     \FemtoRV32

42.4.44. Analyzing design hierarchy..
Top module:  \SOC
Used module:     $paramod$e6d04b969bf2e003005da0092106b7e60df8a87d\peripheral_uart
Used module:         $paramod$3e616a0e06e4648ce82d4c7cdb2269fbdad4d203\uart
Used module:     \Periferico_BCD_Binario
Used module:         \BCDABinario
Used module:             \CONTROL_BCDB
Used module:             \CONTADOR_BCDB
Used module:             \RSR_BCDB
Used module:             \SUB_C2_BCDB
Used module:     \Periferico_Binario_BCD
Used module:         \BinarioABCD
Used module:             \CONTROL_BBCD
Used module:             \LSR_BBCD
Used module:             \CONTADOR_BBCD
Used module:             \SUM_C2_BBCD
Used module:     \Periferico_raiz
Used module:         \RAIZ
Used module:             \SUM_C2_RAIZ
Used module:             \LSR_TMP_RAIZ
Used module:             \LSR_R_RAIZ
Used module:             \LSR_A_RAIZ
Used module:             \COUNT_RAIZ
Used module:             \CONTROL_RAIZ
Used module:     \Periferico_Divisor
Used module:         $paramod\Divisor_Top\width=s32'00000000000000000000000000011111
Used module:             $paramod\Corregir_Signos\width=s32'00000000000000000000000000011111
Used module:             $paramod\Sumador_Divisor\width=s32'00000000000000000000000000011111
Used module:             $paramod\Registro_A\width=s32'00000000000000000000000000011111
Used module:             $paramod\Registro_DV\width=s32'00000000000000000000000000011111
Used module:             \Contador_Divisor
Used module:             \Control_Divisor
Used module:     \Periferico_Multiplicador
Used module:         \TOP_Multiplicador
Used module:             \Control_Multiplicador
Used module:             \contador_Multiplicador
Used module:             \Acumulador_Multiplicador
Used module:             \B_long_Multiplicador
Used module:             \A_long_Multiplicador
Used module:     \bram
Used module:     \FemtoRV32
Removing unused module `$abstract\BCDABinario'.
Removing unused module `$abstract\SUB_C2_BCDB'.
Removing unused module `$abstract\RSR_BCDB'.
Removing unused module `$abstract\Periferico_BCD_Binario'.
Removing unused module `$abstract\CONTROL_BCDB'.
Removing unused module `$abstract\CONTADOR_BCDB'.
Removing unused module `$abstract\BinarioABCD'.
Removing unused module `$abstract\SUM_C2_BBCD'.
Removing unused module `$abstract\Periferico_Binario_BCD'.
Removing unused module `$abstract\LSR_BBCD'.
Removing unused module `$abstract\CONTROL_BBCD'.
Removing unused module `$abstract\CONTADOR_BBCD'.
Removing unused module `$abstract\SUM_C2_RAIZ'.
Removing unused module `$abstract\RAIZ'.
Removing unused module `$abstract\Periferico_raiz'.
Removing unused module `$abstract\LSR_TMP_RAIZ'.
Removing unused module `$abstract\LSR_R_RAIZ'.
Removing unused module `$abstract\LSR_A_RAIZ'.
Removing unused module `$abstract\COUNT_RAIZ'.
Removing unused module `$abstract\CONTROL_RAIZ'.
Removing unused module `$abstract\Divisor_Top'.
Removing unused module `$abstract\Sumador_Divisor'.
Removing unused module `$abstract\Registro_DV'.
Removing unused module `$abstract\Registro_A'.
Removing unused module `$abstract\Periferico_Divisor'.
Removing unused module `$abstract\Corregir_Signos'.
Removing unused module `$abstract\Control_Divisor'.
Removing unused module `$abstract\Contador_Divisor'.
Removing unused module `$abstract\TOP_Multiplicador'.
Removing unused module `$abstract\Periferico_Multiplicador'.
Removing unused module `$abstract\Control_Multiplicador'.
Removing unused module `$abstract\contador_Multiplicador'.
Removing unused module `$abstract\B_long_Multiplicador'.
Removing unused module `$abstract\Acumulador_Multiplicador'.
Removing unused module `$abstract\A_long_Multiplicador'.
Removing unused module `$abstract\uart'.
Removing unused module `$abstract\peripheral_uart'.
Removing unused module `$abstract\Memory'.
Removing unused module `$abstract\FemtoRV32'.
Removing unused module `$abstract\bram'.
Removing unused module `$abstract\SOC'.
Removed 41 unused modules.
Warning: Resizing cell port SOC.Periferico_raiz1.d_out from 32 bits to 16 bits.

42.5. Executing PROC pass (convert processes to netlists).

42.5.1. Executing PROC_CLEAN pass (remove empty switches from decision trees).
Found and cleaned up 1 empty switch in `\TRELLIS_DPR16X4.$proc$/home/juan-diego/miniconda3/envs/digital/bin/../share/yosys/ecp5/cells_sim.v:213$117'.
Removing empty process `bram.$proc$cores/bram/bram.v:0$315'.
Cleaned up 1 empty switch.

42.5.2. Executing PROC_RMDEAD pass (remove dead branches from decision trees).
Marked 1 switch rules as full_case in process $proc$/home/juan-diego/miniconda3/envs/digital/bin/../share/yosys/ecp5/cells_sim.v:350$224 in module TRELLIS_FF.
Marked 1 switch rules as full_case in process $proc$/home/juan-diego/miniconda3/envs/digital/bin/../share/yosys/ecp5/cells_sim.v:285$176 in module DPR16X4C.
Marked 1 switch rules as full_case in process $proc$/home/juan-diego/miniconda3/envs/digital/bin/../share/yosys/ecp5/cells_sim.v:221$118 in module TRELLIS_DPR16X4.
Marked 1 switch rules as full_case in process $proc$cores/Divisor/Control_Divisor.v:65$665 in module Control_Divisor.
Marked 5 switch rules as full_case in process $proc$cores/Divisor/Control_Divisor.v:27$660 in module Control_Divisor.
Marked 1 switch rules as full_case in process $proc$cores/Divisor/Contador_Divisor.v:9$656 in module Contador_Divisor.
Marked 2 switch rules as full_case in process $proc$cores/Divisor/RegistroDV_Divisor.v:13$655 in module $paramod\Registro_DV\width=s32'00000000000000000000000000011111.
Marked 2 switch rules as full_case in process $proc$cores/Divisor/RegistroA_Divisor.v:14$654 in module $paramod\Registro_A\width=s32'00000000000000000000000000011111.
Marked 1 switch rules as full_case in process $proc$cores/Multiplicador/B_long_Multiplicador.v:15$645 in module B_long_Multiplicador.
Marked 2 switch rules as full_case in process $proc$cores/Multiplicador/Acumulador_Multiplicador.v:16$642 in module Acumulador_Multiplicador.
Marked 1 switch rules as full_case in process $proc$cores/Multiplicador/Contador_Multiplicador.v:10$636 in module contador_Multiplicador.
Marked 1 switch rules as full_case in process $proc$cores/Multiplicador/Control_Multiplicador.v:67$635 in module Control_Multiplicador.
Marked 5 switch rules as full_case in process $proc$cores/Multiplicador/Control_Multiplicador.v:29$631 in module Control_Multiplicador.
Removed 1 dead cases from process $proc$cores/raiz/CONTROL_RAIZ.v:76$630 in module CONTROL_RAIZ.
Marked 1 switch rules as full_case in process $proc$cores/raiz/CONTROL_RAIZ.v:76$630 in module CONTROL_RAIZ.
Removed 1 dead cases from process $proc$cores/raiz/CONTROL_RAIZ.v:31$624 in module CONTROL_RAIZ.
Marked 6 switch rules as full_case in process $proc$cores/raiz/CONTROL_RAIZ.v:31$624 in module CONTROL_RAIZ.
Marked 1 switch rules as full_case in process $proc$cores/raiz/COUNT_RAIZ.v:10$620 in module COUNT_RAIZ.
Marked 2 switch rules as full_case in process $proc$cores/raiz/LSR_A_RAIZ.v:17$616 in module LSR_A_RAIZ.
Marked 1 switch rules as full_case in process $proc$cores/raiz/LSR_R_RAIZ.v:10$615 in module LSR_R_RAIZ.
Marked 1 switch rules as full_case in process $proc$cores/raiz/LSR_TMP_RAIZ.v:11$614 in module LSR_TMP_RAIZ.
Marked 7 switch rules as full_case in process $proc$cores/Binario_BCD/Sumador_Binario_BCD.v:33$569 in module SUM_C2_BBCD.
Marked 2 switch rules as full_case in process $proc$cores/Binario_BCD/Contador_Binario_BCD.v:11$564 in module CONTADOR_BBCD.
Marked 3 switch rules as full_case in process $proc$cores/Binario_BCD/LSR_Binario_BCD.v:42$561 in module LSR_BBCD.
Marked 1 switch rules as full_case in process $proc$cores/Binario_BCD/Control_Binario_BCD.v:65$560 in module CONTROL_BBCD.
Marked 6 switch rules as full_case in process $proc$cores/Binario_BCD/Control_Binario_BCD.v:26$552 in module CONTROL_BBCD.
Marked 7 switch rules as full_case in process $proc$cores/BCD_Binario/Sumador_BCD_Binario.v:34$510 in module SUB_C2_BCDB.
Marked 2 switch rules as full_case in process $proc$cores/BCD_Binario/RSR_BCD_Binario.v:49$509 in module RSR_BCDB.
Marked 2 switch rules as full_case in process $proc$cores/BCD_Binario/Contador_BCD_Binario.v:11$500 in module CONTADOR_BCDB.
Marked 1 switch rules as full_case in process $proc$cores/BCD_Binario/Control_BCD_Binario.v:62$499 in module CONTROL_BCDB.
Marked 6 switch rules as full_case in process $proc$cores/BCD_Binario/Control_BCD_Binario.v:24$491 in module CONTROL_BCDB.
Marked 4 switch rules as full_case in process $proc$cores/uart/uart.v:122$481 in module $paramod$3e616a0e06e4648ce82d4c7cdb2269fbdad4d203\uart.
Marked 5 switch rules as full_case in process $proc$cores/uart/uart.v:66$473 in module $paramod$3e616a0e06e4648ce82d4c7cdb2269fbdad4d203\uart.
Marked 1 switch rules as full_case in process $proc$cores/uart/uart.v:34$469 in module $paramod$3e616a0e06e4648ce82d4c7cdb2269fbdad4d203\uart.
Marked 2 switch rules as full_case in process $proc$cores/cpu/femtorv32_quark.v:335$445 in module FemtoRV32.
Marked 2 switch rules as full_case in process $proc$cores/cpu/femtorv32_quark.v:102$329 in module FemtoRV32.
Marked 4 switch rules as full_case in process $proc$cores/bram/bram.v:20$288 in module bram.
Marked 2 switch rules as full_case in process $proc$cores/Multiplicador/Periferico_Multiplicador.v:64$282 in module Periferico_Multiplicador.
Marked 1 switch rules as full_case in process $proc$cores/Multiplicador/Periferico_Multiplicador.v:47$277 in module Periferico_Multiplicador.
Marked 2 switch rules as full_case in process $proc$cores/Multiplicador/Periferico_Multiplicador.v:26$276 in module Periferico_Multiplicador.
Marked 2 switch rules as full_case in process $proc$cores/Divisor/Periferico_Divisor.v:76$274 in module Periferico_Divisor.
Marked 1 switch rules as full_case in process $proc$cores/Divisor/Periferico_Divisor.v:54$269 in module Periferico_Divisor.
Marked 2 switch rules as full_case in process $proc$cores/Divisor/Periferico_Divisor.v:33$268 in module Periferico_Divisor.
Marked 2 switch rules as full_case in process $proc$cores/raiz/Periferico_raiz.v:57$266 in module Periferico_raiz.
Marked 1 switch rules as full_case in process $proc$cores/raiz/Periferico_raiz.v:42$262 in module Periferico_raiz.
Marked 2 switch rules as full_case in process $proc$cores/raiz/Periferico_raiz.v:23$261 in module Periferico_raiz.
Marked 2 switch rules as full_case in process $proc$cores/Binario_BCD/Periferico_Binario_BCD.v:60$259 in module Periferico_Binario_BCD.
Marked 1 switch rules as full_case in process $proc$cores/Binario_BCD/Periferico_Binario_BCD.v:45$255 in module Periferico_Binario_BCD.
Marked 2 switch rules as full_case in process $proc$cores/Binario_BCD/Periferico_Binario_BCD.v:30$254 in module Periferico_Binario_BCD.
Marked 2 switch rules as full_case in process $proc$cores/BCD_Binario/Periferico_BCD_Binario.v:75$252 in module Periferico_BCD_Binario.
Marked 1 switch rules as full_case in process $proc$cores/BCD_Binario/Periferico_BCD_Binario.v:45$250 in module Periferico_BCD_Binario.
Marked 2 switch rules as full_case in process $proc$cores/BCD_Binario/Periferico_BCD_Binario.v:30$249 in module Periferico_BCD_Binario.
Marked 1 switch rules as full_case in process $proc$cores/uart/perip_uart.v:45$245 in module $paramod$e6d04b969bf2e003005da0092106b7e60df8a87d\peripheral_uart.
Marked 1 switch rules as full_case in process $proc$cores/uart/perip_uart.v:29$237 in module $paramod$e6d04b969bf2e003005da0092106b7e60df8a87d\peripheral_uart.
Marked 1 switch rules as full_case in process $proc$SOC.v:154$236 in module SOC.
Marked 1 switch rules as full_case in process $proc$SOC.v:138$235 in module SOC.
Removed a total of 2 dead cases.

42.5.3. Executing PROC_PRUNE pass (remove redundant assignments in processes).
Removed 7 redundant assignments.
Promoted 136 assignments to connections.

42.5.4. Executing PROC_INIT pass (extract init attributes).
Found init rule in `\TRELLIS_FF.$proc$/home/juan-diego/miniconda3/envs/digital/bin/../share/yosys/ecp5/cells_sim.v:0$225'.
  Set init value: \Q = 1'0
Found init rule in `$paramod$e6d04b969bf2e003005da0092106b7e60df8a87d\peripheral_uart.$proc$cores/uart/perip_uart.v:21$248'.
  Set init value: \uart_ctrl = 8'00000000
Found init rule in `$paramod$e6d04b969bf2e003005da0092106b7e60df8a87d\peripheral_uart.$proc$cores/uart/perip_uart.v:20$247'.
  Set init value: \d_in_uart = 8'00000000
Found init rule in `$paramod$e6d04b969bf2e003005da0092106b7e60df8a87d\peripheral_uart.$proc$cores/uart/perip_uart.v:0$246'.
  Set init value: \ledout = 1'0

42.5.5. Executing PROC_ARST pass (detect async resets in processes).

42.5.6. Executing PROC_ROM pass (convert switches to ROMs).
Converted 1 switch.

42.5.7. Executing PROC_MUX pass (convert decision trees to multiplexers).
Creating decoders for process `\TRELLIS_FF.$proc$/home/juan-diego/miniconda3/envs/digital/bin/../share/yosys/ecp5/cells_sim.v:0$225'.
Creating decoders for process `\TRELLIS_FF.$proc$/home/juan-diego/miniconda3/envs/digital/bin/../share/yosys/ecp5/cells_sim.v:350$224'.
     1/1: $0\Q[0:0]
Creating decoders for process `\DPR16X4C.$proc$/home/juan-diego/miniconda3/envs/digital/bin/../share/yosys/ecp5/cells_sim.v:0$199'.
Creating decoders for process `\DPR16X4C.$proc$/home/juan-diego/miniconda3/envs/digital/bin/../share/yosys/ecp5/cells_sim.v:285$176'.
     1/3: $1$memwr$\ram$/home/juan-diego/miniconda3/envs/digital/bin/../share/yosys/ecp5/cells_sim.v:287$175_EN[3:0]$182
     2/3: $1$memwr$\ram$/home/juan-diego/miniconda3/envs/digital/bin/../share/yosys/ecp5/cells_sim.v:287$175_DATA[3:0]$181
     3/3: $1$memwr$\ram$/home/juan-diego/miniconda3/envs/digital/bin/../share/yosys/ecp5/cells_sim.v:287$175_ADDR[3:0]$180
Creating decoders for process `\TRELLIS_DPR16X4.$proc$/home/juan-diego/miniconda3/envs/digital/bin/../share/yosys/ecp5/cells_sim.v:0$142'.
Creating decoders for process `\TRELLIS_DPR16X4.$proc$/home/juan-diego/miniconda3/envs/digital/bin/../share/yosys/ecp5/cells_sim.v:221$118'.
     1/3: $1$memwr$\mem$/home/juan-diego/miniconda3/envs/digital/bin/../share/yosys/ecp5/cells_sim.v:223$116_EN[3:0]$124
     2/3: $1$memwr$\mem$/home/juan-diego/miniconda3/envs/digital/bin/../share/yosys/ecp5/cells_sim.v:223$116_DATA[3:0]$123
     3/3: $1$memwr$\mem$/home/juan-diego/miniconda3/envs/digital/bin/../share/yosys/ecp5/cells_sim.v:223$116_ADDR[3:0]$122
Creating decoders for process `\TRELLIS_DPR16X4.$proc$/home/juan-diego/miniconda3/envs/digital/bin/../share/yosys/ecp5/cells_sim.v:213$117'.
Creating decoders for process `\Control_Divisor.$proc$cores/Divisor/Control_Divisor.v:65$665'.
     1/5: $1\DONE[0:0]
     2/5: $1\DV0[0:0]
     3/5: $1\DEC[0:0]
     4/5: $1\SH[0:0]
     5/5: $1\LD[0:0]
Creating decoders for process `\Control_Divisor.$proc$cores/Divisor/Control_Divisor.v:27$660'.
     1/6: $5\NEXT_STATE[2:0]
     2/6: $4\NEXT_STATE[2:0]
     3/6: $3\NEXT_STATE[2:0]
     4/6: $2\NEXT_STATE[2:0]
     5/6: $1\NEXT_STATE[2:0]
     6/6: $1\COUNT[5:0]
Creating decoders for process `\Contador_Divisor.$proc$cores/Divisor/Contador_Divisor.v:9$656'.
     1/1: $0\out[5:0]
Creating decoders for process `$paramod\Registro_DV\width=s32'00000000000000000000000000011111.$proc$cores/Divisor/RegistroDV_Divisor.v:13$655'.
     1/3: $0\Resultado_NS[31:0] [31:1]
     2/3: $0\Resultado_NS[31:0] [0]
     3/3: $0\MSB_DV[0:0]
Creating decoders for process `$paramod\Registro_A\width=s32'00000000000000000000000000011111.$proc$cores/Divisor/RegistroA_Divisor.v:14$654'.
     1/1: $0\Residuo_NS[31:0]
Creating decoders for process `\A_long_Multiplicador.$proc$cores/Multiplicador/A_long_Multiplicador.v:10$646'.
     1/1: $0\A_long[31:0]
Creating decoders for process `\B_long_Multiplicador.$proc$cores/Multiplicador/B_long_Multiplicador.v:15$645'.
     1/1: $0\B_long[31:0]
Creating decoders for process `\Acumulador_Multiplicador.$proc$cores/Multiplicador/Acumulador_Multiplicador.v:16$642'.
     1/1: $0\ACC[31:0]
Creating decoders for process `\contador_Multiplicador.$proc$cores/Multiplicador/Contador_Multiplicador.v:10$636'.
     1/1: $0\out[4:0]
Creating decoders for process `\Control_Multiplicador.$proc$cores/Multiplicador/Control_Multiplicador.v:67$635'.
     1/5: $1\DONE[0:0]
     2/5: $1\LD[0:0]
     3/5: $1\DEC[0:0]
     4/5: $1\SH[0:0]
     5/5: $1\ADD[0:0]
Creating decoders for process `\Control_Multiplicador.$proc$cores/Multiplicador/Control_Multiplicador.v:29$631'.
     1/6: $5\NEXT_STATE[2:0]
     2/6: $4\NEXT_STATE[2:0]
     3/6: $3\NEXT_STATE[2:0]
     4/6: $2\NEXT_STATE[2:0]
     5/6: $1\NEXT_STATE[2:0]
     6/6: $1\COUNT[5:0]
Creating decoders for process `\CONTROL_RAIZ.$proc$cores/raiz/CONTROL_RAIZ.v:76$630'.
     1/1: { $1\LDA2[0:0] $1\LD[0:0] $1\SH[0:0] $1\R0[0:0] $1\LD_TMP[0:0] $1\DONE[0:0] }
Creating decoders for process `\CONTROL_RAIZ.$proc$cores/raiz/CONTROL_RAIZ.v:31$624'.
     1/7: $6\NEXT_STATE[2:0]
     2/7: $5\NEXT_STATE[2:0]
     3/7: $4\NEXT_STATE[2:0]
     4/7: $3\NEXT_STATE[2:0]
     5/7: $2\NEXT_STATE[2:0]
     6/7: $1\count[5:0]
     7/7: $1\NEXT_STATE[2:0]
Creating decoders for process `\COUNT_RAIZ.$proc$cores/raiz/COUNT_RAIZ.v:10$620'.
     1/2: $0\count[4:0]
     2/2: $0\Z[0:0]
Creating decoders for process `\LSR_A_RAIZ.$proc$cores/raiz/LSR_A_RAIZ.v:17$616'.
     1/2: $0\A_out[15:0]
     2/2: $0\reg_TMP[15:0]
Creating decoders for process `\LSR_R_RAIZ.$proc$cores/raiz/LSR_R_RAIZ.v:10$615'.
     1/1: $0\Resultado[15:0]
Creating decoders for process `\LSR_TMP_RAIZ.$proc$cores/raiz/LSR_TMP_RAIZ.v:11$614'.
     1/1: $0\TMP_out[15:0]
Creating decoders for process `\SUM_C2_BBCD.$proc$cores/Binario_BCD/Sumador_Binario_BCD.v:33$569'.
     1/7: $1\MILLONN[3:0]
     2/7: $1\CIENMILN[3:0]
     3/7: $1\DIEZMILN[3:0]
     4/7: $1\MILN[3:0]
     5/7: $1\CENTN[3:0]
     6/7: $1\DECN[3:0]
     7/7: $1\UNITN[3:0]
Creating decoders for process `\CONTADOR_BBCD.$proc$cores/Binario_BCD/Contador_Binario_BCD.v:11$564'.
     1/2: $0\count[5:0]
     2/2: $0\Z[0:0]
Creating decoders for process `\LSR_BBCD.$proc$cores/Binario_BCD/LSR_Binario_BCD.v:42$561'.
     1/9: $0\A[27:0] [27:24]
     2/9: $0\A[27:0] [23:20]
     3/9: $0\A[27:0] [19:16]
     4/9: $0\A[27:0] [15:12]
     5/9: $0\A[27:0] [11:8]
     6/9: $0\A[27:0] [7:4]
     7/9: $0\A[27:0] [3:0]
     8/9: $0\Op_A[23:0]
     9/9: $0\SIGN[3:0]
Creating decoders for process `\CONTROL_BBCD.$proc$cores/Binario_BCD/Control_Binario_BCD.v:65$560'.
     1/5: $1\ADD3[0:0]
     2/5: $1\LD[0:0]
     3/5: $1\DEC[0:0]
     4/5: $1\SH[0:0]
     5/5: $1\DONE[0:0]
Creating decoders for process `\CONTROL_BBCD.$proc$cores/Binario_BCD/Control_Binario_BCD.v:26$552'.
     1/2: $0\NEXT_STATE[2:0]
     2/2: $0\count[5:0]
Creating decoders for process `\SUB_C2_BCDB.$proc$cores/BCD_Binario/Sumador_BCD_Binario.v:34$510'.
     1/7: $1\MILLONN[3:0]
     2/7: $1\CIENMILN[3:0]
     3/7: $1\DIEZMILN[3:0]
     4/7: $1\MILN[3:0]
     5/7: $1\CENTN[3:0]
     6/7: $1\DECN[3:0]
     7/7: $1\UNITN[3:0]
Creating decoders for process `\RSR_BCDB.$proc$cores/BCD_Binario/RSR_BCD_Binario.v:49$509'.
     1/9: $0\A[27:0] [27:24]
     2/9: $0\A[27:0] [23:20]
     3/9: $0\A[27:0] [19:16]
     4/9: $0\A[27:0] [15:12]
     5/9: $0\A[27:0] [11:8]
     6/9: $0\A[27:0] [7:4]
     7/9: $0\A[27:0] [3:0]
     8/9: $0\SIGN_reg[3:0]
     9/9: $0\Op_A[23:0]
Creating decoders for process `\CONTADOR_BCDB.$proc$cores/BCD_Binario/Contador_BCD_Binario.v:11$500'.
     1/2: $0\count[5:0]
     2/2: $0\Z[0:0]
Creating decoders for process `\CONTROL_BCDB.$proc$cores/BCD_Binario/Control_BCD_Binario.v:62$499'.
     1/5: $1\SUB3[0:0]
     2/5: $1\LD[0:0]
     3/5: $1\DEC[0:0]
     4/5: $1\SH[0:0]
     5/5: $1\DONE[0:0]
Creating decoders for process `\CONTROL_BCDB.$proc$cores/BCD_Binario/Control_BCD_Binario.v:24$491'.
     1/2: $0\NEXT_STATE[2:0]
     2/2: $0\count[5:0]
Creating decoders for process `$paramod$3e616a0e06e4648ce82d4c7cdb2269fbdad4d203\uart.$proc$cores/uart/uart.v:122$481'.
     1/5: $0\txd_reg[7:0]
     2/5: $0\tx_count16[3:0]
     3/5: $0\tx_bitcount[3:0]
     4/5: $0\uart_txd[0:0]
     5/5: $0\tx_busy[0:0]
Creating decoders for process `$paramod$3e616a0e06e4648ce82d4c7cdb2269fbdad4d203\uart.$proc$cores/uart/uart.v:66$473'.
     1/7: $0\rxd_reg[7:0]
     2/7: $0\rx_bitcount[3:0]
     3/7: $0\rx_count16[3:0]
     4/7: $0\rx_busy[0:0]
     5/7: $0\rx_avail[0:0]
     6/7: $0\rx_error[0:0]
     7/7: $0\rx_data[7:0]
Creating decoders for process `$paramod$3e616a0e06e4648ce82d4c7cdb2269fbdad4d203\uart.$proc$cores/uart/uart.v:52$472'.
Creating decoders for process `$paramod$3e616a0e06e4648ce82d4c7cdb2269fbdad4d203\uart.$proc$cores/uart/uart.v:34$469'.
     1/1: $0\enable16_counter[15:0]
Creating decoders for process `\FemtoRV32.$proc$cores/cpu/femtorv32_quark.v:381$458'.
Creating decoders for process `\FemtoRV32.$proc$cores/cpu/femtorv32_quark.v:335$445'.
     1/5: $0\state[3:0]
     2/5: $0\instr[29:0]
     3/5: $0\PC[23:0]
     4/5: $0\rs2[31:0]
     5/5: $0\rs1[31:0]
Creating decoders for process `\FemtoRV32.$proc$cores/cpu/femtorv32_quark.v:154$370'.
     1/2: $0\aluShamt[4:0]
     2/2: $0\aluReg[31:0]
Creating decoders for process `\FemtoRV32.$proc$cores/cpu/femtorv32_quark.v:102$329'.
     1/6: $2$memwr$\registerFile$cores/cpu/femtorv32_quark.v:106$317_EN[31:0]$340
     2/6: $2$memwr$\registerFile$cores/cpu/femtorv32_quark.v:106$317_DATA[31:0]$339
     3/6: $2$memwr$\registerFile$cores/cpu/femtorv32_quark.v:106$317_ADDR[4:0]$338
     4/6: $1$memwr$\registerFile$cores/cpu/femtorv32_quark.v:106$317_EN[31:0]$336
     5/6: $1$memwr$\registerFile$cores/cpu/femtorv32_quark.v:106$317_DATA[31:0]$335
     6/6: $1$memwr$\registerFile$cores/cpu/femtorv32_quark.v:106$317_ADDR[4:0]$334
Creating decoders for process `\bram.$proc$cores/bram/bram.v:20$288'.
     1/13: $1$memwr$\MEM$cores/bram/bram.v:27$287_EN[31:0]$313
     2/13: $1$memwr$\MEM$cores/bram/bram.v:27$287_DATA[31:0]$312
     3/13: $1$memwr$\MEM$cores/bram/bram.v:27$287_ADDR[29:0]$311
     4/13: $1$memwr$\MEM$cores/bram/bram.v:26$286_EN[31:0]$310
     5/13: $1$memwr$\MEM$cores/bram/bram.v:26$286_DATA[31:0]$309
     6/13: $1$memwr$\MEM$cores/bram/bram.v:26$286_ADDR[29:0]$308
     7/13: $1$memwr$\MEM$cores/bram/bram.v:25$285_EN[31:0]$307
     8/13: $1$memwr$\MEM$cores/bram/bram.v:25$285_DATA[31:0]$306
     9/13: $1$memwr$\MEM$cores/bram/bram.v:25$285_ADDR[29:0]$305
    10/13: $1$memwr$\MEM$cores/bram/bram.v:24$284_EN[31:0]$304
    11/13: $1$memwr$\MEM$cores/bram/bram.v:24$284_DATA[31:0]$303
    12/13: $1$memwr$\MEM$cores/bram/bram.v:24$284_ADDR[29:0]$302
    13/13: $0\mem_rdata[31:0]
Creating decoders for process `\Periferico_Multiplicador.$proc$cores/Multiplicador/Periferico_Multiplicador.v:64$282'.
     1/1: $0\d_out[31:0]
Creating decoders for process `\Periferico_Multiplicador.$proc$cores/Multiplicador/Periferico_Multiplicador.v:47$277'.
     1/3: $0\Multiplicador[15:0]
     2/3: $0\Multiplicando[15:0]
     3/3: $0\init[0:0]
Creating decoders for process `\Periferico_Multiplicador.$proc$cores/Multiplicador/Periferico_Multiplicador.v:26$276'.
     1/2: $2\s[4:0]
     2/2: $1\s[4:0]
Creating decoders for process `\Periferico_Divisor.$proc$cores/Divisor/Periferico_Divisor.v:76$274'.
     1/1: $0\d_out[31:0]
Creating decoders for process `\Periferico_Divisor.$proc$cores/Divisor/Periferico_Divisor.v:54$269'.
     1/3: $0\init[0:0]
     2/3: $0\DR[31:0]
     3/3: $0\Dividendo[31:0]
Creating decoders for process `\Periferico_Divisor.$proc$cores/Divisor/Periferico_Divisor.v:33$268'.
     1/2: $2\s[5:0]
     2/2: $1\s[5:0]
Creating decoders for process `\Periferico_raiz.$proc$cores/raiz/Periferico_raiz.v:57$266'.
     1/1: $0\d_out[15:0]
Creating decoders for process `\Periferico_raiz.$proc$cores/raiz/Periferico_raiz.v:42$262'.
     1/2: $0\Op_A[15:0]
     2/2: $0\INIT[0:0]
Creating decoders for process `\Periferico_raiz.$proc$cores/raiz/Periferico_raiz.v:23$261'.
     1/2: $2\s[4:0]
     2/2: $1\s[4:0]
Creating decoders for process `\Periferico_Binario_BCD.$proc$cores/Binario_BCD/Periferico_Binario_BCD.v:60$259'.
     1/1: $0\d_out[31:0]
Creating decoders for process `\Periferico_Binario_BCD.$proc$cores/Binario_BCD/Periferico_Binario_BCD.v:45$255'.
     1/2: $0\Op_A[23:0]
     2/2: $0\INIT[0:0]
Creating decoders for process `\Periferico_Binario_BCD.$proc$cores/Binario_BCD/Periferico_Binario_BCD.v:30$254'.
     1/2: $2\s[3:0]
     2/2: $1\s[3:0]
Creating decoders for process `\Periferico_BCD_Binario.$proc$cores/BCD_Binario/Periferico_BCD_Binario.v:75$252'.
     1/1: $0\d_out[31:0]
Creating decoders for process `\Periferico_BCD_Binario.$proc$cores/BCD_Binario/Periferico_BCD_Binario.v:45$250'.
     1/9: $0\UNIT[3:0]
     2/9: $0\DEC[3:0]
     3/9: $0\CENT[3:0]
     4/9: $0\MIL[3:0]
     5/9: $0\DIEZMIL[3:0]
     6/9: $0\CIENMIL[3:0]
     7/9: $0\MILLON[3:0]
     8/9: $0\SIGN[3:0]
     9/9: $0\INIT[0:0]
Creating decoders for process `\Periferico_BCD_Binario.$proc$cores/BCD_Binario/Periferico_BCD_Binario.v:30$249'.
     1/2: $2\s[3:0]
     2/2: $1\s[3:0]
Creating decoders for process `$paramod$e6d04b969bf2e003005da0092106b7e60df8a87d\peripheral_uart.$proc$cores/uart/perip_uart.v:21$248'.
Creating decoders for process `$paramod$e6d04b969bf2e003005da0092106b7e60df8a87d\peripheral_uart.$proc$cores/uart/perip_uart.v:20$247'.
Creating decoders for process `$paramod$e6d04b969bf2e003005da0092106b7e60df8a87d\peripheral_uart.$proc$cores/uart/perip_uart.v:0$246'.
Creating decoders for process `$paramod$e6d04b969bf2e003005da0092106b7e60df8a87d\peripheral_uart.$proc$cores/uart/perip_uart.v:45$245'.
     1/1: $1\d_out[31:0]
Creating decoders for process `$paramod$e6d04b969bf2e003005da0092106b7e60df8a87d\peripheral_uart.$proc$cores/uart/perip_uart.v:38$240'.
Creating decoders for process `$paramod$e6d04b969bf2e003005da0092106b7e60df8a87d\peripheral_uart.$proc$cores/uart/perip_uart.v:29$237'.
     1/1: $1\s[1:0]
Creating decoders for process `\SOC.$proc$SOC.v:154$236'.
     1/1: $1\mem_rdata[31:0]
Creating decoders for process `\SOC.$proc$SOC.v:138$235'.
     1/1: $1\cs[7:0]

42.5.8. Executing PROC_DLATCH pass (convert process syncs to latches).
No latch inferred for signal `\Control_Divisor.\DEC' from process `\Control_Divisor.$proc$cores/Divisor/Control_Divisor.v:65$665'.
No latch inferred for signal `\Control_Divisor.\DONE' from process `\Control_Divisor.$proc$cores/Divisor/Control_Divisor.v:65$665'.
No latch inferred for signal `\Control_Divisor.\LD' from process `\Control_Divisor.$proc$cores/Divisor/Control_Divisor.v:65$665'.
No latch inferred for signal `\Control_Divisor.\SH' from process `\Control_Divisor.$proc$cores/Divisor/Control_Divisor.v:65$665'.
No latch inferred for signal `\Control_Divisor.\DV0' from process `\Control_Divisor.$proc$cores/Divisor/Control_Divisor.v:65$665'.
No latch inferred for signal `\Control_Multiplicador.\DEC' from process `\Control_Multiplicador.$proc$cores/Multiplicador/Control_Multiplicador.v:67$635'.
No latch inferred for signal `\Control_Multiplicador.\DONE' from process `\Control_Multiplicador.$proc$cores/Multiplicador/Control_Multiplicador.v:67$635'.
No latch inferred for signal `\Control_Multiplicador.\LD' from process `\Control_Multiplicador.$proc$cores/Multiplicador/Control_Multiplicador.v:67$635'.
No latch inferred for signal `\Control_Multiplicador.\SH' from process `\Control_Multiplicador.$proc$cores/Multiplicador/Control_Multiplicador.v:67$635'.
No latch inferred for signal `\Control_Multiplicador.\ADD' from process `\Control_Multiplicador.$proc$cores/Multiplicador/Control_Multiplicador.v:67$635'.
No latch inferred for signal `\CONTROL_RAIZ.\R0' from process `\CONTROL_RAIZ.$proc$cores/raiz/CONTROL_RAIZ.v:76$630'.
No latch inferred for signal `\CONTROL_RAIZ.\DONE' from process `\CONTROL_RAIZ.$proc$cores/raiz/CONTROL_RAIZ.v:76$630'.
No latch inferred for signal `\CONTROL_RAIZ.\LD' from process `\CONTROL_RAIZ.$proc$cores/raiz/CONTROL_RAIZ.v:76$630'.
No latch inferred for signal `\CONTROL_RAIZ.\SH' from process `\CONTROL_RAIZ.$proc$cores/raiz/CONTROL_RAIZ.v:76$630'.
No latch inferred for signal `\CONTROL_RAIZ.\LDA2' from process `\CONTROL_RAIZ.$proc$cores/raiz/CONTROL_RAIZ.v:76$630'.
No latch inferred for signal `\CONTROL_RAIZ.\LD_TMP' from process `\CONTROL_RAIZ.$proc$cores/raiz/CONTROL_RAIZ.v:76$630'.
No latch inferred for signal `\SUM_C2_BBCD.\UNITN' from process `\SUM_C2_BBCD.$proc$cores/Binario_BCD/Sumador_Binario_BCD.v:33$569'.
No latch inferred for signal `\SUM_C2_BBCD.\DECN' from process `\SUM_C2_BBCD.$proc$cores/Binario_BCD/Sumador_Binario_BCD.v:33$569'.
No latch inferred for signal `\SUM_C2_BBCD.\CENTN' from process `\SUM_C2_BBCD.$proc$cores/Binario_BCD/Sumador_Binario_BCD.v:33$569'.
No latch inferred for signal `\SUM_C2_BBCD.\MILN' from process `\SUM_C2_BBCD.$proc$cores/Binario_BCD/Sumador_Binario_BCD.v:33$569'.
No latch inferred for signal `\SUM_C2_BBCD.\DIEZMILN' from process `\SUM_C2_BBCD.$proc$cores/Binario_BCD/Sumador_Binario_BCD.v:33$569'.
No latch inferred for signal `\SUM_C2_BBCD.\CIENMILN' from process `\SUM_C2_BBCD.$proc$cores/Binario_BCD/Sumador_Binario_BCD.v:33$569'.
No latch inferred for signal `\SUM_C2_BBCD.\MILLONN' from process `\SUM_C2_BBCD.$proc$cores/Binario_BCD/Sumador_Binario_BCD.v:33$569'.
No latch inferred for signal `\SUM_C2_BBCD.\diffU' from process `\SUM_C2_BBCD.$proc$cores/Binario_BCD/Sumador_Binario_BCD.v:33$569'.
No latch inferred for signal `\SUM_C2_BBCD.\diffD' from process `\SUM_C2_BBCD.$proc$cores/Binario_BCD/Sumador_Binario_BCD.v:33$569'.
No latch inferred for signal `\SUM_C2_BBCD.\diffC' from process `\SUM_C2_BBCD.$proc$cores/Binario_BCD/Sumador_Binario_BCD.v:33$569'.
No latch inferred for signal `\SUM_C2_BBCD.\diffM' from process `\SUM_C2_BBCD.$proc$cores/Binario_BCD/Sumador_Binario_BCD.v:33$569'.
No latch inferred for signal `\SUM_C2_BBCD.\diffDM' from process `\SUM_C2_BBCD.$proc$cores/Binario_BCD/Sumador_Binario_BCD.v:33$569'.
No latch inferred for signal `\SUM_C2_BBCD.\diffCM' from process `\SUM_C2_BBCD.$proc$cores/Binario_BCD/Sumador_Binario_BCD.v:33$569'.
No latch inferred for signal `\SUM_C2_BBCD.\diffMM' from process `\SUM_C2_BBCD.$proc$cores/Binario_BCD/Sumador_Binario_BCD.v:33$569'.
No latch inferred for signal `\CONTROL_BBCD.\DEC' from process `\CONTROL_BBCD.$proc$cores/Binario_BCD/Control_Binario_BCD.v:65$560'.
No latch inferred for signal `\CONTROL_BBCD.\DONE' from process `\CONTROL_BBCD.$proc$cores/Binario_BCD/Control_Binario_BCD.v:65$560'.
No latch inferred for signal `\CONTROL_BBCD.\LD' from process `\CONTROL_BBCD.$proc$cores/Binario_BCD/Control_Binario_BCD.v:65$560'.
No latch inferred for signal `\CONTROL_BBCD.\SH' from process `\CONTROL_BBCD.$proc$cores/Binario_BCD/Control_Binario_BCD.v:65$560'.
No latch inferred for signal `\CONTROL_BBCD.\ADD3' from process `\CONTROL_BBCD.$proc$cores/Binario_BCD/Control_Binario_BCD.v:65$560'.
No latch inferred for signal `\SUB_C2_BCDB.\UNITN' from process `\SUB_C2_BCDB.$proc$cores/BCD_Binario/Sumador_BCD_Binario.v:34$510'.
No latch inferred for signal `\SUB_C2_BCDB.\DECN' from process `\SUB_C2_BCDB.$proc$cores/BCD_Binario/Sumador_BCD_Binario.v:34$510'.
No latch inferred for signal `\SUB_C2_BCDB.\CENTN' from process `\SUB_C2_BCDB.$proc$cores/BCD_Binario/Sumador_BCD_Binario.v:34$510'.
No latch inferred for signal `\SUB_C2_BCDB.\MILN' from process `\SUB_C2_BCDB.$proc$cores/BCD_Binario/Sumador_BCD_Binario.v:34$510'.
No latch inferred for signal `\SUB_C2_BCDB.\DIEZMILN' from process `\SUB_C2_BCDB.$proc$cores/BCD_Binario/Sumador_BCD_Binario.v:34$510'.
No latch inferred for signal `\SUB_C2_BCDB.\CIENMILN' from process `\SUB_C2_BCDB.$proc$cores/BCD_Binario/Sumador_BCD_Binario.v:34$510'.
No latch inferred for signal `\SUB_C2_BCDB.\MILLONN' from process `\SUB_C2_BCDB.$proc$cores/BCD_Binario/Sumador_BCD_Binario.v:34$510'.
No latch inferred for signal `\SUB_C2_BCDB.\diffU' from process `\SUB_C2_BCDB.$proc$cores/BCD_Binario/Sumador_BCD_Binario.v:34$510'.
No latch inferred for signal `\SUB_C2_BCDB.\diffD' from process `\SUB_C2_BCDB.$proc$cores/BCD_Binario/Sumador_BCD_Binario.v:34$510'.
No latch inferred for signal `\SUB_C2_BCDB.\diffC' from process `\SUB_C2_BCDB.$proc$cores/BCD_Binario/Sumador_BCD_Binario.v:34$510'.
No latch inferred for signal `\SUB_C2_BCDB.\diffM' from process `\SUB_C2_BCDB.$proc$cores/BCD_Binario/Sumador_BCD_Binario.v:34$510'.
No latch inferred for signal `\SUB_C2_BCDB.\diffDM' from process `\SUB_C2_BCDB.$proc$cores/BCD_Binario/Sumador_BCD_Binario.v:34$510'.
No latch inferred for signal `\SUB_C2_BCDB.\diffCM' from process `\SUB_C2_BCDB.$proc$cores/BCD_Binario/Sumador_BCD_Binario.v:34$510'.
No latch inferred for signal `\SUB_C2_BCDB.\diffMM' from process `\SUB_C2_BCDB.$proc$cores/BCD_Binario/Sumador_BCD_Binario.v:34$510'.
No latch inferred for signal `\CONTROL_BCDB.\DEC' from process `\CONTROL_BCDB.$proc$cores/BCD_Binario/Control_BCD_Binario.v:62$499'.
No latch inferred for signal `\CONTROL_BCDB.\DONE' from process `\CONTROL_BCDB.$proc$cores/BCD_Binario/Control_BCD_Binario.v:62$499'.
No latch inferred for signal `\CONTROL_BCDB.\LD' from process `\CONTROL_BCDB.$proc$cores/BCD_Binario/Control_BCD_Binario.v:62$499'.
No latch inferred for signal `\CONTROL_BCDB.\SH' from process `\CONTROL_BCDB.$proc$cores/BCD_Binario/Control_BCD_Binario.v:62$499'.
No latch inferred for signal `\CONTROL_BCDB.\SUB3' from process `\CONTROL_BCDB.$proc$cores/BCD_Binario/Control_BCD_Binario.v:62$499'.
No latch inferred for signal `\Periferico_Multiplicador.\s' from process `\Periferico_Multiplicador.$proc$cores/Multiplicador/Periferico_Multiplicador.v:26$276'.
Latch inferred for signal `\Periferico_Divisor.\d_out' from process `\Periferico_Divisor.$proc$cores/Divisor/Periferico_Divisor.v:76$274': $auto$proc_dlatch.cc:427:proc_dlatch$1878
No latch inferred for signal `\Periferico_Divisor.\s' from process `\Periferico_Divisor.$proc$cores/Divisor/Periferico_Divisor.v:33$268'.
No latch inferred for signal `\Periferico_raiz.\s' from process `\Periferico_raiz.$proc$cores/raiz/Periferico_raiz.v:23$261'.
No latch inferred for signal `\Periferico_Binario_BCD.\s' from process `\Periferico_Binario_BCD.$proc$cores/Binario_BCD/Periferico_Binario_BCD.v:30$254'.
No latch inferred for signal `\Periferico_BCD_Binario.\s' from process `\Periferico_BCD_Binario.$proc$cores/BCD_Binario/Periferico_BCD_Binario.v:30$249'.
No latch inferred for signal `$paramod$e6d04b969bf2e003005da0092106b7e60df8a87d\peripheral_uart.\s' from process `$paramod$e6d04b969bf2e003005da0092106b7e60df8a87d\peripheral_uart.$proc$cores/uart/perip_uart.v:29$237'.
No latch inferred for signal `\SOC.\mem_rdata' from process `\SOC.$proc$SOC.v:154$236'.
No latch inferred for signal `\SOC.\cs' from process `\SOC.$proc$SOC.v:138$235'.

42.5.9. Executing PROC_DFF pass (convert process syncs to FFs).
Creating register for signal `\TRELLIS_FF.\Q' using process `\TRELLIS_FF.$proc$/home/juan-diego/miniconda3/envs/digital/bin/../share/yosys/ecp5/cells_sim.v:350$224'.
  created $dff cell `$procdff$1879' with positive edge clock.
Creating register for signal `\DPR16X4C.\i' using process `\DPR16X4C.$proc$/home/juan-diego/miniconda3/envs/digital/bin/../share/yosys/ecp5/cells_sim.v:0$199'.
  created direct connection (no actual register cell created).
Creating register for signal `\DPR16X4C.$memwr$\ram$/home/juan-diego/miniconda3/envs/digital/bin/../share/yosys/ecp5/cells_sim.v:281$160_EN' using process `\DPR16X4C.$proc$/home/juan-diego/miniconda3/envs/digital/bin/../share/yosys/ecp5/cells_sim.v:0$199'.
  created direct connection (no actual register cell created).
Creating register for signal `\DPR16X4C.$memwr$\ram$/home/juan-diego/miniconda3/envs/digital/bin/../share/yosys/ecp5/cells_sim.v:281$161_EN' using process `\DPR16X4C.$proc$/home/juan-diego/miniconda3/envs/digital/bin/../share/yosys/ecp5/cells_sim.v:0$199'.
  created direct connection (no actual register cell created).
Creating register for signal `\DPR16X4C.$memwr$\ram$/home/juan-diego/miniconda3/envs/digital/bin/../share/yosys/ecp5/cells_sim.v:281$162_EN' using process `\DPR16X4C.$proc$/home/juan-diego/miniconda3/envs/digital/bin/../share/yosys/ecp5/cells_sim.v:0$199'.
  created direct connection (no actual register cell created).
Creating register for signal `\DPR16X4C.$memwr$\ram$/home/juan-diego/miniconda3/envs/digital/bin/../share/yosys/ecp5/cells_sim.v:281$163_EN' using process `\DPR16X4C.$proc$/home/juan-diego/miniconda3/envs/digital/bin/../share/yosys/ecp5/cells_sim.v:0$199'.
  created direct connection (no actual register cell created).
Creating register for signal `\DPR16X4C.$memwr$\ram$/home/juan-diego/miniconda3/envs/digital/bin/../share/yosys/ecp5/cells_sim.v:281$164_EN' using process `\DPR16X4C.$proc$/home/juan-diego/miniconda3/envs/digital/bin/../share/yosys/ecp5/cells_sim.v:0$199'.
  created direct connection (no actual register cell created).
Creating register for signal `\DPR16X4C.$memwr$\ram$/home/juan-diego/miniconda3/envs/digital/bin/../share/yosys/ecp5/cells_sim.v:281$165_EN' using process `\DPR16X4C.$proc$/home/juan-diego/miniconda3/envs/digital/bin/../share/yosys/ecp5/cells_sim.v:0$199'.
  created direct connection (no actual register cell created).
Creating register for signal `\DPR16X4C.$memwr$\ram$/home/juan-diego/miniconda3/envs/digital/bin/../share/yosys/ecp5/cells_sim.v:281$166_EN' using process `\DPR16X4C.$proc$/home/juan-diego/miniconda3/envs/digital/bin/../share/yosys/ecp5/cells_sim.v:0$199'.
  created direct connection (no actual register cell created).
Creating register for signal `\DPR16X4C.$memwr$\ram$/home/juan-diego/miniconda3/envs/digital/bin/../share/yosys/ecp5/cells_sim.v:281$167_EN' using process `\DPR16X4C.$proc$/home/juan-diego/miniconda3/envs/digital/bin/../share/yosys/ecp5/cells_sim.v:0$199'.
  created direct connection (no actual register cell created).
Creating register for signal `\DPR16X4C.$memwr$\ram$/home/juan-diego/miniconda3/envs/digital/bin/../share/yosys/ecp5/cells_sim.v:281$168_EN' using process `\DPR16X4C.$proc$/home/juan-diego/miniconda3/envs/digital/bin/../share/yosys/ecp5/cells_sim.v:0$199'.
  created direct connection (no actual register cell created).
Creating register for signal `\DPR16X4C.$memwr$\ram$/home/juan-diego/miniconda3/envs/digital/bin/../share/yosys/ecp5/cells_sim.v:281$169_EN' using process `\DPR16X4C.$proc$/home/juan-diego/miniconda3/envs/digital/bin/../share/yosys/ecp5/cells_sim.v:0$199'.
  created direct connection (no actual register cell created).
Creating register for signal `\DPR16X4C.$memwr$\ram$/home/juan-diego/miniconda3/envs/digital/bin/../share/yosys/ecp5/cells_sim.v:281$170_EN' using process `\DPR16X4C.$proc$/home/juan-diego/miniconda3/envs/digital/bin/../share/yosys/ecp5/cells_sim.v:0$199'.
  created direct connection (no actual register cell created).
Creating register for signal `\DPR16X4C.$memwr$\ram$/home/juan-diego/miniconda3/envs/digital/bin/../share/yosys/ecp5/cells_sim.v:281$171_EN' using process `\DPR16X4C.$proc$/home/juan-diego/miniconda3/envs/digital/bin/../share/yosys/ecp5/cells_sim.v:0$199'.
  created direct connection (no actual register cell created).
Creating register for signal `\DPR16X4C.$memwr$\ram$/home/juan-diego/miniconda3/envs/digital/bin/../share/yosys/ecp5/cells_sim.v:281$172_EN' using process `\DPR16X4C.$proc$/home/juan-diego/miniconda3/envs/digital/bin/../share/yosys/ecp5/cells_sim.v:0$199'.
  created direct connection (no actual register cell created).
Creating register for signal `\DPR16X4C.$memwr$\ram$/home/juan-diego/miniconda3/envs/digital/bin/../share/yosys/ecp5/cells_sim.v:281$173_EN' using process `\DPR16X4C.$proc$/home/juan-diego/miniconda3/envs/digital/bin/../share/yosys/ecp5/cells_sim.v:0$199'.
  created direct connection (no actual register cell created).
Creating register for signal `\DPR16X4C.$memwr$\ram$/home/juan-diego/miniconda3/envs/digital/bin/../share/yosys/ecp5/cells_sim.v:281$174_EN' using process `\DPR16X4C.$proc$/home/juan-diego/miniconda3/envs/digital/bin/../share/yosys/ecp5/cells_sim.v:0$199'.
  created direct connection (no actual register cell created).
Creating register for signal `\DPR16X4C.$memwr$\ram$/home/juan-diego/miniconda3/envs/digital/bin/../share/yosys/ecp5/cells_sim.v:287$175_ADDR' using process `\DPR16X4C.$proc$/home/juan-diego/miniconda3/envs/digital/bin/../share/yosys/ecp5/cells_sim.v:285$176'.
  created $dff cell `$procdff$1880' with positive edge clock.
Creating register for signal `\DPR16X4C.$memwr$\ram$/home/juan-diego/miniconda3/envs/digital/bin/../share/yosys/ecp5/cells_sim.v:287$175_DATA' using process `\DPR16X4C.$proc$/home/juan-diego/miniconda3/envs/digital/bin/../share/yosys/ecp5/cells_sim.v:285$176'.
  created $dff cell `$procdff$1881' with positive edge clock.
Creating register for signal `\DPR16X4C.$memwr$\ram$/home/juan-diego/miniconda3/envs/digital/bin/../share/yosys/ecp5/cells_sim.v:287$175_EN' using process `\DPR16X4C.$proc$/home/juan-diego/miniconda3/envs/digital/bin/../share/yosys/ecp5/cells_sim.v:285$176'.
  created $dff cell `$procdff$1882' with positive edge clock.
Creating register for signal `\TRELLIS_DPR16X4.\i' using process `\TRELLIS_DPR16X4.$proc$/home/juan-diego/miniconda3/envs/digital/bin/../share/yosys/ecp5/cells_sim.v:0$142'.
  created direct connection (no actual register cell created).
Creating register for signal `\TRELLIS_DPR16X4.$memwr$\mem$/home/juan-diego/miniconda3/envs/digital/bin/../share/yosys/ecp5/cells_sim.v:207$100_EN' using process `\TRELLIS_DPR16X4.$proc$/home/juan-diego/miniconda3/envs/digital/bin/../share/yosys/ecp5/cells_sim.v:0$142'.
  created direct connection (no actual register cell created).
Creating register for signal `\TRELLIS_DPR16X4.$memwr$\mem$/home/juan-diego/miniconda3/envs/digital/bin/../share/yosys/ecp5/cells_sim.v:207$101_EN' using process `\TRELLIS_DPR16X4.$proc$/home/juan-diego/miniconda3/envs/digital/bin/../share/yosys/ecp5/cells_sim.v:0$142'.
  created direct connection (no actual register cell created).
Creating register for signal `\TRELLIS_DPR16X4.$memwr$\mem$/home/juan-diego/miniconda3/envs/digital/bin/../share/yosys/ecp5/cells_sim.v:207$102_EN' using process `\TRELLIS_DPR16X4.$proc$/home/juan-diego/miniconda3/envs/digital/bin/../share/yosys/ecp5/cells_sim.v:0$142'.
  created direct connection (no actual register cell created).
Creating register for signal `\TRELLIS_DPR16X4.$memwr$\mem$/home/juan-diego/miniconda3/envs/digital/bin/../share/yosys/ecp5/cells_sim.v:207$103_EN' using process `\TRELLIS_DPR16X4.$proc$/home/juan-diego/miniconda3/envs/digital/bin/../share/yosys/ecp5/cells_sim.v:0$142'.
  created direct connection (no actual register cell created).
Creating register for signal `\TRELLIS_DPR16X4.$memwr$\mem$/home/juan-diego/miniconda3/envs/digital/bin/../share/yosys/ecp5/cells_sim.v:207$104_EN' using process `\TRELLIS_DPR16X4.$proc$/home/juan-diego/miniconda3/envs/digital/bin/../share/yosys/ecp5/cells_sim.v:0$142'.
  created direct connection (no actual register cell created).
Creating register for signal `\TRELLIS_DPR16X4.$memwr$\mem$/home/juan-diego/miniconda3/envs/digital/bin/../share/yosys/ecp5/cells_sim.v:207$105_EN' using process `\TRELLIS_DPR16X4.$proc$/home/juan-diego/miniconda3/envs/digital/bin/../share/yosys/ecp5/cells_sim.v:0$142'.
  created direct connection (no actual register cell created).
Creating register for signal `\TRELLIS_DPR16X4.$memwr$\mem$/home/juan-diego/miniconda3/envs/digital/bin/../share/yosys/ecp5/cells_sim.v:207$106_EN' using process `\TRELLIS_DPR16X4.$proc$/home/juan-diego/miniconda3/envs/digital/bin/../share/yosys/ecp5/cells_sim.v:0$142'.
  created direct connection (no actual register cell created).
Creating register for signal `\TRELLIS_DPR16X4.$memwr$\mem$/home/juan-diego/miniconda3/envs/digital/bin/../share/yosys/ecp5/cells_sim.v:207$107_EN' using process `\TRELLIS_DPR16X4.$proc$/home/juan-diego/miniconda3/envs/digital/bin/../share/yosys/ecp5/cells_sim.v:0$142'.
  created direct connection (no actual register cell created).
Creating register for signal `\TRELLIS_DPR16X4.$memwr$\mem$/home/juan-diego/miniconda3/envs/digital/bin/../share/yosys/ecp5/cells_sim.v:207$108_EN' using process `\TRELLIS_DPR16X4.$proc$/home/juan-diego/miniconda3/envs/digital/bin/../share/yosys/ecp5/cells_sim.v:0$142'.
  created direct connection (no actual register cell created).
Creating register for signal `\TRELLIS_DPR16X4.$memwr$\mem$/home/juan-diego/miniconda3/envs/digital/bin/../share/yosys/ecp5/cells_sim.v:207$109_EN' using process `\TRELLIS_DPR16X4.$proc$/home/juan-diego/miniconda3/envs/digital/bin/../share/yosys/ecp5/cells_sim.v:0$142'.
  created direct connection (no actual register cell created).
Creating register for signal `\TRELLIS_DPR16X4.$memwr$\mem$/home/juan-diego/miniconda3/envs/digital/bin/../share/yosys/ecp5/cells_sim.v:207$110_EN' using process `\TRELLIS_DPR16X4.$proc$/home/juan-diego/miniconda3/envs/digital/bin/../share/yosys/ecp5/cells_sim.v:0$142'.
  created direct connection (no actual register cell created).
Creating register for signal `\TRELLIS_DPR16X4.$memwr$\mem$/home/juan-diego/miniconda3/envs/digital/bin/../share/yosys/ecp5/cells_sim.v:207$111_EN' using process `\TRELLIS_DPR16X4.$proc$/home/juan-diego/miniconda3/envs/digital/bin/../share/yosys/ecp5/cells_sim.v:0$142'.
  created direct connection (no actual register cell created).
Creating register for signal `\TRELLIS_DPR16X4.$memwr$\mem$/home/juan-diego/miniconda3/envs/digital/bin/../share/yosys/ecp5/cells_sim.v:207$112_EN' using process `\TRELLIS_DPR16X4.$proc$/home/juan-diego/miniconda3/envs/digital/bin/../share/yosys/ecp5/cells_sim.v:0$142'.
  created direct connection (no actual register cell created).
Creating register for signal `\TRELLIS_DPR16X4.$memwr$\mem$/home/juan-diego/miniconda3/envs/digital/bin/../share/yosys/ecp5/cells_sim.v:207$113_EN' using process `\TRELLIS_DPR16X4.$proc$/home/juan-diego/miniconda3/envs/digital/bin/../share/yosys/ecp5/cells_sim.v:0$142'.
  created direct connection (no actual register cell created).
Creating register for signal `\TRELLIS_DPR16X4.$memwr$\mem$/home/juan-diego/miniconda3/envs/digital/bin/../share/yosys/ecp5/cells_sim.v:207$114_EN' using process `\TRELLIS_DPR16X4.$proc$/home/juan-diego/miniconda3/envs/digital/bin/../share/yosys/ecp5/cells_sim.v:0$142'.
  created direct connection (no actual register cell created).
Creating register for signal `\TRELLIS_DPR16X4.$memwr$\mem$/home/juan-diego/miniconda3/envs/digital/bin/../share/yosys/ecp5/cells_sim.v:207$115_EN' using process `\TRELLIS_DPR16X4.$proc$/home/juan-diego/miniconda3/envs/digital/bin/../share/yosys/ecp5/cells_sim.v:0$142'.
  created direct connection (no actual register cell created).
Creating register for signal `\TRELLIS_DPR16X4.$memwr$\mem$/home/juan-diego/miniconda3/envs/digital/bin/../share/yosys/ecp5/cells_sim.v:223$116_ADDR' using process `\TRELLIS_DPR16X4.$proc$/home/juan-diego/miniconda3/envs/digital/bin/../share/yosys/ecp5/cells_sim.v:221$118'.
  created $dff cell `$procdff$1883' with positive edge clock.
Creating register for signal `\TRELLIS_DPR16X4.$memwr$\mem$/home/juan-diego/miniconda3/envs/digital/bin/../share/yosys/ecp5/cells_sim.v:223$116_DATA' using process `\TRELLIS_DPR16X4.$proc$/home/juan-diego/miniconda3/envs/digital/bin/../share/yosys/ecp5/cells_sim.v:221$118'.
  created $dff cell `$procdff$1884' with positive edge clock.
Creating register for signal `\TRELLIS_DPR16X4.$memwr$\mem$/home/juan-diego/miniconda3/envs/digital/bin/../share/yosys/ecp5/cells_sim.v:223$116_EN' using process `\TRELLIS_DPR16X4.$proc$/home/juan-diego/miniconda3/envs/digital/bin/../share/yosys/ecp5/cells_sim.v:221$118'.
  created $dff cell `$procdff$1885' with positive edge clock.
Creating register for signal `\TRELLIS_DPR16X4.\muxwre' using process `\TRELLIS_DPR16X4.$proc$/home/juan-diego/miniconda3/envs/digital/bin/../share/yosys/ecp5/cells_sim.v:213$117'.
  created direct connection (no actual register cell created).
Creating register for signal `\Control_Divisor.\NEXT_STATE' using process `\Control_Divisor.$proc$cores/Divisor/Control_Divisor.v:27$660'.
  created $dff cell `$procdff$1886' with positive edge clock.
Creating register for signal `\Control_Divisor.\COUNT' using process `\Control_Divisor.$proc$cores/Divisor/Control_Divisor.v:27$660'.
  created $dff cell `$procdff$1887' with positive edge clock.
Creating register for signal `\Contador_Divisor.\out' using process `\Contador_Divisor.$proc$cores/Divisor/Contador_Divisor.v:9$656'.
  created $dff cell `$procdff$1888' with positive edge clock.
Creating register for signal `$paramod\Registro_DV\width=s32'00000000000000000000000000011111.\MSB_DV' using process `$paramod\Registro_DV\width=s32'00000000000000000000000000011111.$proc$cores/Divisor/RegistroDV_Divisor.v:13$655'.
  created $dff cell `$procdff$1889' with positive edge clock.
Creating register for signal `$paramod\Registro_DV\width=s32'00000000000000000000000000011111.\Resultado_NS' using process `$paramod\Registro_DV\width=s32'00000000000000000000000000011111.$proc$cores/Divisor/RegistroDV_Divisor.v:13$655'.
  created $dff cell `$procdff$1890' with positive edge clock.
Creating register for signal `$paramod\Registro_A\width=s32'00000000000000000000000000011111.\Residuo_NS' using process `$paramod\Registro_A\width=s32'00000000000000000000000000011111.$proc$cores/Divisor/RegistroA_Divisor.v:14$654'.
  created $dff cell `$procdff$1891' with positive edge clock.
Creating register for signal `\A_long_Multiplicador.\A_long' using process `\A_long_Multiplicador.$proc$cores/Multiplicador/A_long_Multiplicador.v:10$646'.
  created $dff cell `$procdff$1892' with positive edge clock.
Creating register for signal `\B_long_Multiplicador.\B_long' using process `\B_long_Multiplicador.$proc$cores/Multiplicador/B_long_Multiplicador.v:15$645'.
  created $dff cell `$procdff$1893' with positive edge clock.
Creating register for signal `\Acumulador_Multiplicador.\ACC' using process `\Acumulador_Multiplicador.$proc$cores/Multiplicador/Acumulador_Multiplicador.v:16$642'.
  created $dff cell `$procdff$1894' with positive edge clock.
Creating register for signal `\contador_Multiplicador.\out' using process `\contador_Multiplicador.$proc$cores/Multiplicador/Contador_Multiplicador.v:10$636'.
  created $dff cell `$procdff$1895' with positive edge clock.
Creating register for signal `\Control_Multiplicador.\NEXT_STATE' using process `\Control_Multiplicador.$proc$cores/Multiplicador/Control_Multiplicador.v:29$631'.
  created $dff cell `$procdff$1896' with positive edge clock.
Creating register for signal `\Control_Multiplicador.\COUNT' using process `\Control_Multiplicador.$proc$cores/Multiplicador/Control_Multiplicador.v:29$631'.
  created $dff cell `$procdff$1897' with positive edge clock.
Creating register for signal `\CONTROL_RAIZ.\NEXT_STATE' using process `\CONTROL_RAIZ.$proc$cores/raiz/CONTROL_RAIZ.v:31$624'.
  created $dff cell `$procdff$1898' with positive edge clock.
Creating register for signal `\CONTROL_RAIZ.\count' using process `\CONTROL_RAIZ.$proc$cores/raiz/CONTROL_RAIZ.v:31$624'.
  created $dff cell `$procdff$1899' with positive edge clock.
Creating register for signal `\COUNT_RAIZ.\Z' using process `\COUNT_RAIZ.$proc$cores/raiz/COUNT_RAIZ.v:10$620'.
  created $dff cell `$procdff$1900' with positive edge clock.
Creating register for signal `\COUNT_RAIZ.\count' using process `\COUNT_RAIZ.$proc$cores/raiz/COUNT_RAIZ.v:10$620'.
  created $dff cell `$procdff$1901' with positive edge clock.
Creating register for signal `\LSR_A_RAIZ.\A_out' using process `\LSR_A_RAIZ.$proc$cores/raiz/LSR_A_RAIZ.v:17$616'.
  created $dff cell `$procdff$1902' with positive edge clock.
Creating register for signal `\LSR_A_RAIZ.\reg_TMP' using process `\LSR_A_RAIZ.$proc$cores/raiz/LSR_A_RAIZ.v:17$616'.
  created $dff cell `$procdff$1903' with positive edge clock.
Creating register for signal `\LSR_R_RAIZ.\Resultado' using process `\LSR_R_RAIZ.$proc$cores/raiz/LSR_R_RAIZ.v:10$615'.
  created $dff cell `$procdff$1904' with positive edge clock.
Creating register for signal `\LSR_TMP_RAIZ.\TMP_out' using process `\LSR_TMP_RAIZ.$proc$cores/raiz/LSR_TMP_RAIZ.v:11$614'.
  created $dff cell `$procdff$1905' with positive edge clock.
Creating register for signal `\CONTADOR_BBCD.\Z' using process `\CONTADOR_BBCD.$proc$cores/Binario_BCD/Contador_Binario_BCD.v:11$564'.
  created $dff cell `$procdff$1906' with positive edge clock.
Creating register for signal `\CONTADOR_BBCD.\count' using process `\CONTADOR_BBCD.$proc$cores/Binario_BCD/Contador_Binario_BCD.v:11$564'.
  created $dff cell `$procdff$1907' with positive edge clock.
Creating register for signal `\LSR_BBCD.\A' using process `\LSR_BBCD.$proc$cores/Binario_BCD/LSR_Binario_BCD.v:42$561'.
  created $dff cell `$procdff$1908' with positive edge clock.
Creating register for signal `\LSR_BBCD.\SIGN' using process `\LSR_BBCD.$proc$cores/Binario_BCD/LSR_Binario_BCD.v:42$561'.
  created $dff cell `$procdff$1909' with positive edge clock.
Creating register for signal `\LSR_BBCD.\Op_A' using process `\LSR_BBCD.$proc$cores/Binario_BCD/LSR_Binario_BCD.v:42$561'.
  created $dff cell `$procdff$1910' with positive edge clock.
Creating register for signal `\CONTROL_BBCD.\NEXT_STATE' using process `\CONTROL_BBCD.$proc$cores/Binario_BCD/Control_Binario_BCD.v:26$552'.
  created $dff cell `$procdff$1911' with positive edge clock.
Creating register for signal `\CONTROL_BBCD.\count' using process `\CONTROL_BBCD.$proc$cores/Binario_BCD/Control_Binario_BCD.v:26$552'.
  created $dff cell `$procdff$1912' with positive edge clock.
Creating register for signal `\RSR_BCDB.\A' using process `\RSR_BCDB.$proc$cores/BCD_Binario/RSR_BCD_Binario.v:49$509'.
  created $dff cell `$procdff$1913' with positive edge clock.
Creating register for signal `\RSR_BCDB.\Op_A' using process `\RSR_BCDB.$proc$cores/BCD_Binario/RSR_BCD_Binario.v:49$509'.
  created $dff cell `$procdff$1914' with positive edge clock.
Creating register for signal `\RSR_BCDB.\SIGN_reg' using process `\RSR_BCDB.$proc$cores/BCD_Binario/RSR_BCD_Binario.v:49$509'.
  created $dff cell `$procdff$1915' with positive edge clock.
Creating register for signal `\CONTADOR_BCDB.\Z' using process `\CONTADOR_BCDB.$proc$cores/BCD_Binario/Contador_BCD_Binario.v:11$500'.
  created $dff cell `$procdff$1916' with positive edge clock.
Creating register for signal `\CONTADOR_BCDB.\count' using process `\CONTADOR_BCDB.$proc$cores/BCD_Binario/Contador_BCD_Binario.v:11$500'.
  created $dff cell `$procdff$1917' with positive edge clock.
Creating register for signal `\CONTROL_BCDB.\NEXT_STATE' using process `\CONTROL_BCDB.$proc$cores/BCD_Binario/Control_BCD_Binario.v:24$491'.
  created $dff cell `$procdff$1918' with positive edge clock.
Creating register for signal `\CONTROL_BCDB.\count' using process `\CONTROL_BCDB.$proc$cores/BCD_Binario/Control_BCD_Binario.v:24$491'.
  created $dff cell `$procdff$1919' with positive edge clock.
Creating register for signal `$paramod$3e616a0e06e4648ce82d4c7cdb2269fbdad4d203\uart.\tx_busy' using process `$paramod$3e616a0e06e4648ce82d4c7cdb2269fbdad4d203\uart.$proc$cores/uart/uart.v:122$481'.
  created $dff cell `$procdff$1920' with positive edge clock.
Creating register for signal `$paramod$3e616a0e06e4648ce82d4c7cdb2269fbdad4d203\uart.\uart_txd' using process `$paramod$3e616a0e06e4648ce82d4c7cdb2269fbdad4d203\uart.$proc$cores/uart/uart.v:122$481'.
  created $dff cell `$procdff$1921' with positive edge clock.
Creating register for signal `$paramod$3e616a0e06e4648ce82d4c7cdb2269fbdad4d203\uart.\tx_bitcount' using process `$paramod$3e616a0e06e4648ce82d4c7cdb2269fbdad4d203\uart.$proc$cores/uart/uart.v:122$481'.
  created $dff cell `$procdff$1922' with positive edge clock.
Creating register for signal `$paramod$3e616a0e06e4648ce82d4c7cdb2269fbdad4d203\uart.\tx_count16' using process `$paramod$3e616a0e06e4648ce82d4c7cdb2269fbdad4d203\uart.$proc$cores/uart/uart.v:122$481'.
  created $dff cell `$procdff$1923' with positive edge clock.
Creating register for signal `$paramod$3e616a0e06e4648ce82d4c7cdb2269fbdad4d203\uart.\txd_reg' using process `$paramod$3e616a0e06e4648ce82d4c7cdb2269fbdad4d203\uart.$proc$cores/uart/uart.v:122$481'.
  created $dff cell `$procdff$1924' with positive edge clock.
Creating register for signal `$paramod$3e616a0e06e4648ce82d4c7cdb2269fbdad4d203\uart.\rx_data' using process `$paramod$3e616a0e06e4648ce82d4c7cdb2269fbdad4d203\uart.$proc$cores/uart/uart.v:66$473'.
  created $dff cell `$procdff$1925' with positive edge clock.
Creating register for signal `$paramod$3e616a0e06e4648ce82d4c7cdb2269fbdad4d203\uart.\rx_error' using process `$paramod$3e616a0e06e4648ce82d4c7cdb2269fbdad4d203\uart.$proc$cores/uart/uart.v:66$473'.
  created $dff cell `$procdff$1926' with positive edge clock.
Creating register for signal `$paramod$3e616a0e06e4648ce82d4c7cdb2269fbdad4d203\uart.\rx_avail' using process `$paramod$3e616a0e06e4648ce82d4c7cdb2269fbdad4d203\uart.$proc$cores/uart/uart.v:66$473'.
  created $dff cell `$procdff$1927' with positive edge clock.
Creating register for signal `$paramod$3e616a0e06e4648ce82d4c7cdb2269fbdad4d203\uart.\rx_busy' using process `$paramod$3e616a0e06e4648ce82d4c7cdb2269fbdad4d203\uart.$proc$cores/uart/uart.v:66$473'.
  created $dff cell `$procdff$1928' with positive edge clock.
Creating register for signal `$paramod$3e616a0e06e4648ce82d4c7cdb2269fbdad4d203\uart.\rx_count16' using process `$paramod$3e616a0e06e4648ce82d4c7cdb2269fbdad4d203\uart.$proc$cores/uart/uart.v:66$473'.
  created $dff cell `$procdff$1929' with positive edge clock.
Creating register for signal `$paramod$3e616a0e06e4648ce82d4c7cdb2269fbdad4d203\uart.\rx_bitcount' using process `$paramod$3e616a0e06e4648ce82d4c7cdb2269fbdad4d203\uart.$proc$cores/uart/uart.v:66$473'.
  created $dff cell `$procdff$1930' with positive edge clock.
Creating register for signal `$paramod$3e616a0e06e4648ce82d4c7cdb2269fbdad4d203\uart.\rxd_reg' using process `$paramod$3e616a0e06e4648ce82d4c7cdb2269fbdad4d203\uart.$proc$cores/uart/uart.v:66$473'.
  created $dff cell `$procdff$1931' with positive edge clock.
Creating register for signal `$paramod$3e616a0e06e4648ce82d4c7cdb2269fbdad4d203\uart.\uart_rxd1' using process `$paramod$3e616a0e06e4648ce82d4c7cdb2269fbdad4d203\uart.$proc$cores/uart/uart.v:52$472'.
  created $dff cell `$procdff$1932' with positive edge clock.
Creating register for signal `$paramod$3e616a0e06e4648ce82d4c7cdb2269fbdad4d203\uart.\uart_rxd2' using process `$paramod$3e616a0e06e4648ce82d4c7cdb2269fbdad4d203\uart.$proc$cores/uart/uart.v:52$472'.
  created $dff cell `$procdff$1933' with positive edge clock.
Creating register for signal `$paramod$3e616a0e06e4648ce82d4c7cdb2269fbdad4d203\uart.\enable16_counter' using process `$paramod$3e616a0e06e4648ce82d4c7cdb2269fbdad4d203\uart.$proc$cores/uart/uart.v:34$469'.
  created $dff cell `$procdff$1934' with positive edge clock.
Creating register for signal `\FemtoRV32.\cycles' using process `\FemtoRV32.$proc$cores/cpu/femtorv32_quark.v:381$458'.
  created $dff cell `$procdff$1935' with positive edge clock.
Creating register for signal `\FemtoRV32.\rs1' using process `\FemtoRV32.$proc$cores/cpu/femtorv32_quark.v:335$445'.
  created $dff cell `$procdff$1936' with positive edge clock.
Creating register for signal `\FemtoRV32.\rs2' using process `\FemtoRV32.$proc$cores/cpu/femtorv32_quark.v:335$445'.
  created $dff cell `$procdff$1937' with positive edge clock.
Creating register for signal `\FemtoRV32.\PC' using process `\FemtoRV32.$proc$cores/cpu/femtorv32_quark.v:335$445'.
  created $dff cell `$procdff$1938' with positive edge clock.
Creating register for signal `\FemtoRV32.\instr' using process `\FemtoRV32.$proc$cores/cpu/femtorv32_quark.v:335$445'.
  created $dff cell `$procdff$1939' with positive edge clock.
Creating register for signal `\FemtoRV32.\state' using process `\FemtoRV32.$proc$cores/cpu/femtorv32_quark.v:335$445'.
  created $dff cell `$procdff$1940' with positive edge clock.
Creating register for signal `\FemtoRV32.\aluReg' using process `\FemtoRV32.$proc$cores/cpu/femtorv32_quark.v:154$370'.
  created $dff cell `$procdff$1941' with positive edge clock.
Creating register for signal `\FemtoRV32.\aluShamt' using process `\FemtoRV32.$proc$cores/cpu/femtorv32_quark.v:154$370'.
  created $dff cell `$procdff$1942' with positive edge clock.
Creating register for signal `\FemtoRV32.$memwr$\registerFile$cores/cpu/femtorv32_quark.v:103$316_EN' using process `\FemtoRV32.$proc$cores/cpu/femtorv32_quark.v:102$329'.
  created $dff cell `$procdff$1943' with positive edge clock.
Creating register for signal `\FemtoRV32.$memwr$\registerFile$cores/cpu/femtorv32_quark.v:106$317_ADDR' using process `\FemtoRV32.$proc$cores/cpu/femtorv32_quark.v:102$329'.
  created $dff cell `$procdff$1944' with positive edge clock.
Creating register for signal `\FemtoRV32.$memwr$\registerFile$cores/cpu/femtorv32_quark.v:106$317_DATA' using process `\FemtoRV32.$proc$cores/cpu/femtorv32_quark.v:102$329'.
  created $dff cell `$procdff$1945' with positive edge clock.
Creating register for signal `\FemtoRV32.$memwr$\registerFile$cores/cpu/femtorv32_quark.v:106$317_EN' using process `\FemtoRV32.$proc$cores/cpu/femtorv32_quark.v:102$329'.
  created $dff cell `$procdff$1946' with positive edge clock.
Creating register for signal `\bram.\mem_rdata' using process `\bram.$proc$cores/bram/bram.v:20$288'.
  created $dff cell `$procdff$1947' with positive edge clock.
Creating register for signal `\bram.$memwr$\MEM$cores/bram/bram.v:24$284_ADDR' using process `\bram.$proc$cores/bram/bram.v:20$288'.
  created $dff cell `$procdff$1948' with positive edge clock.
Creating register for signal `\bram.$memwr$\MEM$cores/bram/bram.v:24$284_DATA' using process `\bram.$proc$cores/bram/bram.v:20$288'.
  created $dff cell `$procdff$1949' with positive edge clock.
Creating register for signal `\bram.$memwr$\MEM$cores/bram/bram.v:24$284_EN' using process `\bram.$proc$cores/bram/bram.v:20$288'.
  created $dff cell `$procdff$1950' with positive edge clock.
Creating register for signal `\bram.$memwr$\MEM$cores/bram/bram.v:25$285_ADDR' using process `\bram.$proc$cores/bram/bram.v:20$288'.
  created $dff cell `$procdff$1951' with positive edge clock.
Creating register for signal `\bram.$memwr$\MEM$cores/bram/bram.v:25$285_DATA' using process `\bram.$proc$cores/bram/bram.v:20$288'.
  created $dff cell `$procdff$1952' with positive edge clock.
Creating register for signal `\bram.$memwr$\MEM$cores/bram/bram.v:25$285_EN' using process `\bram.$proc$cores/bram/bram.v:20$288'.
  created $dff cell `$procdff$1953' with positive edge clock.
Creating register for signal `\bram.$memwr$\MEM$cores/bram/bram.v:26$286_ADDR' using process `\bram.$proc$cores/bram/bram.v:20$288'.
  created $dff cell `$procdff$1954' with positive edge clock.
Creating register for signal `\bram.$memwr$\MEM$cores/bram/bram.v:26$286_DATA' using process `\bram.$proc$cores/bram/bram.v:20$288'.
  created $dff cell `$procdff$1955' with positive edge clock.
Creating register for signal `\bram.$memwr$\MEM$cores/bram/bram.v:26$286_EN' using process `\bram.$proc$cores/bram/bram.v:20$288'.
  created $dff cell `$procdff$1956' with positive edge clock.
Creating register for signal `\bram.$memwr$\MEM$cores/bram/bram.v:27$287_ADDR' using process `\bram.$proc$cores/bram/bram.v:20$288'.
  created $dff cell `$procdff$1957' with positive edge clock.
Creating register for signal `\bram.$memwr$\MEM$cores/bram/bram.v:27$287_DATA' using process `\bram.$proc$cores/bram/bram.v:20$288'.
  created $dff cell `$procdff$1958' with positive edge clock.
Creating register for signal `\bram.$memwr$\MEM$cores/bram/bram.v:27$287_EN' using process `\bram.$proc$cores/bram/bram.v:20$288'.
  created $dff cell `$procdff$1959' with positive edge clock.
Creating register for signal `\Periferico_Multiplicador.\d_out' using process `\Periferico_Multiplicador.$proc$cores/Multiplicador/Periferico_Multiplicador.v:64$282'.
  created $dff cell `$procdff$1960' with positive edge clock.
Creating register for signal `\Periferico_Multiplicador.\init' using process `\Periferico_Multiplicador.$proc$cores/Multiplicador/Periferico_Multiplicador.v:47$277'.
  created $dff cell `$procdff$1961' with positive edge clock.
Creating register for signal `\Periferico_Multiplicador.\Multiplicando' using process `\Periferico_Multiplicador.$proc$cores/Multiplicador/Periferico_Multiplicador.v:47$277'.
  created $dff cell `$procdff$1962' with positive edge clock.
Creating register for signal `\Periferico_Multiplicador.\Multiplicador' using process `\Periferico_Multiplicador.$proc$cores/Multiplicador/Periferico_Multiplicador.v:47$277'.
  created $dff cell `$procdff$1963' with positive edge clock.
Creating register for signal `\Periferico_Divisor.\init' using process `\Periferico_Divisor.$proc$cores/Divisor/Periferico_Divisor.v:54$269'.
  created $dff cell `$procdff$1964' with positive edge clock.
Creating register for signal `\Periferico_Divisor.\Dividendo' using process `\Periferico_Divisor.$proc$cores/Divisor/Periferico_Divisor.v:54$269'.
  created $dff cell `$procdff$1965' with positive edge clock.
Creating register for signal `\Periferico_Divisor.\DR' using process `\Periferico_Divisor.$proc$cores/Divisor/Periferico_Divisor.v:54$269'.
  created $dff cell `$procdff$1966' with positive edge clock.
Creating register for signal `\Periferico_raiz.\d_out' using process `\Periferico_raiz.$proc$cores/raiz/Periferico_raiz.v:57$266'.
  created $dff cell `$procdff$1967' with positive edge clock.
Creating register for signal `\Periferico_raiz.\INIT' using process `\Periferico_raiz.$proc$cores/raiz/Periferico_raiz.v:42$262'.
  created $dff cell `$procdff$1968' with positive edge clock.
Creating register for signal `\Periferico_raiz.\Op_A' using process `\Periferico_raiz.$proc$cores/raiz/Periferico_raiz.v:42$262'.
  created $dff cell `$procdff$1969' with positive edge clock.
Creating register for signal `\Periferico_Binario_BCD.\d_out' using process `\Periferico_Binario_BCD.$proc$cores/Binario_BCD/Periferico_Binario_BCD.v:60$259'.
  created $dff cell `$procdff$1970' with positive edge clock.
Creating register for signal `\Periferico_Binario_BCD.\INIT' using process `\Periferico_Binario_BCD.$proc$cores/Binario_BCD/Periferico_Binario_BCD.v:45$255'.
  created $dff cell `$procdff$1971' with positive edge clock.
Creating register for signal `\Periferico_Binario_BCD.\Op_A' using process `\Periferico_Binario_BCD.$proc$cores/Binario_BCD/Periferico_Binario_BCD.v:45$255'.
  created $dff cell `$procdff$1972' with positive edge clock.
Creating register for signal `\Periferico_BCD_Binario.\d_out' using process `\Periferico_BCD_Binario.$proc$cores/BCD_Binario/Periferico_BCD_Binario.v:75$252'.
  created $dff cell `$procdff$1973' with positive edge clock.
Creating register for signal `\Periferico_BCD_Binario.\INIT' using process `\Periferico_BCD_Binario.$proc$cores/BCD_Binario/Periferico_BCD_Binario.v:45$250'.
  created $dff cell `$procdff$1974' with positive edge clock.
Creating register for signal `\Periferico_BCD_Binario.\SIGN' using process `\Periferico_BCD_Binario.$proc$cores/BCD_Binario/Periferico_BCD_Binario.v:45$250'.
  created $dff cell `$procdff$1975' with positive edge clock.
Creating register for signal `\Periferico_BCD_Binario.\MILLON' using process `\Periferico_BCD_Binario.$proc$cores/BCD_Binario/Periferico_BCD_Binario.v:45$250'.
  created $dff cell `$procdff$1976' with positive edge clock.
Creating register for signal `\Periferico_BCD_Binario.\CIENMIL' using process `\Periferico_BCD_Binario.$proc$cores/BCD_Binario/Periferico_BCD_Binario.v:45$250'.
  created $dff cell `$procdff$1977' with positive edge clock.
Creating register for signal `\Periferico_BCD_Binario.\DIEZMIL' using process `\Periferico_BCD_Binario.$proc$cores/BCD_Binario/Periferico_BCD_Binario.v:45$250'.
  created $dff cell `$procdff$1978' with positive edge clock.
Creating register for signal `\Periferico_BCD_Binario.\MIL' using process `\Periferico_BCD_Binario.$proc$cores/BCD_Binario/Periferico_BCD_Binario.v:45$250'.
  created $dff cell `$procdff$1979' with positive edge clock.
Creating register for signal `\Periferico_BCD_Binario.\CENT' using process `\Periferico_BCD_Binario.$proc$cores/BCD_Binario/Periferico_BCD_Binario.v:45$250'.
  created $dff cell `$procdff$1980' with positive edge clock.
Creating register for signal `\Periferico_BCD_Binario.\DEC' using process `\Periferico_BCD_Binario.$proc$cores/BCD_Binario/Periferico_BCD_Binario.v:45$250'.
  created $dff cell `$procdff$1981' with positive edge clock.
Creating register for signal `\Periferico_BCD_Binario.\UNIT' using process `\Periferico_BCD_Binario.$proc$cores/BCD_Binario/Periferico_BCD_Binario.v:45$250'.
  created $dff cell `$procdff$1982' with positive edge clock.
Creating register for signal `$paramod$e6d04b969bf2e003005da0092106b7e60df8a87d\peripheral_uart.\d_out' using process `$paramod$e6d04b969bf2e003005da0092106b7e60df8a87d\peripheral_uart.$proc$cores/uart/perip_uart.v:45$245'.
  created $dff cell `$procdff$1983' with positive edge clock.
Creating register for signal `$paramod$e6d04b969bf2e003005da0092106b7e60df8a87d\peripheral_uart.\ledout' using process `$paramod$e6d04b969bf2e003005da0092106b7e60df8a87d\peripheral_uart.$proc$cores/uart/perip_uart.v:38$240'.
  created $dff cell `$procdff$1984' with positive edge clock.
Creating register for signal `$paramod$e6d04b969bf2e003005da0092106b7e60df8a87d\peripheral_uart.\d_in_uart' using process `$paramod$e6d04b969bf2e003005da0092106b7e60df8a87d\peripheral_uart.$proc$cores/uart/perip_uart.v:38$240'.
  created $dff cell `$procdff$1985' with positive edge clock.
Creating register for signal `$paramod$e6d04b969bf2e003005da0092106b7e60df8a87d\peripheral_uart.\uart_ctrl' using process `$paramod$e6d04b969bf2e003005da0092106b7e60df8a87d\peripheral_uart.$proc$cores/uart/perip_uart.v:38$240'.
  created $dff cell `$procdff$1986' with positive edge clock.

42.5.10. Executing PROC_MEMWR pass (convert process memory writes to cells).

42.5.11. Executing PROC_CLEAN pass (remove empty switches from decision trees).
Removing empty process `TRELLIS_FF.$proc$/home/juan-diego/miniconda3/envs/digital/bin/../share/yosys/ecp5/cells_sim.v:0$225'.
Found and cleaned up 2 empty switches in `\TRELLIS_FF.$proc$/home/juan-diego/miniconda3/envs/digital/bin/../share/yosys/ecp5/cells_sim.v:350$224'.
Removing empty process `TRELLIS_FF.$proc$/home/juan-diego/miniconda3/envs/digital/bin/../share/yosys/ecp5/cells_sim.v:350$224'.
Removing empty process `DPR16X4C.$proc$/home/juan-diego/miniconda3/envs/digital/bin/../share/yosys/ecp5/cells_sim.v:0$199'.
Found and cleaned up 1 empty switch in `\DPR16X4C.$proc$/home/juan-diego/miniconda3/envs/digital/bin/../share/yosys/ecp5/cells_sim.v:285$176'.
Removing empty process `TRELLIS_DPR16X4.$proc$/home/juan-diego/miniconda3/envs/digital/bin/../share/yosys/ecp5/cells_sim.v:0$142'.
Found and cleaned up 1 empty switch in `\TRELLIS_DPR16X4.$proc$/home/juan-diego/miniconda3/envs/digital/bin/../share/yosys/ecp5/cells_sim.v:221$118'.
Removing empty process `TRELLIS_DPR16X4.$proc$/home/juan-diego/miniconda3/envs/digital/bin/../share/yosys/ecp5/cells_sim.v:213$117'.
Found and cleaned up 1 empty switch in `\Control_Divisor.$proc$cores/Divisor/Control_Divisor.v:65$665'.
Removing empty process `Control_Divisor.$proc$cores/Divisor/Control_Divisor.v:65$665'.
Found and cleaned up 5 empty switches in `\Control_Divisor.$proc$cores/Divisor/Control_Divisor.v:27$660'.
Removing empty process `Control_Divisor.$proc$cores/Divisor/Control_Divisor.v:27$660'.
Found and cleaned up 2 empty switches in `\Contador_Divisor.$proc$cores/Divisor/Contador_Divisor.v:9$656'.
Removing empty process `Contador_Divisor.$proc$cores/Divisor/Contador_Divisor.v:9$656'.
Found and cleaned up 3 empty switches in `$paramod\Registro_DV\width=s32'00000000000000000000000000011111.$proc$cores/Divisor/RegistroDV_Divisor.v:13$655'.
Removing empty process `$paramod\Registro_DV\width=s32'00000000000000000000000000011111.$proc$cores/Divisor/RegistroDV_Divisor.v:13$655'.
Found and cleaned up 3 empty switches in `$paramod\Registro_A\width=s32'00000000000000000000000000011111.$proc$cores/Divisor/RegistroA_Divisor.v:14$654'.
Removing empty process `$paramod\Registro_A\width=s32'00000000000000000000000000011111.$proc$cores/Divisor/RegistroA_Divisor.v:14$654'.
Found and cleaned up 1 empty switch in `\A_long_Multiplicador.$proc$cores/Multiplicador/A_long_Multiplicador.v:10$646'.
Removing empty process `A_long_Multiplicador.$proc$cores/Multiplicador/A_long_Multiplicador.v:10$646'.
Found and cleaned up 2 empty switches in `\B_long_Multiplicador.$proc$cores/Multiplicador/B_long_Multiplicador.v:15$645'.
Removing empty process `B_long_Multiplicador.$proc$cores/Multiplicador/B_long_Multiplicador.v:15$645'.
Found and cleaned up 3 empty switches in `\Acumulador_Multiplicador.$proc$cores/Multiplicador/Acumulador_Multiplicador.v:16$642'.
Removing empty process `Acumulador_Multiplicador.$proc$cores/Multiplicador/Acumulador_Multiplicador.v:16$642'.
Found and cleaned up 2 empty switches in `\contador_Multiplicador.$proc$cores/Multiplicador/Contador_Multiplicador.v:10$636'.
Removing empty process `contador_Multiplicador.$proc$cores/Multiplicador/Contador_Multiplicador.v:10$636'.
Found and cleaned up 1 empty switch in `\Control_Multiplicador.$proc$cores/Multiplicador/Control_Multiplicador.v:67$635'.
Removing empty process `Control_Multiplicador.$proc$cores/Multiplicador/Control_Multiplicador.v:67$635'.
Found and cleaned up 5 empty switches in `\Control_Multiplicador.$proc$cores/Multiplicador/Control_Multiplicador.v:29$631'.
Removing empty process `Control_Multiplicador.$proc$cores/Multiplicador/Control_Multiplicador.v:29$631'.
Found and cleaned up 1 empty switch in `\CONTROL_RAIZ.$proc$cores/raiz/CONTROL_RAIZ.v:76$630'.
Removing empty process `CONTROL_RAIZ.$proc$cores/raiz/CONTROL_RAIZ.v:76$630'.
Found and cleaned up 6 empty switches in `\CONTROL_RAIZ.$proc$cores/raiz/CONTROL_RAIZ.v:31$624'.
Removing empty process `CONTROL_RAIZ.$proc$cores/raiz/CONTROL_RAIZ.v:31$624'.
Found and cleaned up 4 empty switches in `\COUNT_RAIZ.$proc$cores/raiz/COUNT_RAIZ.v:10$620'.
Removing empty process `COUNT_RAIZ.$proc$cores/raiz/COUNT_RAIZ.v:10$620'.
Found and cleaned up 3 empty switches in `\LSR_A_RAIZ.$proc$cores/raiz/LSR_A_RAIZ.v:17$616'.
Removing empty process `LSR_A_RAIZ.$proc$cores/raiz/LSR_A_RAIZ.v:17$616'.
Found and cleaned up 2 empty switches in `\LSR_R_RAIZ.$proc$cores/raiz/LSR_R_RAIZ.v:10$615'.
Removing empty process `LSR_R_RAIZ.$proc$cores/raiz/LSR_R_RAIZ.v:10$615'.
Found and cleaned up 2 empty switches in `\LSR_TMP_RAIZ.$proc$cores/raiz/LSR_TMP_RAIZ.v:11$614'.
Removing empty process `LSR_TMP_RAIZ.$proc$cores/raiz/LSR_TMP_RAIZ.v:11$614'.
Found and cleaned up 7 empty switches in `\SUM_C2_BBCD.$proc$cores/Binario_BCD/Sumador_Binario_BCD.v:33$569'.
Removing empty process `SUM_C2_BBCD.$proc$cores/Binario_BCD/Sumador_Binario_BCD.v:33$569'.
Found and cleaned up 3 empty switches in `\CONTADOR_BBCD.$proc$cores/Binario_BCD/Contador_Binario_BCD.v:11$564'.
Removing empty process `CONTADOR_BBCD.$proc$cores/Binario_BCD/Contador_Binario_BCD.v:11$564'.
Found and cleaned up 3 empty switches in `\LSR_BBCD.$proc$cores/Binario_BCD/LSR_Binario_BCD.v:42$561'.
Removing empty process `LSR_BBCD.$proc$cores/Binario_BCD/LSR_Binario_BCD.v:42$561'.
Found and cleaned up 1 empty switch in `\CONTROL_BBCD.$proc$cores/Binario_BCD/Control_Binario_BCD.v:65$560'.
Removing empty process `CONTROL_BBCD.$proc$cores/Binario_BCD/Control_Binario_BCD.v:65$560'.
Found and cleaned up 6 empty switches in `\CONTROL_BBCD.$proc$cores/Binario_BCD/Control_Binario_BCD.v:26$552'.
Removing empty process `CONTROL_BBCD.$proc$cores/Binario_BCD/Control_Binario_BCD.v:26$552'.
Found and cleaned up 7 empty switches in `\SUB_C2_BCDB.$proc$cores/BCD_Binario/Sumador_BCD_Binario.v:34$510'.
Removing empty process `SUB_C2_BCDB.$proc$cores/BCD_Binario/Sumador_BCD_Binario.v:34$510'.
Found and cleaned up 2 empty switches in `\RSR_BCDB.$proc$cores/BCD_Binario/RSR_BCD_Binario.v:49$509'.
Removing empty process `RSR_BCDB.$proc$cores/BCD_Binario/RSR_BCD_Binario.v:49$509'.
Found and cleaned up 3 empty switches in `\CONTADOR_BCDB.$proc$cores/BCD_Binario/Contador_BCD_Binario.v:11$500'.
Removing empty process `CONTADOR_BCDB.$proc$cores/BCD_Binario/Contador_BCD_Binario.v:11$500'.
Found and cleaned up 1 empty switch in `\CONTROL_BCDB.$proc$cores/BCD_Binario/Control_BCD_Binario.v:62$499'.
Removing empty process `CONTROL_BCDB.$proc$cores/BCD_Binario/Control_BCD_Binario.v:62$499'.
Found and cleaned up 6 empty switches in `\CONTROL_BCDB.$proc$cores/BCD_Binario/Control_BCD_Binario.v:24$491'.
Removing empty process `CONTROL_BCDB.$proc$cores/BCD_Binario/Control_BCD_Binario.v:24$491'.
Found and cleaned up 7 empty switches in `$paramod$3e616a0e06e4648ce82d4c7cdb2269fbdad4d203\uart.$proc$cores/uart/uart.v:122$481'.
Removing empty process `$paramod$3e616a0e06e4648ce82d4c7cdb2269fbdad4d203\uart.$proc$cores/uart/uart.v:122$481'.
Found and cleaned up 10 empty switches in `$paramod$3e616a0e06e4648ce82d4c7cdb2269fbdad4d203\uart.$proc$cores/uart/uart.v:66$473'.
Removing empty process `$paramod$3e616a0e06e4648ce82d4c7cdb2269fbdad4d203\uart.$proc$cores/uart/uart.v:66$473'.
Removing empty process `$paramod$3e616a0e06e4648ce82d4c7cdb2269fbdad4d203\uart.$proc$cores/uart/uart.v:52$472'.
Found and cleaned up 2 empty switches in `$paramod$3e616a0e06e4648ce82d4c7cdb2269fbdad4d203\uart.$proc$cores/uart/uart.v:34$469'.
Removing empty process `$paramod$3e616a0e06e4648ce82d4c7cdb2269fbdad4d203\uart.$proc$cores/uart/uart.v:34$469'.
Removing empty process `FemtoRV32.$proc$cores/cpu/femtorv32_quark.v:381$458'.
Found and cleaned up 4 empty switches in `\FemtoRV32.$proc$cores/cpu/femtorv32_quark.v:335$445'.
Removing empty process `FemtoRV32.$proc$cores/cpu/femtorv32_quark.v:335$445'.
Found and cleaned up 3 empty switches in `\FemtoRV32.$proc$cores/cpu/femtorv32_quark.v:154$370'.
Removing empty process `FemtoRV32.$proc$cores/cpu/femtorv32_quark.v:154$370'.
Found and cleaned up 2 empty switches in `\FemtoRV32.$proc$cores/cpu/femtorv32_quark.v:102$329'.
Removing empty process `FemtoRV32.$proc$cores/cpu/femtorv32_quark.v:102$329'.
Found and cleaned up 5 empty switches in `\bram.$proc$cores/bram/bram.v:20$288'.
Removing empty process `bram.$proc$cores/bram/bram.v:20$288'.
Found and cleaned up 3 empty switches in `\Periferico_Multiplicador.$proc$cores/Multiplicador/Periferico_Multiplicador.v:64$282'.
Removing empty process `Periferico_Multiplicador.$proc$cores/Multiplicador/Periferico_Multiplicador.v:64$282'.
Found and cleaned up 2 empty switches in `\Periferico_Multiplicador.$proc$cores/Multiplicador/Periferico_Multiplicador.v:47$277'.
Removing empty process `Periferico_Multiplicador.$proc$cores/Multiplicador/Periferico_Multiplicador.v:47$277'.
Found and cleaned up 2 empty switches in `\Periferico_Multiplicador.$proc$cores/Multiplicador/Periferico_Multiplicador.v:26$276'.
Removing empty process `Periferico_Multiplicador.$proc$cores/Multiplicador/Periferico_Multiplicador.v:26$276'.
Found and cleaned up 3 empty switches in `\Periferico_Divisor.$proc$cores/Divisor/Periferico_Divisor.v:76$274'.
Removing empty process `Periferico_Divisor.$proc$cores/Divisor/Periferico_Divisor.v:76$274'.
Found and cleaned up 2 empty switches in `\Periferico_Divisor.$proc$cores/Divisor/Periferico_Divisor.v:54$269'.
Removing empty process `Periferico_Divisor.$proc$cores/Divisor/Periferico_Divisor.v:54$269'.
Found and cleaned up 2 empty switches in `\Periferico_Divisor.$proc$cores/Divisor/Periferico_Divisor.v:33$268'.
Removing empty process `Periferico_Divisor.$proc$cores/Divisor/Periferico_Divisor.v:33$268'.
Found and cleaned up 3 empty switches in `\Periferico_raiz.$proc$cores/raiz/Periferico_raiz.v:57$266'.
Removing empty process `Periferico_raiz.$proc$cores/raiz/Periferico_raiz.v:57$266'.
Found and cleaned up 2 empty switches in `\Periferico_raiz.$proc$cores/raiz/Periferico_raiz.v:42$262'.
Removing empty process `Periferico_raiz.$proc$cores/raiz/Periferico_raiz.v:42$262'.
Found and cleaned up 2 empty switches in `\Periferico_raiz.$proc$cores/raiz/Periferico_raiz.v:23$261'.
Removing empty process `Periferico_raiz.$proc$cores/raiz/Periferico_raiz.v:23$261'.
Found and cleaned up 3 empty switches in `\Periferico_Binario_BCD.$proc$cores/Binario_BCD/Periferico_Binario_BCD.v:60$259'.
Removing empty process `Periferico_Binario_BCD.$proc$cores/Binario_BCD/Periferico_Binario_BCD.v:60$259'.
Found and cleaned up 2 empty switches in `\Periferico_Binario_BCD.$proc$cores/Binario_BCD/Periferico_Binario_BCD.v:45$255'.
Removing empty process `Periferico_Binario_BCD.$proc$cores/Binario_BCD/Periferico_Binario_BCD.v:45$255'.
Found and cleaned up 2 empty switches in `\Periferico_Binario_BCD.$proc$cores/Binario_BCD/Periferico_Binario_BCD.v:30$254'.
Removing empty process `Periferico_Binario_BCD.$proc$cores/Binario_BCD/Periferico_Binario_BCD.v:30$254'.
Found and cleaned up 3 empty switches in `\Periferico_BCD_Binario.$proc$cores/BCD_Binario/Periferico_BCD_Binario.v:75$252'.
Removing empty process `Periferico_BCD_Binario.$proc$cores/BCD_Binario/Periferico_BCD_Binario.v:75$252'.
Found and cleaned up 4 empty switches in `\Periferico_BCD_Binario.$proc$cores/BCD_Binario/Periferico_BCD_Binario.v:45$250'.
Removing empty process `Periferico_BCD_Binario.$proc$cores/BCD_Binario/Periferico_BCD_Binario.v:45$250'.
Found and cleaned up 2 empty switches in `\Periferico_BCD_Binario.$proc$cores/BCD_Binario/Periferico_BCD_Binario.v:30$249'.
Removing empty process `Periferico_BCD_Binario.$proc$cores/BCD_Binario/Periferico_BCD_Binario.v:30$249'.
Removing empty process `$paramod$e6d04b969bf2e003005da0092106b7e60df8a87d\peripheral_uart.$proc$cores/uart/perip_uart.v:21$248'.
Removing empty process `$paramod$e6d04b969bf2e003005da0092106b7e60df8a87d\peripheral_uart.$proc$cores/uart/perip_uart.v:20$247'.
Removing empty process `$paramod$e6d04b969bf2e003005da0092106b7e60df8a87d\peripheral_uart.$proc$cores/uart/perip_uart.v:0$246'.
Found and cleaned up 1 empty switch in `$paramod$e6d04b969bf2e003005da0092106b7e60df8a87d\peripheral_uart.$proc$cores/uart/perip_uart.v:45$245'.
Removing empty process `$paramod$e6d04b969bf2e003005da0092106b7e60df8a87d\peripheral_uart.$proc$cores/uart/perip_uart.v:45$245'.
Removing empty process `$paramod$e6d04b969bf2e003005da0092106b7e60df8a87d\peripheral_uart.$proc$cores/uart/perip_uart.v:38$240'.
Found and cleaned up 1 empty switch in `$paramod$e6d04b969bf2e003005da0092106b7e60df8a87d\peripheral_uart.$proc$cores/uart/perip_uart.v:29$237'.
Removing empty process `$paramod$e6d04b969bf2e003005da0092106b7e60df8a87d\peripheral_uart.$proc$cores/uart/perip_uart.v:29$237'.
Found and cleaned up 1 empty switch in `\SOC.$proc$SOC.v:154$236'.
Removing empty process `SOC.$proc$SOC.v:154$236'.
Found and cleaned up 1 empty switch in `\SOC.$proc$SOC.v:138$235'.
Removing empty process `SOC.$proc$SOC.v:138$235'.
Cleaned up 163 empty switches.

42.5.12. Executing OPT_EXPR pass (perform const folding).
Optimizing module Control_Divisor.
Optimizing module Contador_Divisor.
Optimizing module $paramod\Registro_DV\width=s32'00000000000000000000000000011111.
Optimizing module $paramod\Registro_A\width=s32'00000000000000000000000000011111.
Optimizing module $paramod\Sumador_Divisor\width=s32'00000000000000000000000000011111.
Optimizing module $paramod\Corregir_Signos\width=s32'00000000000000000000000000011111.
Optimizing module A_long_Multiplicador.
Optimizing module B_long_Multiplicador.
Optimizing module Acumulador_Multiplicador.
Optimizing module contador_Multiplicador.
Optimizing module Control_Multiplicador.
Optimizing module CONTROL_RAIZ.
Optimizing module COUNT_RAIZ.
Optimizing module LSR_A_RAIZ.
Optimizing module LSR_R_RAIZ.
Optimizing module LSR_TMP_RAIZ.
Optimizing module SUM_C2_RAIZ.
Optimizing module SUM_C2_BBCD.
Optimizing module CONTADOR_BBCD.
Optimizing module LSR_BBCD.
Optimizing module CONTROL_BBCD.
Optimizing module SUB_C2_BCDB.
Optimizing module RSR_BCDB.
Optimizing module CONTADOR_BCDB.
Optimizing module CONTROL_BCDB.
Optimizing module $paramod$3e616a0e06e4648ce82d4c7cdb2269fbdad4d203\uart.
Optimizing module BCDABinario.
Optimizing module BinarioABCD.
Optimizing module RAIZ.
Optimizing module $paramod\Divisor_Top\width=s32'00000000000000000000000000011111.
Optimizing module TOP_Multiplicador.
Optimizing module FemtoRV32.
Optimizing module bram.
Optimizing module Periferico_Multiplicador.
Optimizing module Periferico_Divisor.
Optimizing module Periferico_raiz.
Optimizing module Periferico_Binario_BCD.
Optimizing module Periferico_BCD_Binario.
Optimizing module $paramod$e6d04b969bf2e003005da0092106b7e60df8a87d\peripheral_uart.
Optimizing module SOC.

42.6. Executing FLATTEN pass (flatten design).
Deleting now unused module Control_Divisor.
Deleting now unused module Contador_Divisor.
Deleting now unused module $paramod\Registro_DV\width=s32'00000000000000000000000000011111.
Deleting now unused module $paramod\Registro_A\width=s32'00000000000000000000000000011111.
Deleting now unused module $paramod\Sumador_Divisor\width=s32'00000000000000000000000000011111.
Deleting now unused module $paramod\Corregir_Signos\width=s32'00000000000000000000000000011111.
Deleting now unused module A_long_Multiplicador.
Deleting now unused module B_long_Multiplicador.
Deleting now unused module Acumulador_Multiplicador.
Deleting now unused module contador_Multiplicador.
Deleting now unused module Control_Multiplicador.
Deleting now unused module CONTROL_RAIZ.
Deleting now unused module COUNT_RAIZ.
Deleting now unused module LSR_A_RAIZ.
Deleting now unused module LSR_R_RAIZ.
Deleting now unused module LSR_TMP_RAIZ.
Deleting now unused module SUM_C2_RAIZ.
Deleting now unused module SUM_C2_BBCD.
Deleting now unused module CONTADOR_BBCD.
Deleting now unused module LSR_BBCD.
Deleting now unused module CONTROL_BBCD.
Deleting now unused module SUB_C2_BCDB.
Deleting now unused module RSR_BCDB.
Deleting now unused module CONTADOR_BCDB.
Deleting now unused module CONTROL_BCDB.
Deleting now unused module $paramod$3e616a0e06e4648ce82d4c7cdb2269fbdad4d203\uart.
Deleting now unused module BCDABinario.
Deleting now unused module BinarioABCD.
Deleting now unused module RAIZ.
Deleting now unused module $paramod\Divisor_Top\width=s32'00000000000000000000000000011111.
Deleting now unused module TOP_Multiplicador.
Deleting now unused module FemtoRV32.
Deleting now unused module bram.
Deleting now unused module Periferico_Multiplicador.
Deleting now unused module Periferico_Divisor.
Deleting now unused module Periferico_raiz.
Deleting now unused module Periferico_Binario_BCD.
Deleting now unused module Periferico_BCD_Binario.
Deleting now unused module $paramod$e6d04b969bf2e003005da0092106b7e60df8a87d\peripheral_uart.

42.7. Executing TRIBUF pass.

42.8. Executing DEMINOUT pass (demote inout ports to input or output).

42.9. Executing OPT_EXPR pass (perform const folding).
Optimizing module SOC.

42.10. Executing OPT_CLEAN pass (remove unused cells and wires).
Finding unused cells or wires in module \SOC..
Removed 32 unused cells and 756 unused wires.

42.11. Executing CHECK pass (checking for obvious problems).
Checking module SOC...
Found and reported 0 problems.

42.12. Executing OPT pass (performing simple optimizations).

42.12.1. Executing OPT_EXPR pass (perform const folding).
Optimizing module SOC.

42.12.2. Executing OPT_MERGE pass (detect identical cells).
Finding identical cells in module `\SOC'.
Removed a total of 67 cells.

42.12.3. Executing OPT_MUXTREE pass (detect dead branches in mux trees).
Running muxtree optimizer on module \SOC..
  Creating internal representation of mux trees.
  Evaluating internal representation of mux trees.
      Replacing known input bits on port B of cell $flatten\CPU.$procmux$1490: \CPU.state -> { 3'100 \CPU.state [0] }
      Replacing known input bits on port A of cell $flatten\Periferico_Binario_BCD1.\u_BinarioABCD.\LSR_BBCD0.$procmux$1088: \Periferico_Binario_BCD1.Op_A -> { 1'0 \Periferico_Binario_BCD1.Op_A [22:0] }
      Replacing known input bits on port A of cell $flatten\Periferico_Divisor1.\u_Divisor_Top.$ternary$cores/Divisor/Top_Divisor.v:33$464: \Periferico_Divisor1.Dividendo -> { 1'0 \Periferico_Divisor1.Dividendo [30:0] }
      Replacing known input bits on port A of cell $flatten\Periferico_Divisor1.\u_Divisor_Top.$ternary$cores/Divisor/Top_Divisor.v:36$467: \Periferico_Divisor1.DR -> { 1'0 \Periferico_Divisor1.DR [30:0] }
      Replacing known input bits on port A of cell $flatten\per_uart.\uart0.$procmux$1411: \per_uart.uart0.rx_busy -> 1'1
      Replacing known input bits on port A of cell $flatten\per_uart.\uart0.$procmux$1407: \per_uart.uart0.rx_busy -> 1'1
      Replacing known input bits on port A of cell $flatten\per_uart.\uart0.$procmux$1404: \per_uart.uart0.rx_busy -> 1'1
      Replacing known input bits on port B of cell $flatten\per_uart.\uart0.$procmux$1414: \per_uart.uart0.rx_busy -> 1'0
  Analyzing evaluation results.
    dead port 2/2 on $mux $flatten\CPU.$procmux$1554.
    dead port 2/2 on $mux $flatten\CPU.$procmux$1560.
    dead port 2/2 on $mux $flatten\CPU.$procmux$1566.
    dead port 2/2 on $mux $flatten\Periferico_BCD_Binario1.$procmux$1828.
    dead port 2/2 on $mux $flatten\Periferico_Binario_BCD1.$procmux$1744.
    dead port 2/2 on $mux $flatten\Periferico_Divisor1.$procmux$1682.
    dead port 1/2 on $mux $flatten\Periferico_Divisor1.\u_Divisor_Top.\control.$procmux$728.
    dead port 1/2 on $mux $flatten\Periferico_Divisor1.\u_Divisor_Top.\control.$procmux$731.
    dead port 2/2 on $mux $flatten\Periferico_Divisor1.\u_Divisor_Top.\control.$procmux$733.
    dead port 1/2 on $mux $flatten\Periferico_Divisor1.\u_Divisor_Top.\control.$procmux$743.
    dead port 2/2 on $mux $flatten\Periferico_Divisor1.\u_Divisor_Top.\control.$procmux$745.
    dead port 2/2 on $mux $flatten\Periferico_Divisor1.\u_Divisor_Top.\control.$procmux$754.
    dead port 2/2 on $mux $flatten\Periferico_Divisor1.\u_Divisor_Top.\control.$procmux$765.
    dead port 2/2 on $mux $flatten\Periferico_Multiplicador1.$procmux$1647.
    dead port 2/2 on $mux $flatten\Periferico_Multiplicador1.\u_TOP_Multiplicador.\Control_Multiplicador0.$procmux$859.
    dead port 2/2 on $mux $flatten\Periferico_Multiplicador1.\u_TOP_Multiplicador.\Control_Multiplicador0.$procmux$868.
    dead port 2/2 on $mux $flatten\Periferico_Multiplicador1.\u_TOP_Multiplicador.\Control_Multiplicador0.$procmux$887.
    dead port 2/2 on $mux $flatten\Periferico_raiz1.$procmux$1713.
    dead port 2/2 on $mux $flatten\Periferico_raiz1.\u_RAIZ.\CONTROL_RAIZ0.$procmux$902.
    dead port 2/2 on $mux $flatten\Periferico_raiz1.\u_RAIZ.\CONTROL_RAIZ0.$procmux$905.
    dead port 2/2 on $mux $flatten\Periferico_raiz1.\u_RAIZ.\CONTROL_RAIZ0.$procmux$907.
    dead port 2/2 on $mux $flatten\Periferico_raiz1.\u_RAIZ.\CONTROL_RAIZ0.$procmux$913.
    dead port 1/2 on $mux $flatten\Periferico_raiz1.\u_RAIZ.\CONTROL_RAIZ0.$procmux$920.
    dead port 1/2 on $mux $flatten\Periferico_raiz1.\u_RAIZ.\CONTROL_RAIZ0.$procmux$923.
    dead port 2/2 on $mux $flatten\Periferico_raiz1.\u_RAIZ.\CONTROL_RAIZ0.$procmux$925.
    dead port 2/2 on $mux $flatten\Periferico_raiz1.\u_RAIZ.\CONTROL_RAIZ0.$procmux$934.
    dead port 2/2 on $mux $flatten\Periferico_raiz1.\u_RAIZ.\CONTROL_RAIZ0.$procmux$946.
Removed 27 multiplexer ports.

42.12.4. Executing OPT_REDUCE pass (consolidate $*mux and $reduce_* inputs).
  Optimizing cells in module \SOC.
    Consolidated identical input bits for $mux cell $flatten\CPU.$procmux$1552:
      Old ports: A=0, B=32'11111111111111111111111111111111, Y=$flatten\CPU.$procmux$1552_Y
      New ports: A=1'0, B=1'1, Y=$flatten\CPU.$procmux$1552_Y [0]
      New connections: $flatten\CPU.$procmux$1552_Y [31:1] = { $flatten\CPU.$procmux$1552_Y [0] $flatten\CPU.$procmux$1552_Y [0] $flatten\CPU.$procmux$1552_Y [0] $flatten\CPU.$procmux$1552_Y [0] $flatten\CPU.$procmux$1552_Y [0] $flatten\CPU.$procmux$1552_Y [0] $flatten\CPU.$procmux$1552_Y [0] $flatten\CPU.$procmux$1552_Y [0] $flatten\CPU.$procmux$1552_Y [0] $flatten\CPU.$procmux$1552_Y [0] $flatten\CPU.$procmux$1552_Y [0] $flatten\CPU.$procmux$1552_Y [0] $flatten\CPU.$procmux$1552_Y [0] $flatten\CPU.$procmux$1552_Y [0] $flatten\CPU.$procmux$1552_Y [0] $flatten\CPU.$procmux$1552_Y [0] $flatten\CPU.$procmux$1552_Y [0] $flatten\CPU.$procmux$1552_Y [0] $flatten\CPU.$procmux$1552_Y [0] $flatten\CPU.$procmux$1552_Y [0] $flatten\CPU.$procmux$1552_Y [0] $flatten\CPU.$procmux$1552_Y [0] $flatten\CPU.$procmux$1552_Y [0] $flatten\CPU.$procmux$1552_Y [0] $flatten\CPU.$procmux$1552_Y [0] $flatten\CPU.$procmux$1552_Y [0] $flatten\CPU.$procmux$1552_Y [0] $flatten\CPU.$procmux$1552_Y [0] $flatten\CPU.$procmux$1552_Y [0] $flatten\CPU.$procmux$1552_Y [0] $flatten\CPU.$procmux$1552_Y [0] }
    New ctrl vector for $pmux cell $flatten\Periferico_raiz1.\u_RAIZ.\CONTROL_RAIZ0.$procmux$948: { $flatten\Periferico_raiz1.\u_RAIZ.\CONTROL_RAIZ0.$procmux$947_CMP $auto$opt_reduce.cc:134:opt_pmux$1994 $flatten\Periferico_raiz1.\u_RAIZ.\CONTROL_RAIZ0.$procmux$949_CMP }
    New ctrl vector for $pmux cell $flatten\Periferico_raiz1.\u_RAIZ.\CONTROL_RAIZ0.$procmux$957: { $flatten\Periferico_raiz1.\u_RAIZ.\CONTROL_RAIZ0.$procmux$947_CMP $flatten\Periferico_raiz1.\u_RAIZ.\CONTROL_RAIZ0.$procmux$955_CMP $flatten\Periferico_raiz1.\u_RAIZ.\CONTROL_RAIZ0.$procmux$954_CMP $flatten\Periferico_raiz1.\u_RAIZ.\CONTROL_RAIZ0.$procmux$926_CMP $auto$opt_reduce.cc:134:opt_pmux$1996 $flatten\Periferico_raiz1.\u_RAIZ.\CONTROL_RAIZ0.$procmux$908_CMP $flatten\Periferico_raiz1.\u_RAIZ.\CONTROL_RAIZ0.$procmux$949_CMP }
    Consolidated identical input bits for $mux cell $flatten\RAM.$procmux$1578:
      Old ports: A=0, B=32'11111111000000000000000000000000, Y=$flatten\RAM.$0$memwr$\MEM$cores/bram/bram.v:27$287_EN[31:0]$300
      New ports: A=1'0, B=1'1, Y=$flatten\RAM.$0$memwr$\MEM$cores/bram/bram.v:27$287_EN[31:0]$300 [24]
      New connections: { $flatten\RAM.$0$memwr$\MEM$cores/bram/bram.v:27$287_EN[31:0]$300 [31:25] $flatten\RAM.$0$memwr$\MEM$cores/bram/bram.v:27$287_EN[31:0]$300 [23:0] } = { $flatten\RAM.$0$memwr$\MEM$cores/bram/bram.v:27$287_EN[31:0]$300 [24] $flatten\RAM.$0$memwr$\MEM$cores/bram/bram.v:27$287_EN[31:0]$300 [24] $flatten\RAM.$0$memwr$\MEM$cores/bram/bram.v:27$287_EN[31:0]$300 [24] $flatten\RAM.$0$memwr$\MEM$cores/bram/bram.v:27$287_EN[31:0]$300 [24] $flatten\RAM.$0$memwr$\MEM$cores/bram/bram.v:27$287_EN[31:0]$300 [24] $flatten\RAM.$0$memwr$\MEM$cores/bram/bram.v:27$287_EN[31:0]$300 [24] $flatten\RAM.$0$memwr$\MEM$cores/bram/bram.v:27$287_EN[31:0]$300 [24] 24'000000000000000000000000 }
    Consolidated identical input bits for $mux cell $flatten\RAM.$procmux$1587:
      Old ports: A=0, B=16711680, Y=$flatten\RAM.$0$memwr$\MEM$cores/bram/bram.v:26$286_EN[31:0]$297
      New ports: A=1'0, B=1'1, Y=$flatten\RAM.$0$memwr$\MEM$cores/bram/bram.v:26$286_EN[31:0]$297 [16]
      New connections: { $flatten\RAM.$0$memwr$\MEM$cores/bram/bram.v:26$286_EN[31:0]$297 [31:17] $flatten\RAM.$0$memwr$\MEM$cores/bram/bram.v:26$286_EN[31:0]$297 [15:0] } = { 8'00000000 $flatten\RAM.$0$memwr$\MEM$cores/bram/bram.v:26$286_EN[31:0]$297 [16] $flatten\RAM.$0$memwr$\MEM$cores/bram/bram.v:26$286_EN[31:0]$297 [16] $flatten\RAM.$0$memwr$\MEM$cores/bram/bram.v:26$286_EN[31:0]$297 [16] $flatten\RAM.$0$memwr$\MEM$cores/bram/bram.v:26$286_EN[31:0]$297 [16] $flatten\RAM.$0$memwr$\MEM$cores/bram/bram.v:26$286_EN[31:0]$297 [16] $flatten\RAM.$0$memwr$\MEM$cores/bram/bram.v:26$286_EN[31:0]$297 [16] $flatten\RAM.$0$memwr$\MEM$cores/bram/bram.v:26$286_EN[31:0]$297 [16] 16'0000000000000000 }
    Consolidated identical input bits for $mux cell $flatten\RAM.$procmux$1596:
      Old ports: A=0, B=65280, Y=$flatten\RAM.$0$memwr$\MEM$cores/bram/bram.v:25$285_EN[31:0]$294
      New ports: A=1'0, B=1'1, Y=$flatten\RAM.$0$memwr$\MEM$cores/bram/bram.v:25$285_EN[31:0]$294 [8]
      New connections: { $flatten\RAM.$0$memwr$\MEM$cores/bram/bram.v:25$285_EN[31:0]$294 [31:9] $flatten\RAM.$0$memwr$\MEM$cores/bram/bram.v:25$285_EN[31:0]$294 [7:0] } = { 16'0000000000000000 $flatten\RAM.$0$memwr$\MEM$cores/bram/bram.v:25$285_EN[31:0]$294 [8] $flatten\RAM.$0$memwr$\MEM$cores/bram/bram.v:25$285_EN[31:0]$294 [8] $flatten\RAM.$0$memwr$\MEM$cores/bram/bram.v:25$285_EN[31:0]$294 [8] $flatten\RAM.$0$memwr$\MEM$cores/bram/bram.v:25$285_EN[31:0]$294 [8] $flatten\RAM.$0$memwr$\MEM$cores/bram/bram.v:25$285_EN[31:0]$294 [8] $flatten\RAM.$0$memwr$\MEM$cores/bram/bram.v:25$285_EN[31:0]$294 [8] $flatten\RAM.$0$memwr$\MEM$cores/bram/bram.v:25$285_EN[31:0]$294 [8] 8'00000000 }
    Consolidated identical input bits for $mux cell $flatten\RAM.$procmux$1605:
      Old ports: A=0, B=255, Y=$flatten\RAM.$0$memwr$\MEM$cores/bram/bram.v:24$284_EN[31:0]$291
      New ports: A=1'0, B=1'1, Y=$flatten\RAM.$0$memwr$\MEM$cores/bram/bram.v:24$284_EN[31:0]$291 [0]
      New connections: $flatten\RAM.$0$memwr$\MEM$cores/bram/bram.v:24$284_EN[31:0]$291 [31:1] = { 24'000000000000000000000000 $flatten\RAM.$0$memwr$\MEM$cores/bram/bram.v:24$284_EN[31:0]$291 [0] $flatten\RAM.$0$memwr$\MEM$cores/bram/bram.v:24$284_EN[31:0]$291 [0] $flatten\RAM.$0$memwr$\MEM$cores/bram/bram.v:24$284_EN[31:0]$291 [0] $flatten\RAM.$0$memwr$\MEM$cores/bram/bram.v:24$284_EN[31:0]$291 [0] $flatten\RAM.$0$memwr$\MEM$cores/bram/bram.v:24$284_EN[31:0]$291 [0] $flatten\RAM.$0$memwr$\MEM$cores/bram/bram.v:24$284_EN[31:0]$291 [0] $flatten\RAM.$0$memwr$\MEM$cores/bram/bram.v:24$284_EN[31:0]$291 [0] }
  Optimizing cells in module \SOC.
    Consolidated identical input bits for $mux cell $flatten\CPU.$procmux$1569:
      Old ports: A=0, B=$flatten\CPU.$2$memwr$\registerFile$cores/cpu/femtorv32_quark.v:106$317_EN[31:0]$340, Y=$flatten\CPU.$0$memwr$\registerFile$cores/cpu/femtorv32_quark.v:106$317_EN[31:0]$333
      New ports: A=1'0, B=$flatten\CPU.$procmux$1552_Y [0], Y=$flatten\CPU.$0$memwr$\registerFile$cores/cpu/femtorv32_quark.v:106$317_EN[31:0]$333 [0]
      New connections: $flatten\CPU.$0$memwr$\registerFile$cores/cpu/femtorv32_quark.v:106$317_EN[31:0]$333 [31:1] = { $flatten\CPU.$0$memwr$\registerFile$cores/cpu/femtorv32_quark.v:106$317_EN[31:0]$333 [0] $flatten\CPU.$0$memwr$\registerFile$cores/cpu/femtorv32_quark.v:106$317_EN[31:0]$333 [0] $flatten\CPU.$0$memwr$\registerFile$cores/cpu/femtorv32_quark.v:106$317_EN[31:0]$333 [0] $flatten\CPU.$0$memwr$\registerFile$cores/cpu/femtorv32_quark.v:106$317_EN[31:0]$333 [0] $flatten\CPU.$0$memwr$\registerFile$cores/cpu/femtorv32_quark.v:106$317_EN[31:0]$333 [0] $flatten\CPU.$0$memwr$\registerFile$cores/cpu/femtorv32_quark.v:106$317_EN[31:0]$333 [0] $flatten\CPU.$0$memwr$\registerFile$cores/cpu/femtorv32_quark.v:106$317_EN[31:0]$333 [0] $flatten\CPU.$0$memwr$\registerFile$cores/cpu/femtorv32_quark.v:106$317_EN[31:0]$333 [0] $flatten\CPU.$0$memwr$\registerFile$cores/cpu/femtorv32_quark.v:106$317_EN[31:0]$333 [0] $flatten\CPU.$0$memwr$\registerFile$cores/cpu/femtorv32_quark.v:106$317_EN[31:0]$333 [0] $flatten\CPU.$0$memwr$\registerFile$cores/cpu/femtorv32_quark.v:106$317_EN[31:0]$333 [0] $flatten\CPU.$0$memwr$\registerFile$cores/cpu/femtorv32_quark.v:106$317_EN[31:0]$333 [0] $flatten\CPU.$0$memwr$\registerFile$cores/cpu/femtorv32_quark.v:106$317_EN[31:0]$333 [0] $flatten\CPU.$0$memwr$\registerFile$cores/cpu/femtorv32_quark.v:106$317_EN[31:0]$333 [0] $flatten\CPU.$0$memwr$\registerFile$cores/cpu/femtorv32_quark.v:106$317_EN[31:0]$333 [0] $flatten\CPU.$0$memwr$\registerFile$cores/cpu/femtorv32_quark.v:106$317_EN[31:0]$333 [0] $flatten\CPU.$0$memwr$\registerFile$cores/cpu/femtorv32_quark.v:106$317_EN[31:0]$333 [0] $flatten\CPU.$0$memwr$\registerFile$cores/cpu/femtorv32_quark.v:106$317_EN[31:0]$333 [0] $flatten\CPU.$0$memwr$\registerFile$cores/cpu/femtorv32_quark.v:106$317_EN[31:0]$333 [0] $flatten\CPU.$0$memwr$\registerFile$cores/cpu/femtorv32_quark.v:106$317_EN[31:0]$333 [0] $flatten\CPU.$0$memwr$\registerFile$cores/cpu/femtorv32_quark.v:106$317_EN[31:0]$333 [0] $flatten\CPU.$0$memwr$\registerFile$cores/cpu/femtorv32_quark.v:106$317_EN[31:0]$333 [0] $flatten\CPU.$0$memwr$\registerFile$cores/cpu/femtorv32_quark.v:106$317_EN[31:0]$333 [0] $flatten\CPU.$0$memwr$\registerFile$cores/cpu/femtorv32_quark.v:106$317_EN[31:0]$333 [0] $flatten\CPU.$0$memwr$\registerFile$cores/cpu/femtorv32_quark.v:106$317_EN[31:0]$333 [0] $flatten\CPU.$0$memwr$\registerFile$cores/cpu/femtorv32_quark.v:106$317_EN[31:0]$333 [0] $flatten\CPU.$0$memwr$\registerFile$cores/cpu/femtorv32_quark.v:106$317_EN[31:0]$333 [0] $flatten\CPU.$0$memwr$\registerFile$cores/cpu/femtorv32_quark.v:106$317_EN[31:0]$333 [0] $flatten\CPU.$0$memwr$\registerFile$cores/cpu/femtorv32_quark.v:106$317_EN[31:0]$333 [0] $flatten\CPU.$0$memwr$\registerFile$cores/cpu/femtorv32_quark.v:106$317_EN[31:0]$333 [0] $flatten\CPU.$0$memwr$\registerFile$cores/cpu/femtorv32_quark.v:106$317_EN[31:0]$333 [0] }
  Optimizing cells in module \SOC.
Performed a total of 8 changes.

42.12.5. Executing OPT_MERGE pass (detect identical cells).
Finding identical cells in module `\SOC'.
Removed a total of 11 cells.

42.12.6. Executing OPT_DFF pass (perform DFF optimizations).

42.12.7. Executing OPT_CLEAN pass (remove unused cells and wires).
Finding unused cells or wires in module \SOC..
Removed 0 unused cells and 99 unused wires.

42.12.8. Executing OPT_EXPR pass (perform const folding).
Optimizing module SOC.

42.12.9. Rerunning OPT passes. (Maybe there is more to do..)

42.12.10. Executing OPT_MUXTREE pass (detect dead branches in mux trees).
Running muxtree optimizer on module \SOC..
  Creating internal representation of mux trees.
  Evaluating internal representation of mux trees.
  Analyzing evaluation results.
Removed 0 multiplexer ports.

42.12.11. Executing OPT_REDUCE pass (consolidate $*mux and $reduce_* inputs).
  Optimizing cells in module \SOC.
Performed a total of 0 changes.

42.12.12. Executing OPT_MERGE pass (detect identical cells).
Finding identical cells in module `\SOC'.
Removed a total of 0 cells.

42.12.13. Executing OPT_DFF pass (perform DFF optimizations).

42.12.14. Executing OPT_CLEAN pass (remove unused cells and wires).
Finding unused cells or wires in module \SOC..

42.12.15. Executing OPT_EXPR pass (perform const folding).
Optimizing module SOC.

42.12.16. Finished OPT passes. (There is nothing left to do.)

42.13. Executing FSM pass (extract and optimize FSM).

42.13.1. Executing FSM_DETECT pass (finding FSMs in design).
Not marking SOC.Periferico_BCD_Binario1.u_BCDABinario.CONTROL_BCDB0.NEXT_STATE as FSM state register:
    Circuit seems to be self-resetting.
Not marking SOC.Periferico_Binario_BCD1.u_BinarioABCD.CONTROL_BBCD0.NEXT_STATE as FSM state register:
    Circuit seems to be self-resetting.
Not marking SOC.Periferico_Binario_BCD1.u_BinarioABCD.LSR_BBCD0.SIGN as FSM state register:
    Users of register don't seem to benefit from recoding.
Not marking SOC.Periferico_Divisor1.u_Divisor_Top.control.NEXT_STATE as FSM state register:
    Circuit seems to be self-resetting.
Not marking SOC.Periferico_Multiplicador1.u_TOP_Multiplicador.Control_Multiplicador0.NEXT_STATE as FSM state register:
    Circuit seems to be self-resetting.
Not marking SOC.Periferico_raiz1.u_RAIZ.CONTROL_RAIZ0.NEXT_STATE as FSM state register:
    Users of register don't seem to benefit from recoding.
    Circuit seems to be self-resetting.

42.13.2. Executing FSM_EXTRACT pass (extracting FSM from design).

42.13.3. Executing FSM_OPT pass (simple optimizations of FSMs).

42.13.4. Executing OPT_CLEAN pass (remove unused cells and wires).
Finding unused cells or wires in module \SOC..

42.13.5. Executing FSM_OPT pass (simple optimizations of FSMs).

42.13.6. Executing FSM_RECODE pass (re-assigning FSM state encoding).

42.13.7. Executing FSM_INFO pass (dumping all available information on FSM cells).

42.13.8. Executing FSM_MAP pass (mapping FSMs to basic logic).

42.14. Executing OPT pass (performing simple optimizations).

42.14.1. Executing OPT_EXPR pass (perform const folding).
Optimizing module SOC.

42.14.2. Executing OPT_MERGE pass (detect identical cells).
Finding identical cells in module `\SOC'.
Removed a total of 0 cells.

42.14.3. Executing OPT_MUXTREE pass (detect dead branches in mux trees).
Running muxtree optimizer on module \SOC..
  Creating internal representation of mux trees.
  Evaluating internal representation of mux trees.
  Analyzing evaluation results.
Removed 0 multiplexer ports.

42.14.4. Executing OPT_REDUCE pass (consolidate $*mux and $reduce_* inputs).
  Optimizing cells in module \SOC.
Performed a total of 0 changes.

42.14.5. Executing OPT_MERGE pass (detect identical cells).
Finding identical cells in module `\SOC'.
Removed a total of 0 cells.

42.14.6. Executing OPT_DFF pass (perform DFF optimizations).
Adding SRST signal on $flatten\per_uart.\uart0.$procdff$1934 ($dff) from module SOC (D = $flatten\per_uart.\uart0.$sub$cores/uart/uart.v:39$470_Y [15:0], Q = \per_uart.uart0.enable16_counter, rval = 16'0000000000001101).
Adding EN signal on $flatten\per_uart.\uart0.$procdff$1931 ($dff) from module SOC (D = { \per_uart.uart0.uart_rxd2 \per_uart.uart0.rxd_reg [7:1] }, Q = \per_uart.uart0.rxd_reg).
Adding SRST signal on $flatten\per_uart.\uart0.$procdff$1930 ($dff) from module SOC (D = $flatten\per_uart.\uart0.$procmux$1388_Y, Q = \per_uart.uart0.rx_bitcount, rval = 4'0000).
Adding EN signal on $auto$ff.cc:266:slice$2009 ($sdff) from module SOC (D = $flatten\per_uart.\uart0.$procmux$1386_Y, Q = \per_uart.uart0.rx_bitcount).
Adding SRST signal on $flatten\per_uart.\uart0.$procdff$1929 ($dff) from module SOC (D = $flatten\per_uart.\uart0.$procmux$1398_Y, Q = \per_uart.uart0.rx_count16, rval = 4'0000).
Adding EN signal on $auto$ff.cc:266:slice$2017 ($sdff) from module SOC (D = $flatten\per_uart.\uart0.$procmux$1396_Y, Q = \per_uart.uart0.rx_count16).
Adding SRST signal on $flatten\per_uart.\uart0.$procdff$1928 ($dff) from module SOC (D = $flatten\per_uart.\uart0.$procmux$1418_Y, Q = \per_uart.uart0.rx_busy, rval = 1'0).
Adding EN signal on $auto$ff.cc:266:slice$2023 ($sdff) from module SOC (D = $flatten\per_uart.\uart0.$procmux$1416_Y, Q = \per_uart.uart0.rx_busy).
Adding SRST signal on $flatten\per_uart.\uart0.$procdff$1927 ($dff) from module SOC (D = $flatten\per_uart.\uart0.$procmux$1439_Y, Q = \per_uart.uart0.rx_avail, rval = 1'0).
Adding SRST signal on $flatten\per_uart.\uart0.$procdff$1926 ($dff) from module SOC (D = $flatten\per_uart.\uart0.$procmux$1460_Y, Q = \per_uart.uart0.rx_error, rval = 1'0).
Adding EN signal on $flatten\per_uart.\uart0.$procdff$1925 ($dff) from module SOC (D = \per_uart.uart0.rxd_reg, Q = \per_uart.uart0.rx_data).
Adding EN signal on $flatten\per_uart.\uart0.$procdff$1924 ($dff) from module SOC (D = $flatten\per_uart.\uart0.$procmux$1301_Y, Q = \per_uart.uart0.txd_reg).
Adding SRST signal on $flatten\per_uart.\uart0.$procdff$1923 ($dff) from module SOC (D = $flatten\per_uart.\uart0.$procmux$1308_Y, Q = \per_uart.uart0.tx_count16, rval = 4'0000).
Adding EN signal on $auto$ff.cc:266:slice$2033 ($sdff) from module SOC (D = $flatten\per_uart.\uart0.$procmux$1308_Y, Q = \per_uart.uart0.tx_count16).
Adding EN signal on $flatten\per_uart.\uart0.$procdff$1922 ($dff) from module SOC (D = $flatten\per_uart.\uart0.$procmux$1326_Y, Q = \per_uart.uart0.tx_bitcount).
Adding SRST signal on $flatten\per_uart.\uart0.$procdff$1921 ($dff) from module SOC (D = $flatten\per_uart.\uart0.$procmux$1342_Y, Q = \per_uart.uart0.uart_txd, rval = 1'1).
Adding EN signal on $auto$ff.cc:266:slice$2038 ($sdff) from module SOC (D = $flatten\per_uart.\uart0.$procmux$1338_Y, Q = \per_uart.uart0.uart_txd).
Adding SRST signal on $flatten\per_uart.\uart0.$procdff$1920 ($dff) from module SOC (D = $flatten\per_uart.\uart0.$procmux$1360_Y, Q = \per_uart.uart0.tx_busy, rval = 1'0).
Adding EN signal on $flatten\per_uart.$procdff$1986 ($dff) from module SOC (D = { \CPU.rs2 [7:3] \CPU.rs2 [1:0] }, Q = { \per_uart.uart_ctrl [7:3] \per_uart.uart_ctrl [1:0] }).
Adding EN signal on $flatten\per_uart.$procdff$1985 ($dff) from module SOC (D = \CPU.rs2 [7:0], Q = \per_uart.d_in_uart).
Adding EN signal on $flatten\RAM.$procdff$1947 ($dff) from module SOC (D = $flatten\RAM.$memrd$\MEM$cores/bram/bram.v:22$301_DATA, Q = \RAM.mem_rdata).
Adding SRST signal on $flatten\Periferico_raiz1.\u_RAIZ.\LSR_TMP_RAIZ0.$procdff$1905 ($dff) from module SOC (D = $flatten\Periferico_raiz1.\u_RAIZ.\LSR_TMP_RAIZ0.$procmux$1001_Y, Q = \Periferico_raiz1.u_RAIZ.LSR_TMP_RAIZ0.TMP_out, rval = 16'0000000000000000).
Adding EN signal on $auto$ff.cc:266:slice$2049 ($sdff) from module SOC (D = \Periferico_raiz1.u_RAIZ.LSR_R_RAIZ0.Resultado, Q = \Periferico_raiz1.u_RAIZ.LSR_TMP_RAIZ0.TMP_out).
Adding SRST signal on $flatten\Periferico_raiz1.\u_RAIZ.\LSR_R_RAIZ0.$procdff$1904 ($dff) from module SOC (D = $flatten\Periferico_raiz1.\u_RAIZ.\LSR_R_RAIZ0.$procmux$996_Y, Q = \Periferico_raiz1.u_RAIZ.LSR_R_RAIZ0.Resultado, rval = 16'0000000000000000).
Adding EN signal on $auto$ff.cc:266:slice$2051 ($sdff) from module SOC (D = { \Periferico_raiz1.u_RAIZ.LSR_R_RAIZ0.Resultado [14:0] \Periferico_raiz1.u_RAIZ.LSR_R_RAIZ0.R0 }, Q = \Periferico_raiz1.u_RAIZ.LSR_R_RAIZ0.Resultado).
Adding EN signal on $flatten\Periferico_raiz1.\u_RAIZ.\LSR_A_RAIZ0.$procdff$1903 ($dff) from module SOC (D = $flatten\Periferico_raiz1.\u_RAIZ.\LSR_A_RAIZ0.$0\reg_TMP[15:0], Q = \Periferico_raiz1.u_RAIZ.LSR_A_RAIZ0.reg_TMP).
Adding SRST signal on $flatten\Periferico_raiz1.\u_RAIZ.\LSR_A_RAIZ0.$procdff$1902 ($dff) from module SOC (D = $flatten\Periferico_raiz1.\u_RAIZ.\LSR_A_RAIZ0.$procmux$983_Y, Q = \Periferico_raiz1.u_RAIZ.LSR_A_RAIZ0.A_out, rval = 16'0000000000000000).
Adding EN signal on $auto$ff.cc:266:slice$2060 ($sdff) from module SOC (D = $flatten\Periferico_raiz1.\u_RAIZ.\LSR_A_RAIZ0.$procmux$983_Y, Q = \Periferico_raiz1.u_RAIZ.LSR_A_RAIZ0.A_out).
Adding SRST signal on $flatten\Periferico_raiz1.\u_RAIZ.\COUNT_RAIZ0.$procdff$1901 ($dff) from module SOC (D = $flatten\Periferico_raiz1.\u_RAIZ.\COUNT_RAIZ0.$procmux$968_Y, Q = \Periferico_raiz1.u_RAIZ.COUNT_RAIZ0.count, rval = 5'01000).
Adding EN signal on $auto$ff.cc:266:slice$2064 ($sdff) from module SOC (D = $flatten\Periferico_raiz1.\u_RAIZ.\COUNT_RAIZ0.$sub$cores/raiz/COUNT_RAIZ.v:16$622_Y [4:0], Q = \Periferico_raiz1.u_RAIZ.COUNT_RAIZ0.count).
Adding SRST signal on $flatten\Periferico_raiz1.\u_RAIZ.\COUNT_RAIZ0.$procdff$1900 ($dff) from module SOC (D = $flatten\Periferico_raiz1.\u_RAIZ.\COUNT_RAIZ0.$procmux$975_Y, Q = \Periferico_raiz1.u_RAIZ.COUNT_RAIZ0.Z, rval = 1'0).
Adding EN signal on $auto$ff.cc:266:slice$2068 ($sdff) from module SOC (D = 1'1, Q = \Periferico_raiz1.u_RAIZ.COUNT_RAIZ0.Z).
Adding EN signal on $flatten\Periferico_raiz1.\u_RAIZ.\CONTROL_RAIZ0.$procdff$1899 ($dff) from module SOC (D = $flatten\Periferico_raiz1.\u_RAIZ.\CONTROL_RAIZ0.$0\count[5:0], Q = \Periferico_raiz1.u_RAIZ.CONTROL_RAIZ0.count).
Adding SRST signal on $flatten\Periferico_raiz1.$procdff$1969 ($dff) from module SOC (D = $flatten\Periferico_raiz1.$procmux$1696_Y, Q = \Periferico_raiz1.Op_A, rval = 16'0000000000000000).
Adding EN signal on $auto$ff.cc:266:slice$2075 ($sdff) from module SOC (D = { \Periferico_BCD_Binario1.d_in [15:8] \CPU.rs2 [7:0] }, Q = \Periferico_raiz1.Op_A).
Adding SRST signal on $flatten\Periferico_raiz1.$procdff$1968 ($dff) from module SOC (D = $flatten\Periferico_raiz1.$procmux$1701_Y, Q = \Periferico_raiz1.INIT, rval = 1'0).
Adding EN signal on $auto$ff.cc:266:slice$2079 ($sdff) from module SOC (D = \CPU.rs2 [0], Q = \Periferico_raiz1.INIT).
Adding SRST signal on $flatten\Periferico_raiz1.$procdff$1967 ($dff) from module SOC (D = $flatten\Periferico_raiz1.$procmux$1691_Y, Q = \Periferico_raiz1.d_out, rval = 16'0000000000000000).
Adding EN signal on $auto$ff.cc:266:slice$2083 ($sdff) from module SOC (D = $flatten\Periferico_raiz1.$procmux$1688_Y, Q = \Periferico_raiz1.d_out).
Adding SRST signal on $flatten\Periferico_Multiplicador1.\u_TOP_Multiplicador.\contador_Multiplicador0.$procdff$1895 ($dff) from module SOC (D = $flatten\Periferico_Multiplicador1.\u_TOP_Multiplicador.\contador_Multiplicador0.$procmux$826_Y, Q = \Periferico_Multiplicador1.u_TOP_Multiplicador.contador_Multiplicador0.out, rval = 5'11111).
Adding EN signal on $auto$ff.cc:266:slice$2085 ($sdff) from module SOC (D = $flatten\Periferico_Multiplicador1.\u_TOP_Multiplicador.\contador_Multiplicador0.$sub$cores/Multiplicador/Contador_Multiplicador.v:15$639_Y [4:0], Q = \Periferico_Multiplicador1.u_TOP_Multiplicador.contador_Multiplicador0.out).
Adding EN signal on $flatten\Periferico_Multiplicador1.\u_TOP_Multiplicador.\Control_Multiplicador0.$procdff$1897 ($dff) from module SOC (D = $flatten\Periferico_Multiplicador1.\u_TOP_Multiplicador.\Control_Multiplicador0.$add$cores/Multiplicador/Control_Multiplicador.v:56$632_Y [5:0], Q = \Periferico_Multiplicador1.u_TOP_Multiplicador.Control_Multiplicador0.COUNT).
Adding EN signal on $flatten\Periferico_Multiplicador1.\u_TOP_Multiplicador.\B_long_reg.$procdff$1893 ($dff) from module SOC (D = $flatten\Periferico_Multiplicador1.\u_TOP_Multiplicador.\B_long_reg.$0\B_long[31:0], Q = \Periferico_Multiplicador1.u_TOP_Multiplicador.B_long_reg.B_long).
Adding EN signal on $flatten\Periferico_Multiplicador1.\u_TOP_Multiplicador.\A_long_reg.$procdff$1892 ($dff) from module SOC (D = { \Periferico_Multiplicador1.Multiplicando [15] \Periferico_Multiplicador1.Multiplicando [15] \Periferico_Multiplicador1.Multiplicando [15] \Periferico_Multiplicador1.Multiplicando [15] \Periferico_Multiplicador1.Multiplicando [15] \Periferico_Multiplicador1.Multiplicando [15] \Periferico_Multiplicador1.Multiplicando [15] \Periferico_Multiplicador1.Multiplicando [15] \Periferico_Multiplicador1.Multiplicando [15] \Periferico_Multiplicador1.Multiplicando [15] \Periferico_Multiplicador1.Multiplicando [15] \Periferico_Multiplicador1.Multiplicando [15] \Periferico_Multiplicador1.Multiplicando [15] \Periferico_Multiplicador1.Multiplicando [15] \Periferico_Multiplicador1.Multiplicando [15] \Periferico_Multiplicador1.Multiplicando [15] \Periferico_Multiplicador1.Multiplicando }, Q = \Periferico_Multiplicador1.u_TOP_Multiplicador.A_long_reg.A_long).
Adding SRST signal on $flatten\Periferico_Multiplicador1.\u_TOP_Multiplicador.\ACC0.$procdff$1894 ($dff) from module SOC (D = $flatten\Periferico_Multiplicador1.\u_TOP_Multiplicador.\ACC0.$procmux$821_Y, Q = \Periferico_Multiplicador1.u_TOP_Multiplicador.ACC0.ACC, rval = 0).
Adding EN signal on $auto$ff.cc:266:slice$2092 ($sdff) from module SOC (D = $flatten\Periferico_Multiplicador1.\u_TOP_Multiplicador.\ACC0.$procmux$821_Y [30:0], Q = \Periferico_Multiplicador1.u_TOP_Multiplicador.ACC0.ACC [30:0]).
Adding EN signal on $auto$ff.cc:266:slice$2092 ($sdff) from module SOC (D = $flatten\Periferico_Multiplicador1.\u_TOP_Multiplicador.\ACC0.$procmux$821_Y [31], Q = \Periferico_Multiplicador1.u_TOP_Multiplicador.ACC0.ACC [31]).
Adding SRST signal on $flatten\Periferico_Multiplicador1.$procdff$1963 ($dff) from module SOC (D = $flatten\Periferico_Multiplicador1.$procmux$1624_Y, Q = \Periferico_Multiplicador1.Multiplicador, rval = 16'0000000000000000).
Adding EN signal on $auto$ff.cc:266:slice$2103 ($sdff) from module SOC (D = { \Periferico_BCD_Binario1.d_in [15:8] \CPU.rs2 [7:0] }, Q = \Periferico_Multiplicador1.Multiplicador).
Adding SRST signal on $flatten\Periferico_Multiplicador1.$procdff$1962 ($dff) from module SOC (D = $flatten\Periferico_Multiplicador1.$procmux$1629_Y, Q = \Periferico_Multiplicador1.Multiplicando, rval = 16'0000000000000000).
Adding EN signal on $auto$ff.cc:266:slice$2107 ($sdff) from module SOC (D = { \Periferico_BCD_Binario1.d_in [15:8] \CPU.rs2 [7:0] }, Q = \Periferico_Multiplicador1.Multiplicando).
Adding SRST signal on $flatten\Periferico_Multiplicador1.$procdff$1961 ($dff) from module SOC (D = $flatten\Periferico_Multiplicador1.$procmux$1634_Y, Q = \Periferico_Multiplicador1.init, rval = 1'0).
Adding EN signal on $auto$ff.cc:266:slice$2111 ($sdff) from module SOC (D = $flatten\Periferico_Multiplicador1.$ternary$cores/Multiplicador/Periferico_Multiplicador.v:57$281_Y, Q = \Periferico_Multiplicador1.init).
Adding SRST signal on $flatten\Periferico_Multiplicador1.$procdff$1960 ($dff) from module SOC (D = $flatten\Periferico_Multiplicador1.$procmux$1619_Y, Q = \Periferico_Multiplicador1.d_out, rval = 0).
Adding EN signal on $auto$ff.cc:266:slice$2113 ($sdff) from module SOC (D = $flatten\Periferico_Multiplicador1.$procmux$1616_Y, Q = \Periferico_Multiplicador1.d_out).
Adding EN signal on $flatten\Periferico_Divisor1.\u_Divisor_Top.\reg_DV.$procdff$1890 ($dff) from module SOC (D = $flatten\Periferico_Divisor1.\u_Divisor_Top.\reg_DV.$0\Resultado_NS[31:0] [0], Q = \Periferico_Divisor1.u_Divisor_Top.reg_DV.Resultado_NS [0]).
Adding EN signal on $flatten\Periferico_Divisor1.\u_Divisor_Top.\reg_DV.$procdff$1890 ($dff) from module SOC (D = $flatten\Periferico_Divisor1.\u_Divisor_Top.\reg_DV.$0\Resultado_NS[31:0] [31:1], Q = \Periferico_Divisor1.u_Divisor_Top.reg_DV.Resultado_NS [31:1]).
Adding EN signal on $flatten\Periferico_Divisor1.\u_Divisor_Top.\reg_DV.$procdff$1889 ($dff) from module SOC (D = $flatten\Periferico_Divisor1.\u_Divisor_Top.\reg_DV.$0\MSB_DV[0:0], Q = \Periferico_Divisor1.u_Divisor_Top.reg_DV.MSB_DV).
Adding SRST signal on $flatten\Periferico_Divisor1.\u_Divisor_Top.\reg_A.$procdff$1891 ($dff) from module SOC (D = $flatten\Periferico_Divisor1.\u_Divisor_Top.\reg_A.$procmux$806_Y, Q = \Periferico_Divisor1.u_Divisor_Top.reg_A.Residuo_NS, rval = 0).
Adding EN signal on $auto$ff.cc:266:slice$2124 ($sdff) from module SOC (D = $flatten\Periferico_Divisor1.\u_Divisor_Top.\reg_A.$procmux$806_Y, Q = \Periferico_Divisor1.u_Divisor_Top.reg_A.Residuo_NS).
Adding EN signal on $flatten\Periferico_Divisor1.\u_Divisor_Top.\control.$procdff$1887 ($dff) from module SOC (D = $flatten\Periferico_Divisor1.\u_Divisor_Top.\control.$add$cores/Divisor/Control_Divisor.v:55$662_Y [5:0], Q = \Periferico_Divisor1.u_Divisor_Top.control.COUNT).
Adding SRST signal on $flatten\Periferico_Divisor1.\u_Divisor_Top.\contador.$procdff$1888 ($dff) from module SOC (D = $flatten\Periferico_Divisor1.\u_Divisor_Top.\contador.$procmux$778_Y, Q = \Periferico_Divisor1.u_Divisor_Top.contador.out, rval = 6'100000).
Adding EN signal on $auto$ff.cc:266:slice$2129 ($sdff) from module SOC (D = $flatten\Periferico_Divisor1.\u_Divisor_Top.\contador.$sub$cores/Divisor/Contador_Divisor.v:14$657_Y [5:0], Q = \Periferico_Divisor1.u_Divisor_Top.contador.out).
Adding SRST signal on $flatten\Periferico_Divisor1.$procdff$1966 ($dff) from module SOC (D = $flatten\Periferico_Divisor1.$ternary$cores/Divisor/Periferico_Divisor.v:67$272_Y, Q = \Periferico_Divisor1.DR, rval = 0).
Adding EN signal on $auto$ff.cc:266:slice$2131 ($sdff) from module SOC (D = { \Periferico_BCD_Binario1.d_in [31:8] \CPU.rs2 [7:0] }, Q = \Periferico_Divisor1.DR).
Adding SRST signal on $flatten\Periferico_Divisor1.$procdff$1965 ($dff) from module SOC (D = $flatten\Periferico_Divisor1.$procmux$1668_Y, Q = \Periferico_Divisor1.Dividendo, rval = 0).
Adding EN signal on $auto$ff.cc:266:slice$2133 ($sdff) from module SOC (D = { \Periferico_BCD_Binario1.d_in [31:8] \CPU.rs2 [7:0] }, Q = \Periferico_Divisor1.Dividendo).
Adding SRST signal on $flatten\Periferico_Divisor1.$procdff$1964 ($dff) from module SOC (D = \CPU.rs2 [0], Q = \Periferico_Divisor1.init, rval = 1'0).
Adding EN signal on $flatten\Periferico_Binario_BCD1.\u_BinarioABCD.\LSR_BBCD0.$procdff$1910 ($dff) from module SOC (D = $flatten\Periferico_Binario_BCD1.\u_BinarioABCD.\LSR_BBCD0.$0\Op_A[23:0], Q = \Periferico_Binario_BCD1.u_BinarioABCD.LSR_BBCD0.Op_A).
Adding EN signal on $flatten\Periferico_Binario_BCD1.\u_BinarioABCD.\LSR_BBCD0.$procdff$1909 ($dff) from module SOC (D = $flatten\Periferico_Binario_BCD1.\u_BinarioABCD.\LSR_BBCD0.$procmux$1094_Y, Q = \Periferico_Binario_BCD1.u_BinarioABCD.LSR_BBCD0.SIGN).
Adding SRST signal on $flatten\Periferico_Binario_BCD1.\u_BinarioABCD.\LSR_BBCD0.$procdff$1908 ($dff) from module SOC (D = { $flatten\Periferico_Binario_BCD1.\u_BinarioABCD.\LSR_BBCD0.$procmux$1042_Y $flatten\Periferico_Binario_BCD1.\u_BinarioABCD.\LSR_BBCD0.$procmux$1048_Y $flatten\Periferico_Binario_BCD1.\u_BinarioABCD.\LSR_BBCD0.$procmux$1054_Y $flatten\Periferico_Binario_BCD1.\u_BinarioABCD.\LSR_BBCD0.$procmux$1060_Y $flatten\Periferico_Binario_BCD1.\u_BinarioABCD.\LSR_BBCD0.$procmux$1066_Y $flatten\Periferico_Binario_BCD1.\u_BinarioABCD.\LSR_BBCD0.$procmux$1072_Y $flatten\Periferico_Binario_BCD1.\u_BinarioABCD.\LSR_BBCD0.$procmux$1078_Y }, Q = \Periferico_Binario_BCD1.u_BinarioABCD.LSR_BBCD0.A, rval = 28'0000000000000000000000000000).
Adding EN signal on $auto$ff.cc:266:slice$2144 ($sdff) from module SOC (D = $flatten\Periferico_Binario_BCD1.\u_BinarioABCD.\LSR_BBCD0.$procmux$1042_Y, Q = \Periferico_Binario_BCD1.u_BinarioABCD.LSR_BBCD0.A [27:24]).
Adding EN signal on $auto$ff.cc:266:slice$2144 ($sdff) from module SOC (D = $flatten\Periferico_Binario_BCD1.\u_BinarioABCD.\LSR_BBCD0.$procmux$1048_Y, Q = \Periferico_Binario_BCD1.u_BinarioABCD.LSR_BBCD0.A [23:20]).
Adding EN signal on $auto$ff.cc:266:slice$2144 ($sdff) from module SOC (D = $flatten\Periferico_Binario_BCD1.\u_BinarioABCD.\LSR_BBCD0.$procmux$1054_Y, Q = \Periferico_Binario_BCD1.u_BinarioABCD.LSR_BBCD0.A [19:16]).
Adding EN signal on $auto$ff.cc:266:slice$2144 ($sdff) from module SOC (D = $flatten\Periferico_Binario_BCD1.\u_BinarioABCD.\LSR_BBCD0.$procmux$1060_Y, Q = \Periferico_Binario_BCD1.u_BinarioABCD.LSR_BBCD0.A [15:12]).
Adding EN signal on $auto$ff.cc:266:slice$2144 ($sdff) from module SOC (D = $flatten\Periferico_Binario_BCD1.\u_BinarioABCD.\LSR_BBCD0.$procmux$1066_Y, Q = \Periferico_Binario_BCD1.u_BinarioABCD.LSR_BBCD0.A [11:8]).
Adding EN signal on $auto$ff.cc:266:slice$2144 ($sdff) from module SOC (D = $flatten\Periferico_Binario_BCD1.\u_BinarioABCD.\LSR_BBCD0.$procmux$1072_Y, Q = \Periferico_Binario_BCD1.u_BinarioABCD.LSR_BBCD0.A [7:4]).
Adding EN signal on $auto$ff.cc:266:slice$2144 ($sdff) from module SOC (D = $flatten\Periferico_Binario_BCD1.\u_BinarioABCD.\LSR_BBCD0.$procmux$1078_Y, Q = \Periferico_Binario_BCD1.u_BinarioABCD.LSR_BBCD0.A [3:0]).
Adding EN signal on $flatten\Periferico_Binario_BCD1.\u_BinarioABCD.\CONTROL_BBCD0.$procdff$1912 ($dff) from module SOC (D = $flatten\Periferico_Binario_BCD1.\u_BinarioABCD.\CONTROL_BBCD0.$0\count[5:0], Q = \Periferico_Binario_BCD1.u_BinarioABCD.CONTROL_BBCD0.count).
Adding SRST signal on $flatten\Periferico_Binario_BCD1.\u_BinarioABCD.\CONTADOR_BBCD0.$procdff$1907 ($dff) from module SOC (D = $flatten\Periferico_Binario_BCD1.\u_BinarioABCD.\CONTADOR_BBCD0.$procmux$1028_Y, Q = \Periferico_Binario_BCD1.u_BinarioABCD.CONTADOR_BBCD0.count, rval = 6'010111).
Adding EN signal on $auto$ff.cc:266:slice$2169 ($sdff) from module SOC (D = $flatten\Periferico_Binario_BCD1.\u_BinarioABCD.\CONTADOR_BBCD0.$sub$cores/Binario_BCD/Contador_Binario_BCD.v:19$567_Y [5:0], Q = \Periferico_Binario_BCD1.u_BinarioABCD.CONTADOR_BBCD0.count).
Adding SRST signal on $flatten\Periferico_Binario_BCD1.\u_BinarioABCD.\CONTADOR_BBCD0.$procdff$1906 ($dff) from module SOC (D = $flatten\Periferico_Binario_BCD1.\u_BinarioABCD.\CONTADOR_BBCD0.$procmux$1036_Y, Q = \Periferico_Binario_BCD1.u_BinarioABCD.CONTADOR_BBCD0.Z, rval = 1'0).
Adding EN signal on $auto$ff.cc:266:slice$2171 ($sdff) from module SOC (D = 1'1, Q = \Periferico_Binario_BCD1.u_BinarioABCD.CONTADOR_BBCD0.Z).
Adding SRST signal on $flatten\Periferico_Binario_BCD1.$procdff$1972 ($dff) from module SOC (D = $flatten\Periferico_Binario_BCD1.$procmux$1727_Y, Q = \Periferico_Binario_BCD1.Op_A, rval = 24'000000000000000000000000).
Adding EN signal on $auto$ff.cc:266:slice$2177 ($sdff) from module SOC (D = { \Periferico_BCD_Binario1.d_in [23:8] \CPU.rs2 [7:0] }, Q = \Periferico_Binario_BCD1.Op_A).
Adding SRST signal on $flatten\Periferico_Binario_BCD1.$procdff$1971 ($dff) from module SOC (D = $flatten\Periferico_Binario_BCD1.$procmux$1732_Y, Q = \Periferico_Binario_BCD1.INIT, rval = 1'0).
Adding EN signal on $auto$ff.cc:266:slice$2181 ($sdff) from module SOC (D = \CPU.rs2 [0], Q = \Periferico_Binario_BCD1.INIT).
Adding SRST signal on $flatten\Periferico_Binario_BCD1.$procdff$1970 ($dff) from module SOC (D = $flatten\Periferico_Binario_BCD1.$procmux$1722_Y, Q = \Periferico_Binario_BCD1.d_out, rval = 0).
Adding EN signal on $auto$ff.cc:266:slice$2185 ($sdff) from module SOC (D = $flatten\Periferico_Binario_BCD1.$procmux$1719_Y, Q = \Periferico_Binario_BCD1.d_out).
Adding EN signal on $flatten\Periferico_BCD_Binario1.\u_BCDABinario.\RSR_BCDB0.$procdff$1915 ($dff) from module SOC (D = \Periferico_BCD_Binario1.SIGN, Q = \Periferico_BCD_Binario1.u_BCDABinario.RSR_BCDB0.SIGN_reg).
Adding SRST signal on $flatten\Periferico_BCD_Binario1.\u_BCDABinario.\RSR_BCDB0.$procdff$1914 ($dff) from module SOC (D = $flatten\Periferico_BCD_Binario1.\u_BCDABinario.\RSR_BCDB0.$procmux$1217_Y, Q = \Periferico_BCD_Binario1.u_BCDABinario.RSR_BCDB0.Op_A, rval = 24'000000000000000000000000).
Adding EN signal on $auto$ff.cc:266:slice$2188 ($sdff) from module SOC (D = { \Periferico_BCD_Binario1.u_BCDABinario.RSR_BCDB0.A [0] \Periferico_BCD_Binario1.u_BCDABinario.RSR_BCDB0.Op_A [23:1] }, Q = \Periferico_BCD_Binario1.u_BCDABinario.RSR_BCDB0.Op_A).
Adding EN signal on $flatten\Periferico_BCD_Binario1.\u_BCDABinario.\RSR_BCDB0.$procdff$1913 ($dff) from module SOC (D = $flatten\Periferico_BCD_Binario1.\u_BCDABinario.\RSR_BCDB0.$0\A[27:0] [27:24], Q = \Periferico_BCD_Binario1.u_BCDABinario.RSR_BCDB0.A [27:24]).
Adding EN signal on $flatten\Periferico_BCD_Binario1.\u_BCDABinario.\RSR_BCDB0.$procdff$1913 ($dff) from module SOC (D = $flatten\Periferico_BCD_Binario1.\u_BCDABinario.\RSR_BCDB0.$0\A[27:0] [23:20], Q = \Periferico_BCD_Binario1.u_BCDABinario.RSR_BCDB0.A [23:20]).
Adding EN signal on $flatten\Periferico_BCD_Binario1.\u_BCDABinario.\RSR_BCDB0.$procdff$1913 ($dff) from module SOC (D = $flatten\Periferico_BCD_Binario1.\u_BCDABinario.\RSR_BCDB0.$0\A[27:0] [19:16], Q = \Periferico_BCD_Binario1.u_BCDABinario.RSR_BCDB0.A [19:16]).
Adding EN signal on $flatten\Periferico_BCD_Binario1.\u_BCDABinario.\RSR_BCDB0.$procdff$1913 ($dff) from module SOC (D = $flatten\Periferico_BCD_Binario1.\u_BCDABinario.\RSR_BCDB0.$0\A[27:0] [15:12], Q = \Periferico_BCD_Binario1.u_BCDABinario.RSR_BCDB0.A [15:12]).
Adding EN signal on $flatten\Periferico_BCD_Binario1.\u_BCDABinario.\RSR_BCDB0.$procdff$1913 ($dff) from module SOC (D = $flatten\Periferico_BCD_Binario1.\u_BCDABinario.\RSR_BCDB0.$0\A[27:0] [11:8], Q = \Periferico_BCD_Binario1.u_BCDABinario.RSR_BCDB0.A [11:8]).
Adding EN signal on $flatten\Periferico_BCD_Binario1.\u_BCDABinario.\RSR_BCDB0.$procdff$1913 ($dff) from module SOC (D = $flatten\Periferico_BCD_Binario1.\u_BCDABinario.\RSR_BCDB0.$0\A[27:0] [7:4], Q = \Periferico_BCD_Binario1.u_BCDABinario.RSR_BCDB0.A [7:4]).
Adding EN signal on $flatten\Periferico_BCD_Binario1.\u_BCDABinario.\RSR_BCDB0.$procdff$1913 ($dff) from module SOC (D = $flatten\Periferico_BCD_Binario1.\u_BCDABinario.\RSR_BCDB0.$0\A[27:0] [3:0], Q = \Periferico_BCD_Binario1.u_BCDABinario.RSR_BCDB0.A [3:0]).
Adding EN signal on $flatten\Periferico_BCD_Binario1.\u_BCDABinario.\CONTROL_BCDB0.$procdff$1919 ($dff) from module SOC (D = $flatten\Periferico_BCD_Binario1.\u_BCDABinario.\CONTROL_BCDB0.$0\count[5:0], Q = \Periferico_BCD_Binario1.u_BCDABinario.CONTROL_BCDB0.count).
Adding SRST signal on $flatten\Periferico_BCD_Binario1.\u_BCDABinario.\CONTADOR_BCDB0.$procdff$1917 ($dff) from module SOC (D = $flatten\Periferico_BCD_Binario1.\u_BCDABinario.\CONTADOR_BCDB0.$procmux$1223_Y, Q = \Periferico_BCD_Binario1.u_BCDABinario.CONTADOR_BCDB0.count, rval = 6'010111).
Adding EN signal on $auto$ff.cc:266:slice$2214 ($sdff) from module SOC (D = $flatten\Periferico_BCD_Binario1.\u_BCDABinario.\CONTADOR_BCDB0.$sub$cores/BCD_Binario/Contador_BCD_Binario.v:19$503_Y [5:0], Q = \Periferico_BCD_Binario1.u_BCDABinario.CONTADOR_BCDB0.count).
Adding SRST signal on $flatten\Periferico_BCD_Binario1.\u_BCDABinario.\CONTADOR_BCDB0.$procdff$1916 ($dff) from module SOC (D = $flatten\Periferico_BCD_Binario1.\u_BCDABinario.\CONTADOR_BCDB0.$procmux$1231_Y, Q = \Periferico_BCD_Binario1.u_BCDABinario.CONTADOR_BCDB0.Z, rval = 1'0).
Adding EN signal on $auto$ff.cc:266:slice$2216 ($sdff) from module SOC (D = 1'1, Q = \Periferico_BCD_Binario1.u_BCDABinario.CONTADOR_BCDB0.Z).
Adding SRST signal on $flatten\Periferico_BCD_Binario1.$procdff$1982 ($dff) from module SOC (D = $flatten\Periferico_BCD_Binario1.$procmux$1760_Y, Q = \Periferico_BCD_Binario1.UNIT, rval = 4'0000).
Adding EN signal on $auto$ff.cc:266:slice$2222 ($sdff) from module SOC (D = \CPU.rs2 [3:0], Q = \Periferico_BCD_Binario1.UNIT).
Adding SRST signal on $flatten\Periferico_BCD_Binario1.$procdff$1981 ($dff) from module SOC (D = $flatten\Periferico_BCD_Binario1.$procmux$1767_Y, Q = \Periferico_BCD_Binario1.DEC, rval = 4'0000).
Adding EN signal on $auto$ff.cc:266:slice$2226 ($sdff) from module SOC (D = \CPU.rs2 [7:4], Q = \Periferico_BCD_Binario1.DEC).
Adding SRST signal on $flatten\Periferico_BCD_Binario1.$procdff$1980 ($dff) from module SOC (D = $flatten\Periferico_BCD_Binario1.$procmux$1774_Y, Q = \Periferico_BCD_Binario1.CENT, rval = 4'0000).
Adding EN signal on $auto$ff.cc:266:slice$2230 ($sdff) from module SOC (D = \Periferico_BCD_Binario1.d_in [11:8], Q = \Periferico_BCD_Binario1.CENT).
Adding SRST signal on $flatten\Periferico_BCD_Binario1.$procdff$1979 ($dff) from module SOC (D = $flatten\Periferico_BCD_Binario1.$procmux$1781_Y, Q = \Periferico_BCD_Binario1.MIL, rval = 4'0000).
Adding EN signal on $auto$ff.cc:266:slice$2234 ($sdff) from module SOC (D = \Periferico_BCD_Binario1.d_in [15:12], Q = \Periferico_BCD_Binario1.MIL).
Adding SRST signal on $flatten\Periferico_BCD_Binario1.$procdff$1978 ($dff) from module SOC (D = $flatten\Periferico_BCD_Binario1.$procmux$1788_Y, Q = \Periferico_BCD_Binario1.DIEZMIL, rval = 4'0000).
Adding EN signal on $auto$ff.cc:266:slice$2238 ($sdff) from module SOC (D = \Periferico_BCD_Binario1.d_in [19:16], Q = \Periferico_BCD_Binario1.DIEZMIL).
Adding SRST signal on $flatten\Periferico_BCD_Binario1.$procdff$1977 ($dff) from module SOC (D = $flatten\Periferico_BCD_Binario1.$procmux$1795_Y, Q = \Periferico_BCD_Binario1.CIENMIL, rval = 4'0000).
Adding EN signal on $auto$ff.cc:266:slice$2242 ($sdff) from module SOC (D = \Periferico_BCD_Binario1.d_in [23:20], Q = \Periferico_BCD_Binario1.CIENMIL).
Adding SRST signal on $flatten\Periferico_BCD_Binario1.$procdff$1976 ($dff) from module SOC (D = $flatten\Periferico_BCD_Binario1.$procmux$1802_Y, Q = \Periferico_BCD_Binario1.MILLON, rval = 4'0000).
Adding EN signal on $auto$ff.cc:266:slice$2246 ($sdff) from module SOC (D = \Periferico_BCD_Binario1.d_in [27:24], Q = \Periferico_BCD_Binario1.MILLON).
Adding SRST signal on $flatten\Periferico_BCD_Binario1.$procdff$1975 ($dff) from module SOC (D = $flatten\Periferico_BCD_Binario1.$procmux$1809_Y, Q = \Periferico_BCD_Binario1.SIGN, rval = 4'0000).
Adding EN signal on $auto$ff.cc:266:slice$2250 ($sdff) from module SOC (D = \Periferico_BCD_Binario1.d_in [31:28], Q = \Periferico_BCD_Binario1.SIGN).
Adding SRST signal on $flatten\Periferico_BCD_Binario1.$procdff$1974 ($dff) from module SOC (D = $flatten\Periferico_BCD_Binario1.$procmux$1816_Y, Q = \Periferico_BCD_Binario1.INIT, rval = 1'0).
Adding EN signal on $auto$ff.cc:266:slice$2254 ($sdff) from module SOC (D = \CPU.rs2 [0], Q = \Periferico_BCD_Binario1.INIT).
Adding SRST signal on $flatten\Periferico_BCD_Binario1.$procdff$1973 ($dff) from module SOC (D = $flatten\Periferico_BCD_Binario1.$procmux$1753_Y, Q = \Periferico_BCD_Binario1.d_out, rval = 0).
Adding EN signal on $auto$ff.cc:266:slice$2258 ($sdff) from module SOC (D = $flatten\Periferico_BCD_Binario1.$procmux$1750_Y, Q = \Periferico_BCD_Binario1.d_out).
Adding EN signal on $flatten\CPU.$procdff$1942 ($dff) from module SOC (D = $flatten\CPU.$0\aluShamt[4:0], Q = \CPU.aluShamt).
Adding EN signal on $flatten\CPU.$procdff$1941 ($dff) from module SOC (D = $flatten\CPU.$0\aluReg[31:0], Q = \CPU.aluReg).
Adding SRST signal on $flatten\CPU.$procdff$1940 ($dff) from module SOC (D = $flatten\CPU.$procmux$1492_Y, Q = \CPU.state, rval = 4'1000).
Adding EN signal on $auto$ff.cc:266:slice$2274 ($sdff) from module SOC (D = $flatten\CPU.$procmux$1492_Y [0], Q = \CPU.state [0]).
Adding EN signal on $flatten\CPU.$procdff$1939 ($dff) from module SOC (D = \CPU.mem_rdata [31:2], Q = \CPU.instr).
Adding SRST signal on $flatten\CPU.$procdff$1938 ($dff) from module SOC (D = $flatten\CPU.$procmux$1513_Y, Q = \CPU.PC, rval = 24'000000000000000000000000).
Adding EN signal on $auto$ff.cc:266:slice$2282 ($sdff) from module SOC (D = $flatten\CPU.$ternary$cores/cpu/femtorv32_quark.v:355$451_Y, Q = \CPU.PC).
Adding EN signal on $flatten\CPU.$procdff$1937 ($dff) from module SOC (D = $flatten\CPU.$memrd$\registerFile$cores/cpu/femtorv32_quark.v:348$449_DATA, Q = \CPU.rs2).
Adding EN signal on $flatten\CPU.$procdff$1936 ($dff) from module SOC (D = $flatten\CPU.$memrd$\registerFile$cores/cpu/femtorv32_quark.v:347$448_DATA, Q = \CPU.rs1).

42.14.7. Executing OPT_CLEAN pass (remove unused cells and wires).
Finding unused cells or wires in module \SOC..
Removed 144 unused cells and 138 unused wires.

42.14.8. Executing OPT_EXPR pass (perform const folding).
Optimizing module SOC.

42.14.9. Rerunning OPT passes. (Maybe there is more to do..)

42.14.10. Executing OPT_MUXTREE pass (detect dead branches in mux trees).
Running muxtree optimizer on module \SOC..
  Creating internal representation of mux trees.
  Evaluating internal representation of mux trees.
  Analyzing evaluation results.
Removed 0 multiplexer ports.

42.14.11. Executing OPT_REDUCE pass (consolidate $*mux and $reduce_* inputs).
  Optimizing cells in module \SOC.
    New ctrl vector for $pmux cell $flatten\Periferico_raiz1.\u_RAIZ.\CONTROL_RAIZ0.$procmux$948: { $flatten\Periferico_raiz1.\u_RAIZ.\CONTROL_RAIZ0.$procmux$947_CMP $flatten\Periferico_raiz1.\u_RAIZ.\CONTROL_RAIZ0.$procmux$949_CMP }
  Optimizing cells in module \SOC.
Performed a total of 1 changes.

42.14.12. Executing OPT_MERGE pass (detect identical cells).
Finding identical cells in module `\SOC'.
Removed a total of 19 cells.

42.14.13. Executing OPT_DFF pass (perform DFF optimizations).

42.14.14. Executing OPT_CLEAN pass (remove unused cells and wires).
Finding unused cells or wires in module \SOC..
Removed 1 unused cells and 19 unused wires.

42.14.15. Executing OPT_EXPR pass (perform const folding).
Optimizing module SOC.

42.14.16. Rerunning OPT passes. (Maybe there is more to do..)

42.14.17. Executing OPT_MUXTREE pass (detect dead branches in mux trees).
Running muxtree optimizer on module \SOC..
  Creating internal representation of mux trees.
  Evaluating internal representation of mux trees.
  Analyzing evaluation results.
Removed 0 multiplexer ports.

42.14.18. Executing OPT_REDUCE pass (consolidate $*mux and $reduce_* inputs).
  Optimizing cells in module \SOC.
Performed a total of 0 changes.

42.14.19. Executing OPT_MERGE pass (detect identical cells).
Finding identical cells in module `\SOC'.
Removed a total of 0 cells.

42.14.20. Executing OPT_DFF pass (perform DFF optimizations).

42.14.21. Executing OPT_CLEAN pass (remove unused cells and wires).
Finding unused cells or wires in module \SOC..

42.14.22. Executing OPT_EXPR pass (perform const folding).
Optimizing module SOC.

42.14.23. Finished OPT passes. (There is nothing left to do.)

42.15. Executing WREDUCE pass (reducing word size of cells).
Removed top 27 address bits (of 32) from memory init port SOC.$flatten\CPU.$auto$proc_memwr.cc:45:proc_memwr$1987 (CPU.registerFile).
Removed top 29 address bits (of 32) from memory init port SOC.$flatten\Periferico_raiz1.\u_RAIZ.\CONTROL_RAIZ0.$auto$mem.cc:319:emit$669 ($flatten\Periferico_raiz1.\u_RAIZ.\CONTROL_RAIZ0.$auto$proc_rom.cc:150:do_switch$667).
Removed top 19 address bits (of 30) from memory init port SOC.$flatten\RAM.$auto$proc_memwr.cc:45:proc_memwr$1989 (RAM.MEM).
Removed top 19 address bits (of 30) from memory init port SOC.$flatten\RAM.$auto$proc_memwr.cc:45:proc_memwr$1990 (RAM.MEM).
Removed top 19 address bits (of 30) from memory init port SOC.$flatten\RAM.$auto$proc_memwr.cc:45:proc_memwr$1991 (RAM.MEM).
Removed top 19 address bits (of 30) from memory init port SOC.$flatten\RAM.$auto$proc_memwr.cc:45:proc_memwr$1992 (RAM.MEM).
Removed top 21 address bits (of 32) from memory init port SOC.$flatten\RAM.$meminit$\MEM$cores/bram/bram.v:0$314 (RAM.MEM).
Removed top 19 address bits (of 30) from memory read port SOC.$flatten\RAM.$memrd$\MEM$cores/bram/bram.v:22$301 (RAM.MEM).
Removed top 6 bits (of 8) from port B of cell SOC.$procmux$1844_CMP0 ($eq).
Removed top 5 bits (of 8) from port B of cell SOC.$procmux$1845_CMP0 ($eq).
Removed top 4 bits (of 8) from port B of cell SOC.$procmux$1846_CMP0 ($eq).
Removed top 3 bits (of 8) from port B of cell SOC.$procmux$1847_CMP0 ($eq).
Removed top 2 bits (of 8) from port B of cell SOC.$procmux$1848_CMP0 ($eq).
Removed top 1 bits (of 8) from port B of cell SOC.$procmux$1853_CMP0 ($eq).
Removed top 1 bits (of 8) from port B of cell SOC.$procmux$1854_CMP0 ($eq).
Removed top 1 bits (of 8) from port B of cell SOC.$procmux$1855_CMP0 ($eq).
Removed top 1 bits (of 8) from port B of cell SOC.$procmux$1856_CMP0 ($eq).
Removed top 1 bits (of 8) from port B of cell SOC.$procmux$1857_CMP0 ($eq).
Removed top 1 bits (of 8) from port B of cell SOC.$procmux$1858_CMP0 ($eq).
Removed top 1 bits (of 8) from port B of cell SOC.$procmux$1859_CMP0 ($eq).
Removed top 31 bits (of 32) from port B of cell SOC.$flatten\CPU.$add$cores/cpu/femtorv32_quark.v:381$459 ($add).
Removed top 28 bits (of 32) from mux cell SOC.$flatten\CPU.$ternary$cores/cpu/femtorv32_quark.v:358$452 ($mux).
Removed top 2 bits (of 4) from mux cell SOC.$flatten\CPU.$ternary$cores/cpu/femtorv32_quark.v:286$426 ($mux).
Removed top 1 bits (of 2) from port B of cell SOC.$flatten\CPU.$eq$cores/cpu/femtorv32_quark.v:248$413 ($eq).
Removed top 8 bits (of 32) from mux cell SOC.$flatten\CPU.$ternary$cores/cpu/femtorv32_quark.v:231$408 ($mux).
Removed top 8 bits (of 32) from mux cell SOC.$flatten\CPU.$ternary$cores/cpu/femtorv32_quark.v:230$404 ($mux).
Removed top 19 bits (of 24) from mux cell SOC.$flatten\CPU.$ternary$cores/cpu/femtorv32_quark.v:213$394 ($mux).
Removed top 29 bits (of 32) from port B of cell SOC.$flatten\CPU.$add$cores/cpu/femtorv32_quark.v:201$390 ($add).
Removed top 8 bits (of 32) from port Y of cell SOC.$flatten\CPU.$add$cores/cpu/femtorv32_quark.v:201$390 ($add).
Removed top 31 bits (of 32) from port B of cell SOC.$flatten\CPU.$sub$cores/cpu/femtorv32_quark.v:175$372 ($sub).
Removed top 27 bits (of 32) from port Y of cell SOC.$flatten\CPU.$sub$cores/cpu/femtorv32_quark.v:175$372 ($sub).
Removed top 31 bits (of 32) from mux cell SOC.$flatten\CPU.$ternary$cores/cpu/femtorv32_quark.v:146$356 ($mux).
Removed top 31 bits (of 32) from mux cell SOC.$flatten\CPU.$ternary$cores/cpu/femtorv32_quark.v:145$354 ($mux).
Removed top 32 bits (of 33) from port B of cell SOC.$flatten\CPU.$add$cores/cpu/femtorv32_quark.v:132$347 ($add).
Removed top 1 bits (of 33) from port B of cell SOC.$flatten\CPU.$add$cores/cpu/femtorv32_quark.v:132$346 ($add).
Removed top 2 bits (of 5) from port B of cell SOC.$flatten\CPU.$eq$cores/cpu/femtorv32_quark.v:88$326 ($eq).
Removed top 1 bits (of 5) from port B of cell SOC.$flatten\CPU.$eq$cores/cpu/femtorv32_quark.v:87$325 ($eq).
Removed top 1 bits (of 5) from port B of cell SOC.$flatten\CPU.$eq$cores/cpu/femtorv32_quark.v:83$322 ($eq).
Removed top 1 bits (of 5) from port B of cell SOC.$flatten\CPU.$eq$cores/cpu/femtorv32_quark.v:82$321 ($eq).
Removed top 2 bits (of 5) from port B of cell SOC.$flatten\CPU.$eq$cores/cpu/femtorv32_quark.v:81$320 ($eq).
Removed top 7 bits (of 8) from port A of cell SOC.$flatten\CPU.$shl$cores/cpu/femtorv32_quark.v:68$318 ($shl).
Removed top 19 bits (of 30) from mux cell SOC.$flatten\RAM.$procmux$1611 ($mux).
Removed top 19 bits (of 30) from mux cell SOC.$flatten\RAM.$procmux$1602 ($mux).
Removed top 19 bits (of 30) from mux cell SOC.$flatten\RAM.$procmux$1593 ($mux).
Removed top 19 bits (of 30) from mux cell SOC.$flatten\RAM.$procmux$1584 ($mux).
Removed top 1 bits (of 2) from port B of cell SOC.$auto$opt_dff.cc:195:make_patterns_logic$2100 ($ne).
Removed top 31 bits (of 32) from port B of cell SOC.$flatten\Periferico_Multiplicador1.\u_TOP_Multiplicador.\Control_Multiplicador0.$add$cores/Multiplicador/Control_Multiplicador.v:56$632 ($add).
Removed top 26 bits (of 32) from port Y of cell SOC.$flatten\Periferico_Multiplicador1.\u_TOP_Multiplicador.\Control_Multiplicador0.$add$cores/Multiplicador/Control_Multiplicador.v:56$632 ($add).
Removed top 16 bits (of 32) from FF cell SOC.$auto$ff.cc:266:slice$2091 ($dffe).
Removed top 1 bits (of 32) from mux cell SOC.$flatten\Periferico_Multiplicador1.\u_TOP_Multiplicador.\ACC0.$procmux$818 ($mux).
Removed top 31 bits (of 32) from mux cell SOC.$flatten\Periferico_Multiplicador1.\u_TOP_Multiplicador.\contador_Multiplicador0.$ternary$cores/Multiplicador/Contador_Multiplicador.v:18$641 ($mux).
Removed top 31 bits (of 32) from port B of cell SOC.$flatten\Periferico_Multiplicador1.\u_TOP_Multiplicador.\contador_Multiplicador0.$sub$cores/Multiplicador/Contador_Multiplicador.v:15$639 ($sub).
Removed top 27 bits (of 32) from port Y of cell SOC.$flatten\Periferico_Multiplicador1.\u_TOP_Multiplicador.\contador_Multiplicador0.$sub$cores/Multiplicador/Contador_Multiplicador.v:15$639 ($sub).
Removed top 1 bits (of 3) from port B of cell SOC.$auto$opt_dff.cc:195:make_patterns_logic$2262 ($ne).
Removed top 2 bits (of 3) from mux cell SOC.$flatten\Periferico_Multiplicador1.\u_TOP_Multiplicador.\Control_Multiplicador0.$procmux$885 ($mux).
Removed top 2 bits (of 3) from port B of cell SOC.$flatten\Periferico_Multiplicador1.\u_TOP_Multiplicador.\Control_Multiplicador0.$procmux$869_CMP0 ($eq).
Removed top 2 bits (of 3) from mux cell SOC.$flatten\Periferico_Multiplicador1.\u_TOP_Multiplicador.\Control_Multiplicador0.$procmux$866 ($mux).
Removed top 1 bits (of 3) from port B of cell SOC.$flatten\Periferico_Multiplicador1.\u_TOP_Multiplicador.\Control_Multiplicador0.$procmux$853_CMP0 ($eq).
Removed top 1 bits (of 3) from port B of cell SOC.$flatten\Periferico_Multiplicador1.\u_TOP_Multiplicador.\Control_Multiplicador0.$procmux$844_CMP0 ($eq).
Removed top 27 bits (of 32) from port B of cell SOC.$flatten\Periferico_Multiplicador1.\u_TOP_Multiplicador.\Control_Multiplicador0.$gt$cores/Multiplicador/Control_Multiplicador.v:57$633 ($gt).
Removed top 1 bits (of 5) from port B of cell SOC.$flatten\Periferico_Multiplicador1.$procmux$1618_CMP0 ($eq).
Removed top 30 bits (of 32) from port B of cell SOC.$flatten\Periferico_Divisor1.\u_Divisor_Top.$add$cores/Divisor/Top_Divisor.v:33$463 ($add).
Removed top 30 bits (of 32) from port B of cell SOC.$flatten\Periferico_Divisor1.\u_Divisor_Top.$add$cores/Divisor/Top_Divisor.v:36$466 ($add).
Removed top 31 bits (of 32) from port B of cell SOC.$flatten\Periferico_Divisor1.\u_Divisor_Top.\contador.$sub$cores/Divisor/Contador_Divisor.v:14$657 ($sub).
Removed top 26 bits (of 32) from port Y of cell SOC.$flatten\Periferico_Divisor1.\u_Divisor_Top.\contador.$sub$cores/Divisor/Contador_Divisor.v:14$657 ($sub).
Removed top 2 bits (of 3) from mux cell SOC.$flatten\Periferico_Divisor1.\u_Divisor_Top.\control.$procmux$763 ($mux).
Removed top 1 bits (of 3) from port B of cell SOC.$flatten\Periferico_Divisor1.\u_Divisor_Top.\control.$procmux$734_CMP0 ($eq).
Removed top 1 bits (of 3) from mux cell SOC.$flatten\Periferico_Divisor1.\u_Divisor_Top.\control.$procmux$725 ($mux).
Removed top 2 bits (of 3) from port B of cell SOC.$flatten\Periferico_Divisor1.\u_Divisor_Top.\control.$procmux$707_CMP0 ($eq).
Removed top 1 bits (of 3) from port B of cell SOC.$flatten\Periferico_Divisor1.\u_Divisor_Top.\control.$procmux$700_CMP0 ($eq).
Removed top 27 bits (of 32) from port B of cell SOC.$flatten\Periferico_Divisor1.\u_Divisor_Top.\control.$gt$cores/Divisor/Control_Divisor.v:56$663 ($gt).
Removed top 31 bits (of 32) from port B of cell SOC.$flatten\Periferico_Divisor1.\u_Divisor_Top.\control.$add$cores/Divisor/Control_Divisor.v:55$662 ($add).
Removed top 26 bits (of 32) from port Y of cell SOC.$flatten\Periferico_Divisor1.\u_Divisor_Top.\control.$add$cores/Divisor/Control_Divisor.v:55$662 ($add).
Removed top 31 bits (of 32) from mux cell SOC.$flatten\Periferico_Divisor1.\u_Divisor_Top.\contador.$ternary$cores/Divisor/Contador_Divisor.v:17$659 ($mux).
Removed top 30 bits (of 32) from port B of cell SOC.$flatten\Periferico_Divisor1.\u_Divisor_Top.\corrector.$add$cores/Divisor/Corregir_Divisor.v:14$651 ($add).
Removed top 30 bits (of 32) from port B of cell SOC.$flatten\Periferico_Divisor1.\u_Divisor_Top.\corrector.$add$cores/Divisor/Corregir_Divisor.v:13$648 ($add).
Removed top 2 bits (of 5) from port B of cell SOC.$flatten\Periferico_Divisor1.$procmux$1681_CMP0 ($eq).
Removed top 1 bits (of 5) from port B of cell SOC.$flatten\Periferico_Divisor1.$procmux$1680_CMP0 ($eq).
Removed top 1 bits (of 5) from port B of cell SOC.$flatten\Periferico_Divisor1.$procmux$1679_CMP0 ($eq).
Removed top 2 bits (of 6) from port B of cell SOC.$flatten\Periferico_Divisor1.$procmux$1656_CMP0 ($eq).
Removed top 1 bits (of 6) from port B of cell SOC.$flatten\Periferico_Divisor1.$procmux$1655_CMP0 ($eq).
Removed top 31 bits (of 32) from port B of cell SOC.$flatten\Periferico_raiz1.\u_RAIZ.\COUNT_RAIZ0.$gt$cores/raiz/COUNT_RAIZ.v:15$621 ($gt).
Removed top 2 bits (of 3) from port B of cell SOC.$flatten\Periferico_raiz1.\u_RAIZ.\CONTROL_RAIZ0.$procmux$955_CMP0 ($eq).
Removed top 1 bits (of 3) from port B of cell SOC.$flatten\Periferico_raiz1.\u_RAIZ.\CONTROL_RAIZ0.$procmux$954_CMP0 ($eq).
Removed top 2 bits (of 3) from mux cell SOC.$flatten\Periferico_raiz1.\u_RAIZ.\CONTROL_RAIZ0.$procmux$944 ($mux).
Removed top 1 bits (of 3) from mux cell SOC.$flatten\Periferico_raiz1.\u_RAIZ.\CONTROL_RAIZ0.$procmux$932 ($mux).
Removed top 1 bits (of 3) from port B of cell SOC.$flatten\Periferico_raiz1.\u_RAIZ.\CONTROL_RAIZ0.$procmux$926_CMP0 ($eq).
Removed top 27 bits (of 32) from port B of cell SOC.$flatten\Periferico_raiz1.\u_RAIZ.\CONTROL_RAIZ0.$gt$cores/raiz/CONTROL_RAIZ.v:69$628 ($gt).
Removed top 31 bits (of 32) from port B of cell SOC.$flatten\Periferico_raiz1.\u_RAIZ.\CONTROL_RAIZ0.$add$cores/raiz/CONTROL_RAIZ.v:68$627 ($add).
Removed top 26 bits (of 32) from port Y of cell SOC.$flatten\Periferico_raiz1.\u_RAIZ.\CONTROL_RAIZ0.$add$cores/raiz/CONTROL_RAIZ.v:68$627 ($add).
Removed top 4 bits (of 5) from port B of cell SOC.$flatten\Periferico_raiz1.\u_RAIZ.\COUNT_RAIZ0.$eq$cores/raiz/COUNT_RAIZ.v:18$623 ($eq).
Removed top 31 bits (of 32) from port B of cell SOC.$flatten\Periferico_raiz1.\u_RAIZ.\COUNT_RAIZ0.$sub$cores/raiz/COUNT_RAIZ.v:16$622 ($sub).
Removed top 27 bits (of 32) from port Y of cell SOC.$flatten\Periferico_raiz1.\u_RAIZ.\COUNT_RAIZ0.$sub$cores/raiz/COUNT_RAIZ.v:16$622 ($sub).
Removed top 14 bits (of 32) from port A of cell SOC.$flatten\Periferico_raiz1.\u_RAIZ.\SUM_C20_RAIZ.$add$cores/raiz/SUM_C2_RAIZ.v:12$612 ($add).
Removed top 31 bits (of 32) from port B of cell SOC.$flatten\Periferico_raiz1.\u_RAIZ.\SUM_C20_RAIZ.$add$cores/raiz/SUM_C2_RAIZ.v:12$612 ($add).
Removed top 16 bits (of 32) from port Y of cell SOC.$flatten\Periferico_raiz1.\u_RAIZ.\SUM_C20_RAIZ.$add$cores/raiz/SUM_C2_RAIZ.v:12$612 ($add).
Removed top 2 bits (of 18) from port A of cell SOC.$flatten\Periferico_raiz1.\u_RAIZ.\SUM_C20_RAIZ.$add$cores/raiz/SUM_C2_RAIZ.v:12$612 ($add).
Removed top 1 bits (of 5) from mux cell SOC.$flatten\Periferico_raiz1.$procmux$1708 ($pmux).
Removed top 2 bits (of 5) from port B of cell SOC.$flatten\Periferico_raiz1.$procmux$1690_CMP0 ($eq).
Removed top 1 bits (of 5) from port B of cell SOC.$flatten\Periferico_raiz1.$procmux$1689_CMP0 ($eq).
Removed top 1 bits (of 2) from port B of cell SOC.$auto$opt_dff.cc:195:make_patterns_logic$2014 ($ne).
Removed top 2 bits (of 4) from port B of cell SOC.$flatten\Periferico_Binario_BCD1.\u_BinarioABCD.\SUM_C2_BBCD0.$add$cores/Binario_BCD/Sumador_Binario_BCD.v:60$597 ($add).
Removed top 2 bits (of 4) from port B of cell SOC.$flatten\Periferico_Binario_BCD1.\u_BinarioABCD.\SUM_C2_BBCD0.$add$cores/Binario_BCD/Sumador_Binario_BCD.v:59$594 ($add).
Removed top 2 bits (of 4) from port B of cell SOC.$flatten\Periferico_Binario_BCD1.\u_BinarioABCD.\SUM_C2_BBCD0.$add$cores/Binario_BCD/Sumador_Binario_BCD.v:58$591 ($add).
Removed top 2 bits (of 4) from port B of cell SOC.$flatten\Periferico_Binario_BCD1.\u_BinarioABCD.\SUM_C2_BBCD0.$add$cores/Binario_BCD/Sumador_Binario_BCD.v:57$588 ($add).
Removed top 2 bits (of 4) from port B of cell SOC.$flatten\Periferico_Binario_BCD1.\u_BinarioABCD.\SUM_C2_BBCD0.$add$cores/Binario_BCD/Sumador_Binario_BCD.v:56$585 ($add).
Removed top 2 bits (of 4) from port B of cell SOC.$flatten\Periferico_Binario_BCD1.\u_BinarioABCD.\SUM_C2_BBCD0.$add$cores/Binario_BCD/Sumador_Binario_BCD.v:55$582 ($add).
Removed top 2 bits (of 4) from port B of cell SOC.$flatten\Periferico_Binario_BCD1.\u_BinarioABCD.\SUM_C2_BBCD0.$add$cores/Binario_BCD/Sumador_Binario_BCD.v:54$579 ($add).
Removed top 1 bits (of 5) from port A of cell SOC.$flatten\Periferico_Binario_BCD1.\u_BinarioABCD.\SUM_C2_BBCD0.$add$cores/Binario_BCD/Sumador_Binario_BCD.v:41$576 ($add).
Removed top 1 bits (of 5) from port A of cell SOC.$flatten\Periferico_Binario_BCD1.\u_BinarioABCD.\SUM_C2_BBCD0.$add$cores/Binario_BCD/Sumador_Binario_BCD.v:40$575 ($add).
Removed top 1 bits (of 5) from port A of cell SOC.$flatten\Periferico_Binario_BCD1.\u_BinarioABCD.\SUM_C2_BBCD0.$add$cores/Binario_BCD/Sumador_Binario_BCD.v:39$574 ($add).
Removed top 1 bits (of 5) from port A of cell SOC.$flatten\Periferico_Binario_BCD1.\u_BinarioABCD.\SUM_C2_BBCD0.$add$cores/Binario_BCD/Sumador_Binario_BCD.v:38$573 ($add).
Removed top 1 bits (of 5) from port A of cell SOC.$flatten\Periferico_Binario_BCD1.\u_BinarioABCD.\SUM_C2_BBCD0.$add$cores/Binario_BCD/Sumador_Binario_BCD.v:37$572 ($add).
Removed top 1 bits (of 5) from port A of cell SOC.$flatten\Periferico_Binario_BCD1.\u_BinarioABCD.\SUM_C2_BBCD0.$add$cores/Binario_BCD/Sumador_Binario_BCD.v:36$571 ($add).
Removed top 31 bits (of 32) from port B of cell SOC.$flatten\Periferico_Binario_BCD1.\u_BinarioABCD.\CONTADOR_BBCD0.$sub$cores/Binario_BCD/Contador_Binario_BCD.v:19$567 ($sub).
Removed top 26 bits (of 32) from port Y of cell SOC.$flatten\Periferico_Binario_BCD1.\u_BinarioABCD.\CONTADOR_BBCD0.$sub$cores/Binario_BCD/Contador_Binario_BCD.v:19$567 ($sub).
Removed top 1 bits (of 4) from mux cell SOC.$flatten\Periferico_Binario_BCD1.\u_BinarioABCD.\LSR_BBCD0.$procmux$1094 ($mux).
Removed top 2 bits (of 3) from mux cell SOC.$flatten\Periferico_Binario_BCD1.\u_BinarioABCD.\CONTROL_BBCD0.$procmux$1143 ($mux).
Removed top 1 bits (of 3) from port B of cell SOC.$flatten\Periferico_Binario_BCD1.\u_BinarioABCD.\CONTROL_BBCD0.$procmux$1139_CMP0 ($eq).
Removed top 1 bits (of 3) from mux cell SOC.$flatten\Periferico_Binario_BCD1.\u_BinarioABCD.\CONTROL_BBCD0.$procmux$1131 ($mux).
Removed top 1 bits (of 3) from port B of cell SOC.$flatten\Periferico_Binario_BCD1.\u_BinarioABCD.\CONTROL_BBCD0.$procmux$1115_CMP0 ($eq).
Removed top 2 bits (of 3) from port B of cell SOC.$flatten\Periferico_Binario_BCD1.\u_BinarioABCD.\CONTROL_BBCD0.$procmux$1103_CMP0 ($eq).
Removed top 27 bits (of 32) from port B of cell SOC.$flatten\Periferico_Binario_BCD1.\u_BinarioABCD.\CONTROL_BBCD0.$gt$cores/Binario_BCD/Control_Binario_BCD.v:51$559 ($gt).
Removed top 31 bits (of 32) from port B of cell SOC.$flatten\Periferico_Binario_BCD1.\u_BinarioABCD.\CONTROL_BBCD0.$add$cores/Binario_BCD/Control_Binario_BCD.v:50$558 ($add).
Removed top 26 bits (of 32) from port Y of cell SOC.$flatten\Periferico_Binario_BCD1.\u_BinarioABCD.\CONTROL_BBCD0.$add$cores/Binario_BCD/Control_Binario_BCD.v:50$558 ($add).
Removed top 1 bits (of 5) from port A of cell SOC.$flatten\Periferico_Binario_BCD1.\u_BinarioABCD.\SUM_C2_BBCD0.$add$cores/Binario_BCD/Sumador_Binario_BCD.v:35$570 ($add).
Removed top 1 bits (of 2) from port B of cell SOC.$auto$opt_dff.cc:195:make_patterns_logic$2012 ($ne).
Removed top 2 bits (of 4) from port B of cell SOC.$flatten\Periferico_BCD_Binario1.\u_BCDABinario.\SUB_C2_BCDB0.$sub$cores/BCD_Binario/Sumador_BCD_Binario.v:61$538 ($sub).
Removed top 2 bits (of 4) from port B of cell SOC.$flatten\Periferico_BCD_Binario1.\u_BCDABinario.\SUB_C2_BCDB0.$sub$cores/BCD_Binario/Sumador_BCD_Binario.v:60$535 ($sub).
Removed top 2 bits (of 4) from port B of cell SOC.$flatten\Periferico_BCD_Binario1.\u_BCDABinario.\SUB_C2_BCDB0.$sub$cores/BCD_Binario/Sumador_BCD_Binario.v:59$532 ($sub).
Removed top 2 bits (of 4) from port B of cell SOC.$flatten\Periferico_BCD_Binario1.\u_BCDABinario.\SUB_C2_BCDB0.$sub$cores/BCD_Binario/Sumador_BCD_Binario.v:58$529 ($sub).
Removed top 2 bits (of 4) from port B of cell SOC.$flatten\Periferico_BCD_Binario1.\u_BCDABinario.\SUB_C2_BCDB0.$sub$cores/BCD_Binario/Sumador_BCD_Binario.v:57$526 ($sub).
Removed top 2 bits (of 4) from port B of cell SOC.$flatten\Periferico_BCD_Binario1.\u_BCDABinario.\SUB_C2_BCDB0.$sub$cores/BCD_Binario/Sumador_BCD_Binario.v:56$523 ($sub).
Removed top 2 bits (of 4) from port B of cell SOC.$flatten\Periferico_BCD_Binario1.\u_BCDABinario.\SUB_C2_BCDB0.$sub$cores/BCD_Binario/Sumador_BCD_Binario.v:55$520 ($sub).
Removed top 1 bits (of 5) from port A of cell SOC.$flatten\Periferico_BCD_Binario1.\u_BCDABinario.\SUB_C2_BCDB0.$add$cores/BCD_Binario/Sumador_BCD_Binario.v:42$517 ($add).
Removed top 1 bits (of 5) from port A of cell SOC.$flatten\Periferico_BCD_Binario1.\u_BCDABinario.\SUB_C2_BCDB0.$add$cores/BCD_Binario/Sumador_BCD_Binario.v:41$516 ($add).
Removed top 1 bits (of 5) from port A of cell SOC.$flatten\Periferico_BCD_Binario1.\u_BCDABinario.\SUB_C2_BCDB0.$add$cores/BCD_Binario/Sumador_BCD_Binario.v:40$515 ($add).
Removed top 1 bits (of 5) from port A of cell SOC.$flatten\Periferico_BCD_Binario1.\u_BCDABinario.\SUB_C2_BCDB0.$add$cores/BCD_Binario/Sumador_BCD_Binario.v:39$514 ($add).
Removed top 1 bits (of 5) from port A of cell SOC.$flatten\Periferico_BCD_Binario1.\u_BCDABinario.\SUB_C2_BCDB0.$add$cores/BCD_Binario/Sumador_BCD_Binario.v:38$513 ($add).
Removed top 1 bits (of 5) from port A of cell SOC.$flatten\Periferico_BCD_Binario1.\u_BCDABinario.\SUB_C2_BCDB0.$add$cores/BCD_Binario/Sumador_BCD_Binario.v:37$512 ($add).
Removed top 31 bits (of 32) from port B of cell SOC.$flatten\Periferico_BCD_Binario1.\u_BCDABinario.\CONTADOR_BCDB0.$sub$cores/BCD_Binario/Contador_BCD_Binario.v:19$503 ($sub).
Removed top 26 bits (of 32) from port Y of cell SOC.$flatten\Periferico_BCD_Binario1.\u_BCDABinario.\CONTADOR_BCDB0.$sub$cores/BCD_Binario/Contador_BCD_Binario.v:19$503 ($sub).
Removed top 1 bits (of 3) from mux cell SOC.$flatten\Periferico_BCD_Binario1.\u_BCDABinario.\CONTROL_BCDB0.$procmux$1281 ($mux).
Removed top 1 bits (of 3) from port B of cell SOC.$flatten\Periferico_BCD_Binario1.\u_BCDABinario.\CONTROL_BCDB0.$procmux$1279_CMP0 ($eq).
Removed top 1 bits (of 3) from mux cell SOC.$flatten\Periferico_BCD_Binario1.\u_BCDABinario.\CONTROL_BCDB0.$procmux$1271 ($mux).
Removed top 1 bits (of 3) from port B of cell SOC.$flatten\Periferico_BCD_Binario1.\u_BCDABinario.\CONTROL_BCDB0.$procmux$1253_CMP0 ($eq).
Removed top 2 bits (of 3) from port B of cell SOC.$flatten\Periferico_BCD_Binario1.\u_BCDABinario.\CONTROL_BCDB0.$procmux$1241_CMP0 ($eq).
Removed top 27 bits (of 32) from port B of cell SOC.$flatten\Periferico_BCD_Binario1.\u_BCDABinario.\CONTROL_BCDB0.$gt$cores/BCD_Binario/Control_BCD_Binario.v:49$498 ($gt).
Removed top 31 bits (of 32) from port B of cell SOC.$flatten\Periferico_BCD_Binario1.\u_BCDABinario.\CONTROL_BCDB0.$add$cores/BCD_Binario/Control_BCD_Binario.v:48$497 ($add).
Removed top 26 bits (of 32) from port Y of cell SOC.$flatten\Periferico_BCD_Binario1.\u_BCDABinario.\CONTROL_BCDB0.$add$cores/BCD_Binario/Control_BCD_Binario.v:48$497 ($add).
Removed top 3 bits (of 6) from port B of cell SOC.$flatten\Periferico_BCD_Binario1.$procmux$1827_CMP0 ($eq).
Removed top 2 bits (of 6) from port B of cell SOC.$flatten\Periferico_BCD_Binario1.$procmux$1826_CMP0 ($eq).
Removed top 2 bits (of 6) from port B of cell SOC.$flatten\Periferico_BCD_Binario1.$procmux$1825_CMP0 ($eq).
Removed top 1 bits (of 6) from port B of cell SOC.$flatten\Periferico_BCD_Binario1.$procmux$1824_CMP0 ($eq).
Removed top 1 bits (of 4) from port B of cell SOC.$flatten\Periferico_BCD_Binario1.$procmux$1752_CMP0 ($eq).
Removed top 8 bits (of 32) from mux cell SOC.$flatten\Periferico_BCD_Binario1.$procmux$1750 ($pmux).
Removed top 1 bits (of 5) from port A of cell SOC.$flatten\Periferico_BCD_Binario1.\u_BCDABinario.\SUB_C2_BCDB0.$add$cores/BCD_Binario/Sumador_BCD_Binario.v:36$511 ($add).
Removed top 31 bits (of 32) from port B of cell SOC.$flatten\per_uart.\uart0.$sub$cores/uart/uart.v:39$470 ($sub).
Removed top 16 bits (of 32) from port Y of cell SOC.$flatten\per_uart.\uart0.$sub$cores/uart/uart.v:39$470 ($sub).
Removed top 31 bits (of 32) from port B of cell SOC.$flatten\per_uart.\uart0.$add$cores/uart/uart.v:88$476 ($add).
Removed top 28 bits (of 32) from port Y of cell SOC.$flatten\per_uart.\uart0.$add$cores/uart/uart.v:88$476 ($add).
Removed top 31 bits (of 32) from port B of cell SOC.$flatten\per_uart.\uart0.$add$cores/uart/uart.v:91$478 ($add).
Removed top 28 bits (of 32) from port Y of cell SOC.$flatten\per_uart.\uart0.$add$cores/uart/uart.v:91$478 ($add).
Removed top 31 bits (of 32) from port B of cell SOC.$flatten\per_uart.\uart0.$add$cores/uart/uart.v:137$484 ($add).
Removed top 28 bits (of 32) from port Y of cell SOC.$flatten\per_uart.\uart0.$add$cores/uart/uart.v:137$484 ($add).
Removed top 31 bits (of 32) from port B of cell SOC.$flatten\per_uart.\uart0.$add$cores/uart/uart.v:140$487 ($add).
Removed top 28 bits (of 32) from port Y of cell SOC.$flatten\per_uart.\uart0.$add$cores/uart/uart.v:140$487 ($add).
Removed top 1 bits (of 2) from port B of cell SOC.$flatten\per_uart.$procmux$1836_CMP0 ($eq).
Removed top 22 bits (of 32) from mux cell SOC.$flatten\per_uart.$procmux$1834 ($pmux).
Removed top 5 bits (of 8) from mux cell SOC.$flatten\per_uart.$ternary$cores/uart/perip_uart.v:40$244 ($mux).
Removed top 1 bits (of 2) from mux cell SOC.$flatten\per_uart.$ternary$cores/uart/perip_uart.v:31$238 ($mux).
Removed top 16 bits (of 32) from port B of cell SOC.$flatten\Periferico_Multiplicador1.\u_TOP_Multiplicador.\ACC0.$add$cores/Multiplicador/Acumulador_Multiplicador.v:22$643 ($add).
Removed top 2 bits (of 16) from FF cell SOC.$auto$ff.cc:266:slice$2050 ($sdffe).
Removed top 5 bits (of 7) from FF cell SOC.$auto$ff.cc:266:slice$2045 ($dffe).
Removed top 27 bits (of 32) from wire SOC.$flatten\CPU.$sub$cores/cpu/femtorv32_quark.v:175$372_Y.
Removed top 31 bits (of 32) from wire SOC.$flatten\CPU.$ternary$cores/cpu/femtorv32_quark.v:145$354_Y.
Removed top 31 bits (of 32) from wire SOC.$flatten\CPU.$ternary$cores/cpu/femtorv32_quark.v:146$356_Y.
Removed top 8 bits (of 32) from wire SOC.$flatten\CPU.$ternary$cores/cpu/femtorv32_quark.v:230$404_Y.
Removed top 8 bits (of 32) from wire SOC.$flatten\CPU.$ternary$cores/cpu/femtorv32_quark.v:231$408_Y.
Removed top 2 bits (of 4) from wire SOC.$flatten\CPU.$ternary$cores/cpu/femtorv32_quark.v:286$426_Y.
Removed top 28 bits (of 32) from wire SOC.$flatten\CPU.$ternary$cores/cpu/femtorv32_quark.v:358$452_Y.
Removed top 8 bits (of 32) from wire SOC.$flatten\Periferico_BCD_Binario1.$procmux$1750_Y.
Removed top 26 bits (of 32) from wire SOC.$flatten\Periferico_BCD_Binario1.\u_BCDABinario.\CONTADOR_BCDB0.$sub$cores/BCD_Binario/Contador_BCD_Binario.v:19$503_Y.
Removed top 26 bits (of 32) from wire SOC.$flatten\Periferico_BCD_Binario1.\u_BCDABinario.\CONTROL_BCDB0.$add$cores/BCD_Binario/Control_BCD_Binario.v:48$497_Y.
Removed top 26 bits (of 32) from wire SOC.$flatten\Periferico_Binario_BCD1.\u_BinarioABCD.\CONTADOR_BBCD0.$sub$cores/Binario_BCD/Contador_Binario_BCD.v:19$567_Y.
Removed top 26 bits (of 32) from wire SOC.$flatten\Periferico_Binario_BCD1.\u_BinarioABCD.\CONTROL_BBCD0.$add$cores/Binario_BCD/Control_Binario_BCD.v:50$558_Y.
Removed top 20 bits (of 24) from wire SOC.$flatten\Periferico_Binario_BCD1.\u_BinarioABCD.\LSR_BBCD0.$0\Op_A[23:0].
Removed top 1 bits (of 4) from wire SOC.$flatten\Periferico_Binario_BCD1.\u_BinarioABCD.\LSR_BBCD0.$procmux$1094_Y.
Removed top 26 bits (of 32) from wire SOC.$flatten\Periferico_Divisor1.\u_Divisor_Top.\contador.$sub$cores/Divisor/Contador_Divisor.v:14$657_Y.
Removed top 2 bits (of 3) from wire SOC.$flatten\Periferico_Divisor1.\u_Divisor_Top.\control.$2\NEXT_STATE[2:0].
Removed top 1 bits (of 3) from wire SOC.$flatten\Periferico_Divisor1.\u_Divisor_Top.\control.$5\NEXT_STATE[2:0].
Removed top 26 bits (of 32) from wire SOC.$flatten\Periferico_Divisor1.\u_Divisor_Top.\control.$add$cores/Divisor/Control_Divisor.v:55$662_Y.
Removed top 1 bits (of 32) from wire SOC.$flatten\Periferico_Multiplicador1.\u_TOP_Multiplicador.\ACC0.$procmux$818_Y.
Removed top 2 bits (of 3) from wire SOC.$flatten\Periferico_Multiplicador1.\u_TOP_Multiplicador.\Control_Multiplicador0.$2\NEXT_STATE[2:0].
Removed top 2 bits (of 3) from wire SOC.$flatten\Periferico_Multiplicador1.\u_TOP_Multiplicador.\Control_Multiplicador0.$4\NEXT_STATE[2:0].
Removed top 26 bits (of 32) from wire SOC.$flatten\Periferico_Multiplicador1.\u_TOP_Multiplicador.\Control_Multiplicador0.$add$cores/Multiplicador/Control_Multiplicador.v:56$632_Y.
Removed top 27 bits (of 32) from wire SOC.$flatten\Periferico_Multiplicador1.\u_TOP_Multiplicador.\contador_Multiplicador0.$sub$cores/Multiplicador/Contador_Multiplicador.v:15$639_Y.
Removed top 1 bits (of 5) from wire SOC.$flatten\Periferico_raiz1.$2\s[4:0].
Removed top 2 bits (of 3) from wire SOC.$flatten\Periferico_raiz1.\u_RAIZ.\CONTROL_RAIZ0.$2\NEXT_STATE[2:0].
Removed top 1 bits (of 3) from wire SOC.$flatten\Periferico_raiz1.\u_RAIZ.\CONTROL_RAIZ0.$3\NEXT_STATE[2:0].
Removed top 26 bits (of 32) from wire SOC.$flatten\Periferico_raiz1.\u_RAIZ.\CONTROL_RAIZ0.$add$cores/raiz/CONTROL_RAIZ.v:68$627_Y.
Removed top 19 bits (of 30) from wire SOC.$flatten\RAM.$0$memwr$\MEM$cores/bram/bram.v:24$284_ADDR[29:0]$289.
Removed top 24 bits (of 32) from wire SOC.$flatten\RAM.$0$memwr$\MEM$cores/bram/bram.v:24$284_EN[31:0]$291.
Removed top 19 bits (of 30) from wire SOC.$flatten\RAM.$0$memwr$\MEM$cores/bram/bram.v:25$285_ADDR[29:0]$292.
Removed top 16 bits (of 32) from wire SOC.$flatten\RAM.$0$memwr$\MEM$cores/bram/bram.v:25$285_EN[31:0]$294.
Removed top 19 bits (of 30) from wire SOC.$flatten\RAM.$0$memwr$\MEM$cores/bram/bram.v:26$286_ADDR[29:0]$295.
Removed top 8 bits (of 32) from wire SOC.$flatten\RAM.$0$memwr$\MEM$cores/bram/bram.v:26$286_EN[31:0]$297.
Removed top 19 bits (of 30) from wire SOC.$flatten\RAM.$0$memwr$\MEM$cores/bram/bram.v:27$287_ADDR[29:0]$298.
Removed top 22 bits (of 32) from wire SOC.$flatten\per_uart.$0\d_out[31:0].
Removed top 5 bits (of 8) from wire SOC.$flatten\per_uart.$0\uart_ctrl[7:0].
Removed top 1 bits (of 2) from wire SOC.$flatten\per_uart.$ternary$cores/uart/perip_uart.v:31$238_Y.
Removed top 1 bits (of 2) from wire SOC.$flatten\per_uart.$ternary$cores/uart/perip_uart.v:32$239_Y.
Removed top 28 bits (of 32) from wire SOC.$flatten\per_uart.\uart0.$add$cores/uart/uart.v:137$484_Y.
Removed top 28 bits (of 32) from wire SOC.$flatten\per_uart.\uart0.$add$cores/uart/uart.v:140$487_Y.
Removed top 28 bits (of 32) from wire SOC.$flatten\per_uart.\uart0.$add$cores/uart/uart.v:88$476_Y.
Removed top 28 bits (of 32) from wire SOC.$flatten\per_uart.\uart0.$add$cores/uart/uart.v:91$478_Y.
Removed top 8 bits (of 32) from wire SOC.mem_addr.

42.16. Executing PEEPOPT pass (run peephole optimizers).

42.17. Executing OPT_CLEAN pass (remove unused cells and wires).
Finding unused cells or wires in module \SOC..
Removed 0 unused cells and 48 unused wires.

42.18. Executing SHARE pass (SAT-based resource sharing).

42.19. Executing TECHMAP pass (map to technology primitives).

42.19.1. Executing Verilog-2005 frontend: /home/juan-diego/miniconda3/envs/digital/bin/../share/yosys/cmp2lut.v
Parsing Verilog input from `/home/juan-diego/miniconda3/envs/digital/bin/../share/yosys/cmp2lut.v' to AST representation.
Generating RTLIL representation for module `\_90_lut_cmp_'.
Successfully finished Verilog frontend.

42.19.2. Continuing TECHMAP pass.
No more expansions possible.

42.20. Executing OPT_EXPR pass (perform const folding).
Optimizing module SOC.

42.21. Executing OPT_CLEAN pass (remove unused cells and wires).
Finding unused cells or wires in module \SOC..

42.22. Executing TECHMAP pass (map to technology primitives).

42.22.1. Executing Verilog-2005 frontend: /home/juan-diego/miniconda3/envs/digital/bin/../share/yosys/mul2dsp.v
Parsing Verilog input from `/home/juan-diego/miniconda3/envs/digital/bin/../share/yosys/mul2dsp.v' to AST representation.
Generating RTLIL representation for module `\_80_mul'.
Generating RTLIL representation for module `\_90_soft_mul'.
Successfully finished Verilog frontend.

42.22.2. Executing Verilog-2005 frontend: /home/juan-diego/miniconda3/envs/digital/bin/../share/yosys/ecp5/dsp_map.v
Parsing Verilog input from `/home/juan-diego/miniconda3/envs/digital/bin/../share/yosys/ecp5/dsp_map.v' to AST representation.
Generating RTLIL representation for module `\$__MUL18X18'.
Successfully finished Verilog frontend.

42.22.3. Continuing TECHMAP pass.
No more expansions possible.

42.23. Executing ALUMACC pass (create $alu and $macc cells).
Extracting $alu and $macc cells in module SOC:
  creating $macc model for $flatten\CPU.$add$cores/cpu/femtorv32_quark.v:128$344 ($add).
  creating $macc model for $flatten\CPU.$add$cores/cpu/femtorv32_quark.v:132$346 ($add).
  creating $macc model for $flatten\CPU.$add$cores/cpu/femtorv32_quark.v:132$347 ($add).
  creating $macc model for $flatten\CPU.$add$cores/cpu/femtorv32_quark.v:201$390 ($add).
  creating $macc model for $flatten\CPU.$add$cores/cpu/femtorv32_quark.v:206$393 ($add).
  creating $macc model for $flatten\CPU.$add$cores/cpu/femtorv32_quark.v:212$395 ($add).
  creating $macc model for $flatten\CPU.$add$cores/cpu/femtorv32_quark.v:381$459 ($add).
  creating $macc model for $flatten\CPU.$sub$cores/cpu/femtorv32_quark.v:175$372 ($sub).
  creating $macc model for $flatten\Periferico_BCD_Binario1.\u_BCDABinario.\CONTADOR_BCDB0.$sub$cores/BCD_Binario/Contador_BCD_Binario.v:19$503 ($sub).
  creating $macc model for $flatten\Periferico_BCD_Binario1.\u_BCDABinario.\CONTROL_BCDB0.$add$cores/BCD_Binario/Control_BCD_Binario.v:48$497 ($add).
  creating $macc model for $flatten\Periferico_BCD_Binario1.\u_BCDABinario.\RSR_BCDB0.$add$cores/BCD_Binario/RSR_BCD_Binario.v:47$507 ($add).
  creating $macc model for $flatten\Periferico_BCD_Binario1.\u_BCDABinario.\SUB_C2_BCDB0.$add$cores/BCD_Binario/Sumador_BCD_Binario.v:36$511 ($add).
  creating $macc model for $flatten\Periferico_BCD_Binario1.\u_BCDABinario.\SUB_C2_BCDB0.$add$cores/BCD_Binario/Sumador_BCD_Binario.v:37$512 ($add).
  creating $macc model for $flatten\Periferico_BCD_Binario1.\u_BCDABinario.\SUB_C2_BCDB0.$add$cores/BCD_Binario/Sumador_BCD_Binario.v:38$513 ($add).
  creating $macc model for $flatten\Periferico_BCD_Binario1.\u_BCDABinario.\SUB_C2_BCDB0.$add$cores/BCD_Binario/Sumador_BCD_Binario.v:39$514 ($add).
  creating $macc model for $flatten\Periferico_BCD_Binario1.\u_BCDABinario.\SUB_C2_BCDB0.$add$cores/BCD_Binario/Sumador_BCD_Binario.v:40$515 ($add).
  creating $macc model for $flatten\Periferico_BCD_Binario1.\u_BCDABinario.\SUB_C2_BCDB0.$add$cores/BCD_Binario/Sumador_BCD_Binario.v:41$516 ($add).
  creating $macc model for $flatten\Periferico_BCD_Binario1.\u_BCDABinario.\SUB_C2_BCDB0.$add$cores/BCD_Binario/Sumador_BCD_Binario.v:42$517 ($add).
  creating $macc model for $flatten\Periferico_BCD_Binario1.\u_BCDABinario.\SUB_C2_BCDB0.$sub$cores/BCD_Binario/Sumador_BCD_Binario.v:55$520 ($sub).
  creating $macc model for $flatten\Periferico_BCD_Binario1.\u_BCDABinario.\SUB_C2_BCDB0.$sub$cores/BCD_Binario/Sumador_BCD_Binario.v:56$523 ($sub).
  creating $macc model for $flatten\Periferico_BCD_Binario1.\u_BCDABinario.\SUB_C2_BCDB0.$sub$cores/BCD_Binario/Sumador_BCD_Binario.v:57$526 ($sub).
  creating $macc model for $flatten\Periferico_BCD_Binario1.\u_BCDABinario.\SUB_C2_BCDB0.$sub$cores/BCD_Binario/Sumador_BCD_Binario.v:58$529 ($sub).
  creating $macc model for $flatten\Periferico_BCD_Binario1.\u_BCDABinario.\SUB_C2_BCDB0.$sub$cores/BCD_Binario/Sumador_BCD_Binario.v:59$532 ($sub).
  creating $macc model for $flatten\Periferico_BCD_Binario1.\u_BCDABinario.\SUB_C2_BCDB0.$sub$cores/BCD_Binario/Sumador_BCD_Binario.v:60$535 ($sub).
  creating $macc model for $flatten\Periferico_BCD_Binario1.\u_BCDABinario.\SUB_C2_BCDB0.$sub$cores/BCD_Binario/Sumador_BCD_Binario.v:61$538 ($sub).
  creating $macc model for $flatten\Periferico_Binario_BCD1.\u_BinarioABCD.\CONTADOR_BBCD0.$sub$cores/Binario_BCD/Contador_Binario_BCD.v:19$567 ($sub).
  creating $macc model for $flatten\Periferico_Binario_BCD1.\u_BinarioABCD.\CONTROL_BBCD0.$add$cores/Binario_BCD/Control_Binario_BCD.v:50$558 ($add).
  creating $macc model for $flatten\Periferico_Binario_BCD1.\u_BinarioABCD.\LSR_BBCD0.$add$cores/Binario_BCD/LSR_Binario_BCD.v:50$563 ($add).
  creating $macc model for $flatten\Periferico_Binario_BCD1.\u_BinarioABCD.\SUM_C2_BBCD0.$add$cores/Binario_BCD/Sumador_Binario_BCD.v:35$570 ($add).
  creating $macc model for $flatten\Periferico_Binario_BCD1.\u_BinarioABCD.\SUM_C2_BBCD0.$add$cores/Binario_BCD/Sumador_Binario_BCD.v:36$571 ($add).
  creating $macc model for $flatten\Periferico_Binario_BCD1.\u_BinarioABCD.\SUM_C2_BBCD0.$add$cores/Binario_BCD/Sumador_Binario_BCD.v:37$572 ($add).
  creating $macc model for $flatten\Periferico_Binario_BCD1.\u_BinarioABCD.\SUM_C2_BBCD0.$add$cores/Binario_BCD/Sumador_Binario_BCD.v:38$573 ($add).
  creating $macc model for $flatten\Periferico_Binario_BCD1.\u_BinarioABCD.\SUM_C2_BBCD0.$add$cores/Binario_BCD/Sumador_Binario_BCD.v:39$574 ($add).
  creating $macc model for $flatten\Periferico_Binario_BCD1.\u_BinarioABCD.\SUM_C2_BBCD0.$add$cores/Binario_BCD/Sumador_Binario_BCD.v:40$575 ($add).
  creating $macc model for $flatten\Periferico_Binario_BCD1.\u_BinarioABCD.\SUM_C2_BBCD0.$add$cores/Binario_BCD/Sumador_Binario_BCD.v:41$576 ($add).
  creating $macc model for $flatten\Periferico_Binario_BCD1.\u_BinarioABCD.\SUM_C2_BBCD0.$add$cores/Binario_BCD/Sumador_Binario_BCD.v:54$579 ($add).
  creating $macc model for $flatten\Periferico_Binario_BCD1.\u_BinarioABCD.\SUM_C2_BBCD0.$add$cores/Binario_BCD/Sumador_Binario_BCD.v:55$582 ($add).
  creating $macc model for $flatten\Periferico_Binario_BCD1.\u_BinarioABCD.\SUM_C2_BBCD0.$add$cores/Binario_BCD/Sumador_Binario_BCD.v:56$585 ($add).
  creating $macc model for $flatten\Periferico_Binario_BCD1.\u_BinarioABCD.\SUM_C2_BBCD0.$add$cores/Binario_BCD/Sumador_Binario_BCD.v:57$588 ($add).
  creating $macc model for $flatten\Periferico_Binario_BCD1.\u_BinarioABCD.\SUM_C2_BBCD0.$add$cores/Binario_BCD/Sumador_Binario_BCD.v:58$591 ($add).
  creating $macc model for $flatten\Periferico_Binario_BCD1.\u_BinarioABCD.\SUM_C2_BBCD0.$add$cores/Binario_BCD/Sumador_Binario_BCD.v:59$594 ($add).
  creating $macc model for $flatten\Periferico_Binario_BCD1.\u_BinarioABCD.\SUM_C2_BBCD0.$add$cores/Binario_BCD/Sumador_Binario_BCD.v:60$597 ($add).
  creating $macc model for $flatten\Periferico_Divisor1.\u_Divisor_Top.$add$cores/Divisor/Top_Divisor.v:33$463 ($add).
  creating $macc model for $flatten\Periferico_Divisor1.\u_Divisor_Top.$add$cores/Divisor/Top_Divisor.v:36$466 ($add).
  creating $macc model for $flatten\Periferico_Divisor1.\u_Divisor_Top.\contador.$sub$cores/Divisor/Contador_Divisor.v:14$657 ($sub).
  creating $macc model for $flatten\Periferico_Divisor1.\u_Divisor_Top.\control.$add$cores/Divisor/Control_Divisor.v:55$662 ($add).
  creating $macc model for $flatten\Periferico_Divisor1.\u_Divisor_Top.\corrector.$add$cores/Divisor/Corregir_Divisor.v:13$648 ($add).
  creating $macc model for $flatten\Periferico_Divisor1.\u_Divisor_Top.\corrector.$add$cores/Divisor/Corregir_Divisor.v:14$651 ($add).
  creating $macc model for $flatten\Periferico_Divisor1.\u_Divisor_Top.\sumador.$sub$cores/Divisor/Sumador_Divisor.v:13$653 ($sub).
  creating $macc model for $flatten\Periferico_Multiplicador1.\u_TOP_Multiplicador.\ACC0.$add$cores/Multiplicador/Acumulador_Multiplicador.v:22$643 ($add).
  creating $macc model for $flatten\Periferico_Multiplicador1.\u_TOP_Multiplicador.\Control_Multiplicador0.$add$cores/Multiplicador/Control_Multiplicador.v:56$632 ($add).
  creating $macc model for $flatten\Periferico_Multiplicador1.\u_TOP_Multiplicador.\contador_Multiplicador0.$sub$cores/Multiplicador/Contador_Multiplicador.v:15$639 ($sub).
  creating $macc model for $flatten\Periferico_raiz1.\u_RAIZ.\CONTROL_RAIZ0.$add$cores/raiz/CONTROL_RAIZ.v:68$627 ($add).
  creating $macc model for $flatten\Periferico_raiz1.\u_RAIZ.\COUNT_RAIZ0.$sub$cores/raiz/COUNT_RAIZ.v:16$622 ($sub).
  creating $macc model for $flatten\Periferico_raiz1.\u_RAIZ.\SUM_C20_RAIZ.$add$cores/raiz/SUM_C2_RAIZ.v:12$612 ($add).
  creating $macc model for $flatten\Periferico_raiz1.\u_RAIZ.\SUM_C20_RAIZ.$sub$cores/raiz/SUM_C2_RAIZ.v:15$613 ($sub).
  creating $macc model for $flatten\per_uart.\uart0.$add$cores/uart/uart.v:137$484 ($add).
  creating $macc model for $flatten\per_uart.\uart0.$add$cores/uart/uart.v:140$487 ($add).
  creating $macc model for $flatten\per_uart.\uart0.$add$cores/uart/uart.v:88$476 ($add).
  creating $macc model for $flatten\per_uart.\uart0.$add$cores/uart/uart.v:91$478 ($add).
  creating $macc model for $flatten\per_uart.\uart0.$sub$cores/uart/uart.v:39$470 ($sub).
  merging $macc model for $flatten\Periferico_raiz1.\u_RAIZ.\SUM_C20_RAIZ.$add$cores/raiz/SUM_C2_RAIZ.v:12$612 into $flatten\Periferico_raiz1.\u_RAIZ.\SUM_C20_RAIZ.$sub$cores/raiz/SUM_C2_RAIZ.v:15$613.
  merging $macc model for $flatten\CPU.$add$cores/cpu/femtorv32_quark.v:132$346 into $flatten\CPU.$add$cores/cpu/femtorv32_quark.v:132$347.
  creating $alu model for $macc $flatten\per_uart.\uart0.$add$cores/uart/uart.v:88$476.
  creating $alu model for $macc $flatten\per_uart.\uart0.$add$cores/uart/uart.v:140$487.
  creating $alu model for $macc $flatten\per_uart.\uart0.$add$cores/uart/uart.v:137$484.
  creating $alu model for $macc $flatten\per_uart.\uart0.$add$cores/uart/uart.v:91$478.
  creating $alu model for $macc $flatten\Periferico_raiz1.\u_RAIZ.\COUNT_RAIZ0.$sub$cores/raiz/COUNT_RAIZ.v:16$622.
  creating $alu model for $macc $flatten\Periferico_raiz1.\u_RAIZ.\CONTROL_RAIZ0.$add$cores/raiz/CONTROL_RAIZ.v:68$627.
  creating $alu model for $macc $flatten\Periferico_Multiplicador1.\u_TOP_Multiplicador.\contador_Multiplicador0.$sub$cores/Multiplicador/Contador_Multiplicador.v:15$639.
  creating $alu model for $macc $flatten\Periferico_Multiplicador1.\u_TOP_Multiplicador.\Control_Multiplicador0.$add$cores/Multiplicador/Control_Multiplicador.v:56$632.
  creating $alu model for $macc $flatten\Periferico_Multiplicador1.\u_TOP_Multiplicador.\ACC0.$add$cores/Multiplicador/Acumulador_Multiplicador.v:22$643.
  creating $alu model for $macc $flatten\Periferico_Divisor1.\u_Divisor_Top.\sumador.$sub$cores/Divisor/Sumador_Divisor.v:13$653.
  creating $alu model for $macc $flatten\Periferico_Divisor1.\u_Divisor_Top.\corrector.$add$cores/Divisor/Corregir_Divisor.v:14$651.
  creating $alu model for $macc $flatten\Periferico_Divisor1.\u_Divisor_Top.\corrector.$add$cores/Divisor/Corregir_Divisor.v:13$648.
  creating $alu model for $macc $flatten\Periferico_Divisor1.\u_Divisor_Top.\control.$add$cores/Divisor/Control_Divisor.v:55$662.
  creating $alu model for $macc $flatten\Periferico_Divisor1.\u_Divisor_Top.\contador.$sub$cores/Divisor/Contador_Divisor.v:14$657.
  creating $alu model for $macc $flatten\Periferico_Divisor1.\u_Divisor_Top.$add$cores/Divisor/Top_Divisor.v:36$466.
  creating $alu model for $macc $flatten\Periferico_Divisor1.\u_Divisor_Top.$add$cores/Divisor/Top_Divisor.v:33$463.
  creating $alu model for $macc $flatten\Periferico_Binario_BCD1.\u_BinarioABCD.\SUM_C2_BBCD0.$add$cores/Binario_BCD/Sumador_Binario_BCD.v:60$597.
  creating $alu model for $macc $flatten\Periferico_Binario_BCD1.\u_BinarioABCD.\SUM_C2_BBCD0.$add$cores/Binario_BCD/Sumador_Binario_BCD.v:59$594.
  creating $alu model for $macc $flatten\Periferico_Binario_BCD1.\u_BinarioABCD.\SUM_C2_BBCD0.$add$cores/Binario_BCD/Sumador_Binario_BCD.v:58$591.
  creating $alu model for $macc $flatten\Periferico_Binario_BCD1.\u_BinarioABCD.\SUM_C2_BBCD0.$add$cores/Binario_BCD/Sumador_Binario_BCD.v:57$588.
  creating $alu model for $macc $flatten\Periferico_Binario_BCD1.\u_BinarioABCD.\SUM_C2_BBCD0.$add$cores/Binario_BCD/Sumador_Binario_BCD.v:56$585.
  creating $alu model for $macc $flatten\Periferico_Binario_BCD1.\u_BinarioABCD.\SUM_C2_BBCD0.$add$cores/Binario_BCD/Sumador_Binario_BCD.v:55$582.
  creating $alu model for $macc $flatten\Periferico_Binario_BCD1.\u_BinarioABCD.\SUM_C2_BBCD0.$add$cores/Binario_BCD/Sumador_Binario_BCD.v:54$579.
  creating $alu model for $macc $flatten\Periferico_Binario_BCD1.\u_BinarioABCD.\SUM_C2_BBCD0.$add$cores/Binario_BCD/Sumador_Binario_BCD.v:41$576.
  creating $alu model for $macc $flatten\Periferico_Binario_BCD1.\u_BinarioABCD.\SUM_C2_BBCD0.$add$cores/Binario_BCD/Sumador_Binario_BCD.v:40$575.
  creating $alu model for $macc $flatten\Periferico_Binario_BCD1.\u_BinarioABCD.\SUM_C2_BBCD0.$add$cores/Binario_BCD/Sumador_Binario_BCD.v:39$574.
  creating $alu model for $macc $flatten\Periferico_Binario_BCD1.\u_BinarioABCD.\SUM_C2_BBCD0.$add$cores/Binario_BCD/Sumador_Binario_BCD.v:38$573.
  creating $alu model for $macc $flatten\Periferico_Binario_BCD1.\u_BinarioABCD.\SUM_C2_BBCD0.$add$cores/Binario_BCD/Sumador_Binario_BCD.v:37$572.
  creating $alu model for $macc $flatten\Periferico_Binario_BCD1.\u_BinarioABCD.\SUM_C2_BBCD0.$add$cores/Binario_BCD/Sumador_Binario_BCD.v:36$571.
  creating $alu model for $macc $flatten\Periferico_Binario_BCD1.\u_BinarioABCD.\SUM_C2_BBCD0.$add$cores/Binario_BCD/Sumador_Binario_BCD.v:35$570.
  creating $alu model for $macc $flatten\Periferico_Binario_BCD1.\u_BinarioABCD.\LSR_BBCD0.$add$cores/Binario_BCD/LSR_Binario_BCD.v:50$563.
  creating $alu model for $macc $flatten\Periferico_Binario_BCD1.\u_BinarioABCD.\CONTROL_BBCD0.$add$cores/Binario_BCD/Control_Binario_BCD.v:50$558.
  creating $alu model for $macc $flatten\Periferico_Binario_BCD1.\u_BinarioABCD.\CONTADOR_BBCD0.$sub$cores/Binario_BCD/Contador_Binario_BCD.v:19$567.
  creating $alu model for $macc $flatten\Periferico_BCD_Binario1.\u_BCDABinario.\SUB_C2_BCDB0.$sub$cores/BCD_Binario/Sumador_BCD_Binario.v:61$538.
  creating $alu model for $macc $flatten\Periferico_BCD_Binario1.\u_BCDABinario.\SUB_C2_BCDB0.$sub$cores/BCD_Binario/Sumador_BCD_Binario.v:60$535.
  creating $alu model for $macc $flatten\Periferico_BCD_Binario1.\u_BCDABinario.\SUB_C2_BCDB0.$sub$cores/BCD_Binario/Sumador_BCD_Binario.v:59$532.
  creating $alu model for $macc $flatten\Periferico_BCD_Binario1.\u_BCDABinario.\SUB_C2_BCDB0.$sub$cores/BCD_Binario/Sumador_BCD_Binario.v:58$529.
  creating $alu model for $macc $flatten\Periferico_BCD_Binario1.\u_BCDABinario.\SUB_C2_BCDB0.$sub$cores/BCD_Binario/Sumador_BCD_Binario.v:57$526.
  creating $alu model for $macc $flatten\Periferico_BCD_Binario1.\u_BCDABinario.\SUB_C2_BCDB0.$sub$cores/BCD_Binario/Sumador_BCD_Binario.v:56$523.
  creating $alu model for $macc $flatten\Periferico_BCD_Binario1.\u_BCDABinario.\SUB_C2_BCDB0.$sub$cores/BCD_Binario/Sumador_BCD_Binario.v:55$520.
  creating $alu model for $macc $flatten\Periferico_BCD_Binario1.\u_BCDABinario.\SUB_C2_BCDB0.$add$cores/BCD_Binario/Sumador_BCD_Binario.v:42$517.
  creating $alu model for $macc $flatten\Periferico_BCD_Binario1.\u_BCDABinario.\SUB_C2_BCDB0.$add$cores/BCD_Binario/Sumador_BCD_Binario.v:41$516.
  creating $alu model for $macc $flatten\Periferico_BCD_Binario1.\u_BCDABinario.\SUB_C2_BCDB0.$add$cores/BCD_Binario/Sumador_BCD_Binario.v:40$515.
  creating $alu model for $macc $flatten\Periferico_BCD_Binario1.\u_BCDABinario.\SUB_C2_BCDB0.$add$cores/BCD_Binario/Sumador_BCD_Binario.v:39$514.
  creating $alu model for $macc $flatten\Periferico_BCD_Binario1.\u_BCDABinario.\SUB_C2_BCDB0.$add$cores/BCD_Binario/Sumador_BCD_Binario.v:38$513.
  creating $alu model for $macc $flatten\Periferico_BCD_Binario1.\u_BCDABinario.\SUB_C2_BCDB0.$add$cores/BCD_Binario/Sumador_BCD_Binario.v:37$512.
  creating $alu model for $macc $flatten\Periferico_BCD_Binario1.\u_BCDABinario.\SUB_C2_BCDB0.$add$cores/BCD_Binario/Sumador_BCD_Binario.v:36$511.
  creating $alu model for $macc $flatten\Periferico_BCD_Binario1.\u_BCDABinario.\RSR_BCDB0.$add$cores/BCD_Binario/RSR_BCD_Binario.v:47$507.
  creating $alu model for $macc $flatten\Periferico_BCD_Binario1.\u_BCDABinario.\CONTROL_BCDB0.$add$cores/BCD_Binario/Control_BCD_Binario.v:48$497.
  creating $alu model for $macc $flatten\Periferico_BCD_Binario1.\u_BCDABinario.\CONTADOR_BCDB0.$sub$cores/BCD_Binario/Contador_BCD_Binario.v:19$503.
  creating $alu model for $macc $flatten\CPU.$sub$cores/cpu/femtorv32_quark.v:175$372.
  creating $alu model for $macc $flatten\CPU.$add$cores/cpu/femtorv32_quark.v:381$459.
  creating $alu model for $macc $flatten\CPU.$add$cores/cpu/femtorv32_quark.v:212$395.
  creating $alu model for $macc $flatten\CPU.$add$cores/cpu/femtorv32_quark.v:206$393.
  creating $alu model for $macc $flatten\CPU.$add$cores/cpu/femtorv32_quark.v:201$390.
  creating $alu model for $macc $flatten\CPU.$add$cores/cpu/femtorv32_quark.v:132$347.
  creating $alu model for $macc $flatten\per_uart.\uart0.$sub$cores/uart/uart.v:39$470.
  creating $alu model for $macc $flatten\CPU.$add$cores/cpu/femtorv32_quark.v:128$344.
  creating $macc cell for $flatten\Periferico_raiz1.\u_RAIZ.\SUM_C20_RAIZ.$sub$cores/raiz/SUM_C2_RAIZ.v:15$613: $auto$alumacc.cc:365:replace_macc$2334
  creating $alu model for $flatten\Periferico_BCD_Binario1.\u_BCDABinario.\CONTROL_BCDB0.$gt$cores/BCD_Binario/Control_BCD_Binario.v:49$498 ($gt): new $alu
  creating $alu model for $flatten\Periferico_Binario_BCD1.\u_BinarioABCD.\CONTROL_BBCD0.$gt$cores/Binario_BCD/Control_Binario_BCD.v:51$559 ($gt): new $alu
  creating $alu model for $flatten\Periferico_Divisor1.\u_Divisor_Top.\control.$gt$cores/Divisor/Control_Divisor.v:56$663 ($gt): new $alu
  creating $alu model for $flatten\Periferico_Multiplicador1.\u_TOP_Multiplicador.\Control_Multiplicador0.$gt$cores/Multiplicador/Control_Multiplicador.v:57$633 ($gt): new $alu
  creating $alu model for $flatten\Periferico_raiz1.\u_RAIZ.\CONTROL_RAIZ0.$gt$cores/raiz/CONTROL_RAIZ.v:69$628 ($gt): new $alu
  creating $alu model for $flatten\Periferico_raiz1.\u_RAIZ.\COUNT_RAIZ0.$gt$cores/raiz/COUNT_RAIZ.v:15$621 ($gt): new $alu
  creating $alu cell for $flatten\Periferico_raiz1.\u_RAIZ.\COUNT_RAIZ0.$gt$cores/raiz/COUNT_RAIZ.v:15$621: $auto$alumacc.cc:485:replace_alu$2341
  creating $alu cell for $flatten\Periferico_raiz1.\u_RAIZ.\CONTROL_RAIZ0.$gt$cores/raiz/CONTROL_RAIZ.v:69$628: $auto$alumacc.cc:485:replace_alu$2346
  creating $alu cell for $flatten\Periferico_Multiplicador1.\u_TOP_Multiplicador.\Control_Multiplicador0.$gt$cores/Multiplicador/Control_Multiplicador.v:57$633: $auto$alumacc.cc:485:replace_alu$2351
  creating $alu cell for $flatten\Periferico_Divisor1.\u_Divisor_Top.\control.$gt$cores/Divisor/Control_Divisor.v:56$663: $auto$alumacc.cc:485:replace_alu$2356
  creating $alu cell for $flatten\Periferico_Binario_BCD1.\u_BinarioABCD.\CONTROL_BBCD0.$gt$cores/Binario_BCD/Control_Binario_BCD.v:51$559: $auto$alumacc.cc:485:replace_alu$2361
  creating $alu cell for $flatten\Periferico_BCD_Binario1.\u_BCDABinario.\CONTROL_BCDB0.$gt$cores/BCD_Binario/Control_BCD_Binario.v:49$498: $auto$alumacc.cc:485:replace_alu$2366
  creating $alu cell for $flatten\CPU.$add$cores/cpu/femtorv32_quark.v:128$344: $auto$alumacc.cc:485:replace_alu$2371
  creating $alu cell for $flatten\per_uart.\uart0.$sub$cores/uart/uart.v:39$470: $auto$alumacc.cc:485:replace_alu$2374
  creating $alu cell for $flatten\CPU.$add$cores/cpu/femtorv32_quark.v:132$347: $auto$alumacc.cc:485:replace_alu$2377
  creating $alu cell for $flatten\CPU.$add$cores/cpu/femtorv32_quark.v:201$390: $auto$alumacc.cc:485:replace_alu$2380
  creating $alu cell for $flatten\CPU.$add$cores/cpu/femtorv32_quark.v:206$393: $auto$alumacc.cc:485:replace_alu$2383
  creating $alu cell for $flatten\CPU.$add$cores/cpu/femtorv32_quark.v:212$395: $auto$alumacc.cc:485:replace_alu$2386
  creating $alu cell for $flatten\CPU.$add$cores/cpu/femtorv32_quark.v:381$459: $auto$alumacc.cc:485:replace_alu$2389
  creating $alu cell for $flatten\CPU.$sub$cores/cpu/femtorv32_quark.v:175$372: $auto$alumacc.cc:485:replace_alu$2392
  creating $alu cell for $flatten\Periferico_BCD_Binario1.\u_BCDABinario.\CONTADOR_BCDB0.$sub$cores/BCD_Binario/Contador_BCD_Binario.v:19$503: $auto$alumacc.cc:485:replace_alu$2395
  creating $alu cell for $flatten\Periferico_BCD_Binario1.\u_BCDABinario.\CONTROL_BCDB0.$add$cores/BCD_Binario/Control_BCD_Binario.v:48$497: $auto$alumacc.cc:485:replace_alu$2398
  creating $alu cell for $flatten\Periferico_BCD_Binario1.\u_BCDABinario.\RSR_BCDB0.$add$cores/BCD_Binario/RSR_BCD_Binario.v:47$507: $auto$alumacc.cc:485:replace_alu$2401
  creating $alu cell for $flatten\Periferico_BCD_Binario1.\u_BCDABinario.\SUB_C2_BCDB0.$add$cores/BCD_Binario/Sumador_BCD_Binario.v:36$511: $auto$alumacc.cc:485:replace_alu$2404
  creating $alu cell for $flatten\Periferico_BCD_Binario1.\u_BCDABinario.\SUB_C2_BCDB0.$add$cores/BCD_Binario/Sumador_BCD_Binario.v:37$512: $auto$alumacc.cc:485:replace_alu$2407
  creating $alu cell for $flatten\Periferico_BCD_Binario1.\u_BCDABinario.\SUB_C2_BCDB0.$add$cores/BCD_Binario/Sumador_BCD_Binario.v:38$513: $auto$alumacc.cc:485:replace_alu$2410
  creating $alu cell for $flatten\Periferico_BCD_Binario1.\u_BCDABinario.\SUB_C2_BCDB0.$add$cores/BCD_Binario/Sumador_BCD_Binario.v:39$514: $auto$alumacc.cc:485:replace_alu$2413
  creating $alu cell for $flatten\Periferico_BCD_Binario1.\u_BCDABinario.\SUB_C2_BCDB0.$add$cores/BCD_Binario/Sumador_BCD_Binario.v:40$515: $auto$alumacc.cc:485:replace_alu$2416
  creating $alu cell for $flatten\Periferico_BCD_Binario1.\u_BCDABinario.\SUB_C2_BCDB0.$add$cores/BCD_Binario/Sumador_BCD_Binario.v:41$516: $auto$alumacc.cc:485:replace_alu$2419
  creating $alu cell for $flatten\Periferico_BCD_Binario1.\u_BCDABinario.\SUB_C2_BCDB0.$add$cores/BCD_Binario/Sumador_BCD_Binario.v:42$517: $auto$alumacc.cc:485:replace_alu$2422
  creating $alu cell for $flatten\Periferico_BCD_Binario1.\u_BCDABinario.\SUB_C2_BCDB0.$sub$cores/BCD_Binario/Sumador_BCD_Binario.v:55$520: $auto$alumacc.cc:485:replace_alu$2425
  creating $alu cell for $flatten\Periferico_BCD_Binario1.\u_BCDABinario.\SUB_C2_BCDB0.$sub$cores/BCD_Binario/Sumador_BCD_Binario.v:56$523: $auto$alumacc.cc:485:replace_alu$2428
  creating $alu cell for $flatten\Periferico_BCD_Binario1.\u_BCDABinario.\SUB_C2_BCDB0.$sub$cores/BCD_Binario/Sumador_BCD_Binario.v:57$526: $auto$alumacc.cc:485:replace_alu$2431
  creating $alu cell for $flatten\Periferico_BCD_Binario1.\u_BCDABinario.\SUB_C2_BCDB0.$sub$cores/BCD_Binario/Sumador_BCD_Binario.v:58$529: $auto$alumacc.cc:485:replace_alu$2434
  creating $alu cell for $flatten\Periferico_BCD_Binario1.\u_BCDABinario.\SUB_C2_BCDB0.$sub$cores/BCD_Binario/Sumador_BCD_Binario.v:59$532: $auto$alumacc.cc:485:replace_alu$2437
  creating $alu cell for $flatten\Periferico_BCD_Binario1.\u_BCDABinario.\SUB_C2_BCDB0.$sub$cores/BCD_Binario/Sumador_BCD_Binario.v:60$535: $auto$alumacc.cc:485:replace_alu$2440
  creating $alu cell for $flatten\Periferico_BCD_Binario1.\u_BCDABinario.\SUB_C2_BCDB0.$sub$cores/BCD_Binario/Sumador_BCD_Binario.v:61$538: $auto$alumacc.cc:485:replace_alu$2443
  creating $alu cell for $flatten\Periferico_Binario_BCD1.\u_BinarioABCD.\CONTADOR_BBCD0.$sub$cores/Binario_BCD/Contador_Binario_BCD.v:19$567: $auto$alumacc.cc:485:replace_alu$2446
  creating $alu cell for $flatten\Periferico_Binario_BCD1.\u_BinarioABCD.\CONTROL_BBCD0.$add$cores/Binario_BCD/Control_Binario_BCD.v:50$558: $auto$alumacc.cc:485:replace_alu$2449
  creating $alu cell for $flatten\Periferico_Binario_BCD1.\u_BinarioABCD.\LSR_BBCD0.$add$cores/Binario_BCD/LSR_Binario_BCD.v:50$563: $auto$alumacc.cc:485:replace_alu$2452
  creating $alu cell for $flatten\Periferico_Binario_BCD1.\u_BinarioABCD.\SUM_C2_BBCD0.$add$cores/Binario_BCD/Sumador_Binario_BCD.v:35$570: $auto$alumacc.cc:485:replace_alu$2455
  creating $alu cell for $flatten\Periferico_Binario_BCD1.\u_BinarioABCD.\SUM_C2_BBCD0.$add$cores/Binario_BCD/Sumador_Binario_BCD.v:36$571: $auto$alumacc.cc:485:replace_alu$2458
  creating $alu cell for $flatten\Periferico_Binario_BCD1.\u_BinarioABCD.\SUM_C2_BBCD0.$add$cores/Binario_BCD/Sumador_Binario_BCD.v:37$572: $auto$alumacc.cc:485:replace_alu$2461
  creating $alu cell for $flatten\Periferico_Binario_BCD1.\u_BinarioABCD.\SUM_C2_BBCD0.$add$cores/Binario_BCD/Sumador_Binario_BCD.v:38$573: $auto$alumacc.cc:485:replace_alu$2464
  creating $alu cell for $flatten\Periferico_Binario_BCD1.\u_BinarioABCD.\SUM_C2_BBCD0.$add$cores/Binario_BCD/Sumador_Binario_BCD.v:39$574: $auto$alumacc.cc:485:replace_alu$2467
  creating $alu cell for $flatten\Periferico_Binario_BCD1.\u_BinarioABCD.\SUM_C2_BBCD0.$add$cores/Binario_BCD/Sumador_Binario_BCD.v:40$575: $auto$alumacc.cc:485:replace_alu$2470
  creating $alu cell for $flatten\Periferico_Binario_BCD1.\u_BinarioABCD.\SUM_C2_BBCD0.$add$cores/Binario_BCD/Sumador_Binario_BCD.v:41$576: $auto$alumacc.cc:485:replace_alu$2473
  creating $alu cell for $flatten\Periferico_Binario_BCD1.\u_BinarioABCD.\SUM_C2_BBCD0.$add$cores/Binario_BCD/Sumador_Binario_BCD.v:54$579: $auto$alumacc.cc:485:replace_alu$2476
  creating $alu cell for $flatten\Periferico_Binario_BCD1.\u_BinarioABCD.\SUM_C2_BBCD0.$add$cores/Binario_BCD/Sumador_Binario_BCD.v:55$582: $auto$alumacc.cc:485:replace_alu$2479
  creating $alu cell for $flatten\Periferico_Binario_BCD1.\u_BinarioABCD.\SUM_C2_BBCD0.$add$cores/Binario_BCD/Sumador_Binario_BCD.v:56$585: $auto$alumacc.cc:485:replace_alu$2482
  creating $alu cell for $flatten\Periferico_Binario_BCD1.\u_BinarioABCD.\SUM_C2_BBCD0.$add$cores/Binario_BCD/Sumador_Binario_BCD.v:57$588: $auto$alumacc.cc:485:replace_alu$2485
  creating $alu cell for $flatten\Periferico_Binario_BCD1.\u_BinarioABCD.\SUM_C2_BBCD0.$add$cores/Binario_BCD/Sumador_Binario_BCD.v:58$591: $auto$alumacc.cc:485:replace_alu$2488
  creating $alu cell for $flatten\Periferico_Binario_BCD1.\u_BinarioABCD.\SUM_C2_BBCD0.$add$cores/Binario_BCD/Sumador_Binario_BCD.v:59$594: $auto$alumacc.cc:485:replace_alu$2491
  creating $alu cell for $flatten\Periferico_Binario_BCD1.\u_BinarioABCD.\SUM_C2_BBCD0.$add$cores/Binario_BCD/Sumador_Binario_BCD.v:60$597: $auto$alumacc.cc:485:replace_alu$2494
  creating $alu cell for $flatten\Periferico_Divisor1.\u_Divisor_Top.$add$cores/Divisor/Top_Divisor.v:33$463: $auto$alumacc.cc:485:replace_alu$2497
  creating $alu cell for $flatten\Periferico_Divisor1.\u_Divisor_Top.$add$cores/Divisor/Top_Divisor.v:36$466: $auto$alumacc.cc:485:replace_alu$2500
  creating $alu cell for $flatten\Periferico_Divisor1.\u_Divisor_Top.\contador.$sub$cores/Divisor/Contador_Divisor.v:14$657: $auto$alumacc.cc:485:replace_alu$2503
  creating $alu cell for $flatten\Periferico_Divisor1.\u_Divisor_Top.\control.$add$cores/Divisor/Control_Divisor.v:55$662: $auto$alumacc.cc:485:replace_alu$2506
  creating $alu cell for $flatten\Periferico_Divisor1.\u_Divisor_Top.\corrector.$add$cores/Divisor/Corregir_Divisor.v:13$648: $auto$alumacc.cc:485:replace_alu$2509
  creating $alu cell for $flatten\Periferico_Divisor1.\u_Divisor_Top.\corrector.$add$cores/Divisor/Corregir_Divisor.v:14$651: $auto$alumacc.cc:485:replace_alu$2512
  creating $alu cell for $flatten\Periferico_Divisor1.\u_Divisor_Top.\sumador.$sub$cores/Divisor/Sumador_Divisor.v:13$653: $auto$alumacc.cc:485:replace_alu$2515
  creating $alu cell for $flatten\Periferico_Multiplicador1.\u_TOP_Multiplicador.\ACC0.$add$cores/Multiplicador/Acumulador_Multiplicador.v:22$643: $auto$alumacc.cc:485:replace_alu$2518
  creating $alu cell for $flatten\Periferico_Multiplicador1.\u_TOP_Multiplicador.\Control_Multiplicador0.$add$cores/Multiplicador/Control_Multiplicador.v:56$632: $auto$alumacc.cc:485:replace_alu$2521
  creating $alu cell for $flatten\Periferico_Multiplicador1.\u_TOP_Multiplicador.\contador_Multiplicador0.$sub$cores/Multiplicador/Contador_Multiplicador.v:15$639: $auto$alumacc.cc:485:replace_alu$2524
  creating $alu cell for $flatten\Periferico_raiz1.\u_RAIZ.\CONTROL_RAIZ0.$add$cores/raiz/CONTROL_RAIZ.v:68$627: $auto$alumacc.cc:485:replace_alu$2527
  creating $alu cell for $flatten\Periferico_raiz1.\u_RAIZ.\COUNT_RAIZ0.$sub$cores/raiz/COUNT_RAIZ.v:16$622: $auto$alumacc.cc:485:replace_alu$2530
  creating $alu cell for $flatten\per_uart.\uart0.$add$cores/uart/uart.v:91$478: $auto$alumacc.cc:485:replace_alu$2533
  creating $alu cell for $flatten\per_uart.\uart0.$add$cores/uart/uart.v:137$484: $auto$alumacc.cc:485:replace_alu$2536
  creating $alu cell for $flatten\per_uart.\uart0.$add$cores/uart/uart.v:140$487: $auto$alumacc.cc:485:replace_alu$2539
  creating $alu cell for $flatten\per_uart.\uart0.$add$cores/uart/uart.v:88$476: $auto$alumacc.cc:485:replace_alu$2542
  created 64 $alu and 1 $macc cells.

42.24. Executing OPT pass (performing simple optimizations).

42.24.1. Executing OPT_EXPR pass (perform const folding).
Optimizing module SOC.

42.24.2. Executing OPT_MERGE pass (detect identical cells).
Finding identical cells in module `\SOC'.
Removed a total of 0 cells.

42.24.3. Executing OPT_MUXTREE pass (detect dead branches in mux trees).
Running muxtree optimizer on module \SOC..
  Creating internal representation of mux trees.
  Evaluating internal representation of mux trees.
  Analyzing evaluation results.
Removed 0 multiplexer ports.

42.24.4. Executing OPT_REDUCE pass (consolidate $*mux and $reduce_* inputs).
  Optimizing cells in module \SOC.
Performed a total of 0 changes.

42.24.5. Executing OPT_MERGE pass (detect identical cells).
Finding identical cells in module `\SOC'.
Removed a total of 0 cells.

42.24.6. Executing OPT_DFF pass (perform DFF optimizations).
Setting constant 1-bit at position 3 on $auto$ff.cc:266:slice$2143 ($dffe) from module SOC.
Setting constant 0-bit at position 24 on $auto$ff.cc:266:slice$2259 ($sdffe) from module SOC.
Setting constant 0-bit at position 25 on $auto$ff.cc:266:slice$2259 ($sdffe) from module SOC.
Setting constant 0-bit at position 26 on $auto$ff.cc:266:slice$2259 ($sdffe) from module SOC.
Setting constant 0-bit at position 27 on $auto$ff.cc:266:slice$2259 ($sdffe) from module SOC.
Setting constant 0-bit at position 28 on $auto$ff.cc:266:slice$2259 ($sdffe) from module SOC.
Setting constant 0-bit at position 29 on $auto$ff.cc:266:slice$2259 ($sdffe) from module SOC.
Setting constant 0-bit at position 30 on $auto$ff.cc:266:slice$2259 ($sdffe) from module SOC.
Setting constant 0-bit at position 31 on $auto$ff.cc:266:slice$2259 ($sdffe) from module SOC.
Setting constant 0-bit at position 10 on $flatten\per_uart.$procdff$1983 ($dff) from module SOC.
Setting constant 0-bit at position 11 on $flatten\per_uart.$procdff$1983 ($dff) from module SOC.
Setting constant 0-bit at position 12 on $flatten\per_uart.$procdff$1983 ($dff) from module SOC.
Setting constant 0-bit at position 13 on $flatten\per_uart.$procdff$1983 ($dff) from module SOC.
Setting constant 0-bit at position 14 on $flatten\per_uart.$procdff$1983 ($dff) from module SOC.
Setting constant 0-bit at position 15 on $flatten\per_uart.$procdff$1983 ($dff) from module SOC.
Setting constant 0-bit at position 16 on $flatten\per_uart.$procdff$1983 ($dff) from module SOC.
Setting constant 0-bit at position 17 on $flatten\per_uart.$procdff$1983 ($dff) from module SOC.
Setting constant 0-bit at position 18 on $flatten\per_uart.$procdff$1983 ($dff) from module SOC.
Setting constant 0-bit at position 19 on $flatten\per_uart.$procdff$1983 ($dff) from module SOC.
Setting constant 0-bit at position 20 on $flatten\per_uart.$procdff$1983 ($dff) from module SOC.
Setting constant 0-bit at position 21 on $flatten\per_uart.$procdff$1983 ($dff) from module SOC.
Setting constant 0-bit at position 22 on $flatten\per_uart.$procdff$1983 ($dff) from module SOC.
Setting constant 0-bit at position 23 on $flatten\per_uart.$procdff$1983 ($dff) from module SOC.
Setting constant 0-bit at position 24 on $flatten\per_uart.$procdff$1983 ($dff) from module SOC.
Setting constant 0-bit at position 25 on $flatten\per_uart.$procdff$1983 ($dff) from module SOC.
Setting constant 0-bit at position 26 on $flatten\per_uart.$procdff$1983 ($dff) from module SOC.
Setting constant 0-bit at position 27 on $flatten\per_uart.$procdff$1983 ($dff) from module SOC.
Setting constant 0-bit at position 28 on $flatten\per_uart.$procdff$1983 ($dff) from module SOC.
Setting constant 0-bit at position 29 on $flatten\per_uart.$procdff$1983 ($dff) from module SOC.
Setting constant 0-bit at position 30 on $flatten\per_uart.$procdff$1983 ($dff) from module SOC.
Setting constant 0-bit at position 31 on $flatten\per_uart.$procdff$1983 ($dff) from module SOC.

42.24.7. Executing OPT_CLEAN pass (remove unused cells and wires).
Finding unused cells or wires in module \SOC..
Removed 7 unused cells and 13 unused wires.

42.24.8. Executing OPT_EXPR pass (perform const folding).
Optimizing module SOC.

42.24.9. Rerunning OPT passes. (Maybe there is more to do..)

42.24.10. Executing OPT_MUXTREE pass (detect dead branches in mux trees).
Running muxtree optimizer on module \SOC..
  Creating internal representation of mux trees.
  Evaluating internal representation of mux trees.
  Analyzing evaluation results.
Removed 0 multiplexer ports.

42.24.11. Executing OPT_REDUCE pass (consolidate $*mux and $reduce_* inputs).
  Optimizing cells in module \SOC.
Performed a total of 0 changes.

42.24.12. Executing OPT_MERGE pass (detect identical cells).
Finding identical cells in module `\SOC'.
Removed a total of 0 cells.

42.24.13. Executing OPT_DFF pass (perform DFF optimizations).

42.24.14. Executing OPT_CLEAN pass (remove unused cells and wires).
Finding unused cells or wires in module \SOC..

42.24.15. Executing OPT_EXPR pass (perform const folding).
Optimizing module SOC.

42.24.16. Finished OPT passes. (There is nothing left to do.)

42.25. Executing MEMORY pass.

42.25.1. Executing OPT_MEM pass (optimize memories).
Performed a total of 96 transformations.

42.25.2. Executing OPT_MEM_PRIORITY pass (removing unnecessary memory write priority relations).
Performed a total of 7 transformations.

42.25.3. Executing OPT_MEM_FEEDBACK pass (finding memory read-to-write feedback paths).
  Analyzing SOC.CPU.registerFile write port 0.
  Analyzing SOC.CPU.registerFile write port 1.
  Analyzing SOC.RAM.MEM write port 0.
  Analyzing SOC.RAM.MEM write port 1.
  Analyzing SOC.RAM.MEM write port 2.
  Analyzing SOC.RAM.MEM write port 3.

42.25.4. Executing MEMORY_BMUX2ROM pass (converting muxes to ROMs).

42.25.5. Executing MEMORY_DFF pass (merging $dff cells to $memrd).
Checking read port `$flatten\Periferico_raiz1.\u_RAIZ.\CONTROL_RAIZ0.$auto$proc_rom.cc:150:do_switch$667'[0] in module `\SOC': no output FF found.
Checking read port `\CPU.registerFile'[0] in module `\SOC': merging output FF to cell.
    Write port 0: non-transparent.
    Write port 1: don't care on collision.
Checking read port `\CPU.registerFile'[1] in module `\SOC': merging output FF to cell.
    Write port 0: non-transparent.
    Write port 1: don't care on collision.
Checking read port `\RAM.MEM'[0] in module `\SOC': merging output FF to cell.
    Write port 0: don't care on collision.
    Write port 1: don't care on collision.
    Write port 2: don't care on collision.
    Write port 3: don't care on collision.
Checking read port address `$flatten\Periferico_raiz1.\u_RAIZ.\CONTROL_RAIZ0.$auto$proc_rom.cc:150:do_switch$667'[0] in module `\SOC': merged address FF to cell.

42.25.6. Executing OPT_CLEAN pass (remove unused cells and wires).
Finding unused cells or wires in module \SOC..
Removed 3 unused cells and 99 unused wires.

42.25.7. Executing MEMORY_SHARE pass (consolidating $memrd/$memwr cells).
Consolidating read ports of memory SOC.CPU.registerFile by address:
Consolidating write ports of memory SOC.CPU.registerFile by address:
Consolidating write ports of memory SOC.RAM.MEM by address:
  Merging ports 0, 1 (address \mem_addr [12:2]).
  Merging ports 0, 2 (address \mem_addr [12:2]).
  Merging ports 0, 3 (address \mem_addr [12:2]).

42.25.8. Executing OPT_MEM_WIDEN pass (optimize memories where all ports are wide).
Performed a total of 0 transformations.

42.25.9. Executing OPT_CLEAN pass (remove unused cells and wires).
Finding unused cells or wires in module \SOC..
Removed 4 unused cells and 4 unused wires.

42.25.10. Executing MEMORY_COLLECT pass (generating $mem cells).

42.26. Executing OPT_CLEAN pass (remove unused cells and wires).
Finding unused cells or wires in module \SOC..

42.27. Executing MEMORY_LIBMAP pass (mapping memories to cells).
using FF mapping for memory SOC.$flatten\Periferico_raiz1.\u_RAIZ.\CONTROL_RAIZ0.$auto$proc_rom.cc:150:do_switch$667
using FF mapping for memory SOC.CPU.registerFile
mapping memory SOC.RAM.MEM via $__ECP5_DP16KD_

42.28. Executing TECHMAP pass (map to technology primitives).

42.28.1. Executing Verilog-2005 frontend: /home/juan-diego/miniconda3/envs/digital/bin/../share/yosys/ecp5/lutrams_map.v
Parsing Verilog input from `/home/juan-diego/miniconda3/envs/digital/bin/../share/yosys/ecp5/lutrams_map.v' to AST representation.
Generating RTLIL representation for module `\$__TRELLIS_DPR16X4_'.
Successfully finished Verilog frontend.

42.28.2. Executing Verilog-2005 frontend: /home/juan-diego/miniconda3/envs/digital/bin/../share/yosys/ecp5/brams_map.v
Parsing Verilog input from `/home/juan-diego/miniconda3/envs/digital/bin/../share/yosys/ecp5/brams_map.v' to AST representation.
Generating RTLIL representation for module `\$__ECP5_DP16KD_'.
Generating RTLIL representation for module `\$__ECP5_PDPW16KD_'.
Successfully finished Verilog frontend.

42.28.3. Continuing TECHMAP pass.
Using template $paramod$1127a918be0d507b8e638e772bd85c7e3ffddfc7\$__ECP5_DP16KD_ for cells of type $__ECP5_DP16KD_.
Using template $paramod$080a7124b39d89b065fe211565550ec0667ac331\$__ECP5_DP16KD_ for cells of type $__ECP5_DP16KD_.
Using template $paramod$c6f7f925fd5e53457ad6fcaf41abf71cf95d81cc\$__ECP5_DP16KD_ for cells of type $__ECP5_DP16KD_.
Using template $paramod$a0082cbdba6cc33caee4ccb4de293a085cb16807\$__ECP5_DP16KD_ for cells of type $__ECP5_DP16KD_.
No more expansions possible.

42.29. Executing OPT pass (performing simple optimizations).

42.29.1. Executing OPT_EXPR pass (perform const folding).
Optimizing module SOC.

42.29.2. Executing OPT_MERGE pass (detect identical cells).
Finding identical cells in module `\SOC'.
Removed a total of 0 cells.

42.29.3. Executing OPT_DFF pass (perform DFF optimizations).
Adding EN signal on $auto$ff.cc:266:slice$2283 ($sdffe) from module SOC (D = $flatten\CPU.$ternary$cores/cpu/femtorv32_quark.v:355$451_Y [1:0], Q = \CPU.PC [1:0]).
Adding SRST signal on $auto$ff.cc:266:slice$2211 ($dffe) from module SOC (D = $auto$wreduce.cc:461:run$2299 [5:0], Q = \Periferico_BCD_Binario1.u_BCDABinario.CONTROL_BCDB0.count, rval = 6'000000).
Adding SRST signal on $auto$ff.cc:266:slice$2166 ($dffe) from module SOC (D = $auto$wreduce.cc:461:run$2301 [5:0], Q = \Periferico_Binario_BCD1.u_BinarioABCD.CONTROL_BBCD0.count, rval = 6'000000).
Adding SRST signal on $auto$ff.cc:266:slice$2072 ($dffe) from module SOC (D = $auto$wreduce.cc:461:run$2316 [5:0], Q = \Periferico_raiz1.u_RAIZ.CONTROL_RAIZ0.count, rval = 6'000000).

42.29.4. Executing OPT_CLEAN pass (remove unused cells and wires).
Finding unused cells or wires in module \SOC..
Removed 4 unused cells and 170 unused wires.

42.29.5. Rerunning OPT passes. (Removed registers in this run.)

42.29.6. Executing OPT_EXPR pass (perform const folding).
Optimizing module SOC.

42.29.7. Executing OPT_MERGE pass (detect identical cells).
Finding identical cells in module `\SOC'.
Removed a total of 0 cells.

42.29.8. Executing OPT_DFF pass (perform DFF optimizations).
Adding SRST signal on $auto$ff.cc:266:slice$2140 ($dffe) from module SOC (D = $flatten\Periferico_Binario_BCD1.\u_BinarioABCD.\LSR_BBCD0.$procmux$1088_Y [0], Q = \Periferico_Binario_BCD1.u_BinarioABCD.LSR_BBCD0.Op_A [0], rval = 1'0).
Adding SRST signal on $auto$ff.cc:266:slice$2053 ($dffe) from module SOC (D = \Periferico_raiz1.Op_A [1:0], Q = \Periferico_raiz1.u_RAIZ.LSR_A_RAIZ0.reg_TMP [1:0], rval = 2'00).

42.29.9. Executing OPT_CLEAN pass (remove unused cells and wires).
Finding unused cells or wires in module \SOC..

42.29.10. Rerunning OPT passes. (Removed registers in this run.)

42.29.11. Executing OPT_EXPR pass (perform const folding).
Optimizing module SOC.

42.29.12. Executing OPT_MERGE pass (detect identical cells).
Finding identical cells in module `\SOC'.
Removed a total of 0 cells.

42.29.13. Executing OPT_DFF pass (perform DFF optimizations).

42.29.14. Executing OPT_CLEAN pass (remove unused cells and wires).
Finding unused cells or wires in module \SOC..

42.29.15. Finished fast OPT passes.

42.30. Executing MEMORY_MAP pass (converting memories to logic and flip-flops).
Mapping memory $flatten\Periferico_raiz1.\u_RAIZ.\CONTROL_RAIZ0.$auto$proc_rom.cc:150:do_switch$667 in module \SOC:
  created 8 $dff cells and 0 static cells of width 6.
Extracted data FF from read port 0 of SOC.$flatten\Periferico_raiz1.\u_RAIZ.\CONTROL_RAIZ0.$auto$proc_rom.cc:150:do_switch$667: $$flatten\Periferico_raiz1.\u_RAIZ.\CONTROL_RAIZ0.$auto$proc_rom.cc:150:do_switch$667$rdreg[0]
  read interface: 1 $dff and 7 $mux cells.
  write interface: 0 write mux blocks.
Mapping memory \CPU.registerFile in module \SOC:
  created 32 $dff cells and 0 static cells of width 32.
Extracted data FF from read port 0 of SOC.CPU.registerFile: $\CPU.registerFile$rdreg[0]
Extracted data FF from read port 1 of SOC.CPU.registerFile: $\CPU.registerFile$rdreg[1]
  read interface: 2 $dff and 62 $mux cells.
  write interface: 64 write mux blocks.

42.31. Executing OPT pass (performing simple optimizations).

42.31.1. Executing OPT_EXPR pass (perform const folding).
Optimizing module SOC.

42.31.2. Executing OPT_MERGE pass (detect identical cells).
Finding identical cells in module `\SOC'.
Removed a total of 0 cells.

42.31.3. Executing OPT_MUXTREE pass (detect dead branches in mux trees).
Running muxtree optimizer on module \SOC..
  Creating internal representation of mux trees.
  Evaluating internal representation of mux trees.
  Analyzing evaluation results.
Removed 0 multiplexer ports.

42.31.4. Executing OPT_REDUCE pass (consolidate $*mux and $reduce_* inputs).
  Optimizing cells in module \SOC.
    New input vector for $reduce_or cell $auto$memory_libmap.cc:1669:emit_port$2649: \RAM.mem_wmask
    Consolidated identical input bits for $mux cell $memory$flatten\Periferico_raiz1.\u_RAIZ.\CONTROL_RAIZ0.$auto$proc_rom.cc:150:do_switch$667$rdmux[0][2][2]$3103:
      Old ports: A=6'000000, B=6'100000, Y=$memory$flatten\Periferico_raiz1.\u_RAIZ.\CONTROL_RAIZ0.$auto$proc_rom.cc:150:do_switch$667$rdmux[0][1][1]$a$3095
      New ports: A=1'0, B=1'1, Y=$memory$flatten\Periferico_raiz1.\u_RAIZ.\CONTROL_RAIZ0.$auto$proc_rom.cc:150:do_switch$667$rdmux[0][1][1]$a$3095 [5]
      New connections: $memory$flatten\Periferico_raiz1.\u_RAIZ.\CONTROL_RAIZ0.$auto$proc_rom.cc:150:do_switch$667$rdmux[0][1][1]$a$3095 [4:0] = 5'00000
    Consolidated identical input bits for $mux cell $memory$flatten\Periferico_raiz1.\u_RAIZ.\CONTROL_RAIZ0.$auto$proc_rom.cc:150:do_switch$667$rdmux[0][2][1]$3100:
      Old ports: A=6'000010, B=6'000000, Y=$memory$flatten\Periferico_raiz1.\u_RAIZ.\CONTROL_RAIZ0.$auto$proc_rom.cc:150:do_switch$667$rdmux[0][1][0]$b$3093
      New ports: A=1'1, B=1'0, Y=$memory$flatten\Periferico_raiz1.\u_RAIZ.\CONTROL_RAIZ0.$auto$proc_rom.cc:150:do_switch$667$rdmux[0][1][0]$b$3093 [1]
      New connections: { $memory$flatten\Periferico_raiz1.\u_RAIZ.\CONTROL_RAIZ0.$auto$proc_rom.cc:150:do_switch$667$rdmux[0][1][0]$b$3093 [5:2] $memory$flatten\Periferico_raiz1.\u_RAIZ.\CONTROL_RAIZ0.$auto$proc_rom.cc:150:do_switch$667$rdmux[0][1][0]$b$3093 [0] } = 5'00000
    Consolidated identical input bits for $mux cell $memory$flatten\Periferico_raiz1.\u_RAIZ.\CONTROL_RAIZ0.$auto$proc_rom.cc:150:do_switch$667$rdmux[0][2][0]$3097:
      Old ports: A=6'010000, B=6'001000, Y=$memory$flatten\Periferico_raiz1.\u_RAIZ.\CONTROL_RAIZ0.$auto$proc_rom.cc:150:do_switch$667$rdmux[0][1][0]$a$3092
      New ports: A=2'10, B=2'01, Y=$memory$flatten\Periferico_raiz1.\u_RAIZ.\CONTROL_RAIZ0.$auto$proc_rom.cc:150:do_switch$667$rdmux[0][1][0]$a$3092 [4:3]
      New connections: { $memory$flatten\Periferico_raiz1.\u_RAIZ.\CONTROL_RAIZ0.$auto$proc_rom.cc:150:do_switch$667$rdmux[0][1][0]$a$3092 [5] $memory$flatten\Periferico_raiz1.\u_RAIZ.\CONTROL_RAIZ0.$auto$proc_rom.cc:150:do_switch$667$rdmux[0][1][0]$a$3092 [2:0] } = 4'0000
    Consolidated identical input bits for $mux cell $flatten\CPU.$procmux$1490:
      Old ports: A=4'0001, B=4'100x, Y=$flatten\CPU.$procmux$1490_Y
      New ports: A=2'01, B=2'1x, Y={ $flatten\CPU.$procmux$1490_Y [3] $flatten\CPU.$procmux$1490_Y [0] }
      New connections: $flatten\CPU.$procmux$1490_Y [2:1] = 2'00
    Consolidated identical input bits for $mux cell $flatten\CPU.$ternary$cores/cpu/femtorv32_quark.v:207$391:
      Old ports: A={ \CPU.instr [29] \CPU.instr [29] \CPU.instr [29] \CPU.instr [29] \CPU.instr [29] \CPU.instr [29] \CPU.instr [29] \CPU.instr [29] \CPU.instr [29] \CPU.instr [29] \CPU.instr [29] \CPU.instr [29] \CPU.instr [5] \CPU.instr [28:23] \CPU.instr [9:6] 1'0 }, B={ \CPU.instr [21:10] 12'000000000000 }, Y=$flatten\CPU.$ternary$cores/cpu/femtorv32_quark.v:207$391_Y
      New ports: A={ \CPU.instr [29] \CPU.instr [29] \CPU.instr [29] \CPU.instr [29] \CPU.instr [29] \CPU.instr [29] \CPU.instr [29] \CPU.instr [29] \CPU.instr [29] \CPU.instr [29] \CPU.instr [29] \CPU.instr [29] \CPU.instr [5] \CPU.instr [28:23] \CPU.instr [9:6] }, B={ \CPU.instr [21:10] 11'00000000000 }, Y=$flatten\CPU.$ternary$cores/cpu/femtorv32_quark.v:207$391_Y [23:1]
      New connections: $flatten\CPU.$ternary$cores/cpu/femtorv32_quark.v:207$391_Y [0] = 1'0
    Consolidated identical input bits for $mux cell $flatten\CPU.$ternary$cores/cpu/femtorv32_quark.v:228$399:
      Old ports: A=0, B={ \CPU.instr [29:10] 12'000000000000 }, Y=$flatten\CPU.$ternary$cores/cpu/femtorv32_quark.v:228$399_Y
      New ports: A=20'00000000000000000000, B=\CPU.instr [29:10], Y=$flatten\CPU.$ternary$cores/cpu/femtorv32_quark.v:228$399_Y [31:12]
      New connections: $flatten\CPU.$ternary$cores/cpu/femtorv32_quark.v:228$399_Y [11:0] = 12'000000000000
    Consolidated identical input bits for $mux cell $flatten\CPU.$ternary$cores/cpu/femtorv32_quark.v:285$425:
      Old ports: A=4'0100, B=4'1000, Y=$flatten\CPU.$ternary$cores/cpu/femtorv32_quark.v:285$425_Y
      New ports: A=2'01, B=2'10, Y=$flatten\CPU.$ternary$cores/cpu/femtorv32_quark.v:285$425_Y [3:2]
      New connections: $flatten\CPU.$ternary$cores/cpu/femtorv32_quark.v:285$425_Y [1:0] = 2'00
    Consolidated identical input bits for $mux cell $flatten\CPU.$ternary$cores/cpu/femtorv32_quark.v:289$428:
      Old ports: A=4'0011, B=4'1100, Y=$flatten\CPU.$ternary$cores/cpu/femtorv32_quark.v:289$428_Y
      New ports: A=2'01, B=2'10, Y={ $flatten\CPU.$ternary$cores/cpu/femtorv32_quark.v:289$428_Y [2] $flatten\CPU.$ternary$cores/cpu/femtorv32_quark.v:289$428_Y [0] }
      New connections: { $flatten\CPU.$ternary$cores/cpu/femtorv32_quark.v:289$428_Y [3] $flatten\CPU.$ternary$cores/cpu/femtorv32_quark.v:289$428_Y [1] } = { $flatten\CPU.$ternary$cores/cpu/femtorv32_quark.v:289$428_Y [2] $flatten\CPU.$ternary$cores/cpu/femtorv32_quark.v:289$428_Y [0] }
    Consolidated identical input bits for $mux cell $flatten\CPU.$ternary$cores/cpu/femtorv32_quark.v:358$452:
      Old ports: A=4'0001, B=4'1000, Y=$auto$wreduce.cc:461:run$2296 [3:0]
      New ports: A=2'01, B=2'10, Y={ $auto$wreduce.cc:461:run$2296 [3] $auto$wreduce.cc:461:run$2296 [0] }
      New connections: $auto$wreduce.cc:461:run$2296 [2:1] = 2'00
    Consolidated identical input bits for $mux cell $flatten\Periferico_BCD_Binario1.\u_BCDABinario.\CONTROL_BCDB0.$procmux$1264:
      Old ports: A=3'000, B=3'100, Y=$flatten\Periferico_BCD_Binario1.\u_BCDABinario.\CONTROL_BCDB0.$procmux$1264_Y
      New ports: A=1'0, B=1'1, Y=$flatten\Periferico_BCD_Binario1.\u_BCDABinario.\CONTROL_BCDB0.$procmux$1264_Y [2]
      New connections: $flatten\Periferico_BCD_Binario1.\u_BCDABinario.\CONTROL_BCDB0.$procmux$1264_Y [1:0] = 2'00
    Consolidated identical input bits for $mux cell $flatten\Periferico_BCD_Binario1.\u_BCDABinario.\CONTROL_BCDB0.$procmux$1271:
      Old ports: A=2'11, B=2'01, Y=$flatten\Periferico_BCD_Binario1.\u_BCDABinario.\CONTROL_BCDB0.$procmux$1271_Y [1:0]
      New ports: A=1'1, B=1'0, Y=$flatten\Periferico_BCD_Binario1.\u_BCDABinario.\CONTROL_BCDB0.$procmux$1271_Y [1]
      New connections: $flatten\Periferico_BCD_Binario1.\u_BCDABinario.\CONTROL_BCDB0.$procmux$1271_Y [0] = 1'1
    Consolidated identical input bits for $mux cell $flatten\Periferico_BCD_Binario1.\u_BCDABinario.\CONTROL_BCDB0.$procmux$1274:
      Old ports: A={ 1'0 $flatten\Periferico_BCD_Binario1.\u_BCDABinario.\CONTROL_BCDB0.$procmux$1271_Y [1:0] }, B=3'010, Y=$flatten\Periferico_BCD_Binario1.\u_BCDABinario.\CONTROL_BCDB0.$procmux$1274_Y
      New ports: A=$flatten\Periferico_BCD_Binario1.\u_BCDABinario.\CONTROL_BCDB0.$procmux$1271_Y [1:0], B=2'10, Y=$flatten\Periferico_BCD_Binario1.\u_BCDABinario.\CONTROL_BCDB0.$procmux$1274_Y [1:0]
      New connections: $flatten\Periferico_BCD_Binario1.\u_BCDABinario.\CONTROL_BCDB0.$procmux$1274_Y [2] = 1'0
    Consolidated identical input bits for $mux cell $flatten\Periferico_BCD_Binario1.\u_BCDABinario.\CONTROL_BCDB0.$procmux$1281:
      Old ports: A=2'00, B=2'10, Y=$flatten\Periferico_BCD_Binario1.\u_BCDABinario.\CONTROL_BCDB0.$procmux$1281_Y [1:0]
      New ports: A=1'0, B=1'1, Y=$flatten\Periferico_BCD_Binario1.\u_BCDABinario.\CONTROL_BCDB0.$procmux$1281_Y [1]
      New connections: $flatten\Periferico_BCD_Binario1.\u_BCDABinario.\CONTROL_BCDB0.$procmux$1281_Y [0] = 1'0
    Consolidated identical input bits for $mux cell $flatten\Periferico_Binario_BCD1.\u_BinarioABCD.\CONTROL_BBCD0.$procmux$1126:
      Old ports: A=3'000, B=3'100, Y=$flatten\Periferico_Binario_BCD1.\u_BinarioABCD.\CONTROL_BBCD0.$procmux$1126_Y
      New ports: A=1'0, B=1'1, Y=$flatten\Periferico_Binario_BCD1.\u_BinarioABCD.\CONTROL_BBCD0.$procmux$1126_Y [2]
      New connections: $flatten\Periferico_Binario_BCD1.\u_BinarioABCD.\CONTROL_BBCD0.$procmux$1126_Y [1:0] = 2'00
    Consolidated identical input bits for $mux cell $flatten\Periferico_Binario_BCD1.\u_BinarioABCD.\CONTROL_BBCD0.$procmux$1131:
      Old ports: A=2'11, B=2'01, Y=$flatten\Periferico_Binario_BCD1.\u_BinarioABCD.\CONTROL_BBCD0.$procmux$1131_Y [1:0]
      New ports: A=1'1, B=1'0, Y=$flatten\Periferico_Binario_BCD1.\u_BinarioABCD.\CONTROL_BBCD0.$procmux$1131_Y [1]
      New connections: $flatten\Periferico_Binario_BCD1.\u_BinarioABCD.\CONTROL_BBCD0.$procmux$1131_Y [0] = 1'1
    Consolidated identical input bits for $mux cell $flatten\Periferico_Binario_BCD1.\u_BinarioABCD.\CONTROL_BBCD0.$procmux$1134:
      Old ports: A={ 1'0 $flatten\Periferico_Binario_BCD1.\u_BinarioABCD.\CONTROL_BBCD0.$procmux$1131_Y [1:0] }, B=3'010, Y=$flatten\Periferico_Binario_BCD1.\u_BinarioABCD.\CONTROL_BBCD0.$procmux$1134_Y
      New ports: A=$flatten\Periferico_Binario_BCD1.\u_BinarioABCD.\CONTROL_BBCD0.$procmux$1131_Y [1:0], B=2'10, Y=$flatten\Periferico_Binario_BCD1.\u_BinarioABCD.\CONTROL_BBCD0.$procmux$1134_Y [1:0]
      New connections: $flatten\Periferico_Binario_BCD1.\u_BinarioABCD.\CONTROL_BBCD0.$procmux$1134_Y [2] = 1'0
    Consolidated identical input bits for $mux cell $flatten\Periferico_Binario_BCD1.\u_BinarioABCD.\LSR_BBCD0.$procmux$1094:
      Old ports: A=3'111, B=3'010, Y=$auto$wreduce.cc:461:run$2303 [2:0]
      New ports: A=1'1, B=1'0, Y=$auto$wreduce.cc:461:run$2303 [0]
      New connections: $auto$wreduce.cc:461:run$2303 [2:1] = { $auto$wreduce.cc:461:run$2303 [0] 1'1 }
    Consolidated identical input bits for $mux cell $flatten\Periferico_Divisor1.\u_Divisor_Top.\control.$procmux$725:
      Old ports: A=2'11, B=2'01, Y=$auto$wreduce.cc:461:run$2306 [1:0]
      New ports: A=1'1, B=1'0, Y=$auto$wreduce.cc:461:run$2306 [1]
      New connections: $auto$wreduce.cc:461:run$2306 [0] = 1'1
    Consolidated identical input bits for $mux cell $flatten\Periferico_Divisor1.\u_Divisor_Top.\control.$ternary$cores/Divisor/Control_Divisor.v:56$664:
      Old ports: A=3'000, B=3'101, Y=$flatten\Periferico_Divisor1.\u_Divisor_Top.\control.$ternary$cores/Divisor/Control_Divisor.v:56$664_Y
      New ports: A=1'0, B=1'1, Y=$flatten\Periferico_Divisor1.\u_Divisor_Top.\control.$ternary$cores/Divisor/Control_Divisor.v:56$664_Y [0]
      New connections: $flatten\Periferico_Divisor1.\u_Divisor_Top.\control.$ternary$cores/Divisor/Control_Divisor.v:56$664_Y [2:1] = { $flatten\Periferico_Divisor1.\u_Divisor_Top.\control.$ternary$cores/Divisor/Control_Divisor.v:56$664_Y [0] 1'0 }
    Consolidated identical input bits for $mux cell $flatten\Periferico_Multiplicador1.\u_TOP_Multiplicador.\Control_Multiplicador0.$procmux$857:
      Old ports: A=3'001, B=3'100, Y=$flatten\Periferico_Multiplicador1.\u_TOP_Multiplicador.\Control_Multiplicador0.$5\NEXT_STATE[2:0]
      New ports: A=2'01, B=2'10, Y={ $flatten\Periferico_Multiplicador1.\u_TOP_Multiplicador.\Control_Multiplicador0.$5\NEXT_STATE[2:0] [2] $flatten\Periferico_Multiplicador1.\u_TOP_Multiplicador.\Control_Multiplicador0.$5\NEXT_STATE[2:0] [0] }
      New connections: $flatten\Periferico_Multiplicador1.\u_TOP_Multiplicador.\Control_Multiplicador0.$5\NEXT_STATE[2:0] [1] = 1'0
    Consolidated identical input bits for $mux cell $flatten\Periferico_Multiplicador1.\u_TOP_Multiplicador.\Control_Multiplicador0.$ternary$cores/Multiplicador/Control_Multiplicador.v:57$634:
      Old ports: A=3'000, B=3'100, Y=$flatten\Periferico_Multiplicador1.\u_TOP_Multiplicador.\Control_Multiplicador0.$ternary$cores/Multiplicador/Control_Multiplicador.v:57$634_Y
      New ports: A=1'0, B=1'1, Y=$flatten\Periferico_Multiplicador1.\u_TOP_Multiplicador.\Control_Multiplicador0.$ternary$cores/Multiplicador/Control_Multiplicador.v:57$634_Y [2]
      New connections: $flatten\Periferico_Multiplicador1.\u_TOP_Multiplicador.\Control_Multiplicador0.$ternary$cores/Multiplicador/Control_Multiplicador.v:57$634_Y [1:0] = 2'00
    Consolidated identical input bits for $mux cell $flatten\Periferico_raiz1.$procmux$1716:
      Old ports: A=5'00000, B={ 1'0 $auto$wreduce.cc:461:run$2313 [3:0] }, Y=\Periferico_raiz1.s
      New ports: A=4'0000, B=$auto$wreduce.cc:461:run$2313 [3:0], Y=\Periferico_raiz1.s [3:0]
      New connections: \Periferico_raiz1.s [4] = 1'0
    Consolidated identical input bits for $mux cell $memory$flatten\Periferico_raiz1.\u_RAIZ.\CONTROL_RAIZ0.$auto$proc_rom.cc:150:do_switch$667$rdmux[0][2][3]$3106:
      Old ports: A=6'100100, B=6'000001, Y=$memory$flatten\Periferico_raiz1.\u_RAIZ.\CONTROL_RAIZ0.$auto$proc_rom.cc:150:do_switch$667$rdmux[0][1][1]$b$3096
      New ports: A=2'10, B=2'01, Y={ $memory$flatten\Periferico_raiz1.\u_RAIZ.\CONTROL_RAIZ0.$auto$proc_rom.cc:150:do_switch$667$rdmux[0][1][1]$b$3096 [2] $memory$flatten\Periferico_raiz1.\u_RAIZ.\CONTROL_RAIZ0.$auto$proc_rom.cc:150:do_switch$667$rdmux[0][1][1]$b$3096 [0] }
      New connections: { $memory$flatten\Periferico_raiz1.\u_RAIZ.\CONTROL_RAIZ0.$auto$proc_rom.cc:150:do_switch$667$rdmux[0][1][1]$b$3096 [5:3] $memory$flatten\Periferico_raiz1.\u_RAIZ.\CONTROL_RAIZ0.$auto$proc_rom.cc:150:do_switch$667$rdmux[0][1][1]$b$3096 [1] } = { $memory$flatten\Periferico_raiz1.\u_RAIZ.\CONTROL_RAIZ0.$auto$proc_rom.cc:150:do_switch$667$rdmux[0][1][1]$b$3096 [2] 3'000 }
    Consolidated identical input bits for $mux cell $flatten\Periferico_raiz1.\u_RAIZ.\CONTROL_RAIZ0.$procmux$911:
      Old ports: A=3'001, B=3'111, Y=$flatten\Periferico_raiz1.\u_RAIZ.\CONTROL_RAIZ0.$5\NEXT_STATE[2:0]
      New ports: A=1'0, B=1'1, Y=$flatten\Periferico_raiz1.\u_RAIZ.\CONTROL_RAIZ0.$5\NEXT_STATE[2:0] [1]
      New connections: { $flatten\Periferico_raiz1.\u_RAIZ.\CONTROL_RAIZ0.$5\NEXT_STATE[2:0] [2] $flatten\Periferico_raiz1.\u_RAIZ.\CONTROL_RAIZ0.$5\NEXT_STATE[2:0] [0] } = { $flatten\Periferico_raiz1.\u_RAIZ.\CONTROL_RAIZ0.$5\NEXT_STATE[2:0] [1] 1'1 }
    Consolidated identical input bits for $mux cell $flatten\Periferico_raiz1.\u_RAIZ.\CONTROL_RAIZ0.$ternary$cores/raiz/CONTROL_RAIZ.v:69$629:
      Old ports: A=3'000, B=3'111, Y=$flatten\Periferico_raiz1.\u_RAIZ.\CONTROL_RAIZ0.$ternary$cores/raiz/CONTROL_RAIZ.v:69$629_Y
      New ports: A=1'0, B=1'1, Y=$flatten\Periferico_raiz1.\u_RAIZ.\CONTROL_RAIZ0.$ternary$cores/raiz/CONTROL_RAIZ.v:69$629_Y [0]
      New connections: $flatten\Periferico_raiz1.\u_RAIZ.\CONTROL_RAIZ0.$ternary$cores/raiz/CONTROL_RAIZ.v:69$629_Y [2:1] = { $flatten\Periferico_raiz1.\u_RAIZ.\CONTROL_RAIZ0.$ternary$cores/raiz/CONTROL_RAIZ.v:69$629_Y [0] $flatten\Periferico_raiz1.\u_RAIZ.\CONTROL_RAIZ0.$ternary$cores/raiz/CONTROL_RAIZ.v:69$629_Y [0] }
    Consolidated identical input bits for $mux cell $flatten\per_uart.$ternary$cores/uart/perip_uart.v:32$239:
      Old ports: A=2'00, B=2'10, Y=$auto$wreduce.cc:461:run$2327
      New ports: A=1'0, B=1'1, Y=$auto$wreduce.cc:461:run$2327 [1]
      New connections: $auto$wreduce.cc:461:run$2327 [0] = 1'0
  Optimizing cells in module \SOC.
    Consolidated identical input bits for $mux cell $memory$flatten\Periferico_raiz1.\u_RAIZ.\CONTROL_RAIZ0.$auto$proc_rom.cc:150:do_switch$667$rdmux[0][1][1]$3094:
      Old ports: A=$memory$flatten\Periferico_raiz1.\u_RAIZ.\CONTROL_RAIZ0.$auto$proc_rom.cc:150:do_switch$667$rdmux[0][1][1]$a$3095, B=$memory$flatten\Periferico_raiz1.\u_RAIZ.\CONTROL_RAIZ0.$auto$proc_rom.cc:150:do_switch$667$rdmux[0][1][1]$b$3096, Y=$memory$flatten\Periferico_raiz1.\u_RAIZ.\CONTROL_RAIZ0.$auto$proc_rom.cc:150:do_switch$667$rdmux[0][0][0]$b$3090
      New ports: A={ $memory$flatten\Periferico_raiz1.\u_RAIZ.\CONTROL_RAIZ0.$auto$proc_rom.cc:150:do_switch$667$rdmux[0][1][1]$a$3095 [5] 2'00 }, B={ $memory$flatten\Periferico_raiz1.\u_RAIZ.\CONTROL_RAIZ0.$auto$proc_rom.cc:150:do_switch$667$rdmux[0][1][1]$b$3096 [2] $memory$flatten\Periferico_raiz1.\u_RAIZ.\CONTROL_RAIZ0.$auto$proc_rom.cc:150:do_switch$667$rdmux[0][1][1]$b$3096 [2] $memory$flatten\Periferico_raiz1.\u_RAIZ.\CONTROL_RAIZ0.$auto$proc_rom.cc:150:do_switch$667$rdmux[0][1][1]$b$3096 [0] }, Y={ $memory$flatten\Periferico_raiz1.\u_RAIZ.\CONTROL_RAIZ0.$auto$proc_rom.cc:150:do_switch$667$rdmux[0][0][0]$b$3090 [5] $memory$flatten\Periferico_raiz1.\u_RAIZ.\CONTROL_RAIZ0.$auto$proc_rom.cc:150:do_switch$667$rdmux[0][0][0]$b$3090 [2] $memory$flatten\Periferico_raiz1.\u_RAIZ.\CONTROL_RAIZ0.$auto$proc_rom.cc:150:do_switch$667$rdmux[0][0][0]$b$3090 [0] }
      New connections: { $memory$flatten\Periferico_raiz1.\u_RAIZ.\CONTROL_RAIZ0.$auto$proc_rom.cc:150:do_switch$667$rdmux[0][0][0]$b$3090 [4:3] $memory$flatten\Periferico_raiz1.\u_RAIZ.\CONTROL_RAIZ0.$auto$proc_rom.cc:150:do_switch$667$rdmux[0][0][0]$b$3090 [1] } = 3'000
    Consolidated identical input bits for $mux cell $memory$flatten\Periferico_raiz1.\u_RAIZ.\CONTROL_RAIZ0.$auto$proc_rom.cc:150:do_switch$667$rdmux[0][1][0]$3091:
      Old ports: A=$memory$flatten\Periferico_raiz1.\u_RAIZ.\CONTROL_RAIZ0.$auto$proc_rom.cc:150:do_switch$667$rdmux[0][1][0]$a$3092, B=$memory$flatten\Periferico_raiz1.\u_RAIZ.\CONTROL_RAIZ0.$auto$proc_rom.cc:150:do_switch$667$rdmux[0][1][0]$b$3093, Y=$memory$flatten\Periferico_raiz1.\u_RAIZ.\CONTROL_RAIZ0.$auto$proc_rom.cc:150:do_switch$667$rdmux[0][0][0]$a$3089
      New ports: A={ $memory$flatten\Periferico_raiz1.\u_RAIZ.\CONTROL_RAIZ0.$auto$proc_rom.cc:150:do_switch$667$rdmux[0][1][0]$a$3092 [4:3] 1'0 }, B={ 2'00 $memory$flatten\Periferico_raiz1.\u_RAIZ.\CONTROL_RAIZ0.$auto$proc_rom.cc:150:do_switch$667$rdmux[0][1][0]$b$3093 [1] }, Y={ $memory$flatten\Periferico_raiz1.\u_RAIZ.\CONTROL_RAIZ0.$auto$proc_rom.cc:150:do_switch$667$rdmux[0][0][0]$a$3089 [4:3] $memory$flatten\Periferico_raiz1.\u_RAIZ.\CONTROL_RAIZ0.$auto$proc_rom.cc:150:do_switch$667$rdmux[0][0][0]$a$3089 [1] }
      New connections: { $memory$flatten\Periferico_raiz1.\u_RAIZ.\CONTROL_RAIZ0.$auto$proc_rom.cc:150:do_switch$667$rdmux[0][0][0]$a$3089 [5] $memory$flatten\Periferico_raiz1.\u_RAIZ.\CONTROL_RAIZ0.$auto$proc_rom.cc:150:do_switch$667$rdmux[0][0][0]$a$3089 [2] $memory$flatten\Periferico_raiz1.\u_RAIZ.\CONTROL_RAIZ0.$auto$proc_rom.cc:150:do_switch$667$rdmux[0][0][0]$a$3089 [0] } = 3'000
    Consolidated identical input bits for $mux cell $flatten\CPU.$ternary$cores/cpu/femtorv32_quark.v:206$392:
      Old ports: A=$flatten\CPU.$ternary$cores/cpu/femtorv32_quark.v:207$391_Y, B={ \CPU.instr [29] \CPU.instr [29] \CPU.instr [29] \CPU.instr [29] \CPU.instr [17:10] \CPU.instr [18] \CPU.instr [28:19] 1'0 }, Y=$flatten\CPU.$ternary$cores/cpu/femtorv32_quark.v:206$392_Y
      New ports: A=$flatten\CPU.$ternary$cores/cpu/femtorv32_quark.v:207$391_Y [23:1], B={ \CPU.instr [29] \CPU.instr [29] \CPU.instr [29] \CPU.instr [29] \CPU.instr [17:10] \CPU.instr [18] \CPU.instr [28:19] }, Y=$flatten\CPU.$ternary$cores/cpu/femtorv32_quark.v:206$392_Y [23:1]
      New connections: $flatten\CPU.$ternary$cores/cpu/femtorv32_quark.v:206$392_Y [0] = 1'0
    Consolidated identical input bits for $mux cell $flatten\CPU.$ternary$cores/cpu/femtorv32_quark.v:288$429:
      Old ports: A=4'1111, B=$flatten\CPU.$ternary$cores/cpu/femtorv32_quark.v:289$428_Y, Y=$flatten\CPU.$ternary$cores/cpu/femtorv32_quark.v:288$429_Y
      New ports: A=2'11, B={ $flatten\CPU.$ternary$cores/cpu/femtorv32_quark.v:289$428_Y [2] $flatten\CPU.$ternary$cores/cpu/femtorv32_quark.v:289$428_Y [0] }, Y={ $flatten\CPU.$ternary$cores/cpu/femtorv32_quark.v:288$429_Y [2] $flatten\CPU.$ternary$cores/cpu/femtorv32_quark.v:288$429_Y [0] }
      New connections: { $flatten\CPU.$ternary$cores/cpu/femtorv32_quark.v:288$429_Y [3] $flatten\CPU.$ternary$cores/cpu/femtorv32_quark.v:288$429_Y [1] } = { $flatten\CPU.$ternary$cores/cpu/femtorv32_quark.v:288$429_Y [2] $flatten\CPU.$ternary$cores/cpu/femtorv32_quark.v:288$429_Y [0] }
    Consolidated identical input bits for $mux cell $flatten\Periferico_Divisor1.\u_Divisor_Top.\control.$procmux$740:
      Old ports: A={ 1'0 $auto$wreduce.cc:461:run$2306 [1:0] }, B=3'101, Y=$flatten\Periferico_Divisor1.\u_Divisor_Top.\control.$4\NEXT_STATE[2:0]
      New ports: A={ 1'0 $auto$wreduce.cc:461:run$2306 [1] }, B=2'10, Y=$flatten\Periferico_Divisor1.\u_Divisor_Top.\control.$4\NEXT_STATE[2:0] [2:1]
      New connections: $flatten\Periferico_Divisor1.\u_Divisor_Top.\control.$4\NEXT_STATE[2:0] [0] = 1'1
  Optimizing cells in module \SOC.
Performed a total of 32 changes.

42.31.5. Executing OPT_MERGE pass (detect identical cells).
Finding identical cells in module `\SOC'.
Removed a total of 2 cells.

42.31.6. Executing OPT_DFF pass (perform DFF optimizations).

42.31.7. Executing OPT_CLEAN pass (remove unused cells and wires).
Finding unused cells or wires in module \SOC..
Removed 0 unused cells and 189 unused wires.

42.31.8. Executing OPT_EXPR pass (perform const folding).
Optimizing module SOC.

42.31.9. Rerunning OPT passes. (Maybe there is more to do..)

42.31.10. Executing OPT_MUXTREE pass (detect dead branches in mux trees).
Running muxtree optimizer on module \SOC..
  Creating internal representation of mux trees.
  Evaluating internal representation of mux trees.
  Analyzing evaluation results.
Removed 0 multiplexer ports.

42.31.11. Executing OPT_REDUCE pass (consolidate $*mux and $reduce_* inputs).
  Optimizing cells in module \SOC.
Performed a total of 0 changes.

42.31.12. Executing OPT_MERGE pass (detect identical cells).
Finding identical cells in module `\SOC'.
Removed a total of 0 cells.

42.31.13. Executing OPT_DFF pass (perform DFF optimizations).
Adding EN signal on $memory\CPU.registerFile[9]$3127 ($dff) from module SOC (D = \CPU.writeBackData, Q = \CPU.registerFile[9]).
Adding EN signal on $memory\CPU.registerFile[8]$3125 ($dff) from module SOC (D = \CPU.writeBackData, Q = \CPU.registerFile[8]).
Adding EN signal on $memory\CPU.registerFile[7]$3123 ($dff) from module SOC (D = \CPU.writeBackData, Q = \CPU.registerFile[7]).
Adding EN signal on $memory\CPU.registerFile[6]$3121 ($dff) from module SOC (D = \CPU.writeBackData, Q = \CPU.registerFile[6]).
Adding EN signal on $memory\CPU.registerFile[5]$3119 ($dff) from module SOC (D = \CPU.writeBackData, Q = \CPU.registerFile[5]).
Adding EN signal on $memory\CPU.registerFile[4]$3117 ($dff) from module SOC (D = \CPU.writeBackData, Q = \CPU.registerFile[4]).
Adding EN signal on $memory\CPU.registerFile[3]$3115 ($dff) from module SOC (D = \CPU.writeBackData, Q = \CPU.registerFile[3]).
Adding EN signal on $memory\CPU.registerFile[31]$3171 ($dff) from module SOC (D = \CPU.writeBackData, Q = \CPU.registerFile[31]).
Adding EN signal on $memory\CPU.registerFile[30]$3169 ($dff) from module SOC (D = \CPU.writeBackData, Q = \CPU.registerFile[30]).
Adding EN signal on $memory\CPU.registerFile[2]$3113 ($dff) from module SOC (D = \CPU.writeBackData, Q = \CPU.registerFile[2]).
Adding EN signal on $memory\CPU.registerFile[29]$3167 ($dff) from module SOC (D = \CPU.writeBackData, Q = \CPU.registerFile[29]).
Adding EN signal on $memory\CPU.registerFile[28]$3165 ($dff) from module SOC (D = \CPU.writeBackData, Q = \CPU.registerFile[28]).
Adding EN signal on $memory\CPU.registerFile[27]$3163 ($dff) from module SOC (D = \CPU.writeBackData, Q = \CPU.registerFile[27]).
Adding EN signal on $memory\CPU.registerFile[26]$3161 ($dff) from module SOC (D = \CPU.writeBackData, Q = \CPU.registerFile[26]).
Adding EN signal on $memory\CPU.registerFile[25]$3159 ($dff) from module SOC (D = \CPU.writeBackData, Q = \CPU.registerFile[25]).
Adding EN signal on $memory\CPU.registerFile[24]$3157 ($dff) from module SOC (D = \CPU.writeBackData, Q = \CPU.registerFile[24]).
Adding EN signal on $memory\CPU.registerFile[23]$3155 ($dff) from module SOC (D = \CPU.writeBackData, Q = \CPU.registerFile[23]).
Adding EN signal on $memory\CPU.registerFile[22]$3153 ($dff) from module SOC (D = \CPU.writeBackData, Q = \CPU.registerFile[22]).
Adding EN signal on $memory\CPU.registerFile[21]$3151 ($dff) from module SOC (D = \CPU.writeBackData, Q = \CPU.registerFile[21]).
Adding EN signal on $memory\CPU.registerFile[20]$3149 ($dff) from module SOC (D = \CPU.writeBackData, Q = \CPU.registerFile[20]).
Adding EN signal on $memory\CPU.registerFile[1]$3111 ($dff) from module SOC (D = \CPU.writeBackData, Q = \CPU.registerFile[1]).
Adding EN signal on $memory\CPU.registerFile[19]$3147 ($dff) from module SOC (D = \CPU.writeBackData, Q = \CPU.registerFile[19]).
Adding EN signal on $memory\CPU.registerFile[18]$3145 ($dff) from module SOC (D = \CPU.writeBackData, Q = \CPU.registerFile[18]).
Adding EN signal on $memory\CPU.registerFile[17]$3143 ($dff) from module SOC (D = \CPU.writeBackData, Q = \CPU.registerFile[17]).
Adding EN signal on $memory\CPU.registerFile[16]$3141 ($dff) from module SOC (D = \CPU.writeBackData, Q = \CPU.registerFile[16]).
Adding EN signal on $memory\CPU.registerFile[15]$3139 ($dff) from module SOC (D = \CPU.writeBackData, Q = \CPU.registerFile[15]).
Adding EN signal on $memory\CPU.registerFile[14]$3137 ($dff) from module SOC (D = \CPU.writeBackData, Q = \CPU.registerFile[14]).
Adding EN signal on $memory\CPU.registerFile[13]$3135 ($dff) from module SOC (D = \CPU.writeBackData, Q = \CPU.registerFile[13]).
Adding EN signal on $memory\CPU.registerFile[12]$3133 ($dff) from module SOC (D = \CPU.writeBackData, Q = \CPU.registerFile[12]).
Adding EN signal on $memory\CPU.registerFile[11]$3131 ($dff) from module SOC (D = \CPU.writeBackData, Q = \CPU.registerFile[11]).
Adding EN signal on $memory\CPU.registerFile[10]$3129 ($dff) from module SOC (D = \CPU.writeBackData, Q = \CPU.registerFile[10]).
Adding SRST signal on $memory\CPU.registerFile[0]$3109 ($dff) from module SOC (D = \CPU.writeBackData, Q = \CPU.registerFile[0], rval = 0).
Adding EN signal on $auto$ff.cc:266:slice$3075 ($sdffe) from module SOC (D = $flatten\CPU.$ternary$cores/cpu/femtorv32_quark.v:355$451_Y [0], Q = \CPU.PC [0]).
Adding SRST signal on $$flatten\Periferico_raiz1.\u_RAIZ.\CONTROL_RAIZ0.$auto$proc_rom.cc:150:do_switch$667$rdreg[0] ($dff) from module SOC (D = $memory$flatten\Periferico_raiz1.\u_RAIZ.\CONTROL_RAIZ0.$auto$proc_rom.cc:150:do_switch$667$rdmux[0][1][0]$a$3092 [4:3], Q = { \Periferico_raiz1.u_RAIZ.LSR_R_RAIZ0.R0 \Periferico_raiz1.DONE }, rval = 2'00).
Adding SRST signal on $$flatten\Periferico_raiz1.\u_RAIZ.\CONTROL_RAIZ0.$auto$proc_rom.cc:150:do_switch$667$rdreg[0] ($dff) from module SOC (D = $memory$flatten\Periferico_raiz1.\u_RAIZ.\CONTROL_RAIZ0.$auto$proc_rom.cc:150:do_switch$667$rdmux[0][1][0]$b$3093 [1], Q = \Periferico_raiz1.u_RAIZ.CONTROL_RAIZ0.LD_TMP, rval = 1'0).
Adding SRST signal on $$flatten\Periferico_raiz1.\u_RAIZ.\CONTROL_RAIZ0.$auto$proc_rom.cc:150:do_switch$667$rdreg[0] ($dff) from module SOC (D = $memory$flatten\Periferico_raiz1.\u_RAIZ.\CONTROL_RAIZ0.$auto$proc_rom.cc:150:do_switch$667$rdmux[0][1][0]$a$3092 [4:3], Q = { \Periferico_raiz1.u_RAIZ.CONTROL_RAIZ0.LD \Periferico_raiz1.u_RAIZ.CONTROL_RAIZ0.SH }, rval = 2'00).
Adding SRST signal on $$flatten\Periferico_raiz1.\u_RAIZ.\CONTROL_RAIZ0.$auto$proc_rom.cc:150:do_switch$667$rdreg[0] ($dff) from module SOC (D = $memory$flatten\Periferico_raiz1.\u_RAIZ.\CONTROL_RAIZ0.$auto$proc_rom.cc:150:do_switch$667$rdmux[0][0][0]$b$3090 [5], Q = \Periferico_raiz1.u_RAIZ.LSR_A_RAIZ0.LDA2, rval = 1'0).
Setting constant 1-bit at position 1 on $auto$ff.cc:266:slice$2545 ($dffe) from module SOC.

42.31.14. Executing OPT_CLEAN pass (remove unused cells and wires).
Finding unused cells or wires in module \SOC..
Removed 34 unused cells and 35 unused wires.

42.31.15. Executing OPT_EXPR pass (perform const folding).
Optimizing module SOC.

42.31.16. Rerunning OPT passes. (Maybe there is more to do..)

42.31.17. Executing OPT_MUXTREE pass (detect dead branches in mux trees).
Running muxtree optimizer on module \SOC..
  Creating internal representation of mux trees.
  Evaluating internal representation of mux trees.
  Analyzing evaluation results.
Removed 0 multiplexer ports.

42.31.18. Executing OPT_REDUCE pass (consolidate $*mux and $reduce_* inputs).
  Optimizing cells in module \SOC.
    New input vector for $reduce_and cell $auto$opt_dff.cc:220:make_patterns_logic$3804: { $auto$opt_dff.cc:194:make_patterns_logic$3076 $auto$opt_dff.cc:194:make_patterns_logic$3801 \CPU.state [2] }
    Consolidated identical input bits for $mux cell $flatten\CPU.$ternary$cores/cpu/femtorv32_quark.v:356$450:
      Old ports: A={ \CPU.PCplus4 [23:2] 2'x }, B={ \CPU.PCplusImm [23:1] 1'x }, Y=$flatten\CPU.$ternary$cores/cpu/femtorv32_quark.v:356$450_Y
      New ports: A={ \CPU.PCplus4 [23:2] 1'x }, B=\CPU.PCplusImm [23:1], Y=$flatten\CPU.$ternary$cores/cpu/femtorv32_quark.v:356$450_Y [23:1]
      New connections: $flatten\CPU.$ternary$cores/cpu/femtorv32_quark.v:356$450_Y [0] = 1'x
    Consolidated identical input bits for $pmux cell $flatten\Periferico_Binario_BCD1.$procmux$1719:
      Old ports: A=0, B={ 1'1 \Periferico_Binario_BCD1.u_BinarioABCD.LSR_BBCD0.SIGN [2] 1'1 \Periferico_Binario_BCD1.u_BinarioABCD.LSR_BBCD0.SIGN [0] \Periferico_Binario_BCD1.u_BinarioABCD.LSR_BBCD0.A 31'0000000000000000000000000000000 \Periferico_Binario_BCD1.DONE }, Y=$flatten\Periferico_Binario_BCD1.$procmux$1719_Y
      New ports: A=31'0000000000000000000000000000000, B={ \Periferico_Binario_BCD1.u_BinarioABCD.LSR_BBCD0.SIGN [2] 1'1 \Periferico_Binario_BCD1.u_BinarioABCD.LSR_BBCD0.SIGN [0] \Periferico_Binario_BCD1.u_BinarioABCD.LSR_BBCD0.A 30'000000000000000000000000000000 \Periferico_Binario_BCD1.DONE }, Y=$flatten\Periferico_Binario_BCD1.$procmux$1719_Y [30:0]
      New connections: $flatten\Periferico_Binario_BCD1.$procmux$1719_Y [31] = $flatten\Periferico_Binario_BCD1.$procmux$1719_Y [29]
  Optimizing cells in module \SOC.
Performed a total of 3 changes.

42.31.19. Executing OPT_MERGE pass (detect identical cells).
Finding identical cells in module `\SOC'.
Removed a total of 0 cells.

42.31.20. Executing OPT_DFF pass (perform DFF optimizations).

42.31.21. Executing OPT_CLEAN pass (remove unused cells and wires).
Finding unused cells or wires in module \SOC..

42.31.22. Executing OPT_EXPR pass (perform const folding).
Optimizing module SOC.

42.31.23. Rerunning OPT passes. (Maybe there is more to do..)

42.31.24. Executing OPT_MUXTREE pass (detect dead branches in mux trees).
Running muxtree optimizer on module \SOC..
  Creating internal representation of mux trees.
  Evaluating internal representation of mux trees.
  Analyzing evaluation results.
Removed 0 multiplexer ports.

42.31.25. Executing OPT_REDUCE pass (consolidate $*mux and $reduce_* inputs).
  Optimizing cells in module \SOC.
Performed a total of 0 changes.

42.31.26. Executing OPT_MERGE pass (detect identical cells).
Finding identical cells in module `\SOC'.
Removed a total of 0 cells.

42.31.27. Executing OPT_DFF pass (perform DFF optimizations).

42.31.28. Executing OPT_CLEAN pass (remove unused cells and wires).
Finding unused cells or wires in module \SOC..

42.31.29. Executing OPT_EXPR pass (perform const folding).
Optimizing module SOC.

42.31.30. Finished OPT passes. (There is nothing left to do.)

42.32. Executing TECHMAP pass (map to technology primitives).

42.32.1. Executing Verilog-2005 frontend: /home/juan-diego/miniconda3/envs/digital/bin/../share/yosys/techmap.v
Parsing Verilog input from `/home/juan-diego/miniconda3/envs/digital/bin/../share/yosys/techmap.v' to AST representation.
Generating RTLIL representation for module `\_90_simplemap_bool_ops'.
Generating RTLIL representation for module `\_90_simplemap_reduce_ops'.
Generating RTLIL representation for module `\_90_simplemap_logic_ops'.
Generating RTLIL representation for module `\_90_simplemap_compare_ops'.
Generating RTLIL representation for module `\_90_simplemap_various'.
Generating RTLIL representation for module `\_90_simplemap_registers'.
Generating RTLIL representation for module `\_90_shift_ops_shr_shl_sshl_sshr'.
Generating RTLIL representation for module `\_90_shift_shiftx'.
Generating RTLIL representation for module `\_90_fa'.
Generating RTLIL representation for module `\_90_lcu'.
Generating RTLIL representation for module `\_90_alu'.
Generating RTLIL representation for module `\_90_macc'.
Generating RTLIL representation for module `\_90_alumacc'.
Generating RTLIL representation for module `\$__div_mod_u'.
Generating RTLIL representation for module `\$__div_mod_trunc'.
Generating RTLIL representation for module `\_90_div'.
Generating RTLIL representation for module `\_90_mod'.
Generating RTLIL representation for module `\$__div_mod_floor'.
Generating RTLIL representation for module `\_90_divfloor'.
Generating RTLIL representation for module `\_90_modfloor'.
Generating RTLIL representation for module `\_90_pow'.
Generating RTLIL representation for module `\_90_pmux'.
Generating RTLIL representation for module `\_90_demux'.
Generating RTLIL representation for module `\_90_lut'.
Successfully finished Verilog frontend.

42.32.2. Executing Verilog-2005 frontend: /home/juan-diego/miniconda3/envs/digital/bin/../share/yosys/ecp5/arith_map.v
Parsing Verilog input from `/home/juan-diego/miniconda3/envs/digital/bin/../share/yosys/ecp5/arith_map.v' to AST representation.
Generating RTLIL representation for module `\_80_ecp5_alu'.
Successfully finished Verilog frontend.

42.32.3. Continuing TECHMAP pass.
Using extmapper simplemap for cells of type $reduce_or.
Using extmapper simplemap for cells of type $and.
Using extmapper simplemap for cells of type $eq.
Using template $paramod$c96def1cdcef2eee3c62e5dfb7ba2dd09c9f74dd\_90_pmux for cells of type $pmux.
Using template $paramod$d7387fdb214042e5ef2d69a3f74948694b4bb65e\_90_pmux for cells of type $pmux.
Using extmapper simplemap for cells of type $not.
Using extmapper simplemap for cells of type $sdff.
Using extmapper simplemap for cells of type $dffe.
Using extmapper maccmap for cells of type $macc.
  add \Periferico_raiz1.u_RAIZ.LSR_A_RAIZ0.A_out (16 bits, unsigned)
  sub { \Periferico_raiz1.u_RAIZ.LSR_TMP_RAIZ0.TMP_out [13:0] 2'00 } (16 bits, unsigned)
  add 16'1111111111111111 (16 bits, unsigned)
Using template $paramod$672a140277c71df8314410f22acc08d55222c3c7\_80_ecp5_alu for cells of type $alu.
Using extmapper simplemap for cells of type $mux.
Using extmapper simplemap for cells of type $sdffe.
Using extmapper simplemap for cells of type $sdffce.
Using extmapper simplemap for cells of type $dff.
Using extmapper simplemap for cells of type $or.
Using extmapper simplemap for cells of type $reduce_bool.
Using template $paramod$c2e415ef15bc3ccd2723772353a6b450d3d76206\_90_pmux for cells of type $pmux.
Using template $paramod$dc04b7d98e503a7bab16fce2df70e6e2c5ca34d6\_80_ecp5_alu for cells of type $alu.
Using extmapper simplemap for cells of type $logic_not.
Using template $paramod$6a42b6fefed750f8a1c58eab59479d960557103c\_80_ecp5_alu for cells of type $alu.
Using template $paramod$e82d3fc1811c5751348a3964470632b35a435fc7\_80_ecp5_alu for cells of type $alu.
Using template $paramod$448756c9a9dfaa49080ce4b90c6cc182883e181f\_80_ecp5_alu for cells of type $alu.
Using template $paramod$a04dd9d4d8b430140c4ff94b50470fb380fda2a0\_80_ecp5_alu for cells of type $alu.
Using extmapper simplemap for cells of type $xor.
Using template $paramod$080e6a70eb8bfa1ccf22d9718e795074645029a4\_80_ecp5_alu for cells of type $alu.
Using template $paramod$a1665ef28c749ebcdbe9aecd466e644647b56463\_80_ecp5_alu for cells of type $alu.
Using template $paramod$constmap:1b6115d36d46c0296d0024e3e3623593810ba834$paramod$3b3a66a7766bf28794ddcd35314b025da1fe57c8\_90_shift_ops_shr_shl_sshl_sshr for cells of type $shl.
Using extmapper simplemap for cells of type $reduce_and.
Using extmapper simplemap for cells of type $ne.
Using template $paramod$32efbfac1c4dc57230cf86180788fdfd12e3b511\_80_ecp5_alu for cells of type $alu.
Using extmapper simplemap for cells of type $logic_and.
Using template $paramod$56f7ce6d87f8add68ca646dc02d7695a3189f8e5\_90_pmux for cells of type $pmux.
Using template $paramod$e04283ca12514baf3d204c6994bec8f178dd89f8\_80_ecp5_alu for cells of type $alu.
Using template $paramod$77db613179eb70c5e4e5c5aca72d602a7c6017b6\_90_pmux for cells of type $pmux.
Using template $paramod$8fabc56b80a569262acfc42757a02ca0b8e91278\_90_pmux for cells of type $pmux.
Using template $paramod$6412f7f13655de512a17af2c71a87b50b4a57324\_80_ecp5_alu for cells of type $alu.
Using template $paramod$bee2d9b174e5d569acba3e70eed4e815564102b5\_80_ecp5_alu for cells of type $alu.
Using template $paramod$57f63e8a3282e053be0430389b09fa050ac7dca0\_90_pmux for cells of type $pmux.
Using template $paramod$2653f68ddb8eab7b1907b4a20767b72a824a7a36\_80_ecp5_alu for cells of type $alu.
Using extmapper simplemap for cells of type $dlatch.
Using template $paramod$d843018565ef722782d28339c99ecf00b278e074\_90_pmux for cells of type $pmux.
Using template $paramod$54d740639e1393b22262823179ff783ea9f17a35\_90_pmux for cells of type $pmux.
Using template $paramod$32a7b7b86c07519b7537abc18e96f0331f97914d\_90_alu for cells of type $alu.
Using template $paramod$20d3ee62d72123142eb855d7ddafd835e31ba009\_90_pmux for cells of type $pmux.
Using template $paramod$0d149ffe75563ef6fcc1a3dddc59d00af28651a7\_90_pmux for cells of type $pmux.
Using extmapper simplemap for cells of type $logic_or.
Using template $paramod$f85408ed1aa3d09e465edae8a7bf590332ae9f7b\_90_alu for cells of type $alu.
Using template $paramod$83dd457849c736323edf2edb15923eb27f99c683\_80_ecp5_alu for cells of type $alu.
Using template $paramod$79aa992f2eb7f354d4aaf651790713cf239111fa\_80_ecp5_alu for cells of type $alu.
Using template $paramod$f08cf4b531f7b2bd95251b79857dfb970a6679fc\_90_pmux for cells of type $pmux.
Using template $paramod$5ccf584370207a3ccc3032757a8e590623d4de56\_90_alu for cells of type $alu.
Using template $paramod$175e67c02b86e96b1288b9dc100122520d7240d8\_90_alu for cells of type $alu.
Using template $paramod$fbc7873bff55778c0b3173955b7e4bce1d9d6834\_80_ecp5_alu for cells of type $alu.
Using template $paramod$cc1e387d9d5ac1d3f6e6bed180038d9c0ac48d0c\_90_pmux for cells of type $pmux.
Using template $paramod$789c344356a154d2afc7b832b41d1067dbc946ba\_80_ecp5_alu for cells of type $alu.
Using template $paramod$521ce43182eecb9f60c72393a788160d2c356bf5\_90_pmux for cells of type $pmux.
Using template $paramod$5fa769bd6f6ca230a24c9bbc0e120f15bcfea838\_90_pmux for cells of type $pmux.
Using extmapper simplemap for cells of type $pos.
Using template $paramod$6df0329addda9228fcc2546de2aaf14ad26c98e1\_80_ecp5_alu for cells of type $alu.
Using template $paramod\_90_lcu\WIDTH=32'00000000000000000000000000000100 for cells of type $lcu.
Using template $paramod\_90_lcu\WIDTH=32'00000000000000000000000000000010 for cells of type $lcu.
No more expansions possible.

42.33. Executing OPT pass (performing simple optimizations).

42.33.1. Executing OPT_EXPR pass (perform const folding).
Optimizing module SOC.

42.33.2. Executing OPT_MERGE pass (detect identical cells).
Finding identical cells in module `\SOC'.
Removed a total of 417 cells.

42.33.3. Executing OPT_DFF pass (perform DFF optimizations).
Adding EN signal on $auto$ff.cc:266:slice$7586 ($_DFF_P_) from module SOC (D = \CPU.rs2 [2], Q = \per_uart.uart_ctrl [2]).

42.33.4. Executing OPT_CLEAN pass (remove unused cells and wires).
Finding unused cells or wires in module \SOC..
Removed 1017 unused cells and 4264 unused wires.

42.33.5. Rerunning OPT passes. (Removed registers in this run.)

42.33.6. Executing OPT_EXPR pass (perform const folding).
Optimizing module SOC.

42.33.7. Executing OPT_MERGE pass (detect identical cells).
Finding identical cells in module `\SOC'.
Removed a total of 0 cells.

42.33.8. Executing OPT_DFF pass (perform DFF optimizations).
Adding SRST signal on $auto$ff.cc:266:slice$7943 ($_SDFF_PN0_) from module SOC (D = \CPU.state [1], Q = \CPU.state [2], rval = 1'0).
Adding SRST signal on $auto$ff.cc:266:slice$7920 ($_DFF_P_) from module SOC (D = $flatten\Periferico_Divisor1.\u_Divisor_Top.\control.$procmux$768.Y_B [2], Q = \Periferico_Divisor1.u_Divisor_Top.control.NEXT_STATE [2], rval = 1'0).
Adding SRST signal on $auto$ff.cc:266:slice$7919 ($_DFF_P_) from module SOC (D = $flatten\Periferico_Divisor1.\u_Divisor_Top.\control.$procmux$768.Y_B [1], Q = \Periferico_Divisor1.u_Divisor_Top.control.NEXT_STATE [1], rval = 1'0).
Adding SRST signal on $auto$ff.cc:266:slice$7918 ($_DFF_P_) from module SOC (D = $flatten\Periferico_Divisor1.\u_Divisor_Top.\control.$procmux$768.Y_B [0], Q = \Periferico_Divisor1.u_Divisor_Top.control.NEXT_STATE [0], rval = 1'0).
Adding SRST signal on $auto$ff.cc:266:slice$7074 ($_DFF_P_) from module SOC (D = $flatten\Periferico_Multiplicador1.\u_TOP_Multiplicador.\Control_Multiplicador0.$procmux$890.Y_B [2], Q = \Periferico_Multiplicador1.u_TOP_Multiplicador.Control_Multiplicador0.NEXT_STATE [2], rval = 1'0).
Adding SRST signal on $auto$ff.cc:266:slice$7073 ($_DFF_P_) from module SOC (D = $flatten\Periferico_Multiplicador1.\u_TOP_Multiplicador.\Control_Multiplicador0.$procmux$890.Y_B [1], Q = \Periferico_Multiplicador1.u_TOP_Multiplicador.Control_Multiplicador0.NEXT_STATE [1], rval = 1'0).
Adding SRST signal on $auto$ff.cc:266:slice$7072 ($_DFF_P_) from module SOC (D = $flatten\Periferico_Multiplicador1.\u_TOP_Multiplicador.\Control_Multiplicador0.$procmux$890.Y_B [0], Q = \Periferico_Multiplicador1.u_TOP_Multiplicador.Control_Multiplicador0.NEXT_STATE [0], rval = 1'0).
Adding SRST signal on $auto$ff.cc:266:slice$11512 ($_DFF_P_) from module SOC (D = $flatten\per_uart.$procmux$1834.B_AND_S [9], Q = \per_uart.d_out [9], rval = 1'0).
Adding SRST signal on $auto$ff.cc:266:slice$11511 ($_DFF_P_) from module SOC (D = $flatten\per_uart.$procmux$1834.B_AND_S [8], Q = \per_uart.d_out [8], rval = 1'0).
Adding SRST signal on $auto$ff.cc:266:slice$11510 ($_DFF_P_) from module SOC (D = $flatten\per_uart.$procmux$1834.Y_B [7], Q = \per_uart.d_out [7], rval = 1'0).
Adding SRST signal on $auto$ff.cc:266:slice$11509 ($_DFF_P_) from module SOC (D = $flatten\per_uart.$procmux$1834.B_AND_S [16], Q = \per_uart.d_out [6], rval = 1'0).
Adding SRST signal on $auto$ff.cc:266:slice$11508 ($_DFF_P_) from module SOC (D = $flatten\per_uart.$procmux$1834.B_AND_S [15], Q = \per_uart.d_out [5], rval = 1'0).
Adding SRST signal on $auto$ff.cc:266:slice$11507 ($_DFF_P_) from module SOC (D = $flatten\per_uart.$procmux$1834.B_AND_S [14], Q = \per_uart.d_out [4], rval = 1'0).
Adding SRST signal on $auto$ff.cc:266:slice$11506 ($_DFF_P_) from module SOC (D = $flatten\per_uart.$procmux$1834.B_AND_S [13], Q = \per_uart.d_out [3], rval = 1'0).
Adding SRST signal on $auto$ff.cc:266:slice$11505 ($_DFF_P_) from module SOC (D = $flatten\per_uart.$procmux$1834.B_AND_S [12], Q = \per_uart.d_out [2], rval = 1'0).
Adding SRST signal on $auto$ff.cc:266:slice$11504 ($_DFF_P_) from module SOC (D = $flatten\per_uart.$procmux$1834.B_AND_S [11], Q = \per_uart.d_out [1], rval = 1'0).
Adding SRST signal on $auto$ff.cc:266:slice$11503 ($_DFF_P_) from module SOC (D = $flatten\per_uart.$procmux$1834.B_AND_S [10], Q = \per_uart.d_out [0], rval = 1'0).
Adding SRST signal on $auto$ff.cc:266:slice$11266 ($_DFF_P_) from module SOC (D = $flatten\Periferico_BCD_Binario1.\u_BCDABinario.\CONTROL_BCDB0.$procmux$1266.Y_B [2], Q = \Periferico_BCD_Binario1.u_BCDABinario.CONTROL_BCDB0.NEXT_STATE [2], rval = 1'0).
Adding SRST signal on $auto$ff.cc:266:slice$11265 ($_DFF_P_) from module SOC (D = $flatten\Periferico_BCD_Binario1.\u_BCDABinario.\CONTROL_BCDB0.$procmux$1266.Y_B [1], Q = \Periferico_BCD_Binario1.u_BCDABinario.CONTROL_BCDB0.NEXT_STATE [1], rval = 1'0).
Adding SRST signal on $auto$ff.cc:266:slice$11264 ($_DFF_P_) from module SOC (D = $flatten\Periferico_BCD_Binario1.\u_BCDABinario.\CONTROL_BCDB0.$procmux$1266.Y_B [0], Q = \Periferico_BCD_Binario1.u_BCDABinario.CONTROL_BCDB0.NEXT_STATE [0], rval = 1'0).
Adding SRST signal on $auto$ff.cc:266:slice$10382 ($_DFF_P_) from module SOC (D = $flatten\Periferico_Binario_BCD1.\u_BinarioABCD.\CONTROL_BBCD0.$procmux$1128.Y_B [2], Q = \Periferico_Binario_BCD1.u_BinarioABCD.CONTROL_BBCD0.NEXT_STATE [2], rval = 1'0).
Adding SRST signal on $auto$ff.cc:266:slice$10381 ($_DFF_P_) from module SOC (D = $flatten\Periferico_Binario_BCD1.\u_BinarioABCD.\CONTROL_BBCD0.$procmux$1128.Y_B [1], Q = \Periferico_Binario_BCD1.u_BinarioABCD.CONTROL_BBCD0.NEXT_STATE [1], rval = 1'0).
Adding SRST signal on $auto$ff.cc:266:slice$10380 ($_DFF_P_) from module SOC (D = $flatten\Periferico_Binario_BCD1.\u_BinarioABCD.\CONTROL_BBCD0.$procmux$1128.Y_B [0], Q = \Periferico_Binario_BCD1.u_BinarioABCD.CONTROL_BBCD0.NEXT_STATE [0], rval = 1'0).

42.33.9. Executing OPT_CLEAN pass (remove unused cells and wires).
Finding unused cells or wires in module \SOC..
Removed 23 unused cells and 6 unused wires.

42.33.10. Rerunning OPT passes. (Removed registers in this run.)

42.33.11. Executing OPT_EXPR pass (perform const folding).
Optimizing module SOC.

42.33.12. Executing OPT_MERGE pass (detect identical cells).
Finding identical cells in module `\SOC'.
Removed a total of 0 cells.

42.33.13. Executing OPT_DFF pass (perform DFF optimizations).

42.33.14. Executing OPT_CLEAN pass (remove unused cells and wires).
Finding unused cells or wires in module \SOC..

42.33.15. Finished fast OPT passes.

42.34. Executing OPT_CLEAN pass (remove unused cells and wires).
Finding unused cells or wires in module \SOC..

42.35. Executing DFFLEGALIZE pass (convert FFs to types supported by the target).

42.36. Executing TECHMAP pass (map to technology primitives).

42.36.1. Executing Verilog-2005 frontend: /home/juan-diego/miniconda3/envs/digital/bin/../share/yosys/ecp5/cells_map.v
Parsing Verilog input from `/home/juan-diego/miniconda3/envs/digital/bin/../share/yosys/ecp5/cells_map.v' to AST representation.
Generating RTLIL representation for module `\$_DFF_N_'.
Generating RTLIL representation for module `\$_DFF_P_'.
Generating RTLIL representation for module `\$_DFFE_NN_'.
Generating RTLIL representation for module `\$_DFFE_PN_'.
Generating RTLIL representation for module `\$_DFFE_NP_'.
Generating RTLIL representation for module `\$_DFFE_PP_'.
Generating RTLIL representation for module `\$_DFF_NP0_'.
Generating RTLIL representation for module `\$_DFF_NP1_'.
Generating RTLIL representation for module `\$_DFF_PP0_'.
Generating RTLIL representation for module `\$_DFF_PP1_'.
Generating RTLIL representation for module `\$_SDFF_NP0_'.
Generating RTLIL representation for module `\$_SDFF_NP1_'.
Generating RTLIL representation for module `\$_SDFF_PP0_'.
Generating RTLIL representation for module `\$_SDFF_PP1_'.
Generating RTLIL representation for module `\$_DFFE_NP0P_'.
Generating RTLIL representation for module `\$_DFFE_NP1P_'.
Generating RTLIL representation for module `\$_DFFE_PP0P_'.
Generating RTLIL representation for module `\$_DFFE_PP1P_'.
Generating RTLIL representation for module `\$_DFFE_NP0N_'.
Generating RTLIL representation for module `\$_DFFE_NP1N_'.
Generating RTLIL representation for module `\$_DFFE_PP0N_'.
Generating RTLIL representation for module `\$_DFFE_PP1N_'.
Generating RTLIL representation for module `\$_SDFFE_NP0P_'.
Generating RTLIL representation for module `\$_SDFFE_NP1P_'.
Generating RTLIL representation for module `\$_SDFFE_PP0P_'.
Generating RTLIL representation for module `\$_SDFFE_PP1P_'.
Generating RTLIL representation for module `\$_SDFFE_NP0N_'.
Generating RTLIL representation for module `\$_SDFFE_NP1N_'.
Generating RTLIL representation for module `\$_SDFFE_PP0N_'.
Generating RTLIL representation for module `\$_SDFFE_PP1N_'.
Generating RTLIL representation for module `\$_ALDFF_NP_'.
Generating RTLIL representation for module `\$_ALDFF_PP_'.
Generating RTLIL representation for module `\$_ALDFFE_NPN_'.
Generating RTLIL representation for module `\$_ALDFFE_NPP_'.
Generating RTLIL representation for module `\$_ALDFFE_PPN_'.
Generating RTLIL representation for module `\$_ALDFFE_PPP_'.
Generating RTLIL representation for module `\FD1P3AX'.
Generating RTLIL representation for module `\FD1P3AY'.
Generating RTLIL representation for module `\FD1P3BX'.
Generating RTLIL representation for module `\FD1P3DX'.
Generating RTLIL representation for module `\FD1P3IX'.
Generating RTLIL representation for module `\FD1P3JX'.
Generating RTLIL representation for module `\FD1S3AX'.
Generating RTLIL representation for module `\FD1S3AY'.
Generating RTLIL representation for module `\FD1S3BX'.
Generating RTLIL representation for module `\FD1S3DX'.
Generating RTLIL representation for module `\FD1S3IX'.
Generating RTLIL representation for module `\FD1S3JX'.
Generating RTLIL representation for module `\IFS1P3BX'.
Generating RTLIL representation for module `\IFS1P3DX'.
Generating RTLIL representation for module `\IFS1P3IX'.
Generating RTLIL representation for module `\IFS1P3JX'.
Generating RTLIL representation for module `\OFS1P3BX'.
Generating RTLIL representation for module `\OFS1P3DX'.
Generating RTLIL representation for module `\OFS1P3IX'.
Generating RTLIL representation for module `\OFS1P3JX'.
Generating RTLIL representation for module `\IB'.
Generating RTLIL representation for module `\IBPU'.
Generating RTLIL representation for module `\IBPD'.
Generating RTLIL representation for module `\OB'.
Generating RTLIL representation for module `\OBZ'.
Generating RTLIL representation for module `\OBZPU'.
Generating RTLIL representation for module `\OBZPD'.
Generating RTLIL representation for module `\OBCO'.
Generating RTLIL representation for module `\BB'.
Generating RTLIL representation for module `\BBPU'.
Generating RTLIL representation for module `\BBPD'.
Generating RTLIL representation for module `\ILVDS'.
Generating RTLIL representation for module `\OLVDS'.
Successfully finished Verilog frontend.

42.36.2. Continuing TECHMAP pass.
Using template $paramod\$_DFFE_PP_\_TECHMAP_WIREINIT_Q_=1'x for cells of type $_DFFE_PP_.
Using template \$_SDFFE_PP0P_ for cells of type $_SDFFE_PP0P_.
Using template $paramod\$_DFFE_PN_\_TECHMAP_WIREINIT_Q_=1'x for cells of type $_DFFE_PN_.
Using template \$_SDFF_PP0_ for cells of type $_SDFF_PP0_.
Using template \$_SDFFE_PP1P_ for cells of type $_SDFFE_PP1P_.
Using template \$_SDFF_PP1_ for cells of type $_SDFF_PP1_.
Using template $paramod\$_DFF_P_\_TECHMAP_WIREINIT_Q_=1'x for cells of type $_DFF_P_.
Using template \$_SDFFE_PP0N_ for cells of type $_SDFFE_PP0N_.
Using template $paramod\$_DFFE_PP_\_TECHMAP_WIREINIT_Q_=1'0 for cells of type $_DFFE_PP_.
Using template \$_SDFFE_PP1N_ for cells of type $_SDFFE_PP1N_.
No more expansions possible.

42.37. Executing OPT_EXPR pass (perform const folding).
Optimizing module SOC.

42.38. Executing SIMPLEMAP pass (map simple cells to gate primitives).

42.39. Executing LATTICE_GSR pass (implement FF init values).
Handling GSR in SOC.

42.40. Executing ATTRMVCP pass (move or copy attributes).

42.41. Executing OPT_CLEAN pass (remove unused cells and wires).
Finding unused cells or wires in module \SOC..
Removed 22 unused cells and 10209 unused wires.

42.42. Executing TECHMAP pass (map to technology primitives).

42.42.1. Executing Verilog-2005 frontend: /home/juan-diego/miniconda3/envs/digital/bin/../share/yosys/ecp5/latches_map.v
Parsing Verilog input from `/home/juan-diego/miniconda3/envs/digital/bin/../share/yosys/ecp5/latches_map.v' to AST representation.
Generating RTLIL representation for module `\$_DLATCH_N_'.
Generating RTLIL representation for module `\$_DLATCH_P_'.
Successfully finished Verilog frontend.

42.42.2. Continuing TECHMAP pass.

42.42.3. Executing SIMPLEMAP pass (map simple cells to gate primitives).
Mapping \$_DLATCH_N_.$ternary$/home/juan-diego/miniconda3/envs/digital/bin/../share/yosys/ecp5/latches_map.v:4$22149 ($mux).
Mapping \$_DLATCH_N_.$logic_not$/home/juan-diego/miniconda3/envs/digital/bin/../share/yosys/ecp5/latches_map.v:4$22148 ($logic_not).

42.42.4. Executing OPT pass (performing simple optimizations).

42.42.4.1. Executing OPT_EXPR pass (perform const folding).
Optimizing module \$_DLATCH_N_.

42.42.4.2. Executing OPT_MERGE pass (detect identical cells).
Finding identical cells in module `\$_DLATCH_N_'.
Removed a total of 0 cells.

42.42.4.3. Executing OPT_MUXTREE pass (detect dead branches in mux trees).
Running muxtree optimizer on module \$_DLATCH_N_..
  Creating internal representation of mux trees.
  No muxes found in this module.
Removed 0 multiplexer ports.

42.42.4.4. Executing OPT_REDUCE pass (consolidate $*mux and $reduce_* inputs).
  Optimizing cells in module \$_DLATCH_N_.
Performed a total of 0 changes.

42.42.4.5. Executing OPT_MERGE pass (detect identical cells).
Finding identical cells in module `\$_DLATCH_N_'.
Removed a total of 0 cells.

42.42.4.6. Executing OPT_DFF pass (perform DFF optimizations).

42.42.4.7. Executing OPT_CLEAN pass (remove unused cells and wires).
Finding unused cells or wires in module \$_DLATCH_N_..
Removed 1 unused cells and 2 unused wires.

42.42.4.8. Executing OPT_EXPR pass (perform const folding).
Optimizing module \$_DLATCH_N_.

42.42.4.9. Rerunning OPT passes. (Maybe there is more to do..)

42.42.4.10. Executing OPT_MUXTREE pass (detect dead branches in mux trees).
Running muxtree optimizer on module \$_DLATCH_N_..
  Creating internal representation of mux trees.
  No muxes found in this module.
Removed 0 multiplexer ports.

42.42.4.11. Executing OPT_REDUCE pass (consolidate $*mux and $reduce_* inputs).
  Optimizing cells in module \$_DLATCH_N_.
Performed a total of 0 changes.

42.42.4.12. Executing OPT_MERGE pass (detect identical cells).
Finding identical cells in module `\$_DLATCH_N_'.
Removed a total of 0 cells.

42.42.4.13. Executing OPT_DFF pass (perform DFF optimizations).

42.42.4.14. Executing OPT_CLEAN pass (remove unused cells and wires).
Finding unused cells or wires in module \$_DLATCH_N_..

42.42.4.15. Executing OPT_EXPR pass (perform const folding).
Optimizing module \$_DLATCH_N_.

42.42.4.16. Finished OPT passes. (There is nothing left to do.)
Using template \$_DLATCH_N_ for cells of type $_DLATCH_N_.
No more expansions possible.

42.43. Executing ABC pass (technology mapping using ABC).

42.43.1. Extracting gate netlist of module `\SOC' to `<abc-temp-dir>/input.blif'..
Breaking loop using new signal $abcloop$22154: \CPU.mem_rdata [15] -> $memory\CPU.registerFile$rdmux[1][3][1]$b$3298 [31]
                                               \CPU.mem_rdata [15] -> $memory\CPU.registerFile$rdmux[1][3][1]$b$3298 [30]
                                               \CPU.mem_rdata [15] -> $memory\CPU.registerFile$rdmux[1][3][1]$b$3298 [29]
                                               \CPU.mem_rdata [15] -> $memory\CPU.registerFile$rdmux[1][3][1]$b$3298 [28]
                                               \CPU.mem_rdata [15] -> $memory\CPU.registerFile$rdmux[1][3][1]$b$3298 [27]
                                               \CPU.mem_rdata [15] -> $memory\CPU.registerFile$rdmux[1][3][1]$b$3298 [26]
                                               \CPU.mem_rdata [15] -> $memory\CPU.registerFile$rdmux[1][3][1]$b$3298 [25]
                                               \CPU.mem_rdata [15] -> $memory\CPU.registerFile$rdmux[1][3][1]$b$3298 [24]
                                               \CPU.mem_rdata [15] -> $memory\CPU.registerFile$rdmux[1][3][1]$b$3298 [23]
                                               \CPU.mem_rdata [15] -> $memory\CPU.registerFile$rdmux[1][3][1]$b$3298 [22]
                                               \CPU.mem_rdata [15] -> $memory\CPU.registerFile$rdmux[1][3][1]$b$3298 [21]
                                               \CPU.mem_rdata [15] -> $memory\CPU.registerFile$rdmux[1][3][1]$b$3298 [20]
                                               \CPU.mem_rdata [15] -> $memory\CPU.registerFile$rdmux[1][3][1]$b$3298 [19]
                                               \CPU.mem_rdata [15] -> $memory\CPU.registerFile$rdmux[1][3][1]$b$3298 [18]
                                               \CPU.mem_rdata [15] -> $memory\CPU.registerFile$rdmux[1][3][1]$b$3298 [17]
                                               \CPU.mem_rdata [15] -> $memory\CPU.registerFile$rdmux[1][3][1]$b$3298 [16]
                                               \CPU.mem_rdata [15] -> $memory\CPU.registerFile$rdmux[1][3][1]$b$3298 [15]
                                               \CPU.mem_rdata [15] -> $memory\CPU.registerFile$rdmux[1][3][1]$b$3298 [14]
                                               \CPU.mem_rdata [15] -> $memory\CPU.registerFile$rdmux[1][3][1]$b$3298 [13]
                                               \CPU.mem_rdata [15] -> $memory\CPU.registerFile$rdmux[1][3][1]$b$3298 [12]
                                               \CPU.mem_rdata [15] -> $memory\CPU.registerFile$rdmux[1][3][1]$b$3298 [11]
                                               \CPU.mem_rdata [15] -> $memory\CPU.registerFile$rdmux[1][3][1]$b$3298 [10]
                                               \CPU.mem_rdata [15] -> $memory\CPU.registerFile$rdmux[1][3][1]$b$3298 [9]
                                               \CPU.mem_rdata [15] -> $memory\CPU.registerFile$rdmux[1][3][1]$b$3298 [8]
                                               \CPU.mem_rdata [15] -> $memory\CPU.registerFile$rdmux[1][3][1]$b$3298 [7]
                                               \CPU.mem_rdata [15] -> $memory\CPU.registerFile$rdmux[1][3][1]$b$3298 [6]
                                               \CPU.mem_rdata [15] -> $memory\CPU.registerFile$rdmux[1][3][1]$b$3298 [5]
                                               \CPU.mem_rdata [15] -> $memory\CPU.registerFile$rdmux[1][3][1]$b$3298 [4]
                                               \CPU.mem_rdata [15] -> $memory\CPU.registerFile$rdmux[1][3][1]$b$3298 [3]
                                               \CPU.mem_rdata [15] -> $memory\CPU.registerFile$rdmux[1][3][1]$b$3298 [2]
                                               \CPU.mem_rdata [15] -> $memory\CPU.registerFile$rdmux[1][3][1]$b$3298 [1]
                                               \CPU.mem_rdata [15] -> $memory\CPU.registerFile$rdmux[1][3][1]$b$3298 [0]
                                               \CPU.mem_rdata [15] -> $flatten\CPU.$ternary$cores/cpu/femtorv32_quark.v:258$417_Y [15]
                                               \CPU.mem_rdata [15] -> \CPU.LOAD_halfword [15]
                                               \CPU.mem_rdata [15] -> $memory\CPU.registerFile$rdmux[1][3][3]$b$3304 [31]
                                               \CPU.mem_rdata [15] -> $memory\CPU.registerFile$rdmux[1][3][3]$b$3304 [30]
                                               \CPU.mem_rdata [15] -> $memory\CPU.registerFile$rdmux[1][3][3]$b$3304 [29]
                                               \CPU.mem_rdata [15] -> $memory\CPU.registerFile$rdmux[1][3][3]$b$3304 [28]
                                               \CPU.mem_rdata [15] -> $memory\CPU.registerFile$rdmux[1][3][3]$b$3304 [27]
                                               \CPU.mem_rdata [15] -> $memory\CPU.registerFile$rdmux[1][3][3]$b$3304 [26]
                                               \CPU.mem_rdata [15] -> $memory\CPU.registerFile$rdmux[1][3][3]$b$3304 [25]
                                               \CPU.mem_rdata [15] -> $memory\CPU.registerFile$rdmux[1][3][3]$b$3304 [24]
                                               \CPU.mem_rdata [15] -> $memory\CPU.registerFile$rdmux[1][3][3]$b$3304 [23]
                                               \CPU.mem_rdata [15] -> $memory\CPU.registerFile$rdmux[1][3][3]$b$3304 [22]
                                               \CPU.mem_rdata [15] -> $memory\CPU.registerFile$rdmux[1][3][3]$b$3304 [21]
                                               \CPU.mem_rdata [15] -> $memory\CPU.registerFile$rdmux[1][3][3]$b$3304 [20]
                                               \CPU.mem_rdata [15] -> $memory\CPU.registerFile$rdmux[1][3][3]$b$3304 [19]
                                               \CPU.mem_rdata [15] -> $memory\CPU.registerFile$rdmux[1][3][3]$b$3304 [18]
                                               \CPU.mem_rdata [15] -> $memory\CPU.registerFile$rdmux[1][3][3]$b$3304 [17]
                                               \CPU.mem_rdata [15] -> $memory\CPU.registerFile$rdmux[1][3][3]$b$3304 [16]
                                               \CPU.mem_rdata [15] -> $memory\CPU.registerFile$rdmux[1][3][3]$b$3304 [15]
                                               \CPU.mem_rdata [15] -> $memory\CPU.registerFile$rdmux[1][3][3]$b$3304 [14]
                                               \CPU.mem_rdata [15] -> $memory\CPU.registerFile$rdmux[1][3][3]$b$3304 [13]
                                               \CPU.mem_rdata [15] -> $memory\CPU.registerFile$rdmux[1][3][3]$b$3304 [12]
                                               \CPU.mem_rdata [15] -> $memory\CPU.registerFile$rdmux[1][3][3]$b$3304 [11]
                                               \CPU.mem_rdata [15] -> $memory\CPU.registerFile$rdmux[1][3][3]$b$3304 [10]
                                               \CPU.mem_rdata [15] -> $memory\CPU.registerFile$rdmux[1][3][3]$b$3304 [9]
                                               \CPU.mem_rdata [15] -> $memory\CPU.registerFile$rdmux[1][3][3]$b$3304 [8]
                                               \CPU.mem_rdata [15] -> $memory\CPU.registerFile$rdmux[1][3][3]$b$3304 [7]
                                               \CPU.mem_rdata [15] -> $memory\CPU.registerFile$rdmux[1][3][3]$b$3304 [6]
                                               \CPU.mem_rdata [15] -> $memory\CPU.registerFile$rdmux[1][3][3]$b$3304 [5]
                                               \CPU.mem_rdata [15] -> $memory\CPU.registerFile$rdmux[1][3][3]$b$3304 [4]
                                               \CPU.mem_rdata [15] -> $memory\CPU.registerFile$rdmux[1][3][3]$b$3304 [3]
                                               \CPU.mem_rdata [15] -> $memory\CPU.registerFile$rdmux[1][3][3]$b$3304 [2]
                                               \CPU.mem_rdata [15] -> $memory\CPU.registerFile$rdmux[1][3][3]$b$3304 [1]
                                               \CPU.mem_rdata [15] -> $memory\CPU.registerFile$rdmux[1][3][3]$b$3304 [0]
                                               \CPU.mem_rdata [15] -> $memory\CPU.registerFile$rdmux[1][3][5]$b$3310 [31]
                                               \CPU.mem_rdata [15] -> $memory\CPU.registerFile$rdmux[1][3][5]$a$3309 [31]
                                               \CPU.mem_rdata [15] -> $memory\CPU.registerFile$rdmux[1][3][5]$b$3310 [30]
                                               \CPU.mem_rdata [15] -> $memory\CPU.registerFile$rdmux[1][3][5]$a$3309 [30]
                                               \CPU.mem_rdata [15] -> $memory\CPU.registerFile$rdmux[1][3][5]$b$3310 [29]
                                               \CPU.mem_rdata [15] -> $memory\CPU.registerFile$rdmux[1][3][5]$a$3309 [29]
                                               \CPU.mem_rdata [15] -> $memory\CPU.registerFile$rdmux[1][3][5]$b$3310 [28]
                                               \CPU.mem_rdata [15] -> $memory\CPU.registerFile$rdmux[1][3][5]$a$3309 [28]
                                               \CPU.mem_rdata [15] -> $memory\CPU.registerFile$rdmux[1][3][5]$b$3310 [27]
                                               \CPU.mem_rdata [15] -> $memory\CPU.registerFile$rdmux[1][3][5]$a$3309 [27]
                                               \CPU.mem_rdata [15] -> $memory\CPU.registerFile$rdmux[1][3][5]$b$3310 [26]
                                               \CPU.mem_rdata [15] -> $memory\CPU.registerFile$rdmux[1][3][5]$a$3309 [26]
                                               \CPU.mem_rdata [15] -> $memory\CPU.registerFile$rdmux[1][3][5]$b$3310 [25]
                                               \CPU.mem_rdata [15] -> $memory\CPU.registerFile$rdmux[1][3][5]$a$3309 [25]
                                               \CPU.mem_rdata [15] -> $memory\CPU.registerFile$rdmux[1][3][5]$b$3310 [24]
                                               \CPU.mem_rdata [15] -> $memory\CPU.registerFile$rdmux[1][3][5]$a$3309 [24]
                                               \CPU.mem_rdata [15] -> $memory\CPU.registerFile$rdmux[1][3][5]$b$3310 [23]
                                               \CPU.mem_rdata [15] -> $memory\CPU.registerFile$rdmux[1][3][5]$a$3309 [23]
                                               \CPU.mem_rdata [15] -> $memory\CPU.registerFile$rdmux[1][3][5]$b$3310 [22]
                                               \CPU.mem_rdata [15] -> $memory\CPU.registerFile$rdmux[1][3][5]$a$3309 [22]
                                               \CPU.mem_rdata [15] -> $memory\CPU.registerFile$rdmux[1][3][5]$b$3310 [21]
                                               \CPU.mem_rdata [15] -> $memory\CPU.registerFile$rdmux[1][3][5]$a$3309 [21]
                                               \CPU.mem_rdata [15] -> $memory\CPU.registerFile$rdmux[1][3][5]$b$3310 [20]
                                               \CPU.mem_rdata [15] -> $memory\CPU.registerFile$rdmux[1][3][5]$a$3309 [20]
                                               \CPU.mem_rdata [15] -> $memory\CPU.registerFile$rdmux[1][3][5]$b$3310 [19]
                                               \CPU.mem_rdata [15] -> $memory\CPU.registerFile$rdmux[1][3][5]$a$3309 [19]
                                               \CPU.mem_rdata [15] -> $memory\CPU.registerFile$rdmux[1][3][5]$b$3310 [18]
                                               \CPU.mem_rdata [15] -> $memory\CPU.registerFile$rdmux[1][3][5]$a$3309 [18]
                                               \CPU.mem_rdata [15] -> $memory\CPU.registerFile$rdmux[1][3][5]$b$3310 [17]
                                               \CPU.mem_rdata [15] -> $memory\CPU.registerFile$rdmux[1][3][5]$a$3309 [17]
                                               \CPU.mem_rdata [15] -> $memory\CPU.registerFile$rdmux[1][3][5]$b$3310 [16]
                                               \CPU.mem_rdata [15] -> $memory\CPU.registerFile$rdmux[1][3][5]$a$3309 [16]
                                               \CPU.mem_rdata [15] -> $memory\CPU.registerFile$rdmux[1][3][5]$b$3310 [15]
                                               \CPU.mem_rdata [15] -> $memory\CPU.registerFile$rdmux[1][3][5]$a$3309 [15]
                                               \CPU.mem_rdata [15] -> $memory\CPU.registerFile$rdmux[1][3][5]$b$3310 [14]
                                               \CPU.mem_rdata [15] -> $memory\CPU.registerFile$rdmux[1][3][5]$a$3309 [14]
                                               \CPU.mem_rdata [15] -> $memory\CPU.registerFile$rdmux[1][3][5]$b$3310 [13]
                                               \CPU.mem_rdata [15] -> $memory\CPU.registerFile$rdmux[1][3][5]$a$3309 [13]
                                               \CPU.mem_rdata [15] -> $memory\CPU.registerFile$rdmux[1][3][5]$b$3310 [12]
                                               \CPU.mem_rdata [15] -> $memory\CPU.registerFile$rdmux[1][3][5]$a$3309 [12]
                                               \CPU.mem_rdata [15] -> $memory\CPU.registerFile$rdmux[1][3][5]$b$3310 [11]
                                               \CPU.mem_rdata [15] -> $memory\CPU.registerFile$rdmux[1][3][5]$a$3309 [11]
                                               \CPU.mem_rdata [15] -> $memory\CPU.registerFile$rdmux[1][3][5]$b$3310 [10]
                                               \CPU.mem_rdata [15] -> $memory\CPU.registerFile$rdmux[1][3][5]$a$3309 [10]
                                               \CPU.mem_rdata [15] -> $memory\CPU.registerFile$rdmux[1][3][5]$b$3310 [9]
                                               \CPU.mem_rdata [15] -> $memory\CPU.registerFile$rdmux[1][3][5]$a$3309 [9]
                                               \CPU.mem_rdata [15] -> $memory\CPU.registerFile$rdmux[1][3][5]$b$3310 [8]
                                               \CPU.mem_rdata [15] -> $memory\CPU.registerFile$rdmux[1][3][5]$a$3309 [8]
                                               \CPU.mem_rdata [15] -> $memory\CPU.registerFile$rdmux[1][3][5]$b$3310 [7]
                                               \CPU.mem_rdata [15] -> $memory\CPU.registerFile$rdmux[1][3][5]$a$3309 [7]
                                               \CPU.mem_rdata [15] -> $memory\CPU.registerFile$rdmux[1][3][5]$b$3310 [6]
                                               \CPU.mem_rdata [15] -> $memory\CPU.registerFile$rdmux[1][3][5]$a$3309 [6]
                                               \CPU.mem_rdata [15] -> $memory\CPU.registerFile$rdmux[1][3][5]$b$3310 [5]
                                               \CPU.mem_rdata [15] -> $memory\CPU.registerFile$rdmux[1][3][5]$a$3309 [5]
                                               \CPU.mem_rdata [15] -> $memory\CPU.registerFile$rdmux[1][3][5]$b$3310 [4]
                                               \CPU.mem_rdata [15] -> $memory\CPU.registerFile$rdmux[1][3][5]$a$3309 [4]
                                               \CPU.mem_rdata [15] -> $memory\CPU.registerFile$rdmux[1][3][5]$b$3310 [3]
                                               \CPU.mem_rdata [15] -> $memory\CPU.registerFile$rdmux[1][3][5]$a$3309 [3]
                                               \CPU.mem_rdata [15] -> $memory\CPU.registerFile$rdmux[1][3][5]$b$3310 [2]
                                               \CPU.mem_rdata [15] -> $memory\CPU.registerFile$rdmux[1][3][5]$a$3309 [2]
                                               \CPU.mem_rdata [15] -> $memory\CPU.registerFile$rdmux[1][3][5]$b$3310 [1]
                                               \CPU.mem_rdata [15] -> $memory\CPU.registerFile$rdmux[1][3][5]$a$3309 [1]
                                               \CPU.mem_rdata [15] -> $memory\CPU.registerFile$rdmux[1][3][5]$b$3310 [0]
                                               \CPU.mem_rdata [15] -> $memory\CPU.registerFile$rdmux[1][3][5]$a$3309 [0]
                                               \CPU.mem_rdata [15] -> $memory\CPU.registerFile$rdmux[1][3][7]$a$3315 [31]
                                               \CPU.mem_rdata [15] -> $memory\CPU.registerFile$rdmux[1][3][7]$a$3315 [30]
                                               \CPU.mem_rdata [15] -> $memory\CPU.registerFile$rdmux[1][3][7]$a$3315 [29]
                                               \CPU.mem_rdata [15] -> $memory\CPU.registerFile$rdmux[1][3][7]$a$3315 [28]
                                               \CPU.mem_rdata [15] -> $memory\CPU.registerFile$rdmux[1][3][7]$a$3315 [27]
                                               \CPU.mem_rdata [15] -> $memory\CPU.registerFile$rdmux[1][3][7]$a$3315 [26]
                                               \CPU.mem_rdata [15] -> $memory\CPU.registerFile$rdmux[1][3][7]$a$3315 [25]
                                               \CPU.mem_rdata [15] -> $memory\CPU.registerFile$rdmux[1][3][7]$a$3315 [24]
                                               \CPU.mem_rdata [15] -> $memory\CPU.registerFile$rdmux[1][3][7]$a$3315 [23]
                                               \CPU.mem_rdata [15] -> $memory\CPU.registerFile$rdmux[1][3][7]$a$3315 [22]
                                               \CPU.mem_rdata [15] -> $memory\CPU.registerFile$rdmux[1][3][7]$a$3315 [21]
                                               \CPU.mem_rdata [15] -> $memory\CPU.registerFile$rdmux[1][3][7]$a$3315 [20]
                                               \CPU.mem_rdata [15] -> $memory\CPU.registerFile$rdmux[1][3][7]$a$3315 [19]
                                               \CPU.mem_rdata [15] -> $memory\CPU.registerFile$rdmux[1][3][7]$a$3315 [18]
                                               \CPU.mem_rdata [15] -> $memory\CPU.registerFile$rdmux[1][3][7]$a$3315 [17]
                                               \CPU.mem_rdata [15] -> $memory\CPU.registerFile$rdmux[1][3][7]$a$3315 [16]
                                               \CPU.mem_rdata [15] -> $memory\CPU.registerFile$rdmux[1][3][7]$a$3315 [15]
                                               \CPU.mem_rdata [15] -> $memory\CPU.registerFile$rdmux[1][3][7]$a$3315 [14]
                                               \CPU.mem_rdata [15] -> $memory\CPU.registerFile$rdmux[1][3][7]$a$3315 [13]
                                               \CPU.mem_rdata [15] -> $memory\CPU.registerFile$rdmux[1][3][7]$a$3315 [12]
                                               \CPU.mem_rdata [15] -> $memory\CPU.registerFile$rdmux[1][3][7]$a$3315 [11]
                                               \CPU.mem_rdata [15] -> $memory\CPU.registerFile$rdmux[1][3][7]$a$3315 [10]
                                               \CPU.mem_rdata [15] -> $memory\CPU.registerFile$rdmux[1][3][7]$a$3315 [9]
                                               \CPU.mem_rdata [15] -> $memory\CPU.registerFile$rdmux[1][3][7]$a$3315 [8]
                                               \CPU.mem_rdata [15] -> $memory\CPU.registerFile$rdmux[1][3][7]$a$3315 [7]
                                               \CPU.mem_rdata [15] -> $memory\CPU.registerFile$rdmux[1][3][7]$a$3315 [6]
                                               \CPU.mem_rdata [15] -> $memory\CPU.registerFile$rdmux[1][3][7]$a$3315 [5]
                                               \CPU.mem_rdata [15] -> $memory\CPU.registerFile$rdmux[1][3][7]$a$3315 [4]
                                               \CPU.mem_rdata [15] -> $memory\CPU.registerFile$rdmux[1][3][7]$a$3315 [3]
                                               \CPU.mem_rdata [15] -> $memory\CPU.registerFile$rdmux[1][3][7]$a$3315 [2]
                                               \CPU.mem_rdata [15] -> $memory\CPU.registerFile$rdmux[1][3][7]$a$3315 [1]
                                               \CPU.mem_rdata [15] -> $memory\CPU.registerFile$rdmux[1][3][7]$a$3315 [0]
                                               \CPU.mem_rdata [15] -> $memory\CPU.registerFile$rdmux[1][3][1]$a$3297 [31]
                                               \CPU.mem_rdata [15] -> $memory\CPU.registerFile$rdmux[1][3][1]$a$3297 [30]
                                               \CPU.mem_rdata [15] -> $memory\CPU.registerFile$rdmux[1][3][1]$a$3297 [29]
                                               \CPU.mem_rdata [15] -> $memory\CPU.registerFile$rdmux[1][3][1]$a$3297 [28]
                                               \CPU.mem_rdata [15] -> $memory\CPU.registerFile$rdmux[1][3][1]$a$3297 [27]
                                               \CPU.mem_rdata [15] -> $memory\CPU.registerFile$rdmux[1][3][1]$a$3297 [26]
                                               \CPU.mem_rdata [15] -> $memory\CPU.registerFile$rdmux[1][3][1]$a$3297 [25]
                                               \CPU.mem_rdata [15] -> $memory\CPU.registerFile$rdmux[1][3][1]$a$3297 [24]
                                               \CPU.mem_rdata [15] -> $memory\CPU.registerFile$rdmux[1][3][1]$a$3297 [23]
                                               \CPU.mem_rdata [15] -> $memory\CPU.registerFile$rdmux[1][3][1]$a$3297 [22]
                                               \CPU.mem_rdata [15] -> $memory\CPU.registerFile$rdmux[1][3][1]$a$3297 [21]
                                               \CPU.mem_rdata [15] -> $memory\CPU.registerFile$rdmux[1][3][1]$a$3297 [20]
                                               \CPU.mem_rdata [15] -> $memory\CPU.registerFile$rdmux[1][3][1]$a$3297 [19]
                                               \CPU.mem_rdata [15] -> $memory\CPU.registerFile$rdmux[1][3][1]$a$3297 [18]
                                               \CPU.mem_rdata [15] -> $memory\CPU.registerFile$rdmux[1][3][1]$a$3297 [17]
                                               \CPU.mem_rdata [15] -> $memory\CPU.registerFile$rdmux[1][3][1]$a$3297 [16]
                                               \CPU.mem_rdata [15] -> $memory\CPU.registerFile$rdmux[1][3][1]$a$3297 [15]
                                               \CPU.mem_rdata [15] -> $memory\CPU.registerFile$rdmux[1][3][1]$a$3297 [14]
                                               \CPU.mem_rdata [15] -> $memory\CPU.registerFile$rdmux[1][3][1]$a$3297 [13]
                                               \CPU.mem_rdata [15] -> $memory\CPU.registerFile$rdmux[1][3][1]$a$3297 [12]
                                               \CPU.mem_rdata [15] -> $memory\CPU.registerFile$rdmux[1][3][1]$a$3297 [11]
                                               \CPU.mem_rdata [15] -> $memory\CPU.registerFile$rdmux[1][3][1]$a$3297 [10]
                                               \CPU.mem_rdata [15] -> $memory\CPU.registerFile$rdmux[1][3][1]$a$3297 [9]
                                               \CPU.mem_rdata [15] -> $memory\CPU.registerFile$rdmux[1][3][1]$a$3297 [8]
                                               \CPU.mem_rdata [15] -> $memory\CPU.registerFile$rdmux[1][3][1]$a$3297 [7]
                                               \CPU.mem_rdata [15] -> $memory\CPU.registerFile$rdmux[1][3][1]$a$3297 [6]
                                               \CPU.mem_rdata [15] -> $memory\CPU.registerFile$rdmux[1][3][1]$a$3297 [5]
                                               \CPU.mem_rdata [15] -> $memory\CPU.registerFile$rdmux[1][3][1]$a$3297 [4]
                                               \CPU.mem_rdata [15] -> $memory\CPU.registerFile$rdmux[1][3][1]$a$3297 [3]
                                               \CPU.mem_rdata [15] -> $memory\CPU.registerFile$rdmux[1][3][1]$a$3297 [2]
                                               \CPU.mem_rdata [15] -> $memory\CPU.registerFile$rdmux[1][3][1]$a$3297 [1]
                                               \CPU.mem_rdata [15] -> $memory\CPU.registerFile$rdmux[1][3][1]$a$3297 [0]
                                               \CPU.mem_rdata [15] -> $memory\CPU.registerFile$rdmux[1][3][6]$a$3312 [31]
                                               \CPU.mem_rdata [15] -> $memory\CPU.registerFile$rdmux[1][3][6]$a$3312 [30]
                                               \CPU.mem_rdata [15] -> $memory\CPU.registerFile$rdmux[1][3][6]$a$3312 [29]
                                               \CPU.mem_rdata [15] -> $memory\CPU.registerFile$rdmux[1][3][6]$a$3312 [28]
                                               \CPU.mem_rdata [15] -> $memory\CPU.registerFile$rdmux[1][3][6]$a$3312 [27]
                                               \CPU.mem_rdata [15] -> $memory\CPU.registerFile$rdmux[1][3][6]$a$3312 [26]
                                               \CPU.mem_rdata [15] -> $memory\CPU.registerFile$rdmux[1][3][6]$a$3312 [25]
                                               \CPU.mem_rdata [15] -> $memory\CPU.registerFile$rdmux[1][3][6]$a$3312 [24]
                                               \CPU.mem_rdata [15] -> $memory\CPU.registerFile$rdmux[1][3][6]$a$3312 [23]
                                               \CPU.mem_rdata [15] -> $memory\CPU.registerFile$rdmux[1][3][6]$a$3312 [22]
                                               \CPU.mem_rdata [15] -> $memory\CPU.registerFile$rdmux[1][3][6]$a$3312 [21]
                                               \CPU.mem_rdata [15] -> $memory\CPU.registerFile$rdmux[1][3][6]$a$3312 [20]
                                               \CPU.mem_rdata [15] -> $memory\CPU.registerFile$rdmux[1][3][6]$a$3312 [19]
                                               \CPU.mem_rdata [15] -> $memory\CPU.registerFile$rdmux[1][3][6]$a$3312 [18]
                                               \CPU.mem_rdata [15] -> $memory\CPU.registerFile$rdmux[1][3][6]$a$3312 [17]
                                               \CPU.mem_rdata [15] -> $memory\CPU.registerFile$rdmux[1][3][6]$a$3312 [16]
                                               \CPU.mem_rdata [15] -> $memory\CPU.registerFile$rdmux[1][3][6]$a$3312 [15]
                                               \CPU.mem_rdata [15] -> $memory\CPU.registerFile$rdmux[1][3][6]$a$3312 [14]
                                               \CPU.mem_rdata [15] -> $memory\CPU.registerFile$rdmux[1][3][6]$a$3312 [13]
                                               \CPU.mem_rdata [15] -> $memory\CPU.registerFile$rdmux[1][3][6]$a$3312 [12]
                                               \CPU.mem_rdata [15] -> $memory\CPU.registerFile$rdmux[1][3][6]$a$3312 [11]
                                               \CPU.mem_rdata [15] -> $memory\CPU.registerFile$rdmux[1][3][6]$a$3312 [10]
                                               \CPU.mem_rdata [15] -> $memory\CPU.registerFile$rdmux[1][3][6]$a$3312 [9]
                                               \CPU.mem_rdata [15] -> $memory\CPU.registerFile$rdmux[1][3][6]$a$3312 [8]
                                               \CPU.mem_rdata [15] -> $memory\CPU.registerFile$rdmux[1][3][6]$a$3312 [7]
                                               \CPU.mem_rdata [15] -> $memory\CPU.registerFile$rdmux[1][3][6]$a$3312 [6]
                                               \CPU.mem_rdata [15] -> $memory\CPU.registerFile$rdmux[1][3][6]$a$3312 [5]
                                               \CPU.mem_rdata [15] -> $memory\CPU.registerFile$rdmux[1][3][6]$a$3312 [4]
                                               \CPU.mem_rdata [15] -> $memory\CPU.registerFile$rdmux[1][3][6]$a$3312 [3]
                                               \CPU.mem_rdata [15] -> $memory\CPU.registerFile$rdmux[1][3][6]$a$3312 [2]
                                               \CPU.mem_rdata [15] -> $memory\CPU.registerFile$rdmux[1][3][6]$a$3312 [1]
                                               \CPU.mem_rdata [15] -> $memory\CPU.registerFile$rdmux[1][3][6]$a$3312 [0]
                                               \CPU.mem_rdata [15] -> $memory\CPU.registerFile$rdmux[1][3][4]$b$3307 [31]
                                               \CPU.mem_rdata [15] -> $memory\CPU.registerFile$rdmux[1][3][4]$b$3307 [30]
                                               \CPU.mem_rdata [15] -> $memory\CPU.registerFile$rdmux[1][3][4]$b$3307 [29]
                                               \CPU.mem_rdata [15] -> $memory\CPU.registerFile$rdmux[1][3][4]$b$3307 [28]
                                               \CPU.mem_rdata [15] -> $memory\CPU.registerFile$rdmux[1][3][4]$b$3307 [27]
                                               \CPU.mem_rdata [15] -> $memory\CPU.registerFile$rdmux[1][3][4]$b$3307 [26]
                                               \CPU.mem_rdata [15] -> $memory\CPU.registerFile$rdmux[1][3][4]$b$3307 [25]
                                               \CPU.mem_rdata [15] -> $memory\CPU.registerFile$rdmux[1][3][4]$b$3307 [24]
                                               \CPU.mem_rdata [15] -> $memory\CPU.registerFile$rdmux[1][3][4]$b$3307 [23]
                                               \CPU.mem_rdata [15] -> $memory\CPU.registerFile$rdmux[1][3][4]$b$3307 [22]
                                               \CPU.mem_rdata [15] -> $memory\CPU.registerFile$rdmux[1][3][4]$b$3307 [21]
                                               \CPU.mem_rdata [15] -> $memory\CPU.registerFile$rdmux[1][3][4]$b$3307 [20]
                                               \CPU.mem_rdata [15] -> $memory\CPU.registerFile$rdmux[1][3][4]$b$3307 [19]
                                               \CPU.mem_rdata [15] -> $memory\CPU.registerFile$rdmux[1][3][4]$b$3307 [18]
                                               \CPU.mem_rdata [15] -> $memory\CPU.registerFile$rdmux[1][3][4]$b$3307 [17]
                                               \CPU.mem_rdata [15] -> $memory\CPU.registerFile$rdmux[1][3][4]$b$3307 [16]
                                               \CPU.mem_rdata [15] -> $memory\CPU.registerFile$rdmux[1][3][4]$b$3307 [15]
                                               \CPU.mem_rdata [15] -> $memory\CPU.registerFile$rdmux[1][3][4]$b$3307 [14]
                                               \CPU.mem_rdata [15] -> $memory\CPU.registerFile$rdmux[1][3][4]$b$3307 [13]
                                               \CPU.mem_rdata [15] -> $memory\CPU.registerFile$rdmux[1][3][4]$b$3307 [12]
                                               \CPU.mem_rdata [15] -> $memory\CPU.registerFile$rdmux[1][3][4]$b$3307 [11]
                                               \CPU.mem_rdata [15] -> $memory\CPU.registerFile$rdmux[1][3][4]$b$3307 [10]
                                               \CPU.mem_rdata [15] -> $memory\CPU.registerFile$rdmux[1][3][4]$b$3307 [9]
                                               \CPU.mem_rdata [15] -> $memory\CPU.registerFile$rdmux[1][3][4]$b$3307 [8]
                                               \CPU.mem_rdata [15] -> $memory\CPU.registerFile$rdmux[1][3][4]$b$3307 [7]
                                               \CPU.mem_rdata [15] -> $memory\CPU.registerFile$rdmux[1][3][4]$b$3307 [6]
                                               \CPU.mem_rdata [15] -> $memory\CPU.registerFile$rdmux[1][3][4]$b$3307 [5]
                                               \CPU.mem_rdata [15] -> $memory\CPU.registerFile$rdmux[1][3][4]$b$3307 [4]
                                               \CPU.mem_rdata [15] -> $memory\CPU.registerFile$rdmux[1][3][4]$b$3307 [3]
                                               \CPU.mem_rdata [15] -> $memory\CPU.registerFile$rdmux[1][3][4]$b$3307 [2]
                                               \CPU.mem_rdata [15] -> $memory\CPU.registerFile$rdmux[1][3][4]$b$3307 [1]
                                               \CPU.mem_rdata [15] -> $memory\CPU.registerFile$rdmux[1][3][4]$b$3307 [0]
                                               \CPU.mem_rdata [15] -> $memory\CPU.registerFile$rdmux[1][3][0]$a$3294 [31]
                                               \CPU.mem_rdata [15] -> $memory\CPU.registerFile$rdmux[1][3][0]$a$3294 [30]
                                               \CPU.mem_rdata [15] -> $memory\CPU.registerFile$rdmux[1][3][0]$a$3294 [29]
                                               \CPU.mem_rdata [15] -> $memory\CPU.registerFile$rdmux[1][3][0]$a$3294 [28]
                                               \CPU.mem_rdata [15] -> $memory\CPU.registerFile$rdmux[1][3][0]$a$3294 [27]
                                               \CPU.mem_rdata [15] -> $memory\CPU.registerFile$rdmux[1][3][0]$a$3294 [26]
                                               \CPU.mem_rdata [15] -> $memory\CPU.registerFile$rdmux[1][3][0]$a$3294 [25]
                                               \CPU.mem_rdata [15] -> $memory\CPU.registerFile$rdmux[1][3][0]$a$3294 [24]
                                               \CPU.mem_rdata [15] -> $memory\CPU.registerFile$rdmux[1][3][0]$a$3294 [23]
                                               \CPU.mem_rdata [15] -> $memory\CPU.registerFile$rdmux[1][3][0]$a$3294 [22]
                                               \CPU.mem_rdata [15] -> $memory\CPU.registerFile$rdmux[1][3][0]$a$3294 [21]
                                               \CPU.mem_rdata [15] -> $memory\CPU.registerFile$rdmux[1][3][0]$a$3294 [20]
                                               \CPU.mem_rdata [15] -> $memory\CPU.registerFile$rdmux[1][3][0]$a$3294 [19]
                                               \CPU.mem_rdata [15] -> $memory\CPU.registerFile$rdmux[1][3][0]$a$3294 [18]
                                               \CPU.mem_rdata [15] -> $memory\CPU.registerFile$rdmux[1][3][0]$a$3294 [17]
                                               \CPU.mem_rdata [15] -> $memory\CPU.registerFile$rdmux[1][3][0]$a$3294 [16]
                                               \CPU.mem_rdata [15] -> $memory\CPU.registerFile$rdmux[1][3][0]$a$3294 [15]
                                               \CPU.mem_rdata [15] -> $memory\CPU.registerFile$rdmux[1][3][0]$a$3294 [14]
                                               \CPU.mem_rdata [15] -> $memory\CPU.registerFile$rdmux[1][3][0]$a$3294 [13]
                                               \CPU.mem_rdata [15] -> $memory\CPU.registerFile$rdmux[1][3][0]$a$3294 [12]
                                               \CPU.mem_rdata [15] -> $memory\CPU.registerFile$rdmux[1][3][0]$a$3294 [11]
                                               \CPU.mem_rdata [15] -> $memory\CPU.registerFile$rdmux[1][3][0]$a$3294 [10]
                                               \CPU.mem_rdata [15] -> $memory\CPU.registerFile$rdmux[1][3][0]$a$3294 [9]
                                               \CPU.mem_rdata [15] -> $memory\CPU.registerFile$rdmux[1][3][0]$a$3294 [8]
                                               \CPU.mem_rdata [15] -> $memory\CPU.registerFile$rdmux[1][3][0]$a$3294 [7]
                                               \CPU.mem_rdata [15] -> $memory\CPU.registerFile$rdmux[1][3][0]$a$3294 [6]
                                               \CPU.mem_rdata [15] -> $memory\CPU.registerFile$rdmux[1][3][0]$a$3294 [5]
                                               \CPU.mem_rdata [15] -> $memory\CPU.registerFile$rdmux[1][3][0]$a$3294 [4]
                                               \CPU.mem_rdata [15] -> $memory\CPU.registerFile$rdmux[1][3][0]$a$3294 [3]
                                               \CPU.mem_rdata [15] -> $memory\CPU.registerFile$rdmux[1][3][0]$a$3294 [2]
                                               \CPU.mem_rdata [15] -> $memory\CPU.registerFile$rdmux[1][3][0]$a$3294 [1]
                                               \CPU.mem_rdata [15] -> $memory\CPU.registerFile$rdmux[1][3][0]$a$3294 [0]
                                               \CPU.mem_rdata [15] -> $memory\CPU.registerFile$rdmux[1][3][2]$a$3300 [31]
                                               \CPU.mem_rdata [15] -> $memory\CPU.registerFile$rdmux[1][3][2]$a$3300 [30]
                                               \CPU.mem_rdata [15] -> $memory\CPU.registerFile$rdmux[1][3][2]$a$3300 [29]
                                               \CPU.mem_rdata [15] -> $memory\CPU.registerFile$rdmux[1][3][2]$a$3300 [28]
                                               \CPU.mem_rdata [15] -> $memory\CPU.registerFile$rdmux[1][3][2]$a$3300 [27]
                                               \CPU.mem_rdata [15] -> $memory\CPU.registerFile$rdmux[1][3][2]$a$3300 [26]
                                               \CPU.mem_rdata [15] -> $memory\CPU.registerFile$rdmux[1][3][2]$a$3300 [25]
                                               \CPU.mem_rdata [15] -> $memory\CPU.registerFile$rdmux[1][3][2]$a$3300 [24]
                                               \CPU.mem_rdata [15] -> $memory\CPU.registerFile$rdmux[1][3][2]$a$3300 [23]
                                               \CPU.mem_rdata [15] -> $memory\CPU.registerFile$rdmux[1][3][2]$a$3300 [22]
                                               \CPU.mem_rdata [15] -> $memory\CPU.registerFile$rdmux[1][3][2]$a$3300 [21]
                                               \CPU.mem_rdata [15] -> $memory\CPU.registerFile$rdmux[1][3][2]$a$3300 [20]
                                               \CPU.mem_rdata [15] -> $memory\CPU.registerFile$rdmux[1][3][2]$a$3300 [19]
                                               \CPU.mem_rdata [15] -> $memory\CPU.registerFile$rdmux[1][3][2]$a$3300 [18]
                                               \CPU.mem_rdata [15] -> $memory\CPU.registerFile$rdmux[1][3][2]$a$3300 [17]
                                               \CPU.mem_rdata [15] -> $memory\CPU.registerFile$rdmux[1][3][2]$a$3300 [16]
                                               \CPU.mem_rdata [15] -> $memory\CPU.registerFile$rdmux[1][3][2]$a$3300 [15]
                                               \CPU.mem_rdata [15] -> $memory\CPU.registerFile$rdmux[1][3][2]$a$3300 [14]
                                               \CPU.mem_rdata [15] -> $memory\CPU.registerFile$rdmux[1][3][2]$a$3300 [13]
                                               \CPU.mem_rdata [15] -> $memory\CPU.registerFile$rdmux[1][3][2]$a$3300 [12]
                                               \CPU.mem_rdata [15] -> $memory\CPU.registerFile$rdmux[1][3][2]$a$3300 [11]
                                               \CPU.mem_rdata [15] -> $memory\CPU.registerFile$rdmux[1][3][2]$a$3300 [10]
                                               \CPU.mem_rdata [15] -> $memory\CPU.registerFile$rdmux[1][3][2]$a$3300 [9]
                                               \CPU.mem_rdata [15] -> $memory\CPU.registerFile$rdmux[1][3][2]$a$3300 [8]
                                               \CPU.mem_rdata [15] -> $memory\CPU.registerFile$rdmux[1][3][2]$a$3300 [7]
                                               \CPU.mem_rdata [15] -> $memory\CPU.registerFile$rdmux[1][3][2]$a$3300 [6]
                                               \CPU.mem_rdata [15] -> $memory\CPU.registerFile$rdmux[1][3][2]$a$3300 [5]
                                               \CPU.mem_rdata [15] -> $memory\CPU.registerFile$rdmux[1][3][2]$a$3300 [4]
                                               \CPU.mem_rdata [15] -> $memory\CPU.registerFile$rdmux[1][3][2]$a$3300 [3]
                                               \CPU.mem_rdata [15] -> $memory\CPU.registerFile$rdmux[1][3][2]$a$3300 [2]
                                               \CPU.mem_rdata [15] -> $memory\CPU.registerFile$rdmux[1][3][2]$a$3300 [1]
                                               \CPU.mem_rdata [15] -> $memory\CPU.registerFile$rdmux[1][3][2]$a$3300 [0]
                                               \CPU.mem_rdata [15] -> $memory\CPU.registerFile$rdmux[1][3][3]$a$3303 [31]
                                               \CPU.mem_rdata [15] -> $memory\CPU.registerFile$rdmux[1][3][3]$a$3303 [30]
                                               \CPU.mem_rdata [15] -> $memory\CPU.registerFile$rdmux[1][3][3]$a$3303 [29]
                                               \CPU.mem_rdata [15] -> $memory\CPU.registerFile$rdmux[1][3][3]$a$3303 [28]
                                               \CPU.mem_rdata [15] -> $memory\CPU.registerFile$rdmux[1][3][3]$a$3303 [27]
                                               \CPU.mem_rdata [15] -> $memory\CPU.registerFile$rdmux[1][3][3]$a$3303 [26]
                                               \CPU.mem_rdata [15] -> $memory\CPU.registerFile$rdmux[1][3][3]$a$3303 [25]
                                               \CPU.mem_rdata [15] -> $memory\CPU.registerFile$rdmux[1][3][3]$a$3303 [24]
                                               \CPU.mem_rdata [15] -> $memory\CPU.registerFile$rdmux[1][3][3]$a$3303 [23]
                                               \CPU.mem_rdata [15] -> $memory\CPU.registerFile$rdmux[1][3][3]$a$3303 [22]
                                               \CPU.mem_rdata [15] -> $memory\CPU.registerFile$rdmux[1][3][3]$a$3303 [21]
                                               \CPU.mem_rdata [15] -> $memory\CPU.registerFile$rdmux[1][3][3]$a$3303 [20]
                                               \CPU.mem_rdata [15] -> $memory\CPU.registerFile$rdmux[1][3][3]$a$3303 [19]
                                               \CPU.mem_rdata [15] -> $memory\CPU.registerFile$rdmux[1][3][3]$a$3303 [18]
                                               \CPU.mem_rdata [15] -> $memory\CPU.registerFile$rdmux[1][3][3]$a$3303 [17]
                                               \CPU.mem_rdata [15] -> $memory\CPU.registerFile$rdmux[1][3][3]$a$3303 [16]
                                               \CPU.mem_rdata [15] -> $memory\CPU.registerFile$rdmux[1][3][3]$a$3303 [15]
                                               \CPU.mem_rdata [15] -> $memory\CPU.registerFile$rdmux[1][3][3]$a$3303 [14]
                                               \CPU.mem_rdata [15] -> $memory\CPU.registerFile$rdmux[1][3][3]$a$3303 [13]
                                               \CPU.mem_rdata [15] -> $memory\CPU.registerFile$rdmux[1][3][3]$a$3303 [12]
                                               \CPU.mem_rdata [15] -> $memory\CPU.registerFile$rdmux[1][3][3]$a$3303 [11]
                                               \CPU.mem_rdata [15] -> $memory\CPU.registerFile$rdmux[1][3][3]$a$3303 [10]
                                               \CPU.mem_rdata [15] -> $memory\CPU.registerFile$rdmux[1][3][3]$a$3303 [9]
                                               \CPU.mem_rdata [15] -> $memory\CPU.registerFile$rdmux[1][3][3]$a$3303 [8]
                                               \CPU.mem_rdata [15] -> $memory\CPU.registerFile$rdmux[1][3][3]$a$3303 [7]
                                               \CPU.mem_rdata [15] -> $memory\CPU.registerFile$rdmux[1][3][3]$a$3303 [6]
                                               \CPU.mem_rdata [15] -> $memory\CPU.registerFile$rdmux[1][3][3]$a$3303 [5]
                                               \CPU.mem_rdata [15] -> $memory\CPU.registerFile$rdmux[1][3][3]$a$3303 [4]
                                               \CPU.mem_rdata [15] -> $memory\CPU.registerFile$rdmux[1][3][3]$a$3303 [3]
                                               \CPU.mem_rdata [15] -> $memory\CPU.registerFile$rdmux[1][3][3]$a$3303 [2]
                                               \CPU.mem_rdata [15] -> $memory\CPU.registerFile$rdmux[1][3][3]$a$3303 [1]
                                               \CPU.mem_rdata [15] -> $memory\CPU.registerFile$rdmux[1][3][3]$a$3303 [0]
                                               \CPU.mem_rdata [15] -> $memory\CPU.registerFile$rdmux[1][3][2]$b$3301 [31]
                                               \CPU.mem_rdata [15] -> $memory\CPU.registerFile$rdmux[1][3][2]$b$3301 [30]
                                               \CPU.mem_rdata [15] -> $memory\CPU.registerFile$rdmux[1][3][2]$b$3301 [29]
                                               \CPU.mem_rdata [15] -> $memory\CPU.registerFile$rdmux[1][3][2]$b$3301 [28]
                                               \CPU.mem_rdata [15] -> $memory\CPU.registerFile$rdmux[1][3][2]$b$3301 [27]
                                               \CPU.mem_rdata [15] -> $memory\CPU.registerFile$rdmux[1][3][2]$b$3301 [26]
                                               \CPU.mem_rdata [15] -> $memory\CPU.registerFile$rdmux[1][3][2]$b$3301 [25]
                                               \CPU.mem_rdata [15] -> $memory\CPU.registerFile$rdmux[1][3][2]$b$3301 [24]
                                               \CPU.mem_rdata [15] -> $memory\CPU.registerFile$rdmux[1][3][2]$b$3301 [23]
                                               \CPU.mem_rdata [15] -> $memory\CPU.registerFile$rdmux[1][3][2]$b$3301 [22]
                                               \CPU.mem_rdata [15] -> $memory\CPU.registerFile$rdmux[1][3][2]$b$3301 [21]
                                               \CPU.mem_rdata [15] -> $memory\CPU.registerFile$rdmux[1][3][2]$b$3301 [20]
                                               \CPU.mem_rdata [15] -> $memory\CPU.registerFile$rdmux[1][3][2]$b$3301 [19]
                                               \CPU.mem_rdata [15] -> $memory\CPU.registerFile$rdmux[1][3][2]$b$3301 [18]
                                               \CPU.mem_rdata [15] -> $memory\CPU.registerFile$rdmux[1][3][2]$b$3301 [17]
                                               \CPU.mem_rdata [15] -> $memory\CPU.registerFile$rdmux[1][3][2]$b$3301 [16]
                                               \CPU.mem_rdata [15] -> $memory\CPU.registerFile$rdmux[1][3][2]$b$3301 [15]
                                               \CPU.mem_rdata [15] -> $memory\CPU.registerFile$rdmux[1][3][2]$b$3301 [14]
                                               \CPU.mem_rdata [15] -> $memory\CPU.registerFile$rdmux[1][3][2]$b$3301 [13]
                                               \CPU.mem_rdata [15] -> $memory\CPU.registerFile$rdmux[1][3][2]$b$3301 [12]
                                               \CPU.mem_rdata [15] -> $memory\CPU.registerFile$rdmux[1][3][2]$b$3301 [11]
                                               \CPU.mem_rdata [15] -> $memory\CPU.registerFile$rdmux[1][3][2]$b$3301 [10]
                                               \CPU.mem_rdata [15] -> $memory\CPU.registerFile$rdmux[1][3][2]$b$3301 [9]
                                               \CPU.mem_rdata [15] -> $memory\CPU.registerFile$rdmux[1][3][2]$b$3301 [8]
                                               \CPU.mem_rdata [15] -> $memory\CPU.registerFile$rdmux[1][3][2]$b$3301 [7]
                                               \CPU.mem_rdata [15] -> $memory\CPU.registerFile$rdmux[1][3][2]$b$3301 [6]
                                               \CPU.mem_rdata [15] -> $memory\CPU.registerFile$rdmux[1][3][2]$b$3301 [5]
                                               \CPU.mem_rdata [15] -> $memory\CPU.registerFile$rdmux[1][3][2]$b$3301 [4]
                                               \CPU.mem_rdata [15] -> $memory\CPU.registerFile$rdmux[1][3][2]$b$3301 [3]
                                               \CPU.mem_rdata [15] -> $memory\CPU.registerFile$rdmux[1][3][2]$b$3301 [2]
                                               \CPU.mem_rdata [15] -> $memory\CPU.registerFile$rdmux[1][3][2]$b$3301 [1]
                                               \CPU.mem_rdata [15] -> $memory\CPU.registerFile$rdmux[1][3][2]$b$3301 [0]
                                               \CPU.mem_rdata [15] -> $memory\CPU.registerFile$rdmux[1][3][0]$b$3295 [31]
                                               \CPU.mem_rdata [15] -> $memory\CPU.registerFile$rdmux[1][3][0]$b$3295 [30]
                                               \CPU.mem_rdata [15] -> $memory\CPU.registerFile$rdmux[1][3][0]$b$3295 [29]
                                               \CPU.mem_rdata [15] -> $memory\CPU.registerFile$rdmux[1][3][0]$b$3295 [28]
                                               \CPU.mem_rdata [15] -> $memory\CPU.registerFile$rdmux[1][3][0]$b$3295 [27]
                                               \CPU.mem_rdata [15] -> $memory\CPU.registerFile$rdmux[1][3][0]$b$3295 [26]
                                               \CPU.mem_rdata [15] -> $memory\CPU.registerFile$rdmux[1][3][0]$b$3295 [25]
                                               \CPU.mem_rdata [15] -> $memory\CPU.registerFile$rdmux[1][3][0]$b$3295 [24]
                                               \CPU.mem_rdata [15] -> $memory\CPU.registerFile$rdmux[1][3][0]$b$3295 [23]
                                               \CPU.mem_rdata [15] -> $memory\CPU.registerFile$rdmux[1][3][0]$b$3295 [22]
                                               \CPU.mem_rdata [15] -> $memory\CPU.registerFile$rdmux[1][3][0]$b$3295 [21]
                                               \CPU.mem_rdata [15] -> $memory\CPU.registerFile$rdmux[1][3][0]$b$3295 [20]
                                               \CPU.mem_rdata [15] -> $memory\CPU.registerFile$rdmux[1][3][0]$b$3295 [19]
                                               \CPU.mem_rdata [15] -> $memory\CPU.registerFile$rdmux[1][3][0]$b$3295 [18]
                                               \CPU.mem_rdata [15] -> $memory\CPU.registerFile$rdmux[1][3][0]$b$3295 [17]
                                               \CPU.mem_rdata [15] -> $memory\CPU.registerFile$rdmux[1][3][0]$b$3295 [16]
                                               \CPU.mem_rdata [15] -> $memory\CPU.registerFile$rdmux[1][3][0]$b$3295 [15]
                                               \CPU.mem_rdata [15] -> $memory\CPU.registerFile$rdmux[1][3][0]$b$3295 [14]
                                               \CPU.mem_rdata [15] -> $memory\CPU.registerFile$rdmux[1][3][0]$b$3295 [13]
                                               \CPU.mem_rdata [15] -> $memory\CPU.registerFile$rdmux[1][3][0]$b$3295 [12]
                                               \CPU.mem_rdata [15] -> $memory\CPU.registerFile$rdmux[1][3][0]$b$3295 [11]
                                               \CPU.mem_rdata [15] -> $memory\CPU.registerFile$rdmux[1][3][0]$b$3295 [10]
                                               \CPU.mem_rdata [15] -> $memory\CPU.registerFile$rdmux[1][3][0]$b$3295 [9]
                                               \CPU.mem_rdata [15] -> $memory\CPU.registerFile$rdmux[1][3][0]$b$3295 [8]
                                               \CPU.mem_rdata [15] -> $memory\CPU.registerFile$rdmux[1][3][0]$b$3295 [7]
                                               \CPU.mem_rdata [15] -> $memory\CPU.registerFile$rdmux[1][3][0]$b$3295 [6]
                                               \CPU.mem_rdata [15] -> $memory\CPU.registerFile$rdmux[1][3][0]$b$3295 [5]
                                               \CPU.mem_rdata [15] -> $memory\CPU.registerFile$rdmux[1][3][0]$b$3295 [4]
                                               \CPU.mem_rdata [15] -> $memory\CPU.registerFile$rdmux[1][3][0]$b$3295 [3]
                                               \CPU.mem_rdata [15] -> $memory\CPU.registerFile$rdmux[1][3][0]$b$3295 [2]
                                               \CPU.mem_rdata [15] -> $memory\CPU.registerFile$rdmux[1][3][0]$b$3295 [1]
                                               \CPU.mem_rdata [15] -> $memory\CPU.registerFile$rdmux[1][3][0]$b$3295 [0]
                                               \CPU.mem_rdata [15] -> $memory\CPU.registerFile$rdmux[1][3][6]$b$3313 [31]
                                               \CPU.mem_rdata [15] -> $memory\CPU.registerFile$rdmux[1][3][6]$b$3313 [30]
                                               \CPU.mem_rdata [15] -> $memory\CPU.registerFile$rdmux[1][3][6]$b$3313 [29]
                                               \CPU.mem_rdata [15] -> $memory\CPU.registerFile$rdmux[1][3][6]$b$3313 [28]
                                               \CPU.mem_rdata [15] -> $memory\CPU.registerFile$rdmux[1][3][6]$b$3313 [27]
                                               \CPU.mem_rdata [15] -> $memory\CPU.registerFile$rdmux[1][3][6]$b$3313 [26]
                                               \CPU.mem_rdata [15] -> $memory\CPU.registerFile$rdmux[1][3][6]$b$3313 [25]
                                               \CPU.mem_rdata [15] -> $memory\CPU.registerFile$rdmux[1][3][6]$b$3313 [24]
                                               \CPU.mem_rdata [15] -> $memory\CPU.registerFile$rdmux[1][3][6]$b$3313 [23]
                                               \CPU.mem_rdata [15] -> $memory\CPU.registerFile$rdmux[1][3][6]$b$3313 [22]
                                               \CPU.mem_rdata [15] -> $memory\CPU.registerFile$rdmux[1][3][6]$b$3313 [21]
                                               \CPU.mem_rdata [15] -> $memory\CPU.registerFile$rdmux[1][3][6]$b$3313 [20]
                                               \CPU.mem_rdata [15] -> $memory\CPU.registerFile$rdmux[1][3][6]$b$3313 [19]
                                               \CPU.mem_rdata [15] -> $memory\CPU.registerFile$rdmux[1][3][6]$b$3313 [18]
                                               \CPU.mem_rdata [15] -> $memory\CPU.registerFile$rdmux[1][3][6]$b$3313 [17]
                                               \CPU.mem_rdata [15] -> $memory\CPU.registerFile$rdmux[1][3][6]$b$3313 [16]
                                               \CPU.mem_rdata [15] -> $memory\CPU.registerFile$rdmux[1][3][6]$b$3313 [15]
                                               \CPU.mem_rdata [15] -> $memory\CPU.registerFile$rdmux[1][3][6]$b$3313 [14]
                                               \CPU.mem_rdata [15] -> $memory\CPU.registerFile$rdmux[1][3][6]$b$3313 [13]
                                               \CPU.mem_rdata [15] -> $memory\CPU.registerFile$rdmux[1][3][6]$b$3313 [12]
                                               \CPU.mem_rdata [15] -> $memory\CPU.registerFile$rdmux[1][3][6]$b$3313 [11]
                                               \CPU.mem_rdata [15] -> $memory\CPU.registerFile$rdmux[1][3][6]$b$3313 [10]
                                               \CPU.mem_rdata [15] -> $memory\CPU.registerFile$rdmux[1][3][6]$b$3313 [9]
                                               \CPU.mem_rdata [15] -> $memory\CPU.registerFile$rdmux[1][3][6]$b$3313 [8]
                                               \CPU.mem_rdata [15] -> $memory\CPU.registerFile$rdmux[1][3][6]$b$3313 [7]
                                               \CPU.mem_rdata [15] -> $memory\CPU.registerFile$rdmux[1][3][6]$b$3313 [6]
                                               \CPU.mem_rdata [15] -> $memory\CPU.registerFile$rdmux[1][3][6]$b$3313 [5]
                                               \CPU.mem_rdata [15] -> $memory\CPU.registerFile$rdmux[1][3][6]$b$3313 [4]
                                               \CPU.mem_rdata [15] -> $memory\CPU.registerFile$rdmux[1][3][6]$b$3313 [3]
                                               \CPU.mem_rdata [15] -> $memory\CPU.registerFile$rdmux[1][3][6]$b$3313 [2]
                                               \CPU.mem_rdata [15] -> $memory\CPU.registerFile$rdmux[1][3][6]$b$3313 [1]
                                               \CPU.mem_rdata [15] -> $memory\CPU.registerFile$rdmux[1][3][6]$b$3313 [0]
                                               \CPU.mem_rdata [15] -> $memory\CPU.registerFile$rdmux[1][3][4]$a$3306 [31]
                                               \CPU.mem_rdata [15] -> $memory\CPU.registerFile$rdmux[1][3][4]$a$3306 [30]
                                               \CPU.mem_rdata [15] -> $memory\CPU.registerFile$rdmux[1][3][4]$a$3306 [29]
                                               \CPU.mem_rdata [15] -> $memory\CPU.registerFile$rdmux[1][3][4]$a$3306 [28]
                                               \CPU.mem_rdata [15] -> $memory\CPU.registerFile$rdmux[1][3][4]$a$3306 [27]
                                               \CPU.mem_rdata [15] -> $memory\CPU.registerFile$rdmux[1][3][4]$a$3306 [26]
                                               \CPU.mem_rdata [15] -> $memory\CPU.registerFile$rdmux[1][3][4]$a$3306 [25]
                                               \CPU.mem_rdata [15] -> $memory\CPU.registerFile$rdmux[1][3][4]$a$3306 [24]
                                               \CPU.mem_rdata [15] -> $memory\CPU.registerFile$rdmux[1][3][4]$a$3306 [23]
                                               \CPU.mem_rdata [15] -> $memory\CPU.registerFile$rdmux[1][3][4]$a$3306 [22]
                                               \CPU.mem_rdata [15] -> $memory\CPU.registerFile$rdmux[1][3][4]$a$3306 [21]
                                               \CPU.mem_rdata [15] -> $memory\CPU.registerFile$rdmux[1][3][4]$a$3306 [20]
                                               \CPU.mem_rdata [15] -> $memory\CPU.registerFile$rdmux[1][3][4]$a$3306 [19]
                                               \CPU.mem_rdata [15] -> $memory\CPU.registerFile$rdmux[1][3][4]$a$3306 [18]
                                               \CPU.mem_rdata [15] -> $memory\CPU.registerFile$rdmux[1][3][4]$a$3306 [17]
                                               \CPU.mem_rdata [15] -> $memory\CPU.registerFile$rdmux[1][3][4]$a$3306 [16]
                                               \CPU.mem_rdata [15] -> $memory\CPU.registerFile$rdmux[1][3][4]$a$3306 [15]
                                               \CPU.mem_rdata [15] -> $memory\CPU.registerFile$rdmux[1][3][4]$a$3306 [14]
                                               \CPU.mem_rdata [15] -> $memory\CPU.registerFile$rdmux[1][3][4]$a$3306 [13]
                                               \CPU.mem_rdata [15] -> $memory\CPU.registerFile$rdmux[1][3][4]$a$3306 [12]
                                               \CPU.mem_rdata [15] -> $memory\CPU.registerFile$rdmux[1][3][4]$a$3306 [11]
                                               \CPU.mem_rdata [15] -> $memory\CPU.registerFile$rdmux[1][3][4]$a$3306 [10]
                                               \CPU.mem_rdata [15] -> $memory\CPU.registerFile$rdmux[1][3][4]$a$3306 [9]
                                               \CPU.mem_rdata [15] -> $memory\CPU.registerFile$rdmux[1][3][4]$a$3306 [8]
                                               \CPU.mem_rdata [15] -> $memory\CPU.registerFile$rdmux[1][3][4]$a$3306 [7]
                                               \CPU.mem_rdata [15] -> $memory\CPU.registerFile$rdmux[1][3][4]$a$3306 [6]
                                               \CPU.mem_rdata [15] -> $memory\CPU.registerFile$rdmux[1][3][4]$a$3306 [5]
                                               \CPU.mem_rdata [15] -> $memory\CPU.registerFile$rdmux[1][3][4]$a$3306 [4]
                                               \CPU.mem_rdata [15] -> $memory\CPU.registerFile$rdmux[1][3][4]$a$3306 [3]
                                               \CPU.mem_rdata [15] -> $memory\CPU.registerFile$rdmux[1][3][4]$a$3306 [2]
                                               \CPU.mem_rdata [15] -> $memory\CPU.registerFile$rdmux[1][3][4]$a$3306 [1]
                                               \CPU.mem_rdata [15] -> $memory\CPU.registerFile$rdmux[1][3][4]$a$3306 [0]
                                               \CPU.mem_rdata [15] -> $memory\CPU.registerFile$rdmux[1][3][7]$b$3316 [31]
                                               \CPU.mem_rdata [15] -> $memory\CPU.registerFile$rdmux[1][3][7]$b$3316 [30]
                                               \CPU.mem_rdata [15] -> $memory\CPU.registerFile$rdmux[1][3][7]$b$3316 [29]
                                               \CPU.mem_rdata [15] -> $memory\CPU.registerFile$rdmux[1][3][7]$b$3316 [28]
                                               \CPU.mem_rdata [15] -> $memory\CPU.registerFile$rdmux[1][3][7]$b$3316 [27]
                                               \CPU.mem_rdata [15] -> $memory\CPU.registerFile$rdmux[1][3][7]$b$3316 [26]
                                               \CPU.mem_rdata [15] -> $memory\CPU.registerFile$rdmux[1][3][7]$b$3316 [25]
                                               \CPU.mem_rdata [15] -> $memory\CPU.registerFile$rdmux[1][3][7]$b$3316 [24]
                                               \CPU.mem_rdata [15] -> $memory\CPU.registerFile$rdmux[1][3][7]$b$3316 [23]
                                               \CPU.mem_rdata [15] -> $memory\CPU.registerFile$rdmux[1][3][7]$b$3316 [22]
                                               \CPU.mem_rdata [15] -> $memory\CPU.registerFile$rdmux[1][3][7]$b$3316 [21]
                                               \CPU.mem_rdata [15] -> $memory\CPU.registerFile$rdmux[1][3][7]$b$3316 [20]
                                               \CPU.mem_rdata [15] -> $memory\CPU.registerFile$rdmux[1][3][7]$b$3316 [19]
                                               \CPU.mem_rdata [15] -> $memory\CPU.registerFile$rdmux[1][3][7]$b$3316 [18]
                                               \CPU.mem_rdata [15] -> $memory\CPU.registerFile$rdmux[1][3][7]$b$3316 [17]
                                               \CPU.mem_rdata [15] -> $memory\CPU.registerFile$rdmux[1][3][7]$b$3316 [16]
                                               \CPU.mem_rdata [15] -> $memory\CPU.registerFile$rdmux[1][3][7]$b$3316 [15]
                                               \CPU.mem_rdata [15] -> $memory\CPU.registerFile$rdmux[1][3][7]$b$3316 [14]
                                               \CPU.mem_rdata [15] -> $memory\CPU.registerFile$rdmux[1][3][7]$b$3316 [13]
                                               \CPU.mem_rdata [15] -> $memory\CPU.registerFile$rdmux[1][3][7]$b$3316 [12]
                                               \CPU.mem_rdata [15] -> $memory\CPU.registerFile$rdmux[1][3][7]$b$3316 [11]
                                               \CPU.mem_rdata [15] -> $memory\CPU.registerFile$rdmux[1][3][7]$b$3316 [10]
                                               \CPU.mem_rdata [15] -> $memory\CPU.registerFile$rdmux[1][3][7]$b$3316 [9]
                                               \CPU.mem_rdata [15] -> $memory\CPU.registerFile$rdmux[1][3][7]$b$3316 [8]
                                               \CPU.mem_rdata [15] -> $memory\CPU.registerFile$rdmux[1][3][7]$b$3316 [7]
                                               \CPU.mem_rdata [15] -> $memory\CPU.registerFile$rdmux[1][3][7]$b$3316 [6]
                                               \CPU.mem_rdata [15] -> $memory\CPU.registerFile$rdmux[1][3][7]$b$3316 [5]
                                               \CPU.mem_rdata [15] -> $memory\CPU.registerFile$rdmux[1][3][7]$b$3316 [4]
                                               \CPU.mem_rdata [15] -> $memory\CPU.registerFile$rdmux[1][3][7]$b$3316 [3]
                                               \CPU.mem_rdata [15] -> $memory\CPU.registerFile$rdmux[1][3][7]$b$3316 [2]
                                               \CPU.mem_rdata [15] -> $memory\CPU.registerFile$rdmux[1][3][7]$b$3316 [1]
                                               \CPU.mem_rdata [15] -> $memory\CPU.registerFile$rdmux[1][3][7]$b$3316 [0]
Breaking loop using new signal $abcloop$22155: \CPU.mem_rdata [20] -> $memory\CPU.registerFile$rdmux[0][3][3]$b$3208 [31]
                                               \CPU.mem_rdata [20] -> $memory\CPU.registerFile$rdmux[0][3][3]$b$3208 [30]
                                               \CPU.mem_rdata [20] -> $memory\CPU.registerFile$rdmux[0][3][3]$b$3208 [29]
                                               \CPU.mem_rdata [20] -> $memory\CPU.registerFile$rdmux[0][3][3]$b$3208 [28]
                                               \CPU.mem_rdata [20] -> $memory\CPU.registerFile$rdmux[0][3][3]$b$3208 [27]
                                               \CPU.mem_rdata [20] -> $memory\CPU.registerFile$rdmux[0][3][3]$b$3208 [26]
                                               \CPU.mem_rdata [20] -> $memory\CPU.registerFile$rdmux[0][3][3]$b$3208 [25]
                                               \CPU.mem_rdata [20] -> $memory\CPU.registerFile$rdmux[0][3][3]$b$3208 [24]
                                               \CPU.mem_rdata [20] -> $memory\CPU.registerFile$rdmux[0][3][3]$b$3208 [23]
                                               \CPU.mem_rdata [20] -> $memory\CPU.registerFile$rdmux[0][3][3]$b$3208 [22]
                                               \CPU.mem_rdata [20] -> $memory\CPU.registerFile$rdmux[0][3][3]$b$3208 [21]
                                               \CPU.mem_rdata [20] -> $memory\CPU.registerFile$rdmux[0][3][3]$b$3208 [20]
                                               \CPU.mem_rdata [20] -> $memory\CPU.registerFile$rdmux[0][3][3]$b$3208 [19]
                                               \CPU.mem_rdata [20] -> $memory\CPU.registerFile$rdmux[0][3][3]$b$3208 [18]
                                               \CPU.mem_rdata [20] -> $memory\CPU.registerFile$rdmux[0][3][3]$b$3208 [17]
                                               \CPU.mem_rdata [20] -> $memory\CPU.registerFile$rdmux[0][3][3]$b$3208 [16]
                                               \CPU.mem_rdata [20] -> $memory\CPU.registerFile$rdmux[0][3][3]$b$3208 [15]
                                               \CPU.mem_rdata [20] -> $memory\CPU.registerFile$rdmux[0][3][3]$b$3208 [14]
                                               \CPU.mem_rdata [20] -> $memory\CPU.registerFile$rdmux[0][3][3]$b$3208 [13]
                                               \CPU.mem_rdata [20] -> $memory\CPU.registerFile$rdmux[0][3][3]$b$3208 [12]
                                               \CPU.mem_rdata [20] -> $memory\CPU.registerFile$rdmux[0][3][3]$b$3208 [11]
                                               \CPU.mem_rdata [20] -> $memory\CPU.registerFile$rdmux[0][3][3]$b$3208 [10]
                                               \CPU.mem_rdata [20] -> $memory\CPU.registerFile$rdmux[0][3][3]$b$3208 [9]
                                               \CPU.mem_rdata [20] -> $memory\CPU.registerFile$rdmux[0][3][3]$b$3208 [8]
                                               \CPU.mem_rdata [20] -> $memory\CPU.registerFile$rdmux[0][3][3]$b$3208 [7]
                                               \CPU.mem_rdata [20] -> $memory\CPU.registerFile$rdmux[0][3][3]$b$3208 [6]
                                               \CPU.mem_rdata [20] -> $memory\CPU.registerFile$rdmux[0][3][3]$b$3208 [5]
                                               \CPU.mem_rdata [20] -> $memory\CPU.registerFile$rdmux[0][3][3]$b$3208 [4]
                                               \CPU.mem_rdata [20] -> $memory\CPU.registerFile$rdmux[0][3][3]$b$3208 [3]
                                               \CPU.mem_rdata [20] -> $memory\CPU.registerFile$rdmux[0][3][3]$b$3208 [2]
                                               \CPU.mem_rdata [20] -> $memory\CPU.registerFile$rdmux[0][3][3]$b$3208 [1]
                                               \CPU.mem_rdata [20] -> $memory\CPU.registerFile$rdmux[0][3][3]$b$3208 [0]
                                               \CPU.mem_rdata [20] -> $memory\CPU.registerFile$rdmux[0][3][0]$a$3198 [31]
                                               \CPU.mem_rdata [20] -> $memory\CPU.registerFile$rdmux[0][3][0]$a$3198 [30]
                                               \CPU.mem_rdata [20] -> $memory\CPU.registerFile$rdmux[0][3][0]$a$3198 [29]
                                               \CPU.mem_rdata [20] -> $memory\CPU.registerFile$rdmux[0][3][0]$a$3198 [28]
                                               \CPU.mem_rdata [20] -> $memory\CPU.registerFile$rdmux[0][3][0]$a$3198 [27]
                                               \CPU.mem_rdata [20] -> $memory\CPU.registerFile$rdmux[0][3][0]$a$3198 [26]
                                               \CPU.mem_rdata [20] -> $memory\CPU.registerFile$rdmux[0][3][0]$a$3198 [25]
                                               \CPU.mem_rdata [20] -> $memory\CPU.registerFile$rdmux[0][3][0]$a$3198 [24]
                                               \CPU.mem_rdata [20] -> $memory\CPU.registerFile$rdmux[0][3][0]$a$3198 [23]
                                               \CPU.mem_rdata [20] -> $memory\CPU.registerFile$rdmux[0][3][0]$a$3198 [22]
                                               \CPU.mem_rdata [20] -> $memory\CPU.registerFile$rdmux[0][3][0]$a$3198 [21]
                                               \CPU.mem_rdata [20] -> $memory\CPU.registerFile$rdmux[0][3][0]$a$3198 [20]
                                               \CPU.mem_rdata [20] -> $memory\CPU.registerFile$rdmux[0][3][0]$a$3198 [19]
                                               \CPU.mem_rdata [20] -> $memory\CPU.registerFile$rdmux[0][3][0]$a$3198 [18]
                                               \CPU.mem_rdata [20] -> $memory\CPU.registerFile$rdmux[0][3][0]$a$3198 [17]
                                               \CPU.mem_rdata [20] -> $memory\CPU.registerFile$rdmux[0][3][0]$a$3198 [16]
                                               \CPU.mem_rdata [20] -> $memory\CPU.registerFile$rdmux[0][3][0]$a$3198 [15]
                                               \CPU.mem_rdata [20] -> $memory\CPU.registerFile$rdmux[0][3][0]$a$3198 [14]
                                               \CPU.mem_rdata [20] -> $memory\CPU.registerFile$rdmux[0][3][0]$a$3198 [13]
                                               \CPU.mem_rdata [20] -> $memory\CPU.registerFile$rdmux[0][3][0]$a$3198 [12]
                                               \CPU.mem_rdata [20] -> $memory\CPU.registerFile$rdmux[0][3][0]$a$3198 [11]
                                               \CPU.mem_rdata [20] -> $memory\CPU.registerFile$rdmux[0][3][0]$a$3198 [10]
                                               \CPU.mem_rdata [20] -> $memory\CPU.registerFile$rdmux[0][3][0]$a$3198 [9]
                                               \CPU.mem_rdata [20] -> $memory\CPU.registerFile$rdmux[0][3][0]$a$3198 [8]
                                               \CPU.mem_rdata [20] -> $memory\CPU.registerFile$rdmux[0][3][0]$a$3198 [7]
                                               \CPU.mem_rdata [20] -> $memory\CPU.registerFile$rdmux[0][3][0]$a$3198 [6]
                                               \CPU.mem_rdata [20] -> $memory\CPU.registerFile$rdmux[0][3][0]$a$3198 [5]
                                               \CPU.mem_rdata [20] -> $memory\CPU.registerFile$rdmux[0][3][0]$a$3198 [4]
                                               \CPU.mem_rdata [20] -> $memory\CPU.registerFile$rdmux[0][3][0]$a$3198 [3]
                                               \CPU.mem_rdata [20] -> $memory\CPU.registerFile$rdmux[0][3][0]$a$3198 [2]
                                               \CPU.mem_rdata [20] -> $memory\CPU.registerFile$rdmux[0][3][0]$a$3198 [1]
                                               \CPU.mem_rdata [20] -> $memory\CPU.registerFile$rdmux[0][3][0]$a$3198 [0]
                                               \CPU.mem_rdata [20] -> $memory\CPU.registerFile$rdmux[0][3][4]$a$3210 [31]
                                               \CPU.mem_rdata [20] -> $memory\CPU.registerFile$rdmux[0][3][4]$a$3210 [30]
                                               \CPU.mem_rdata [20] -> $memory\CPU.registerFile$rdmux[0][3][4]$a$3210 [29]
                                               \CPU.mem_rdata [20] -> $memory\CPU.registerFile$rdmux[0][3][4]$a$3210 [28]
                                               \CPU.mem_rdata [20] -> $memory\CPU.registerFile$rdmux[0][3][4]$a$3210 [27]
                                               \CPU.mem_rdata [20] -> $memory\CPU.registerFile$rdmux[0][3][4]$a$3210 [26]
                                               \CPU.mem_rdata [20] -> $memory\CPU.registerFile$rdmux[0][3][4]$a$3210 [25]
                                               \CPU.mem_rdata [20] -> $memory\CPU.registerFile$rdmux[0][3][4]$a$3210 [24]
                                               \CPU.mem_rdata [20] -> $memory\CPU.registerFile$rdmux[0][3][4]$a$3210 [23]
                                               \CPU.mem_rdata [20] -> $memory\CPU.registerFile$rdmux[0][3][4]$a$3210 [22]
                                               \CPU.mem_rdata [20] -> $memory\CPU.registerFile$rdmux[0][3][4]$a$3210 [21]
                                               \CPU.mem_rdata [20] -> $memory\CPU.registerFile$rdmux[0][3][4]$a$3210 [20]
                                               \CPU.mem_rdata [20] -> $memory\CPU.registerFile$rdmux[0][3][4]$a$3210 [19]
                                               \CPU.mem_rdata [20] -> $memory\CPU.registerFile$rdmux[0][3][4]$a$3210 [18]
                                               \CPU.mem_rdata [20] -> $memory\CPU.registerFile$rdmux[0][3][4]$a$3210 [17]
                                               \CPU.mem_rdata [20] -> $memory\CPU.registerFile$rdmux[0][3][4]$a$3210 [16]
                                               \CPU.mem_rdata [20] -> $memory\CPU.registerFile$rdmux[0][3][4]$a$3210 [15]
                                               \CPU.mem_rdata [20] -> $memory\CPU.registerFile$rdmux[0][3][4]$a$3210 [14]
                                               \CPU.mem_rdata [20] -> $memory\CPU.registerFile$rdmux[0][3][4]$a$3210 [13]
                                               \CPU.mem_rdata [20] -> $memory\CPU.registerFile$rdmux[0][3][4]$a$3210 [12]
                                               \CPU.mem_rdata [20] -> $memory\CPU.registerFile$rdmux[0][3][4]$a$3210 [11]
                                               \CPU.mem_rdata [20] -> $memory\CPU.registerFile$rdmux[0][3][4]$a$3210 [10]
                                               \CPU.mem_rdata [20] -> $memory\CPU.registerFile$rdmux[0][3][4]$a$3210 [9]
                                               \CPU.mem_rdata [20] -> $memory\CPU.registerFile$rdmux[0][3][4]$a$3210 [8]
                                               \CPU.mem_rdata [20] -> $memory\CPU.registerFile$rdmux[0][3][4]$a$3210 [7]
                                               \CPU.mem_rdata [20] -> $memory\CPU.registerFile$rdmux[0][3][4]$a$3210 [6]
                                               \CPU.mem_rdata [20] -> $memory\CPU.registerFile$rdmux[0][3][4]$a$3210 [5]
                                               \CPU.mem_rdata [20] -> $memory\CPU.registerFile$rdmux[0][3][4]$a$3210 [4]
                                               \CPU.mem_rdata [20] -> $memory\CPU.registerFile$rdmux[0][3][4]$a$3210 [3]
                                               \CPU.mem_rdata [20] -> $memory\CPU.registerFile$rdmux[0][3][4]$a$3210 [2]
                                               \CPU.mem_rdata [20] -> $memory\CPU.registerFile$rdmux[0][3][4]$a$3210 [1]
                                               \CPU.mem_rdata [20] -> $memory\CPU.registerFile$rdmux[0][3][4]$a$3210 [0]
                                               \CPU.mem_rdata [20] -> $flatten\CPU.$ternary$cores/cpu/femtorv32_quark.v:258$417_Y [20]
                                               \CPU.mem_rdata [20] -> \CPU.LOAD_halfword [4]
                                               \CPU.mem_rdata [20] -> $memory\CPU.registerFile$rdmux[0][3][6]$a$3216 [31]
                                               \CPU.mem_rdata [20] -> $memory\CPU.registerFile$rdmux[0][3][6]$a$3216 [30]
                                               \CPU.mem_rdata [20] -> $memory\CPU.registerFile$rdmux[0][3][6]$a$3216 [29]
                                               \CPU.mem_rdata [20] -> $memory\CPU.registerFile$rdmux[0][3][6]$a$3216 [28]
                                               \CPU.mem_rdata [20] -> $memory\CPU.registerFile$rdmux[0][3][6]$a$3216 [27]
                                               \CPU.mem_rdata [20] -> $memory\CPU.registerFile$rdmux[0][3][6]$a$3216 [26]
                                               \CPU.mem_rdata [20] -> $memory\CPU.registerFile$rdmux[0][3][6]$a$3216 [25]
                                               \CPU.mem_rdata [20] -> $memory\CPU.registerFile$rdmux[0][3][6]$a$3216 [24]
                                               \CPU.mem_rdata [20] -> $memory\CPU.registerFile$rdmux[0][3][6]$a$3216 [23]
                                               \CPU.mem_rdata [20] -> $memory\CPU.registerFile$rdmux[0][3][6]$a$3216 [22]
                                               \CPU.mem_rdata [20] -> $memory\CPU.registerFile$rdmux[0][3][6]$a$3216 [21]
                                               \CPU.mem_rdata [20] -> $memory\CPU.registerFile$rdmux[0][3][6]$a$3216 [20]
                                               \CPU.mem_rdata [20] -> $memory\CPU.registerFile$rdmux[0][3][6]$a$3216 [19]
                                               \CPU.mem_rdata [20] -> $memory\CPU.registerFile$rdmux[0][3][6]$a$3216 [18]
                                               \CPU.mem_rdata [20] -> $memory\CPU.registerFile$rdmux[0][3][6]$a$3216 [17]
                                               \CPU.mem_rdata [20] -> $memory\CPU.registerFile$rdmux[0][3][6]$a$3216 [16]
                                               \CPU.mem_rdata [20] -> $memory\CPU.registerFile$rdmux[0][3][6]$a$3216 [15]
                                               \CPU.mem_rdata [20] -> $memory\CPU.registerFile$rdmux[0][3][6]$a$3216 [14]
                                               \CPU.mem_rdata [20] -> $memory\CPU.registerFile$rdmux[0][3][6]$a$3216 [13]
                                               \CPU.mem_rdata [20] -> $memory\CPU.registerFile$rdmux[0][3][6]$a$3216 [12]
                                               \CPU.mem_rdata [20] -> $memory\CPU.registerFile$rdmux[0][3][6]$a$3216 [11]
                                               \CPU.mem_rdata [20] -> $memory\CPU.registerFile$rdmux[0][3][6]$a$3216 [10]
                                               \CPU.mem_rdata [20] -> $memory\CPU.registerFile$rdmux[0][3][6]$a$3216 [9]
                                               \CPU.mem_rdata [20] -> $memory\CPU.registerFile$rdmux[0][3][6]$a$3216 [8]
                                               \CPU.mem_rdata [20] -> $memory\CPU.registerFile$rdmux[0][3][6]$a$3216 [7]
                                               \CPU.mem_rdata [20] -> $memory\CPU.registerFile$rdmux[0][3][6]$a$3216 [6]
                                               \CPU.mem_rdata [20] -> $memory\CPU.registerFile$rdmux[0][3][6]$a$3216 [5]
                                               \CPU.mem_rdata [20] -> $memory\CPU.registerFile$rdmux[0][3][6]$a$3216 [4]
                                               \CPU.mem_rdata [20] -> $memory\CPU.registerFile$rdmux[0][3][6]$a$3216 [3]
                                               \CPU.mem_rdata [20] -> $memory\CPU.registerFile$rdmux[0][3][6]$a$3216 [2]
                                               \CPU.mem_rdata [20] -> $memory\CPU.registerFile$rdmux[0][3][6]$a$3216 [1]
                                               \CPU.mem_rdata [20] -> $memory\CPU.registerFile$rdmux[0][3][6]$a$3216 [0]
                                               \CPU.mem_rdata [20] -> $memory\CPU.registerFile$rdmux[0][3][5]$b$3214 [31]
                                               \CPU.mem_rdata [20] -> $memory\CPU.registerFile$rdmux[0][3][5]$a$3213 [31]
                                               \CPU.mem_rdata [20] -> $memory\CPU.registerFile$rdmux[0][3][5]$b$3214 [30]
                                               \CPU.mem_rdata [20] -> $memory\CPU.registerFile$rdmux[0][3][5]$a$3213 [30]
                                               \CPU.mem_rdata [20] -> $memory\CPU.registerFile$rdmux[0][3][5]$b$3214 [29]
                                               \CPU.mem_rdata [20] -> $memory\CPU.registerFile$rdmux[0][3][5]$a$3213 [29]
                                               \CPU.mem_rdata [20] -> $memory\CPU.registerFile$rdmux[0][3][5]$b$3214 [28]
                                               \CPU.mem_rdata [20] -> $memory\CPU.registerFile$rdmux[0][3][5]$a$3213 [28]
                                               \CPU.mem_rdata [20] -> $memory\CPU.registerFile$rdmux[0][3][5]$b$3214 [27]
                                               \CPU.mem_rdata [20] -> $memory\CPU.registerFile$rdmux[0][3][5]$a$3213 [27]
                                               \CPU.mem_rdata [20] -> $memory\CPU.registerFile$rdmux[0][3][5]$b$3214 [26]
                                               \CPU.mem_rdata [20] -> $memory\CPU.registerFile$rdmux[0][3][5]$a$3213 [26]
                                               \CPU.mem_rdata [20] -> $memory\CPU.registerFile$rdmux[0][3][5]$b$3214 [25]
                                               \CPU.mem_rdata [20] -> $memory\CPU.registerFile$rdmux[0][3][5]$a$3213 [25]
                                               \CPU.mem_rdata [20] -> $memory\CPU.registerFile$rdmux[0][3][5]$b$3214 [24]
                                               \CPU.mem_rdata [20] -> $memory\CPU.registerFile$rdmux[0][3][5]$a$3213 [24]
                                               \CPU.mem_rdata [20] -> $memory\CPU.registerFile$rdmux[0][3][5]$b$3214 [23]
                                               \CPU.mem_rdata [20] -> $memory\CPU.registerFile$rdmux[0][3][5]$a$3213 [23]
                                               \CPU.mem_rdata [20] -> $memory\CPU.registerFile$rdmux[0][3][5]$b$3214 [22]
                                               \CPU.mem_rdata [20] -> $memory\CPU.registerFile$rdmux[0][3][5]$a$3213 [22]
                                               \CPU.mem_rdata [20] -> $memory\CPU.registerFile$rdmux[0][3][5]$b$3214 [21]
                                               \CPU.mem_rdata [20] -> $memory\CPU.registerFile$rdmux[0][3][5]$a$3213 [21]
                                               \CPU.mem_rdata [20] -> $memory\CPU.registerFile$rdmux[0][3][5]$b$3214 [20]
                                               \CPU.mem_rdata [20] -> $memory\CPU.registerFile$rdmux[0][3][5]$a$3213 [20]
                                               \CPU.mem_rdata [20] -> $memory\CPU.registerFile$rdmux[0][3][5]$b$3214 [19]
                                               \CPU.mem_rdata [20] -> $memory\CPU.registerFile$rdmux[0][3][5]$a$3213 [19]
                                               \CPU.mem_rdata [20] -> $memory\CPU.registerFile$rdmux[0][3][5]$b$3214 [18]
                                               \CPU.mem_rdata [20] -> $memory\CPU.registerFile$rdmux[0][3][5]$a$3213 [18]
                                               \CPU.mem_rdata [20] -> $memory\CPU.registerFile$rdmux[0][3][5]$b$3214 [17]
                                               \CPU.mem_rdata [20] -> $memory\CPU.registerFile$rdmux[0][3][5]$a$3213 [17]
                                               \CPU.mem_rdata [20] -> $memory\CPU.registerFile$rdmux[0][3][5]$b$3214 [16]
                                               \CPU.mem_rdata [20] -> $memory\CPU.registerFile$rdmux[0][3][5]$a$3213 [16]
                                               \CPU.mem_rdata [20] -> $memory\CPU.registerFile$rdmux[0][3][5]$b$3214 [15]
                                               \CPU.mem_rdata [20] -> $memory\CPU.registerFile$rdmux[0][3][5]$a$3213 [15]
                                               \CPU.mem_rdata [20] -> $memory\CPU.registerFile$rdmux[0][3][5]$b$3214 [14]
                                               \CPU.mem_rdata [20] -> $memory\CPU.registerFile$rdmux[0][3][5]$a$3213 [14]
                                               \CPU.mem_rdata [20] -> $memory\CPU.registerFile$rdmux[0][3][5]$b$3214 [13]
                                               \CPU.mem_rdata [20] -> $memory\CPU.registerFile$rdmux[0][3][5]$a$3213 [13]
                                               \CPU.mem_rdata [20] -> $memory\CPU.registerFile$rdmux[0][3][5]$b$3214 [12]
                                               \CPU.mem_rdata [20] -> $memory\CPU.registerFile$rdmux[0][3][5]$a$3213 [12]
                                               \CPU.mem_rdata [20] -> $memory\CPU.registerFile$rdmux[0][3][5]$b$3214 [11]
                                               \CPU.mem_rdata [20] -> $memory\CPU.registerFile$rdmux[0][3][5]$a$3213 [11]
                                               \CPU.mem_rdata [20] -> $memory\CPU.registerFile$rdmux[0][3][5]$b$3214 [10]
                                               \CPU.mem_rdata [20] -> $memory\CPU.registerFile$rdmux[0][3][5]$a$3213 [10]
                                               \CPU.mem_rdata [20] -> $memory\CPU.registerFile$rdmux[0][3][5]$b$3214 [9]
                                               \CPU.mem_rdata [20] -> $memory\CPU.registerFile$rdmux[0][3][5]$a$3213 [9]
                                               \CPU.mem_rdata [20] -> $memory\CPU.registerFile$rdmux[0][3][5]$b$3214 [8]
                                               \CPU.mem_rdata [20] -> $memory\CPU.registerFile$rdmux[0][3][5]$a$3213 [8]
                                               \CPU.mem_rdata [20] -> $memory\CPU.registerFile$rdmux[0][3][5]$b$3214 [7]
                                               \CPU.mem_rdata [20] -> $memory\CPU.registerFile$rdmux[0][3][5]$a$3213 [7]
                                               \CPU.mem_rdata [20] -> $memory\CPU.registerFile$rdmux[0][3][5]$b$3214 [6]
                                               \CPU.mem_rdata [20] -> $memory\CPU.registerFile$rdmux[0][3][5]$a$3213 [6]
                                               \CPU.mem_rdata [20] -> $memory\CPU.registerFile$rdmux[0][3][5]$b$3214 [5]
                                               \CPU.mem_rdata [20] -> $memory\CPU.registerFile$rdmux[0][3][5]$a$3213 [5]
                                               \CPU.mem_rdata [20] -> $memory\CPU.registerFile$rdmux[0][3][5]$b$3214 [4]
                                               \CPU.mem_rdata [20] -> $memory\CPU.registerFile$rdmux[0][3][5]$a$3213 [4]
                                               \CPU.mem_rdata [20] -> $memory\CPU.registerFile$rdmux[0][3][5]$b$3214 [3]
                                               \CPU.mem_rdata [20] -> $memory\CPU.registerFile$rdmux[0][3][5]$a$3213 [3]
                                               \CPU.mem_rdata [20] -> $memory\CPU.registerFile$rdmux[0][3][5]$b$3214 [2]
                                               \CPU.mem_rdata [20] -> $memory\CPU.registerFile$rdmux[0][3][5]$a$3213 [2]
                                               \CPU.mem_rdata [20] -> $memory\CPU.registerFile$rdmux[0][3][5]$b$3214 [1]
                                               \CPU.mem_rdata [20] -> $memory\CPU.registerFile$rdmux[0][3][5]$a$3213 [1]
                                               \CPU.mem_rdata [20] -> $memory\CPU.registerFile$rdmux[0][3][5]$b$3214 [0]
                                               \CPU.mem_rdata [20] -> $memory\CPU.registerFile$rdmux[0][3][5]$a$3213 [0]
                                               \CPU.mem_rdata [20] -> $memory\CPU.registerFile$rdmux[0][3][0]$b$3199 [31]
                                               \CPU.mem_rdata [20] -> $memory\CPU.registerFile$rdmux[0][3][0]$b$3199 [30]
                                               \CPU.mem_rdata [20] -> $memory\CPU.registerFile$rdmux[0][3][0]$b$3199 [29]
                                               \CPU.mem_rdata [20] -> $memory\CPU.registerFile$rdmux[0][3][0]$b$3199 [28]
                                               \CPU.mem_rdata [20] -> $memory\CPU.registerFile$rdmux[0][3][0]$b$3199 [27]
                                               \CPU.mem_rdata [20] -> $memory\CPU.registerFile$rdmux[0][3][0]$b$3199 [26]
                                               \CPU.mem_rdata [20] -> $memory\CPU.registerFile$rdmux[0][3][0]$b$3199 [25]
                                               \CPU.mem_rdata [20] -> $memory\CPU.registerFile$rdmux[0][3][0]$b$3199 [24]
                                               \CPU.mem_rdata [20] -> $memory\CPU.registerFile$rdmux[0][3][0]$b$3199 [23]
                                               \CPU.mem_rdata [20] -> $memory\CPU.registerFile$rdmux[0][3][0]$b$3199 [22]
                                               \CPU.mem_rdata [20] -> $memory\CPU.registerFile$rdmux[0][3][0]$b$3199 [21]
                                               \CPU.mem_rdata [20] -> $memory\CPU.registerFile$rdmux[0][3][0]$b$3199 [20]
                                               \CPU.mem_rdata [20] -> $memory\CPU.registerFile$rdmux[0][3][0]$b$3199 [19]
                                               \CPU.mem_rdata [20] -> $memory\CPU.registerFile$rdmux[0][3][0]$b$3199 [18]
                                               \CPU.mem_rdata [20] -> $memory\CPU.registerFile$rdmux[0][3][0]$b$3199 [17]
                                               \CPU.mem_rdata [20] -> $memory\CPU.registerFile$rdmux[0][3][0]$b$3199 [16]
                                               \CPU.mem_rdata [20] -> $memory\CPU.registerFile$rdmux[0][3][0]$b$3199 [15]
                                               \CPU.mem_rdata [20] -> $memory\CPU.registerFile$rdmux[0][3][0]$b$3199 [14]
                                               \CPU.mem_rdata [20] -> $memory\CPU.registerFile$rdmux[0][3][0]$b$3199 [13]
                                               \CPU.mem_rdata [20] -> $memory\CPU.registerFile$rdmux[0][3][0]$b$3199 [12]
                                               \CPU.mem_rdata [20] -> $memory\CPU.registerFile$rdmux[0][3][0]$b$3199 [11]
                                               \CPU.mem_rdata [20] -> $memory\CPU.registerFile$rdmux[0][3][0]$b$3199 [10]
                                               \CPU.mem_rdata [20] -> $memory\CPU.registerFile$rdmux[0][3][0]$b$3199 [9]
                                               \CPU.mem_rdata [20] -> $memory\CPU.registerFile$rdmux[0][3][0]$b$3199 [8]
                                               \CPU.mem_rdata [20] -> $memory\CPU.registerFile$rdmux[0][3][0]$b$3199 [7]
                                               \CPU.mem_rdata [20] -> $memory\CPU.registerFile$rdmux[0][3][0]$b$3199 [6]
                                               \CPU.mem_rdata [20] -> $memory\CPU.registerFile$rdmux[0][3][0]$b$3199 [5]
                                               \CPU.mem_rdata [20] -> $memory\CPU.registerFile$rdmux[0][3][0]$b$3199 [4]
                                               \CPU.mem_rdata [20] -> $memory\CPU.registerFile$rdmux[0][3][0]$b$3199 [3]
                                               \CPU.mem_rdata [20] -> $memory\CPU.registerFile$rdmux[0][3][0]$b$3199 [2]
                                               \CPU.mem_rdata [20] -> $memory\CPU.registerFile$rdmux[0][3][0]$b$3199 [1]
                                               \CPU.mem_rdata [20] -> $memory\CPU.registerFile$rdmux[0][3][0]$b$3199 [0]
                                               \CPU.mem_rdata [20] -> $memory\CPU.registerFile$rdmux[0][3][6]$b$3217 [31]
                                               \CPU.mem_rdata [20] -> $memory\CPU.registerFile$rdmux[0][3][6]$b$3217 [30]
                                               \CPU.mem_rdata [20] -> $memory\CPU.registerFile$rdmux[0][3][6]$b$3217 [29]
                                               \CPU.mem_rdata [20] -> $memory\CPU.registerFile$rdmux[0][3][6]$b$3217 [28]
                                               \CPU.mem_rdata [20] -> $memory\CPU.registerFile$rdmux[0][3][6]$b$3217 [27]
                                               \CPU.mem_rdata [20] -> $memory\CPU.registerFile$rdmux[0][3][6]$b$3217 [26]
                                               \CPU.mem_rdata [20] -> $memory\CPU.registerFile$rdmux[0][3][6]$b$3217 [25]
                                               \CPU.mem_rdata [20] -> $memory\CPU.registerFile$rdmux[0][3][6]$b$3217 [24]
                                               \CPU.mem_rdata [20] -> $memory\CPU.registerFile$rdmux[0][3][6]$b$3217 [23]
                                               \CPU.mem_rdata [20] -> $memory\CPU.registerFile$rdmux[0][3][6]$b$3217 [22]
                                               \CPU.mem_rdata [20] -> $memory\CPU.registerFile$rdmux[0][3][6]$b$3217 [21]
                                               \CPU.mem_rdata [20] -> $memory\CPU.registerFile$rdmux[0][3][6]$b$3217 [20]
                                               \CPU.mem_rdata [20] -> $memory\CPU.registerFile$rdmux[0][3][6]$b$3217 [19]
                                               \CPU.mem_rdata [20] -> $memory\CPU.registerFile$rdmux[0][3][6]$b$3217 [18]
                                               \CPU.mem_rdata [20] -> $memory\CPU.registerFile$rdmux[0][3][6]$b$3217 [17]
                                               \CPU.mem_rdata [20] -> $memory\CPU.registerFile$rdmux[0][3][6]$b$3217 [16]
                                               \CPU.mem_rdata [20] -> $memory\CPU.registerFile$rdmux[0][3][6]$b$3217 [15]
                                               \CPU.mem_rdata [20] -> $memory\CPU.registerFile$rdmux[0][3][6]$b$3217 [14]
                                               \CPU.mem_rdata [20] -> $memory\CPU.registerFile$rdmux[0][3][6]$b$3217 [13]
                                               \CPU.mem_rdata [20] -> $memory\CPU.registerFile$rdmux[0][3][6]$b$3217 [12]
                                               \CPU.mem_rdata [20] -> $memory\CPU.registerFile$rdmux[0][3][6]$b$3217 [11]
                                               \CPU.mem_rdata [20] -> $memory\CPU.registerFile$rdmux[0][3][6]$b$3217 [10]
                                               \CPU.mem_rdata [20] -> $memory\CPU.registerFile$rdmux[0][3][6]$b$3217 [9]
                                               \CPU.mem_rdata [20] -> $memory\CPU.registerFile$rdmux[0][3][6]$b$3217 [8]
                                               \CPU.mem_rdata [20] -> $memory\CPU.registerFile$rdmux[0][3][6]$b$3217 [7]
                                               \CPU.mem_rdata [20] -> $memory\CPU.registerFile$rdmux[0][3][6]$b$3217 [6]
                                               \CPU.mem_rdata [20] -> $memory\CPU.registerFile$rdmux[0][3][6]$b$3217 [5]
                                               \CPU.mem_rdata [20] -> $memory\CPU.registerFile$rdmux[0][3][6]$b$3217 [4]
                                               \CPU.mem_rdata [20] -> $memory\CPU.registerFile$rdmux[0][3][6]$b$3217 [3]
                                               \CPU.mem_rdata [20] -> $memory\CPU.registerFile$rdmux[0][3][6]$b$3217 [2]
                                               \CPU.mem_rdata [20] -> $memory\CPU.registerFile$rdmux[0][3][6]$b$3217 [1]
                                               \CPU.mem_rdata [20] -> $memory\CPU.registerFile$rdmux[0][3][6]$b$3217 [0]
                                               \CPU.mem_rdata [20] -> $memory\CPU.registerFile$rdmux[0][3][1]$a$3201 [31]
                                               \CPU.mem_rdata [20] -> $memory\CPU.registerFile$rdmux[0][3][1]$a$3201 [30]
                                               \CPU.mem_rdata [20] -> $memory\CPU.registerFile$rdmux[0][3][1]$a$3201 [29]
                                               \CPU.mem_rdata [20] -> $memory\CPU.registerFile$rdmux[0][3][1]$a$3201 [28]
                                               \CPU.mem_rdata [20] -> $memory\CPU.registerFile$rdmux[0][3][1]$a$3201 [27]
                                               \CPU.mem_rdata [20] -> $memory\CPU.registerFile$rdmux[0][3][1]$a$3201 [26]
                                               \CPU.mem_rdata [20] -> $memory\CPU.registerFile$rdmux[0][3][1]$a$3201 [25]
                                               \CPU.mem_rdata [20] -> $memory\CPU.registerFile$rdmux[0][3][1]$a$3201 [24]
                                               \CPU.mem_rdata [20] -> $memory\CPU.registerFile$rdmux[0][3][1]$a$3201 [23]
                                               \CPU.mem_rdata [20] -> $memory\CPU.registerFile$rdmux[0][3][1]$a$3201 [22]
                                               \CPU.mem_rdata [20] -> $memory\CPU.registerFile$rdmux[0][3][1]$a$3201 [21]
                                               \CPU.mem_rdata [20] -> $memory\CPU.registerFile$rdmux[0][3][1]$a$3201 [20]
                                               \CPU.mem_rdata [20] -> $memory\CPU.registerFile$rdmux[0][3][1]$a$3201 [19]
                                               \CPU.mem_rdata [20] -> $memory\CPU.registerFile$rdmux[0][3][1]$a$3201 [18]
                                               \CPU.mem_rdata [20] -> $memory\CPU.registerFile$rdmux[0][3][1]$a$3201 [17]
                                               \CPU.mem_rdata [20] -> $memory\CPU.registerFile$rdmux[0][3][1]$a$3201 [16]
                                               \CPU.mem_rdata [20] -> $memory\CPU.registerFile$rdmux[0][3][1]$a$3201 [15]
                                               \CPU.mem_rdata [20] -> $memory\CPU.registerFile$rdmux[0][3][1]$a$3201 [14]
                                               \CPU.mem_rdata [20] -> $memory\CPU.registerFile$rdmux[0][3][1]$a$3201 [13]
                                               \CPU.mem_rdata [20] -> $memory\CPU.registerFile$rdmux[0][3][1]$a$3201 [12]
                                               \CPU.mem_rdata [20] -> $memory\CPU.registerFile$rdmux[0][3][1]$a$3201 [11]
                                               \CPU.mem_rdata [20] -> $memory\CPU.registerFile$rdmux[0][3][1]$a$3201 [10]
                                               \CPU.mem_rdata [20] -> $memory\CPU.registerFile$rdmux[0][3][1]$a$3201 [9]
                                               \CPU.mem_rdata [20] -> $memory\CPU.registerFile$rdmux[0][3][1]$a$3201 [8]
                                               \CPU.mem_rdata [20] -> $memory\CPU.registerFile$rdmux[0][3][1]$a$3201 [7]
                                               \CPU.mem_rdata [20] -> $memory\CPU.registerFile$rdmux[0][3][1]$a$3201 [6]
                                               \CPU.mem_rdata [20] -> $memory\CPU.registerFile$rdmux[0][3][1]$a$3201 [5]
                                               \CPU.mem_rdata [20] -> $memory\CPU.registerFile$rdmux[0][3][1]$a$3201 [4]
                                               \CPU.mem_rdata [20] -> $memory\CPU.registerFile$rdmux[0][3][1]$a$3201 [3]
                                               \CPU.mem_rdata [20] -> $memory\CPU.registerFile$rdmux[0][3][1]$a$3201 [2]
                                               \CPU.mem_rdata [20] -> $memory\CPU.registerFile$rdmux[0][3][1]$a$3201 [1]
                                               \CPU.mem_rdata [20] -> $memory\CPU.registerFile$rdmux[0][3][1]$a$3201 [0]
                                               \CPU.mem_rdata [20] -> $memory\CPU.registerFile$rdmux[0][3][1]$b$3202 [31]
                                               \CPU.mem_rdata [20] -> $memory\CPU.registerFile$rdmux[0][3][1]$b$3202 [30]
                                               \CPU.mem_rdata [20] -> $memory\CPU.registerFile$rdmux[0][3][1]$b$3202 [29]
                                               \CPU.mem_rdata [20] -> $memory\CPU.registerFile$rdmux[0][3][1]$b$3202 [28]
                                               \CPU.mem_rdata [20] -> $memory\CPU.registerFile$rdmux[0][3][1]$b$3202 [27]
                                               \CPU.mem_rdata [20] -> $memory\CPU.registerFile$rdmux[0][3][1]$b$3202 [26]
                                               \CPU.mem_rdata [20] -> $memory\CPU.registerFile$rdmux[0][3][1]$b$3202 [25]
                                               \CPU.mem_rdata [20] -> $memory\CPU.registerFile$rdmux[0][3][1]$b$3202 [24]
                                               \CPU.mem_rdata [20] -> $memory\CPU.registerFile$rdmux[0][3][1]$b$3202 [23]
                                               \CPU.mem_rdata [20] -> $memory\CPU.registerFile$rdmux[0][3][1]$b$3202 [22]
                                               \CPU.mem_rdata [20] -> $memory\CPU.registerFile$rdmux[0][3][1]$b$3202 [21]
                                               \CPU.mem_rdata [20] -> $memory\CPU.registerFile$rdmux[0][3][1]$b$3202 [20]
                                               \CPU.mem_rdata [20] -> $memory\CPU.registerFile$rdmux[0][3][1]$b$3202 [19]
                                               \CPU.mem_rdata [20] -> $memory\CPU.registerFile$rdmux[0][3][1]$b$3202 [18]
                                               \CPU.mem_rdata [20] -> $memory\CPU.registerFile$rdmux[0][3][1]$b$3202 [17]
                                               \CPU.mem_rdata [20] -> $memory\CPU.registerFile$rdmux[0][3][1]$b$3202 [16]
                                               \CPU.mem_rdata [20] -> $memory\CPU.registerFile$rdmux[0][3][1]$b$3202 [15]
                                               \CPU.mem_rdata [20] -> $memory\CPU.registerFile$rdmux[0][3][1]$b$3202 [14]
                                               \CPU.mem_rdata [20] -> $memory\CPU.registerFile$rdmux[0][3][1]$b$3202 [13]
                                               \CPU.mem_rdata [20] -> $memory\CPU.registerFile$rdmux[0][3][1]$b$3202 [12]
                                               \CPU.mem_rdata [20] -> $memory\CPU.registerFile$rdmux[0][3][1]$b$3202 [11]
                                               \CPU.mem_rdata [20] -> $memory\CPU.registerFile$rdmux[0][3][1]$b$3202 [10]
                                               \CPU.mem_rdata [20] -> $memory\CPU.registerFile$rdmux[0][3][1]$b$3202 [9]
                                               \CPU.mem_rdata [20] -> $memory\CPU.registerFile$rdmux[0][3][1]$b$3202 [8]
                                               \CPU.mem_rdata [20] -> $memory\CPU.registerFile$rdmux[0][3][1]$b$3202 [7]
                                               \CPU.mem_rdata [20] -> $memory\CPU.registerFile$rdmux[0][3][1]$b$3202 [6]
                                               \CPU.mem_rdata [20] -> $memory\CPU.registerFile$rdmux[0][3][1]$b$3202 [5]
                                               \CPU.mem_rdata [20] -> $memory\CPU.registerFile$rdmux[0][3][1]$b$3202 [4]
                                               \CPU.mem_rdata [20] -> $memory\CPU.registerFile$rdmux[0][3][1]$b$3202 [3]
                                               \CPU.mem_rdata [20] -> $memory\CPU.registerFile$rdmux[0][3][1]$b$3202 [2]
                                               \CPU.mem_rdata [20] -> $memory\CPU.registerFile$rdmux[0][3][1]$b$3202 [1]
                                               \CPU.mem_rdata [20] -> $memory\CPU.registerFile$rdmux[0][3][1]$b$3202 [0]
                                               \CPU.mem_rdata [20] -> $memory\CPU.registerFile$rdmux[0][3][4]$b$3211 [31]
                                               \CPU.mem_rdata [20] -> $memory\CPU.registerFile$rdmux[0][3][4]$b$3211 [30]
                                               \CPU.mem_rdata [20] -> $memory\CPU.registerFile$rdmux[0][3][4]$b$3211 [29]
                                               \CPU.mem_rdata [20] -> $memory\CPU.registerFile$rdmux[0][3][4]$b$3211 [28]
                                               \CPU.mem_rdata [20] -> $memory\CPU.registerFile$rdmux[0][3][4]$b$3211 [27]
                                               \CPU.mem_rdata [20] -> $memory\CPU.registerFile$rdmux[0][3][4]$b$3211 [26]
                                               \CPU.mem_rdata [20] -> $memory\CPU.registerFile$rdmux[0][3][4]$b$3211 [25]
                                               \CPU.mem_rdata [20] -> $memory\CPU.registerFile$rdmux[0][3][4]$b$3211 [24]
                                               \CPU.mem_rdata [20] -> $memory\CPU.registerFile$rdmux[0][3][4]$b$3211 [23]
                                               \CPU.mem_rdata [20] -> $memory\CPU.registerFile$rdmux[0][3][4]$b$3211 [22]
                                               \CPU.mem_rdata [20] -> $memory\CPU.registerFile$rdmux[0][3][4]$b$3211 [21]
                                               \CPU.mem_rdata [20] -> $memory\CPU.registerFile$rdmux[0][3][4]$b$3211 [20]
                                               \CPU.mem_rdata [20] -> $memory\CPU.registerFile$rdmux[0][3][4]$b$3211 [19]
                                               \CPU.mem_rdata [20] -> $memory\CPU.registerFile$rdmux[0][3][4]$b$3211 [18]
                                               \CPU.mem_rdata [20] -> $memory\CPU.registerFile$rdmux[0][3][4]$b$3211 [17]
                                               \CPU.mem_rdata [20] -> $memory\CPU.registerFile$rdmux[0][3][4]$b$3211 [16]
                                               \CPU.mem_rdata [20] -> $memory\CPU.registerFile$rdmux[0][3][4]$b$3211 [15]
                                               \CPU.mem_rdata [20] -> $memory\CPU.registerFile$rdmux[0][3][4]$b$3211 [14]
                                               \CPU.mem_rdata [20] -> $memory\CPU.registerFile$rdmux[0][3][4]$b$3211 [13]
                                               \CPU.mem_rdata [20] -> $memory\CPU.registerFile$rdmux[0][3][4]$b$3211 [12]
                                               \CPU.mem_rdata [20] -> $memory\CPU.registerFile$rdmux[0][3][4]$b$3211 [11]
                                               \CPU.mem_rdata [20] -> $memory\CPU.registerFile$rdmux[0][3][4]$b$3211 [10]
                                               \CPU.mem_rdata [20] -> $memory\CPU.registerFile$rdmux[0][3][4]$b$3211 [9]
                                               \CPU.mem_rdata [20] -> $memory\CPU.registerFile$rdmux[0][3][4]$b$3211 [8]
                                               \CPU.mem_rdata [20] -> $memory\CPU.registerFile$rdmux[0][3][4]$b$3211 [7]
                                               \CPU.mem_rdata [20] -> $memory\CPU.registerFile$rdmux[0][3][4]$b$3211 [6]
                                               \CPU.mem_rdata [20] -> $memory\CPU.registerFile$rdmux[0][3][4]$b$3211 [5]
                                               \CPU.mem_rdata [20] -> $memory\CPU.registerFile$rdmux[0][3][4]$b$3211 [4]
                                               \CPU.mem_rdata [20] -> $memory\CPU.registerFile$rdmux[0][3][4]$b$3211 [3]
                                               \CPU.mem_rdata [20] -> $memory\CPU.registerFile$rdmux[0][3][4]$b$3211 [2]
                                               \CPU.mem_rdata [20] -> $memory\CPU.registerFile$rdmux[0][3][4]$b$3211 [1]
                                               \CPU.mem_rdata [20] -> $memory\CPU.registerFile$rdmux[0][3][4]$b$3211 [0]
                                               \CPU.mem_rdata [20] -> $memory\CPU.registerFile$rdmux[0][3][2]$a$3204 [31]
                                               \CPU.mem_rdata [20] -> $memory\CPU.registerFile$rdmux[0][3][2]$a$3204 [30]
                                               \CPU.mem_rdata [20] -> $memory\CPU.registerFile$rdmux[0][3][2]$a$3204 [29]
                                               \CPU.mem_rdata [20] -> $memory\CPU.registerFile$rdmux[0][3][2]$a$3204 [28]
                                               \CPU.mem_rdata [20] -> $memory\CPU.registerFile$rdmux[0][3][2]$a$3204 [27]
                                               \CPU.mem_rdata [20] -> $memory\CPU.registerFile$rdmux[0][3][2]$a$3204 [26]
                                               \CPU.mem_rdata [20] -> $memory\CPU.registerFile$rdmux[0][3][2]$a$3204 [25]
                                               \CPU.mem_rdata [20] -> $memory\CPU.registerFile$rdmux[0][3][2]$a$3204 [24]
                                               \CPU.mem_rdata [20] -> $memory\CPU.registerFile$rdmux[0][3][2]$a$3204 [23]
                                               \CPU.mem_rdata [20] -> $memory\CPU.registerFile$rdmux[0][3][2]$a$3204 [22]
                                               \CPU.mem_rdata [20] -> $memory\CPU.registerFile$rdmux[0][3][2]$a$3204 [21]
                                               \CPU.mem_rdata [20] -> $memory\CPU.registerFile$rdmux[0][3][2]$a$3204 [20]
                                               \CPU.mem_rdata [20] -> $memory\CPU.registerFile$rdmux[0][3][2]$a$3204 [19]
                                               \CPU.mem_rdata [20] -> $memory\CPU.registerFile$rdmux[0][3][2]$a$3204 [18]
                                               \CPU.mem_rdata [20] -> $memory\CPU.registerFile$rdmux[0][3][2]$a$3204 [17]
                                               \CPU.mem_rdata [20] -> $memory\CPU.registerFile$rdmux[0][3][2]$a$3204 [16]
                                               \CPU.mem_rdata [20] -> $memory\CPU.registerFile$rdmux[0][3][2]$a$3204 [15]
                                               \CPU.mem_rdata [20] -> $memory\CPU.registerFile$rdmux[0][3][2]$a$3204 [14]
                                               \CPU.mem_rdata [20] -> $memory\CPU.registerFile$rdmux[0][3][2]$a$3204 [13]
                                               \CPU.mem_rdata [20] -> $memory\CPU.registerFile$rdmux[0][3][2]$a$3204 [12]
                                               \CPU.mem_rdata [20] -> $memory\CPU.registerFile$rdmux[0][3][2]$a$3204 [11]
                                               \CPU.mem_rdata [20] -> $memory\CPU.registerFile$rdmux[0][3][2]$a$3204 [10]
                                               \CPU.mem_rdata [20] -> $memory\CPU.registerFile$rdmux[0][3][2]$a$3204 [9]
                                               \CPU.mem_rdata [20] -> $memory\CPU.registerFile$rdmux[0][3][2]$a$3204 [8]
                                               \CPU.mem_rdata [20] -> $memory\CPU.registerFile$rdmux[0][3][2]$a$3204 [7]
                                               \CPU.mem_rdata [20] -> $memory\CPU.registerFile$rdmux[0][3][2]$a$3204 [6]
                                               \CPU.mem_rdata [20] -> $memory\CPU.registerFile$rdmux[0][3][2]$a$3204 [5]
                                               \CPU.mem_rdata [20] -> $memory\CPU.registerFile$rdmux[0][3][2]$a$3204 [4]
                                               \CPU.mem_rdata [20] -> $memory\CPU.registerFile$rdmux[0][3][2]$a$3204 [3]
                                               \CPU.mem_rdata [20] -> $memory\CPU.registerFile$rdmux[0][3][2]$a$3204 [2]
                                               \CPU.mem_rdata [20] -> $memory\CPU.registerFile$rdmux[0][3][2]$a$3204 [1]
                                               \CPU.mem_rdata [20] -> $memory\CPU.registerFile$rdmux[0][3][2]$a$3204 [0]
                                               \CPU.mem_rdata [20] -> $memory\CPU.registerFile$rdmux[0][3][7]$b$3220 [31]
                                               \CPU.mem_rdata [20] -> $memory\CPU.registerFile$rdmux[0][3][7]$a$3219 [31]
                                               \CPU.mem_rdata [20] -> $memory\CPU.registerFile$rdmux[0][3][7]$b$3220 [30]
                                               \CPU.mem_rdata [20] -> $memory\CPU.registerFile$rdmux[0][3][7]$a$3219 [30]
                                               \CPU.mem_rdata [20] -> $memory\CPU.registerFile$rdmux[0][3][7]$b$3220 [29]
                                               \CPU.mem_rdata [20] -> $memory\CPU.registerFile$rdmux[0][3][7]$a$3219 [29]
                                               \CPU.mem_rdata [20] -> $memory\CPU.registerFile$rdmux[0][3][7]$b$3220 [28]
                                               \CPU.mem_rdata [20] -> $memory\CPU.registerFile$rdmux[0][3][7]$a$3219 [28]
                                               \CPU.mem_rdata [20] -> $memory\CPU.registerFile$rdmux[0][3][7]$b$3220 [27]
                                               \CPU.mem_rdata [20] -> $memory\CPU.registerFile$rdmux[0][3][7]$a$3219 [27]
                                               \CPU.mem_rdata [20] -> $memory\CPU.registerFile$rdmux[0][3][7]$b$3220 [26]
                                               \CPU.mem_rdata [20] -> $memory\CPU.registerFile$rdmux[0][3][7]$a$3219 [26]
                                               \CPU.mem_rdata [20] -> $memory\CPU.registerFile$rdmux[0][3][7]$b$3220 [25]
                                               \CPU.mem_rdata [20] -> $memory\CPU.registerFile$rdmux[0][3][7]$a$3219 [25]
                                               \CPU.mem_rdata [20] -> $memory\CPU.registerFile$rdmux[0][3][7]$b$3220 [24]
                                               \CPU.mem_rdata [20] -> $memory\CPU.registerFile$rdmux[0][3][7]$a$3219 [24]
                                               \CPU.mem_rdata [20] -> $memory\CPU.registerFile$rdmux[0][3][7]$b$3220 [23]
                                               \CPU.mem_rdata [20] -> $memory\CPU.registerFile$rdmux[0][3][7]$a$3219 [23]
                                               \CPU.mem_rdata [20] -> $memory\CPU.registerFile$rdmux[0][3][7]$b$3220 [22]
                                               \CPU.mem_rdata [20] -> $memory\CPU.registerFile$rdmux[0][3][7]$a$3219 [22]
                                               \CPU.mem_rdata [20] -> $memory\CPU.registerFile$rdmux[0][3][7]$b$3220 [21]
                                               \CPU.mem_rdata [20] -> $memory\CPU.registerFile$rdmux[0][3][7]$a$3219 [21]
                                               \CPU.mem_rdata [20] -> $memory\CPU.registerFile$rdmux[0][3][7]$b$3220 [20]
                                               \CPU.mem_rdata [20] -> $memory\CPU.registerFile$rdmux[0][3][7]$a$3219 [20]
                                               \CPU.mem_rdata [20] -> $memory\CPU.registerFile$rdmux[0][3][7]$b$3220 [19]
                                               \CPU.mem_rdata [20] -> $memory\CPU.registerFile$rdmux[0][3][7]$a$3219 [19]
                                               \CPU.mem_rdata [20] -> $memory\CPU.registerFile$rdmux[0][3][7]$b$3220 [18]
                                               \CPU.mem_rdata [20] -> $memory\CPU.registerFile$rdmux[0][3][7]$a$3219 [18]
                                               \CPU.mem_rdata [20] -> $memory\CPU.registerFile$rdmux[0][3][7]$b$3220 [17]
                                               \CPU.mem_rdata [20] -> $memory\CPU.registerFile$rdmux[0][3][7]$a$3219 [17]
                                               \CPU.mem_rdata [20] -> $memory\CPU.registerFile$rdmux[0][3][7]$b$3220 [16]
                                               \CPU.mem_rdata [20] -> $memory\CPU.registerFile$rdmux[0][3][7]$a$3219 [16]
                                               \CPU.mem_rdata [20] -> $memory\CPU.registerFile$rdmux[0][3][7]$b$3220 [15]
                                               \CPU.mem_rdata [20] -> $memory\CPU.registerFile$rdmux[0][3][7]$a$3219 [15]
                                               \CPU.mem_rdata [20] -> $memory\CPU.registerFile$rdmux[0][3][7]$b$3220 [14]
                                               \CPU.mem_rdata [20] -> $memory\CPU.registerFile$rdmux[0][3][7]$a$3219 [14]
                                               \CPU.mem_rdata [20] -> $memory\CPU.registerFile$rdmux[0][3][7]$b$3220 [13]
                                               \CPU.mem_rdata [20] -> $memory\CPU.registerFile$rdmux[0][3][7]$a$3219 [13]
                                               \CPU.mem_rdata [20] -> $memory\CPU.registerFile$rdmux[0][3][7]$b$3220 [12]
                                               \CPU.mem_rdata [20] -> $memory\CPU.registerFile$rdmux[0][3][7]$a$3219 [12]
                                               \CPU.mem_rdata [20] -> $memory\CPU.registerFile$rdmux[0][3][7]$b$3220 [11]
                                               \CPU.mem_rdata [20] -> $memory\CPU.registerFile$rdmux[0][3][7]$a$3219 [11]
                                               \CPU.mem_rdata [20] -> $memory\CPU.registerFile$rdmux[0][3][7]$b$3220 [10]
                                               \CPU.mem_rdata [20] -> $memory\CPU.registerFile$rdmux[0][3][7]$a$3219 [10]
                                               \CPU.mem_rdata [20] -> $memory\CPU.registerFile$rdmux[0][3][7]$b$3220 [9]
                                               \CPU.mem_rdata [20] -> $memory\CPU.registerFile$rdmux[0][3][7]$a$3219 [9]
                                               \CPU.mem_rdata [20] -> $memory\CPU.registerFile$rdmux[0][3][7]$b$3220 [8]
                                               \CPU.mem_rdata [20] -> $memory\CPU.registerFile$rdmux[0][3][7]$a$3219 [8]
                                               \CPU.mem_rdata [20] -> $memory\CPU.registerFile$rdmux[0][3][7]$b$3220 [7]
                                               \CPU.mem_rdata [20] -> $memory\CPU.registerFile$rdmux[0][3][7]$a$3219 [7]
                                               \CPU.mem_rdata [20] -> $memory\CPU.registerFile$rdmux[0][3][7]$b$3220 [6]
                                               \CPU.mem_rdata [20] -> $memory\CPU.registerFile$rdmux[0][3][7]$a$3219 [6]
                                               \CPU.mem_rdata [20] -> $memory\CPU.registerFile$rdmux[0][3][7]$b$3220 [5]
                                               \CPU.mem_rdata [20] -> $memory\CPU.registerFile$rdmux[0][3][7]$a$3219 [5]
                                               \CPU.mem_rdata [20] -> $memory\CPU.registerFile$rdmux[0][3][7]$b$3220 [4]
                                               \CPU.mem_rdata [20] -> $memory\CPU.registerFile$rdmux[0][3][7]$a$3219 [4]
                                               \CPU.mem_rdata [20] -> $memory\CPU.registerFile$rdmux[0][3][7]$b$3220 [3]
                                               \CPU.mem_rdata [20] -> $memory\CPU.registerFile$rdmux[0][3][7]$a$3219 [3]
                                               \CPU.mem_rdata [20] -> $memory\CPU.registerFile$rdmux[0][3][7]$b$3220 [2]
                                               \CPU.mem_rdata [20] -> $memory\CPU.registerFile$rdmux[0][3][7]$a$3219 [2]
                                               \CPU.mem_rdata [20] -> $memory\CPU.registerFile$rdmux[0][3][7]$b$3220 [1]
                                               \CPU.mem_rdata [20] -> $memory\CPU.registerFile$rdmux[0][3][7]$a$3219 [1]
                                               \CPU.mem_rdata [20] -> $memory\CPU.registerFile$rdmux[0][3][7]$b$3220 [0]
                                               \CPU.mem_rdata [20] -> $memory\CPU.registerFile$rdmux[0][3][7]$a$3219 [0]
                                               \CPU.mem_rdata [20] -> $memory\CPU.registerFile$rdmux[0][3][2]$b$3205 [31]
                                               \CPU.mem_rdata [20] -> $memory\CPU.registerFile$rdmux[0][3][2]$b$3205 [30]
                                               \CPU.mem_rdata [20] -> $memory\CPU.registerFile$rdmux[0][3][2]$b$3205 [29]
                                               \CPU.mem_rdata [20] -> $memory\CPU.registerFile$rdmux[0][3][2]$b$3205 [28]
                                               \CPU.mem_rdata [20] -> $memory\CPU.registerFile$rdmux[0][3][2]$b$3205 [27]
                                               \CPU.mem_rdata [20] -> $memory\CPU.registerFile$rdmux[0][3][2]$b$3205 [26]
                                               \CPU.mem_rdata [20] -> $memory\CPU.registerFile$rdmux[0][3][2]$b$3205 [25]
                                               \CPU.mem_rdata [20] -> $memory\CPU.registerFile$rdmux[0][3][2]$b$3205 [24]
                                               \CPU.mem_rdata [20] -> $memory\CPU.registerFile$rdmux[0][3][2]$b$3205 [23]
                                               \CPU.mem_rdata [20] -> $memory\CPU.registerFile$rdmux[0][3][2]$b$3205 [22]
                                               \CPU.mem_rdata [20] -> $memory\CPU.registerFile$rdmux[0][3][2]$b$3205 [21]
                                               \CPU.mem_rdata [20] -> $memory\CPU.registerFile$rdmux[0][3][2]$b$3205 [20]
                                               \CPU.mem_rdata [20] -> $memory\CPU.registerFile$rdmux[0][3][2]$b$3205 [19]
                                               \CPU.mem_rdata [20] -> $memory\CPU.registerFile$rdmux[0][3][2]$b$3205 [18]
                                               \CPU.mem_rdata [20] -> $memory\CPU.registerFile$rdmux[0][3][2]$b$3205 [17]
                                               \CPU.mem_rdata [20] -> $memory\CPU.registerFile$rdmux[0][3][2]$b$3205 [16]
                                               \CPU.mem_rdata [20] -> $memory\CPU.registerFile$rdmux[0][3][2]$b$3205 [15]
                                               \CPU.mem_rdata [20] -> $memory\CPU.registerFile$rdmux[0][3][2]$b$3205 [14]
                                               \CPU.mem_rdata [20] -> $memory\CPU.registerFile$rdmux[0][3][2]$b$3205 [13]
                                               \CPU.mem_rdata [20] -> $memory\CPU.registerFile$rdmux[0][3][2]$b$3205 [12]
                                               \CPU.mem_rdata [20] -> $memory\CPU.registerFile$rdmux[0][3][2]$b$3205 [11]
                                               \CPU.mem_rdata [20] -> $memory\CPU.registerFile$rdmux[0][3][2]$b$3205 [10]
                                               \CPU.mem_rdata [20] -> $memory\CPU.registerFile$rdmux[0][3][2]$b$3205 [9]
                                               \CPU.mem_rdata [20] -> $memory\CPU.registerFile$rdmux[0][3][2]$b$3205 [8]
                                               \CPU.mem_rdata [20] -> $memory\CPU.registerFile$rdmux[0][3][2]$b$3205 [7]
                                               \CPU.mem_rdata [20] -> $memory\CPU.registerFile$rdmux[0][3][2]$b$3205 [6]
                                               \CPU.mem_rdata [20] -> $memory\CPU.registerFile$rdmux[0][3][2]$b$3205 [5]
                                               \CPU.mem_rdata [20] -> $memory\CPU.registerFile$rdmux[0][3][2]$b$3205 [4]
                                               \CPU.mem_rdata [20] -> $memory\CPU.registerFile$rdmux[0][3][2]$b$3205 [3]
                                               \CPU.mem_rdata [20] -> $memory\CPU.registerFile$rdmux[0][3][2]$b$3205 [2]
                                               \CPU.mem_rdata [20] -> $memory\CPU.registerFile$rdmux[0][3][2]$b$3205 [1]
                                               \CPU.mem_rdata [20] -> $memory\CPU.registerFile$rdmux[0][3][2]$b$3205 [0]
                                               \CPU.mem_rdata [20] -> $memory\CPU.registerFile$rdmux[0][3][3]$a$3207 [31]
                                               \CPU.mem_rdata [20] -> $memory\CPU.registerFile$rdmux[0][3][3]$a$3207 [30]
                                               \CPU.mem_rdata [20] -> $memory\CPU.registerFile$rdmux[0][3][3]$a$3207 [29]
                                               \CPU.mem_rdata [20] -> $memory\CPU.registerFile$rdmux[0][3][3]$a$3207 [28]
                                               \CPU.mem_rdata [20] -> $memory\CPU.registerFile$rdmux[0][3][3]$a$3207 [27]
                                               \CPU.mem_rdata [20] -> $memory\CPU.registerFile$rdmux[0][3][3]$a$3207 [26]
                                               \CPU.mem_rdata [20] -> $memory\CPU.registerFile$rdmux[0][3][3]$a$3207 [25]
                                               \CPU.mem_rdata [20] -> $memory\CPU.registerFile$rdmux[0][3][3]$a$3207 [24]
                                               \CPU.mem_rdata [20] -> $memory\CPU.registerFile$rdmux[0][3][3]$a$3207 [23]
                                               \CPU.mem_rdata [20] -> $memory\CPU.registerFile$rdmux[0][3][3]$a$3207 [22]
                                               \CPU.mem_rdata [20] -> $memory\CPU.registerFile$rdmux[0][3][3]$a$3207 [21]
                                               \CPU.mem_rdata [20] -> $memory\CPU.registerFile$rdmux[0][3][3]$a$3207 [20]
                                               \CPU.mem_rdata [20] -> $memory\CPU.registerFile$rdmux[0][3][3]$a$3207 [19]
                                               \CPU.mem_rdata [20] -> $memory\CPU.registerFile$rdmux[0][3][3]$a$3207 [18]
                                               \CPU.mem_rdata [20] -> $memory\CPU.registerFile$rdmux[0][3][3]$a$3207 [17]
                                               \CPU.mem_rdata [20] -> $memory\CPU.registerFile$rdmux[0][3][3]$a$3207 [16]
                                               \CPU.mem_rdata [20] -> $memory\CPU.registerFile$rdmux[0][3][3]$a$3207 [15]
                                               \CPU.mem_rdata [20] -> $memory\CPU.registerFile$rdmux[0][3][3]$a$3207 [14]
                                               \CPU.mem_rdata [20] -> $memory\CPU.registerFile$rdmux[0][3][3]$a$3207 [13]
                                               \CPU.mem_rdata [20] -> $memory\CPU.registerFile$rdmux[0][3][3]$a$3207 [12]
                                               \CPU.mem_rdata [20] -> $memory\CPU.registerFile$rdmux[0][3][3]$a$3207 [11]
                                               \CPU.mem_rdata [20] -> $memory\CPU.registerFile$rdmux[0][3][3]$a$3207 [10]
                                               \CPU.mem_rdata [20] -> $memory\CPU.registerFile$rdmux[0][3][3]$a$3207 [9]
                                               \CPU.mem_rdata [20] -> $memory\CPU.registerFile$rdmux[0][3][3]$a$3207 [8]
                                               \CPU.mem_rdata [20] -> $memory\CPU.registerFile$rdmux[0][3][3]$a$3207 [7]
                                               \CPU.mem_rdata [20] -> $memory\CPU.registerFile$rdmux[0][3][3]$a$3207 [6]
                                               \CPU.mem_rdata [20] -> $memory\CPU.registerFile$rdmux[0][3][3]$a$3207 [5]
                                               \CPU.mem_rdata [20] -> $memory\CPU.registerFile$rdmux[0][3][3]$a$3207 [4]
                                               \CPU.mem_rdata [20] -> $memory\CPU.registerFile$rdmux[0][3][3]$a$3207 [3]
                                               \CPU.mem_rdata [20] -> $memory\CPU.registerFile$rdmux[0][3][3]$a$3207 [2]
                                               \CPU.mem_rdata [20] -> $memory\CPU.registerFile$rdmux[0][3][3]$a$3207 [1]
                                               \CPU.mem_rdata [20] -> $memory\CPU.registerFile$rdmux[0][3][3]$a$3207 [0]
Breaking loop using new signal $abcloop$22156: \CPU.mem_rdata [21] -> $memory\CPU.registerFile$rdmux[0][2][1]$b$3190 [31]
                                               \CPU.mem_rdata [21] -> $memory\CPU.registerFile$rdmux[0][2][1]$a$3189 [31]
                                               \CPU.mem_rdata [21] -> $memory\CPU.registerFile$rdmux[0][2][1]$b$3190 [30]
                                               \CPU.mem_rdata [21] -> $memory\CPU.registerFile$rdmux[0][2][1]$a$3189 [30]
                                               \CPU.mem_rdata [21] -> $memory\CPU.registerFile$rdmux[0][2][1]$b$3190 [29]
                                               \CPU.mem_rdata [21] -> $memory\CPU.registerFile$rdmux[0][2][1]$a$3189 [29]
                                               \CPU.mem_rdata [21] -> $memory\CPU.registerFile$rdmux[0][2][1]$b$3190 [28]
                                               \CPU.mem_rdata [21] -> $memory\CPU.registerFile$rdmux[0][2][1]$a$3189 [28]
                                               \CPU.mem_rdata [21] -> $memory\CPU.registerFile$rdmux[0][2][1]$b$3190 [27]
                                               \CPU.mem_rdata [21] -> $memory\CPU.registerFile$rdmux[0][2][1]$a$3189 [27]
                                               \CPU.mem_rdata [21] -> $memory\CPU.registerFile$rdmux[0][2][1]$b$3190 [26]
                                               \CPU.mem_rdata [21] -> $memory\CPU.registerFile$rdmux[0][2][1]$a$3189 [26]
                                               \CPU.mem_rdata [21] -> $memory\CPU.registerFile$rdmux[0][2][1]$b$3190 [25]
                                               \CPU.mem_rdata [21] -> $memory\CPU.registerFile$rdmux[0][2][1]$a$3189 [25]
                                               \CPU.mem_rdata [21] -> $memory\CPU.registerFile$rdmux[0][2][1]$b$3190 [24]
                                               \CPU.mem_rdata [21] -> $memory\CPU.registerFile$rdmux[0][2][1]$a$3189 [24]
                                               \CPU.mem_rdata [21] -> $memory\CPU.registerFile$rdmux[0][2][1]$b$3190 [23]
                                               \CPU.mem_rdata [21] -> $memory\CPU.registerFile$rdmux[0][2][1]$a$3189 [23]
                                               \CPU.mem_rdata [21] -> $memory\CPU.registerFile$rdmux[0][2][1]$b$3190 [22]
                                               \CPU.mem_rdata [21] -> $memory\CPU.registerFile$rdmux[0][2][1]$a$3189 [22]
                                               \CPU.mem_rdata [21] -> $memory\CPU.registerFile$rdmux[0][2][1]$b$3190 [21]
                                               \CPU.mem_rdata [21] -> $memory\CPU.registerFile$rdmux[0][2][1]$a$3189 [21]
                                               \CPU.mem_rdata [21] -> $memory\CPU.registerFile$rdmux[0][2][1]$b$3190 [20]
                                               \CPU.mem_rdata [21] -> $memory\CPU.registerFile$rdmux[0][2][1]$a$3189 [20]
                                               \CPU.mem_rdata [21] -> $memory\CPU.registerFile$rdmux[0][2][1]$b$3190 [19]
                                               \CPU.mem_rdata [21] -> $memory\CPU.registerFile$rdmux[0][2][1]$a$3189 [19]
                                               \CPU.mem_rdata [21] -> $memory\CPU.registerFile$rdmux[0][2][1]$b$3190 [18]
                                               \CPU.mem_rdata [21] -> $memory\CPU.registerFile$rdmux[0][2][1]$a$3189 [18]
                                               \CPU.mem_rdata [21] -> $memory\CPU.registerFile$rdmux[0][2][1]$b$3190 [17]
                                               \CPU.mem_rdata [21] -> $memory\CPU.registerFile$rdmux[0][2][1]$a$3189 [17]
                                               \CPU.mem_rdata [21] -> $memory\CPU.registerFile$rdmux[0][2][1]$b$3190 [16]
                                               \CPU.mem_rdata [21] -> $memory\CPU.registerFile$rdmux[0][2][1]$a$3189 [16]
                                               \CPU.mem_rdata [21] -> $memory\CPU.registerFile$rdmux[0][2][1]$b$3190 [15]
                                               \CPU.mem_rdata [21] -> $memory\CPU.registerFile$rdmux[0][2][1]$a$3189 [15]
                                               \CPU.mem_rdata [21] -> $memory\CPU.registerFile$rdmux[0][2][1]$b$3190 [14]
                                               \CPU.mem_rdata [21] -> $memory\CPU.registerFile$rdmux[0][2][1]$a$3189 [14]
                                               \CPU.mem_rdata [21] -> $memory\CPU.registerFile$rdmux[0][2][1]$b$3190 [13]
                                               \CPU.mem_rdata [21] -> $memory\CPU.registerFile$rdmux[0][2][1]$a$3189 [13]
                                               \CPU.mem_rdata [21] -> $memory\CPU.registerFile$rdmux[0][2][1]$b$3190 [12]
                                               \CPU.mem_rdata [21] -> $memory\CPU.registerFile$rdmux[0][2][1]$a$3189 [12]
                                               \CPU.mem_rdata [21] -> $memory\CPU.registerFile$rdmux[0][2][1]$b$3190 [11]
                                               \CPU.mem_rdata [21] -> $memory\CPU.registerFile$rdmux[0][2][1]$a$3189 [11]
                                               \CPU.mem_rdata [21] -> $memory\CPU.registerFile$rdmux[0][2][1]$b$3190 [10]
                                               \CPU.mem_rdata [21] -> $memory\CPU.registerFile$rdmux[0][2][1]$a$3189 [10]
                                               \CPU.mem_rdata [21] -> $memory\CPU.registerFile$rdmux[0][2][1]$b$3190 [9]
                                               \CPU.mem_rdata [21] -> $memory\CPU.registerFile$rdmux[0][2][1]$a$3189 [9]
                                               \CPU.mem_rdata [21] -> $memory\CPU.registerFile$rdmux[0][2][1]$b$3190 [8]
                                               \CPU.mem_rdata [21] -> $memory\CPU.registerFile$rdmux[0][2][1]$a$3189 [8]
                                               \CPU.mem_rdata [21] -> $memory\CPU.registerFile$rdmux[0][2][1]$b$3190 [7]
                                               \CPU.mem_rdata [21] -> $memory\CPU.registerFile$rdmux[0][2][1]$a$3189 [7]
                                               \CPU.mem_rdata [21] -> $memory\CPU.registerFile$rdmux[0][2][1]$b$3190 [6]
                                               \CPU.mem_rdata [21] -> $memory\CPU.registerFile$rdmux[0][2][1]$a$3189 [6]
                                               \CPU.mem_rdata [21] -> $memory\CPU.registerFile$rdmux[0][2][1]$b$3190 [5]
                                               \CPU.mem_rdata [21] -> $memory\CPU.registerFile$rdmux[0][2][1]$a$3189 [5]
                                               \CPU.mem_rdata [21] -> $memory\CPU.registerFile$rdmux[0][2][1]$b$3190 [4]
                                               \CPU.mem_rdata [21] -> $memory\CPU.registerFile$rdmux[0][2][1]$a$3189 [4]
                                               \CPU.mem_rdata [21] -> $memory\CPU.registerFile$rdmux[0][2][1]$b$3190 [3]
                                               \CPU.mem_rdata [21] -> $memory\CPU.registerFile$rdmux[0][2][1]$a$3189 [3]
                                               \CPU.mem_rdata [21] -> $memory\CPU.registerFile$rdmux[0][2][1]$b$3190 [2]
                                               \CPU.mem_rdata [21] -> $memory\CPU.registerFile$rdmux[0][2][1]$a$3189 [2]
                                               \CPU.mem_rdata [21] -> $memory\CPU.registerFile$rdmux[0][2][1]$b$3190 [1]
                                               \CPU.mem_rdata [21] -> $memory\CPU.registerFile$rdmux[0][2][1]$a$3189 [1]
                                               \CPU.mem_rdata [21] -> $memory\CPU.registerFile$rdmux[0][2][1]$b$3190 [0]
                                               \CPU.mem_rdata [21] -> $memory\CPU.registerFile$rdmux[0][2][1]$a$3189 [0]
                                               \CPU.mem_rdata [21] -> $memory\CPU.registerFile$rdmux[0][2][0]$a$3186 [31]
                                               \CPU.mem_rdata [21] -> $memory\CPU.registerFile$rdmux[0][2][0]$a$3186 [30]
                                               \CPU.mem_rdata [21] -> $memory\CPU.registerFile$rdmux[0][2][0]$a$3186 [29]
                                               \CPU.mem_rdata [21] -> $memory\CPU.registerFile$rdmux[0][2][0]$a$3186 [28]
                                               \CPU.mem_rdata [21] -> $memory\CPU.registerFile$rdmux[0][2][0]$a$3186 [27]
                                               \CPU.mem_rdata [21] -> $memory\CPU.registerFile$rdmux[0][2][0]$a$3186 [26]
                                               \CPU.mem_rdata [21] -> $memory\CPU.registerFile$rdmux[0][2][0]$a$3186 [25]
                                               \CPU.mem_rdata [21] -> $memory\CPU.registerFile$rdmux[0][2][0]$a$3186 [24]
                                               \CPU.mem_rdata [21] -> $memory\CPU.registerFile$rdmux[0][2][0]$a$3186 [23]
                                               \CPU.mem_rdata [21] -> $memory\CPU.registerFile$rdmux[0][2][0]$a$3186 [22]
                                               \CPU.mem_rdata [21] -> $memory\CPU.registerFile$rdmux[0][2][0]$a$3186 [21]
                                               \CPU.mem_rdata [21] -> $memory\CPU.registerFile$rdmux[0][2][0]$a$3186 [20]
                                               \CPU.mem_rdata [21] -> $memory\CPU.registerFile$rdmux[0][2][0]$a$3186 [19]
                                               \CPU.mem_rdata [21] -> $memory\CPU.registerFile$rdmux[0][2][0]$a$3186 [18]
                                               \CPU.mem_rdata [21] -> $memory\CPU.registerFile$rdmux[0][2][0]$a$3186 [17]
                                               \CPU.mem_rdata [21] -> $memory\CPU.registerFile$rdmux[0][2][0]$a$3186 [16]
                                               \CPU.mem_rdata [21] -> $memory\CPU.registerFile$rdmux[0][2][0]$a$3186 [15]
                                               \CPU.mem_rdata [21] -> $memory\CPU.registerFile$rdmux[0][2][0]$a$3186 [14]
                                               \CPU.mem_rdata [21] -> $memory\CPU.registerFile$rdmux[0][2][0]$a$3186 [13]
                                               \CPU.mem_rdata [21] -> $memory\CPU.registerFile$rdmux[0][2][0]$a$3186 [12]
                                               \CPU.mem_rdata [21] -> $memory\CPU.registerFile$rdmux[0][2][0]$a$3186 [11]
                                               \CPU.mem_rdata [21] -> $memory\CPU.registerFile$rdmux[0][2][0]$a$3186 [10]
                                               \CPU.mem_rdata [21] -> $memory\CPU.registerFile$rdmux[0][2][0]$a$3186 [9]
                                               \CPU.mem_rdata [21] -> $memory\CPU.registerFile$rdmux[0][2][0]$a$3186 [8]
                                               \CPU.mem_rdata [21] -> $memory\CPU.registerFile$rdmux[0][2][0]$a$3186 [7]
                                               \CPU.mem_rdata [21] -> $memory\CPU.registerFile$rdmux[0][2][0]$a$3186 [6]
                                               \CPU.mem_rdata [21] -> $memory\CPU.registerFile$rdmux[0][2][0]$a$3186 [5]
                                               \CPU.mem_rdata [21] -> $memory\CPU.registerFile$rdmux[0][2][0]$a$3186 [4]
                                               \CPU.mem_rdata [21] -> $memory\CPU.registerFile$rdmux[0][2][0]$a$3186 [3]
                                               \CPU.mem_rdata [21] -> $memory\CPU.registerFile$rdmux[0][2][0]$a$3186 [2]
                                               \CPU.mem_rdata [21] -> $memory\CPU.registerFile$rdmux[0][2][0]$a$3186 [1]
                                               \CPU.mem_rdata [21] -> $memory\CPU.registerFile$rdmux[0][2][0]$a$3186 [0]
                                               \CPU.mem_rdata [21] -> $memory\CPU.registerFile$rdmux[0][2][0]$b$3187 [31]
                                               \CPU.mem_rdata [21] -> $memory\CPU.registerFile$rdmux[0][2][0]$b$3187 [30]
                                               \CPU.mem_rdata [21] -> $memory\CPU.registerFile$rdmux[0][2][0]$b$3187 [29]
                                               \CPU.mem_rdata [21] -> $memory\CPU.registerFile$rdmux[0][2][0]$b$3187 [28]
                                               \CPU.mem_rdata [21] -> $memory\CPU.registerFile$rdmux[0][2][0]$b$3187 [27]
                                               \CPU.mem_rdata [21] -> $memory\CPU.registerFile$rdmux[0][2][0]$b$3187 [26]
                                               \CPU.mem_rdata [21] -> $memory\CPU.registerFile$rdmux[0][2][0]$b$3187 [25]
                                               \CPU.mem_rdata [21] -> $memory\CPU.registerFile$rdmux[0][2][0]$b$3187 [24]
                                               \CPU.mem_rdata [21] -> $memory\CPU.registerFile$rdmux[0][2][0]$b$3187 [23]
                                               \CPU.mem_rdata [21] -> $memory\CPU.registerFile$rdmux[0][2][0]$b$3187 [22]
                                               \CPU.mem_rdata [21] -> $memory\CPU.registerFile$rdmux[0][2][0]$b$3187 [21]
                                               \CPU.mem_rdata [21] -> $memory\CPU.registerFile$rdmux[0][2][0]$b$3187 [20]
                                               \CPU.mem_rdata [21] -> $memory\CPU.registerFile$rdmux[0][2][0]$b$3187 [19]
                                               \CPU.mem_rdata [21] -> $memory\CPU.registerFile$rdmux[0][2][0]$b$3187 [18]
                                               \CPU.mem_rdata [21] -> $memory\CPU.registerFile$rdmux[0][2][0]$b$3187 [17]
                                               \CPU.mem_rdata [21] -> $memory\CPU.registerFile$rdmux[0][2][0]$b$3187 [16]
                                               \CPU.mem_rdata [21] -> $memory\CPU.registerFile$rdmux[0][2][0]$b$3187 [15]
                                               \CPU.mem_rdata [21] -> $memory\CPU.registerFile$rdmux[0][2][0]$b$3187 [14]
                                               \CPU.mem_rdata [21] -> $memory\CPU.registerFile$rdmux[0][2][0]$b$3187 [13]
                                               \CPU.mem_rdata [21] -> $memory\CPU.registerFile$rdmux[0][2][0]$b$3187 [12]
                                               \CPU.mem_rdata [21] -> $memory\CPU.registerFile$rdmux[0][2][0]$b$3187 [11]
                                               \CPU.mem_rdata [21] -> $memory\CPU.registerFile$rdmux[0][2][0]$b$3187 [10]
                                               \CPU.mem_rdata [21] -> $memory\CPU.registerFile$rdmux[0][2][0]$b$3187 [9]
                                               \CPU.mem_rdata [21] -> $memory\CPU.registerFile$rdmux[0][2][0]$b$3187 [8]
                                               \CPU.mem_rdata [21] -> $memory\CPU.registerFile$rdmux[0][2][0]$b$3187 [7]
                                               \CPU.mem_rdata [21] -> $memory\CPU.registerFile$rdmux[0][2][0]$b$3187 [6]
                                               \CPU.mem_rdata [21] -> $memory\CPU.registerFile$rdmux[0][2][0]$b$3187 [5]
                                               \CPU.mem_rdata [21] -> $memory\CPU.registerFile$rdmux[0][2][0]$b$3187 [4]
                                               \CPU.mem_rdata [21] -> $memory\CPU.registerFile$rdmux[0][2][0]$b$3187 [3]
                                               \CPU.mem_rdata [21] -> $memory\CPU.registerFile$rdmux[0][2][0]$b$3187 [2]
                                               \CPU.mem_rdata [21] -> $memory\CPU.registerFile$rdmux[0][2][0]$b$3187 [1]
                                               \CPU.mem_rdata [21] -> $memory\CPU.registerFile$rdmux[0][2][0]$b$3187 [0]
                                               \CPU.mem_rdata [21] -> $memory\CPU.registerFile$rdmux[0][2][2]$a$3192 [31]
                                               \CPU.mem_rdata [21] -> $memory\CPU.registerFile$rdmux[0][2][2]$a$3192 [30]
                                               \CPU.mem_rdata [21] -> $memory\CPU.registerFile$rdmux[0][2][2]$a$3192 [29]
                                               \CPU.mem_rdata [21] -> $memory\CPU.registerFile$rdmux[0][2][2]$a$3192 [28]
                                               \CPU.mem_rdata [21] -> $memory\CPU.registerFile$rdmux[0][2][2]$a$3192 [27]
                                               \CPU.mem_rdata [21] -> $memory\CPU.registerFile$rdmux[0][2][2]$a$3192 [26]
                                               \CPU.mem_rdata [21] -> $memory\CPU.registerFile$rdmux[0][2][2]$a$3192 [25]
                                               \CPU.mem_rdata [21] -> $memory\CPU.registerFile$rdmux[0][2][2]$a$3192 [24]
                                               \CPU.mem_rdata [21] -> $memory\CPU.registerFile$rdmux[0][2][2]$a$3192 [23]
                                               \CPU.mem_rdata [21] -> $memory\CPU.registerFile$rdmux[0][2][2]$a$3192 [22]
                                               \CPU.mem_rdata [21] -> $memory\CPU.registerFile$rdmux[0][2][2]$a$3192 [21]
                                               \CPU.mem_rdata [21] -> $memory\CPU.registerFile$rdmux[0][2][2]$a$3192 [20]
                                               \CPU.mem_rdata [21] -> $memory\CPU.registerFile$rdmux[0][2][2]$a$3192 [19]
                                               \CPU.mem_rdata [21] -> $memory\CPU.registerFile$rdmux[0][2][2]$a$3192 [18]
                                               \CPU.mem_rdata [21] -> $memory\CPU.registerFile$rdmux[0][2][2]$a$3192 [17]
                                               \CPU.mem_rdata [21] -> $memory\CPU.registerFile$rdmux[0][2][2]$a$3192 [16]
                                               \CPU.mem_rdata [21] -> $memory\CPU.registerFile$rdmux[0][2][2]$a$3192 [15]
                                               \CPU.mem_rdata [21] -> $memory\CPU.registerFile$rdmux[0][2][2]$a$3192 [14]
                                               \CPU.mem_rdata [21] -> $memory\CPU.registerFile$rdmux[0][2][2]$a$3192 [13]
                                               \CPU.mem_rdata [21] -> $memory\CPU.registerFile$rdmux[0][2][2]$a$3192 [12]
                                               \CPU.mem_rdata [21] -> $memory\CPU.registerFile$rdmux[0][2][2]$a$3192 [11]
                                               \CPU.mem_rdata [21] -> $memory\CPU.registerFile$rdmux[0][2][2]$a$3192 [10]
                                               \CPU.mem_rdata [21] -> $memory\CPU.registerFile$rdmux[0][2][2]$a$3192 [9]
                                               \CPU.mem_rdata [21] -> $memory\CPU.registerFile$rdmux[0][2][2]$a$3192 [8]
                                               \CPU.mem_rdata [21] -> $memory\CPU.registerFile$rdmux[0][2][2]$a$3192 [7]
                                               \CPU.mem_rdata [21] -> $memory\CPU.registerFile$rdmux[0][2][2]$a$3192 [6]
                                               \CPU.mem_rdata [21] -> $memory\CPU.registerFile$rdmux[0][2][2]$a$3192 [5]
                                               \CPU.mem_rdata [21] -> $memory\CPU.registerFile$rdmux[0][2][2]$a$3192 [4]
                                               \CPU.mem_rdata [21] -> $memory\CPU.registerFile$rdmux[0][2][2]$a$3192 [3]
                                               \CPU.mem_rdata [21] -> $memory\CPU.registerFile$rdmux[0][2][2]$a$3192 [2]
                                               \CPU.mem_rdata [21] -> $memory\CPU.registerFile$rdmux[0][2][2]$a$3192 [1]
                                               \CPU.mem_rdata [21] -> $memory\CPU.registerFile$rdmux[0][2][2]$a$3192 [0]
                                               \CPU.mem_rdata [21] -> $flatten\CPU.$ternary$cores/cpu/femtorv32_quark.v:258$417_Y [21]
                                               \CPU.mem_rdata [21] -> \CPU.LOAD_halfword [5]
                                               \CPU.mem_rdata [21] -> $memory\CPU.registerFile$rdmux[0][2][3]$a$3195 [31]
                                               \CPU.mem_rdata [21] -> $memory\CPU.registerFile$rdmux[0][2][3]$a$3195 [30]
                                               \CPU.mem_rdata [21] -> $memory\CPU.registerFile$rdmux[0][2][3]$a$3195 [29]
                                               \CPU.mem_rdata [21] -> $memory\CPU.registerFile$rdmux[0][2][3]$a$3195 [28]
                                               \CPU.mem_rdata [21] -> $memory\CPU.registerFile$rdmux[0][2][3]$a$3195 [27]
                                               \CPU.mem_rdata [21] -> $memory\CPU.registerFile$rdmux[0][2][3]$a$3195 [26]
                                               \CPU.mem_rdata [21] -> $memory\CPU.registerFile$rdmux[0][2][3]$a$3195 [25]
                                               \CPU.mem_rdata [21] -> $memory\CPU.registerFile$rdmux[0][2][3]$a$3195 [24]
                                               \CPU.mem_rdata [21] -> $memory\CPU.registerFile$rdmux[0][2][3]$a$3195 [23]
                                               \CPU.mem_rdata [21] -> $memory\CPU.registerFile$rdmux[0][2][3]$a$3195 [22]
                                               \CPU.mem_rdata [21] -> $memory\CPU.registerFile$rdmux[0][2][3]$a$3195 [21]
                                               \CPU.mem_rdata [21] -> $memory\CPU.registerFile$rdmux[0][2][3]$a$3195 [20]
                                               \CPU.mem_rdata [21] -> $memory\CPU.registerFile$rdmux[0][2][3]$a$3195 [19]
                                               \CPU.mem_rdata [21] -> $memory\CPU.registerFile$rdmux[0][2][3]$a$3195 [18]
                                               \CPU.mem_rdata [21] -> $memory\CPU.registerFile$rdmux[0][2][3]$a$3195 [17]
                                               \CPU.mem_rdata [21] -> $memory\CPU.registerFile$rdmux[0][2][3]$a$3195 [16]
                                               \CPU.mem_rdata [21] -> $memory\CPU.registerFile$rdmux[0][2][3]$a$3195 [15]
                                               \CPU.mem_rdata [21] -> $memory\CPU.registerFile$rdmux[0][2][3]$a$3195 [14]
                                               \CPU.mem_rdata [21] -> $memory\CPU.registerFile$rdmux[0][2][3]$a$3195 [13]
                                               \CPU.mem_rdata [21] -> $memory\CPU.registerFile$rdmux[0][2][3]$a$3195 [12]
                                               \CPU.mem_rdata [21] -> $memory\CPU.registerFile$rdmux[0][2][3]$a$3195 [11]
                                               \CPU.mem_rdata [21] -> $memory\CPU.registerFile$rdmux[0][2][3]$a$3195 [10]
                                               \CPU.mem_rdata [21] -> $memory\CPU.registerFile$rdmux[0][2][3]$a$3195 [9]
                                               \CPU.mem_rdata [21] -> $memory\CPU.registerFile$rdmux[0][2][3]$a$3195 [8]
                                               \CPU.mem_rdata [21] -> $memory\CPU.registerFile$rdmux[0][2][3]$a$3195 [7]
                                               \CPU.mem_rdata [21] -> $memory\CPU.registerFile$rdmux[0][2][3]$a$3195 [6]
                                               \CPU.mem_rdata [21] -> $memory\CPU.registerFile$rdmux[0][2][3]$a$3195 [5]
                                               \CPU.mem_rdata [21] -> $memory\CPU.registerFile$rdmux[0][2][3]$a$3195 [4]
                                               \CPU.mem_rdata [21] -> $memory\CPU.registerFile$rdmux[0][2][3]$a$3195 [3]
                                               \CPU.mem_rdata [21] -> $memory\CPU.registerFile$rdmux[0][2][3]$a$3195 [2]
                                               \CPU.mem_rdata [21] -> $memory\CPU.registerFile$rdmux[0][2][3]$a$3195 [1]
                                               \CPU.mem_rdata [21] -> $memory\CPU.registerFile$rdmux[0][2][3]$a$3195 [0]
                                               \CPU.mem_rdata [21] -> $memory\CPU.registerFile$rdmux[0][2][2]$b$3193 [31]
                                               \CPU.mem_rdata [21] -> $memory\CPU.registerFile$rdmux[0][2][2]$b$3193 [30]
                                               \CPU.mem_rdata [21] -> $memory\CPU.registerFile$rdmux[0][2][2]$b$3193 [29]
                                               \CPU.mem_rdata [21] -> $memory\CPU.registerFile$rdmux[0][2][2]$b$3193 [28]
                                               \CPU.mem_rdata [21] -> $memory\CPU.registerFile$rdmux[0][2][2]$b$3193 [27]
                                               \CPU.mem_rdata [21] -> $memory\CPU.registerFile$rdmux[0][2][2]$b$3193 [26]
                                               \CPU.mem_rdata [21] -> $memory\CPU.registerFile$rdmux[0][2][2]$b$3193 [25]
                                               \CPU.mem_rdata [21] -> $memory\CPU.registerFile$rdmux[0][2][2]$b$3193 [24]
                                               \CPU.mem_rdata [21] -> $memory\CPU.registerFile$rdmux[0][2][2]$b$3193 [23]
                                               \CPU.mem_rdata [21] -> $memory\CPU.registerFile$rdmux[0][2][2]$b$3193 [22]
                                               \CPU.mem_rdata [21] -> $memory\CPU.registerFile$rdmux[0][2][2]$b$3193 [21]
                                               \CPU.mem_rdata [21] -> $memory\CPU.registerFile$rdmux[0][2][2]$b$3193 [20]
                                               \CPU.mem_rdata [21] -> $memory\CPU.registerFile$rdmux[0][2][2]$b$3193 [19]
                                               \CPU.mem_rdata [21] -> $memory\CPU.registerFile$rdmux[0][2][2]$b$3193 [18]
                                               \CPU.mem_rdata [21] -> $memory\CPU.registerFile$rdmux[0][2][2]$b$3193 [17]
                                               \CPU.mem_rdata [21] -> $memory\CPU.registerFile$rdmux[0][2][2]$b$3193 [16]
                                               \CPU.mem_rdata [21] -> $memory\CPU.registerFile$rdmux[0][2][2]$b$3193 [15]
                                               \CPU.mem_rdata [21] -> $memory\CPU.registerFile$rdmux[0][2][2]$b$3193 [14]
                                               \CPU.mem_rdata [21] -> $memory\CPU.registerFile$rdmux[0][2][2]$b$3193 [13]
                                               \CPU.mem_rdata [21] -> $memory\CPU.registerFile$rdmux[0][2][2]$b$3193 [12]
                                               \CPU.mem_rdata [21] -> $memory\CPU.registerFile$rdmux[0][2][2]$b$3193 [11]
                                               \CPU.mem_rdata [21] -> $memory\CPU.registerFile$rdmux[0][2][2]$b$3193 [10]
                                               \CPU.mem_rdata [21] -> $memory\CPU.registerFile$rdmux[0][2][2]$b$3193 [9]
                                               \CPU.mem_rdata [21] -> $memory\CPU.registerFile$rdmux[0][2][2]$b$3193 [8]
                                               \CPU.mem_rdata [21] -> $memory\CPU.registerFile$rdmux[0][2][2]$b$3193 [7]
                                               \CPU.mem_rdata [21] -> $memory\CPU.registerFile$rdmux[0][2][2]$b$3193 [6]
                                               \CPU.mem_rdata [21] -> $memory\CPU.registerFile$rdmux[0][2][2]$b$3193 [5]
                                               \CPU.mem_rdata [21] -> $memory\CPU.registerFile$rdmux[0][2][2]$b$3193 [4]
                                               \CPU.mem_rdata [21] -> $memory\CPU.registerFile$rdmux[0][2][2]$b$3193 [3]
                                               \CPU.mem_rdata [21] -> $memory\CPU.registerFile$rdmux[0][2][2]$b$3193 [2]
                                               \CPU.mem_rdata [21] -> $memory\CPU.registerFile$rdmux[0][2][2]$b$3193 [1]
                                               \CPU.mem_rdata [21] -> $memory\CPU.registerFile$rdmux[0][2][2]$b$3193 [0]
                                               \CPU.mem_rdata [21] -> $memory\CPU.registerFile$rdmux[0][2][3]$b$3196 [31]
                                               \CPU.mem_rdata [21] -> $memory\CPU.registerFile$rdmux[0][2][3]$b$3196 [30]
                                               \CPU.mem_rdata [21] -> $memory\CPU.registerFile$rdmux[0][2][3]$b$3196 [29]
                                               \CPU.mem_rdata [21] -> $memory\CPU.registerFile$rdmux[0][2][3]$b$3196 [28]
                                               \CPU.mem_rdata [21] -> $memory\CPU.registerFile$rdmux[0][2][3]$b$3196 [27]
                                               \CPU.mem_rdata [21] -> $memory\CPU.registerFile$rdmux[0][2][3]$b$3196 [26]
                                               \CPU.mem_rdata [21] -> $memory\CPU.registerFile$rdmux[0][2][3]$b$3196 [25]
                                               \CPU.mem_rdata [21] -> $memory\CPU.registerFile$rdmux[0][2][3]$b$3196 [24]
                                               \CPU.mem_rdata [21] -> $memory\CPU.registerFile$rdmux[0][2][3]$b$3196 [23]
                                               \CPU.mem_rdata [21] -> $memory\CPU.registerFile$rdmux[0][2][3]$b$3196 [22]
                                               \CPU.mem_rdata [21] -> $memory\CPU.registerFile$rdmux[0][2][3]$b$3196 [21]
                                               \CPU.mem_rdata [21] -> $memory\CPU.registerFile$rdmux[0][2][3]$b$3196 [20]
                                               \CPU.mem_rdata [21] -> $memory\CPU.registerFile$rdmux[0][2][3]$b$3196 [19]
                                               \CPU.mem_rdata [21] -> $memory\CPU.registerFile$rdmux[0][2][3]$b$3196 [18]
                                               \CPU.mem_rdata [21] -> $memory\CPU.registerFile$rdmux[0][2][3]$b$3196 [17]
                                               \CPU.mem_rdata [21] -> $memory\CPU.registerFile$rdmux[0][2][3]$b$3196 [16]
                                               \CPU.mem_rdata [21] -> $memory\CPU.registerFile$rdmux[0][2][3]$b$3196 [15]
                                               \CPU.mem_rdata [21] -> $memory\CPU.registerFile$rdmux[0][2][3]$b$3196 [14]
                                               \CPU.mem_rdata [21] -> $memory\CPU.registerFile$rdmux[0][2][3]$b$3196 [13]
                                               \CPU.mem_rdata [21] -> $memory\CPU.registerFile$rdmux[0][2][3]$b$3196 [12]
                                               \CPU.mem_rdata [21] -> $memory\CPU.registerFile$rdmux[0][2][3]$b$3196 [11]
                                               \CPU.mem_rdata [21] -> $memory\CPU.registerFile$rdmux[0][2][3]$b$3196 [10]
                                               \CPU.mem_rdata [21] -> $memory\CPU.registerFile$rdmux[0][2][3]$b$3196 [9]
                                               \CPU.mem_rdata [21] -> $memory\CPU.registerFile$rdmux[0][2][3]$b$3196 [8]
                                               \CPU.mem_rdata [21] -> $memory\CPU.registerFile$rdmux[0][2][3]$b$3196 [7]
                                               \CPU.mem_rdata [21] -> $memory\CPU.registerFile$rdmux[0][2][3]$b$3196 [6]
                                               \CPU.mem_rdata [21] -> $memory\CPU.registerFile$rdmux[0][2][3]$b$3196 [5]
                                               \CPU.mem_rdata [21] -> $memory\CPU.registerFile$rdmux[0][2][3]$b$3196 [4]
                                               \CPU.mem_rdata [21] -> $memory\CPU.registerFile$rdmux[0][2][3]$b$3196 [3]
                                               \CPU.mem_rdata [21] -> $memory\CPU.registerFile$rdmux[0][2][3]$b$3196 [2]
                                               \CPU.mem_rdata [21] -> $memory\CPU.registerFile$rdmux[0][2][3]$b$3196 [1]
                                               \CPU.mem_rdata [21] -> $memory\CPU.registerFile$rdmux[0][2][3]$b$3196 [0]
Breaking loop using new signal $abcloop$22157: \CPU.mem_rdata [16] -> $flatten\CPU.$ternary$cores/cpu/femtorv32_quark.v:258$417_Y [16]
                                               \CPU.mem_rdata [16] -> \CPU.LOAD_halfword [0]
                                               \CPU.mem_rdata [16] -> $memory\CPU.registerFile$rdmux[1][2][0]$b$3283 [31]
                                               \CPU.mem_rdata [16] -> $memory\CPU.registerFile$rdmux[1][2][0]$b$3283 [30]
                                               \CPU.mem_rdata [16] -> $memory\CPU.registerFile$rdmux[1][2][0]$b$3283 [29]
                                               \CPU.mem_rdata [16] -> $memory\CPU.registerFile$rdmux[1][2][0]$b$3283 [28]
                                               \CPU.mem_rdata [16] -> $memory\CPU.registerFile$rdmux[1][2][0]$b$3283 [27]
                                               \CPU.mem_rdata [16] -> $memory\CPU.registerFile$rdmux[1][2][0]$b$3283 [26]
                                               \CPU.mem_rdata [16] -> $memory\CPU.registerFile$rdmux[1][2][0]$b$3283 [25]
                                               \CPU.mem_rdata [16] -> $memory\CPU.registerFile$rdmux[1][2][0]$b$3283 [24]
                                               \CPU.mem_rdata [16] -> $memory\CPU.registerFile$rdmux[1][2][0]$b$3283 [23]
                                               \CPU.mem_rdata [16] -> $memory\CPU.registerFile$rdmux[1][2][0]$b$3283 [22]
                                               \CPU.mem_rdata [16] -> $memory\CPU.registerFile$rdmux[1][2][0]$b$3283 [21]
                                               \CPU.mem_rdata [16] -> $memory\CPU.registerFile$rdmux[1][2][0]$b$3283 [20]
                                               \CPU.mem_rdata [16] -> $memory\CPU.registerFile$rdmux[1][2][0]$b$3283 [19]
                                               \CPU.mem_rdata [16] -> $memory\CPU.registerFile$rdmux[1][2][0]$b$3283 [18]
                                               \CPU.mem_rdata [16] -> $memory\CPU.registerFile$rdmux[1][2][0]$b$3283 [17]
                                               \CPU.mem_rdata [16] -> $memory\CPU.registerFile$rdmux[1][2][0]$b$3283 [16]
                                               \CPU.mem_rdata [16] -> $memory\CPU.registerFile$rdmux[1][2][0]$b$3283 [15]
                                               \CPU.mem_rdata [16] -> $memory\CPU.registerFile$rdmux[1][2][0]$b$3283 [14]
                                               \CPU.mem_rdata [16] -> $memory\CPU.registerFile$rdmux[1][2][0]$b$3283 [13]
                                               \CPU.mem_rdata [16] -> $memory\CPU.registerFile$rdmux[1][2][0]$b$3283 [12]
                                               \CPU.mem_rdata [16] -> $memory\CPU.registerFile$rdmux[1][2][0]$b$3283 [11]
                                               \CPU.mem_rdata [16] -> $memory\CPU.registerFile$rdmux[1][2][0]$b$3283 [10]
                                               \CPU.mem_rdata [16] -> $memory\CPU.registerFile$rdmux[1][2][0]$b$3283 [9]
                                               \CPU.mem_rdata [16] -> $memory\CPU.registerFile$rdmux[1][2][0]$b$3283 [8]
                                               \CPU.mem_rdata [16] -> $memory\CPU.registerFile$rdmux[1][2][0]$b$3283 [7]
                                               \CPU.mem_rdata [16] -> $memory\CPU.registerFile$rdmux[1][2][0]$b$3283 [6]
                                               \CPU.mem_rdata [16] -> $memory\CPU.registerFile$rdmux[1][2][0]$b$3283 [5]
                                               \CPU.mem_rdata [16] -> $memory\CPU.registerFile$rdmux[1][2][0]$b$3283 [4]
                                               \CPU.mem_rdata [16] -> $memory\CPU.registerFile$rdmux[1][2][0]$b$3283 [3]
                                               \CPU.mem_rdata [16] -> $memory\CPU.registerFile$rdmux[1][2][0]$b$3283 [2]
                                               \CPU.mem_rdata [16] -> $memory\CPU.registerFile$rdmux[1][2][0]$b$3283 [1]
                                               \CPU.mem_rdata [16] -> $memory\CPU.registerFile$rdmux[1][2][0]$b$3283 [0]
                                               \CPU.mem_rdata [16] -> $memory\CPU.registerFile$rdmux[1][2][2]$b$3289 [31]
                                               \CPU.mem_rdata [16] -> $memory\CPU.registerFile$rdmux[1][2][2]$b$3289 [30]
                                               \CPU.mem_rdata [16] -> $memory\CPU.registerFile$rdmux[1][2][2]$b$3289 [29]
                                               \CPU.mem_rdata [16] -> $memory\CPU.registerFile$rdmux[1][2][2]$b$3289 [28]
                                               \CPU.mem_rdata [16] -> $memory\CPU.registerFile$rdmux[1][2][2]$b$3289 [27]
                                               \CPU.mem_rdata [16] -> $memory\CPU.registerFile$rdmux[1][2][2]$b$3289 [26]
                                               \CPU.mem_rdata [16] -> $memory\CPU.registerFile$rdmux[1][2][2]$b$3289 [25]
                                               \CPU.mem_rdata [16] -> $memory\CPU.registerFile$rdmux[1][2][2]$b$3289 [24]
                                               \CPU.mem_rdata [16] -> $memory\CPU.registerFile$rdmux[1][2][2]$b$3289 [23]
                                               \CPU.mem_rdata [16] -> $memory\CPU.registerFile$rdmux[1][2][2]$b$3289 [22]
                                               \CPU.mem_rdata [16] -> $memory\CPU.registerFile$rdmux[1][2][2]$b$3289 [21]
                                               \CPU.mem_rdata [16] -> $memory\CPU.registerFile$rdmux[1][2][2]$b$3289 [20]
                                               \CPU.mem_rdata [16] -> $memory\CPU.registerFile$rdmux[1][2][2]$b$3289 [19]
                                               \CPU.mem_rdata [16] -> $memory\CPU.registerFile$rdmux[1][2][2]$b$3289 [18]
                                               \CPU.mem_rdata [16] -> $memory\CPU.registerFile$rdmux[1][2][2]$b$3289 [17]
                                               \CPU.mem_rdata [16] -> $memory\CPU.registerFile$rdmux[1][2][2]$b$3289 [16]
                                               \CPU.mem_rdata [16] -> $memory\CPU.registerFile$rdmux[1][2][2]$b$3289 [15]
                                               \CPU.mem_rdata [16] -> $memory\CPU.registerFile$rdmux[1][2][2]$b$3289 [14]
                                               \CPU.mem_rdata [16] -> $memory\CPU.registerFile$rdmux[1][2][2]$b$3289 [13]
                                               \CPU.mem_rdata [16] -> $memory\CPU.registerFile$rdmux[1][2][2]$b$3289 [12]
                                               \CPU.mem_rdata [16] -> $memory\CPU.registerFile$rdmux[1][2][2]$b$3289 [11]
                                               \CPU.mem_rdata [16] -> $memory\CPU.registerFile$rdmux[1][2][2]$b$3289 [10]
                                               \CPU.mem_rdata [16] -> $memory\CPU.registerFile$rdmux[1][2][2]$b$3289 [9]
                                               \CPU.mem_rdata [16] -> $memory\CPU.registerFile$rdmux[1][2][2]$b$3289 [8]
                                               \CPU.mem_rdata [16] -> $memory\CPU.registerFile$rdmux[1][2][2]$b$3289 [7]
                                               \CPU.mem_rdata [16] -> $memory\CPU.registerFile$rdmux[1][2][2]$b$3289 [6]
                                               \CPU.mem_rdata [16] -> $memory\CPU.registerFile$rdmux[1][2][2]$b$3289 [5]
                                               \CPU.mem_rdata [16] -> $memory\CPU.registerFile$rdmux[1][2][2]$b$3289 [4]
                                               \CPU.mem_rdata [16] -> $memory\CPU.registerFile$rdmux[1][2][2]$b$3289 [3]
                                               \CPU.mem_rdata [16] -> $memory\CPU.registerFile$rdmux[1][2][2]$b$3289 [2]
                                               \CPU.mem_rdata [16] -> $memory\CPU.registerFile$rdmux[1][2][2]$b$3289 [1]
                                               \CPU.mem_rdata [16] -> $memory\CPU.registerFile$rdmux[1][2][2]$b$3289 [0]
                                               \CPU.mem_rdata [16] -> $memory\CPU.registerFile$rdmux[1][2][3]$b$3292 [31]
                                               \CPU.mem_rdata [16] -> $memory\CPU.registerFile$rdmux[1][2][3]$b$3292 [30]
                                               \CPU.mem_rdata [16] -> $memory\CPU.registerFile$rdmux[1][2][3]$b$3292 [29]
                                               \CPU.mem_rdata [16] -> $memory\CPU.registerFile$rdmux[1][2][3]$b$3292 [28]
                                               \CPU.mem_rdata [16] -> $memory\CPU.registerFile$rdmux[1][2][3]$b$3292 [27]
                                               \CPU.mem_rdata [16] -> $memory\CPU.registerFile$rdmux[1][2][3]$b$3292 [26]
                                               \CPU.mem_rdata [16] -> $memory\CPU.registerFile$rdmux[1][2][3]$b$3292 [25]
                                               \CPU.mem_rdata [16] -> $memory\CPU.registerFile$rdmux[1][2][3]$b$3292 [24]
                                               \CPU.mem_rdata [16] -> $memory\CPU.registerFile$rdmux[1][2][3]$b$3292 [23]
                                               \CPU.mem_rdata [16] -> $memory\CPU.registerFile$rdmux[1][2][3]$b$3292 [22]
                                               \CPU.mem_rdata [16] -> $memory\CPU.registerFile$rdmux[1][2][3]$b$3292 [21]
                                               \CPU.mem_rdata [16] -> $memory\CPU.registerFile$rdmux[1][2][3]$b$3292 [20]
                                               \CPU.mem_rdata [16] -> $memory\CPU.registerFile$rdmux[1][2][3]$b$3292 [19]
                                               \CPU.mem_rdata [16] -> $memory\CPU.registerFile$rdmux[1][2][3]$b$3292 [18]
                                               \CPU.mem_rdata [16] -> $memory\CPU.registerFile$rdmux[1][2][3]$b$3292 [17]
                                               \CPU.mem_rdata [16] -> $memory\CPU.registerFile$rdmux[1][2][3]$b$3292 [16]
                                               \CPU.mem_rdata [16] -> $memory\CPU.registerFile$rdmux[1][2][3]$b$3292 [15]
                                               \CPU.mem_rdata [16] -> $memory\CPU.registerFile$rdmux[1][2][3]$b$3292 [14]
                                               \CPU.mem_rdata [16] -> $memory\CPU.registerFile$rdmux[1][2][3]$b$3292 [13]
                                               \CPU.mem_rdata [16] -> $memory\CPU.registerFile$rdmux[1][2][3]$b$3292 [12]
                                               \CPU.mem_rdata [16] -> $memory\CPU.registerFile$rdmux[1][2][3]$b$3292 [11]
                                               \CPU.mem_rdata [16] -> $memory\CPU.registerFile$rdmux[1][2][3]$b$3292 [10]
                                               \CPU.mem_rdata [16] -> $memory\CPU.registerFile$rdmux[1][2][3]$b$3292 [9]
                                               \CPU.mem_rdata [16] -> $memory\CPU.registerFile$rdmux[1][2][3]$b$3292 [8]
                                               \CPU.mem_rdata [16] -> $memory\CPU.registerFile$rdmux[1][2][3]$b$3292 [7]
                                               \CPU.mem_rdata [16] -> $memory\CPU.registerFile$rdmux[1][2][3]$b$3292 [6]
                                               \CPU.mem_rdata [16] -> $memory\CPU.registerFile$rdmux[1][2][3]$b$3292 [5]
                                               \CPU.mem_rdata [16] -> $memory\CPU.registerFile$rdmux[1][2][3]$b$3292 [4]
                                               \CPU.mem_rdata [16] -> $memory\CPU.registerFile$rdmux[1][2][3]$b$3292 [3]
                                               \CPU.mem_rdata [16] -> $memory\CPU.registerFile$rdmux[1][2][3]$b$3292 [2]
                                               \CPU.mem_rdata [16] -> $memory\CPU.registerFile$rdmux[1][2][3]$b$3292 [1]
                                               \CPU.mem_rdata [16] -> $memory\CPU.registerFile$rdmux[1][2][3]$b$3292 [0]
                                               \CPU.mem_rdata [16] -> $memory\CPU.registerFile$rdmux[1][2][3]$a$3291 [31]
                                               \CPU.mem_rdata [16] -> $memory\CPU.registerFile$rdmux[1][2][3]$a$3291 [30]
                                               \CPU.mem_rdata [16] -> $memory\CPU.registerFile$rdmux[1][2][3]$a$3291 [29]
                                               \CPU.mem_rdata [16] -> $memory\CPU.registerFile$rdmux[1][2][3]$a$3291 [28]
                                               \CPU.mem_rdata [16] -> $memory\CPU.registerFile$rdmux[1][2][3]$a$3291 [27]
                                               \CPU.mem_rdata [16] -> $memory\CPU.registerFile$rdmux[1][2][3]$a$3291 [26]
                                               \CPU.mem_rdata [16] -> $memory\CPU.registerFile$rdmux[1][2][3]$a$3291 [25]
                                               \CPU.mem_rdata [16] -> $memory\CPU.registerFile$rdmux[1][2][3]$a$3291 [24]
                                               \CPU.mem_rdata [16] -> $memory\CPU.registerFile$rdmux[1][2][3]$a$3291 [23]
                                               \CPU.mem_rdata [16] -> $memory\CPU.registerFile$rdmux[1][2][3]$a$3291 [22]
                                               \CPU.mem_rdata [16] -> $memory\CPU.registerFile$rdmux[1][2][3]$a$3291 [21]
                                               \CPU.mem_rdata [16] -> $memory\CPU.registerFile$rdmux[1][2][3]$a$3291 [20]
                                               \CPU.mem_rdata [16] -> $memory\CPU.registerFile$rdmux[1][2][3]$a$3291 [19]
                                               \CPU.mem_rdata [16] -> $memory\CPU.registerFile$rdmux[1][2][3]$a$3291 [18]
                                               \CPU.mem_rdata [16] -> $memory\CPU.registerFile$rdmux[1][2][3]$a$3291 [17]
                                               \CPU.mem_rdata [16] -> $memory\CPU.registerFile$rdmux[1][2][3]$a$3291 [16]
                                               \CPU.mem_rdata [16] -> $memory\CPU.registerFile$rdmux[1][2][3]$a$3291 [15]
                                               \CPU.mem_rdata [16] -> $memory\CPU.registerFile$rdmux[1][2][3]$a$3291 [14]
                                               \CPU.mem_rdata [16] -> $memory\CPU.registerFile$rdmux[1][2][3]$a$3291 [13]
                                               \CPU.mem_rdata [16] -> $memory\CPU.registerFile$rdmux[1][2][3]$a$3291 [12]
                                               \CPU.mem_rdata [16] -> $memory\CPU.registerFile$rdmux[1][2][3]$a$3291 [11]
                                               \CPU.mem_rdata [16] -> $memory\CPU.registerFile$rdmux[1][2][3]$a$3291 [10]
                                               \CPU.mem_rdata [16] -> $memory\CPU.registerFile$rdmux[1][2][3]$a$3291 [9]
                                               \CPU.mem_rdata [16] -> $memory\CPU.registerFile$rdmux[1][2][3]$a$3291 [8]
                                               \CPU.mem_rdata [16] -> $memory\CPU.registerFile$rdmux[1][2][3]$a$3291 [7]
                                               \CPU.mem_rdata [16] -> $memory\CPU.registerFile$rdmux[1][2][3]$a$3291 [6]
                                               \CPU.mem_rdata [16] -> $memory\CPU.registerFile$rdmux[1][2][3]$a$3291 [5]
                                               \CPU.mem_rdata [16] -> $memory\CPU.registerFile$rdmux[1][2][3]$a$3291 [4]
                                               \CPU.mem_rdata [16] -> $memory\CPU.registerFile$rdmux[1][2][3]$a$3291 [3]
                                               \CPU.mem_rdata [16] -> $memory\CPU.registerFile$rdmux[1][2][3]$a$3291 [2]
                                               \CPU.mem_rdata [16] -> $memory\CPU.registerFile$rdmux[1][2][3]$a$3291 [1]
                                               \CPU.mem_rdata [16] -> $memory\CPU.registerFile$rdmux[1][2][3]$a$3291 [0]
                                               \CPU.mem_rdata [16] -> $memory\CPU.registerFile$rdmux[1][2][2]$a$3288 [31]
                                               \CPU.mem_rdata [16] -> $memory\CPU.registerFile$rdmux[1][2][2]$a$3288 [30]
                                               \CPU.mem_rdata [16] -> $memory\CPU.registerFile$rdmux[1][2][2]$a$3288 [29]
                                               \CPU.mem_rdata [16] -> $memory\CPU.registerFile$rdmux[1][2][2]$a$3288 [28]
                                               \CPU.mem_rdata [16] -> $memory\CPU.registerFile$rdmux[1][2][2]$a$3288 [27]
                                               \CPU.mem_rdata [16] -> $memory\CPU.registerFile$rdmux[1][2][2]$a$3288 [26]
                                               \CPU.mem_rdata [16] -> $memory\CPU.registerFile$rdmux[1][2][2]$a$3288 [25]
                                               \CPU.mem_rdata [16] -> $memory\CPU.registerFile$rdmux[1][2][2]$a$3288 [24]
                                               \CPU.mem_rdata [16] -> $memory\CPU.registerFile$rdmux[1][2][2]$a$3288 [23]
                                               \CPU.mem_rdata [16] -> $memory\CPU.registerFile$rdmux[1][2][2]$a$3288 [22]
                                               \CPU.mem_rdata [16] -> $memory\CPU.registerFile$rdmux[1][2][2]$a$3288 [21]
                                               \CPU.mem_rdata [16] -> $memory\CPU.registerFile$rdmux[1][2][2]$a$3288 [20]
                                               \CPU.mem_rdata [16] -> $memory\CPU.registerFile$rdmux[1][2][2]$a$3288 [19]
                                               \CPU.mem_rdata [16] -> $memory\CPU.registerFile$rdmux[1][2][2]$a$3288 [18]
                                               \CPU.mem_rdata [16] -> $memory\CPU.registerFile$rdmux[1][2][2]$a$3288 [17]
                                               \CPU.mem_rdata [16] -> $memory\CPU.registerFile$rdmux[1][2][2]$a$3288 [16]
                                               \CPU.mem_rdata [16] -> $memory\CPU.registerFile$rdmux[1][2][2]$a$3288 [15]
                                               \CPU.mem_rdata [16] -> $memory\CPU.registerFile$rdmux[1][2][2]$a$3288 [14]
                                               \CPU.mem_rdata [16] -> $memory\CPU.registerFile$rdmux[1][2][2]$a$3288 [13]
                                               \CPU.mem_rdata [16] -> $memory\CPU.registerFile$rdmux[1][2][2]$a$3288 [12]
                                               \CPU.mem_rdata [16] -> $memory\CPU.registerFile$rdmux[1][2][2]$a$3288 [11]
                                               \CPU.mem_rdata [16] -> $memory\CPU.registerFile$rdmux[1][2][2]$a$3288 [10]
                                               \CPU.mem_rdata [16] -> $memory\CPU.registerFile$rdmux[1][2][2]$a$3288 [9]
                                               \CPU.mem_rdata [16] -> $memory\CPU.registerFile$rdmux[1][2][2]$a$3288 [8]
                                               \CPU.mem_rdata [16] -> $memory\CPU.registerFile$rdmux[1][2][2]$a$3288 [7]
                                               \CPU.mem_rdata [16] -> $memory\CPU.registerFile$rdmux[1][2][2]$a$3288 [6]
                                               \CPU.mem_rdata [16] -> $memory\CPU.registerFile$rdmux[1][2][2]$a$3288 [5]
                                               \CPU.mem_rdata [16] -> $memory\CPU.registerFile$rdmux[1][2][2]$a$3288 [4]
                                               \CPU.mem_rdata [16] -> $memory\CPU.registerFile$rdmux[1][2][2]$a$3288 [3]
                                               \CPU.mem_rdata [16] -> $memory\CPU.registerFile$rdmux[1][2][2]$a$3288 [2]
                                               \CPU.mem_rdata [16] -> $memory\CPU.registerFile$rdmux[1][2][2]$a$3288 [1]
                                               \CPU.mem_rdata [16] -> $memory\CPU.registerFile$rdmux[1][2][2]$a$3288 [0]
                                               \CPU.mem_rdata [16] -> $memory\CPU.registerFile$rdmux[1][2][0]$a$3282 [31]
                                               \CPU.mem_rdata [16] -> $memory\CPU.registerFile$rdmux[1][2][0]$a$3282 [30]
                                               \CPU.mem_rdata [16] -> $memory\CPU.registerFile$rdmux[1][2][0]$a$3282 [29]
                                               \CPU.mem_rdata [16] -> $memory\CPU.registerFile$rdmux[1][2][0]$a$3282 [28]
                                               \CPU.mem_rdata [16] -> $memory\CPU.registerFile$rdmux[1][2][0]$a$3282 [27]
                                               \CPU.mem_rdata [16] -> $memory\CPU.registerFile$rdmux[1][2][0]$a$3282 [26]
                                               \CPU.mem_rdata [16] -> $memory\CPU.registerFile$rdmux[1][2][0]$a$3282 [25]
                                               \CPU.mem_rdata [16] -> $memory\CPU.registerFile$rdmux[1][2][0]$a$3282 [24]
                                               \CPU.mem_rdata [16] -> $memory\CPU.registerFile$rdmux[1][2][0]$a$3282 [23]
                                               \CPU.mem_rdata [16] -> $memory\CPU.registerFile$rdmux[1][2][0]$a$3282 [22]
                                               \CPU.mem_rdata [16] -> $memory\CPU.registerFile$rdmux[1][2][0]$a$3282 [21]
                                               \CPU.mem_rdata [16] -> $memory\CPU.registerFile$rdmux[1][2][0]$a$3282 [20]
                                               \CPU.mem_rdata [16] -> $memory\CPU.registerFile$rdmux[1][2][0]$a$3282 [19]
                                               \CPU.mem_rdata [16] -> $memory\CPU.registerFile$rdmux[1][2][0]$a$3282 [18]
                                               \CPU.mem_rdata [16] -> $memory\CPU.registerFile$rdmux[1][2][0]$a$3282 [17]
                                               \CPU.mem_rdata [16] -> $memory\CPU.registerFile$rdmux[1][2][0]$a$3282 [16]
                                               \CPU.mem_rdata [16] -> $memory\CPU.registerFile$rdmux[1][2][0]$a$3282 [15]
                                               \CPU.mem_rdata [16] -> $memory\CPU.registerFile$rdmux[1][2][0]$a$3282 [14]
                                               \CPU.mem_rdata [16] -> $memory\CPU.registerFile$rdmux[1][2][0]$a$3282 [13]
                                               \CPU.mem_rdata [16] -> $memory\CPU.registerFile$rdmux[1][2][0]$a$3282 [12]
                                               \CPU.mem_rdata [16] -> $memory\CPU.registerFile$rdmux[1][2][0]$a$3282 [11]
                                               \CPU.mem_rdata [16] -> $memory\CPU.registerFile$rdmux[1][2][0]$a$3282 [10]
                                               \CPU.mem_rdata [16] -> $memory\CPU.registerFile$rdmux[1][2][0]$a$3282 [9]
                                               \CPU.mem_rdata [16] -> $memory\CPU.registerFile$rdmux[1][2][0]$a$3282 [8]
                                               \CPU.mem_rdata [16] -> $memory\CPU.registerFile$rdmux[1][2][0]$a$3282 [7]
                                               \CPU.mem_rdata [16] -> $memory\CPU.registerFile$rdmux[1][2][0]$a$3282 [6]
                                               \CPU.mem_rdata [16] -> $memory\CPU.registerFile$rdmux[1][2][0]$a$3282 [5]
                                               \CPU.mem_rdata [16] -> $memory\CPU.registerFile$rdmux[1][2][0]$a$3282 [4]
                                               \CPU.mem_rdata [16] -> $memory\CPU.registerFile$rdmux[1][2][0]$a$3282 [3]
                                               \CPU.mem_rdata [16] -> $memory\CPU.registerFile$rdmux[1][2][0]$a$3282 [2]
                                               \CPU.mem_rdata [16] -> $memory\CPU.registerFile$rdmux[1][2][0]$a$3282 [1]
                                               \CPU.mem_rdata [16] -> $memory\CPU.registerFile$rdmux[1][2][0]$a$3282 [0]
                                               \CPU.mem_rdata [16] -> $memory\CPU.registerFile$rdmux[1][2][1]$b$3286 [31]
                                               \CPU.mem_rdata [16] -> $memory\CPU.registerFile$rdmux[1][2][1]$a$3285 [31]
                                               \CPU.mem_rdata [16] -> $memory\CPU.registerFile$rdmux[1][2][1]$b$3286 [30]
                                               \CPU.mem_rdata [16] -> $memory\CPU.registerFile$rdmux[1][2][1]$a$3285 [30]
                                               \CPU.mem_rdata [16] -> $memory\CPU.registerFile$rdmux[1][2][1]$b$3286 [29]
                                               \CPU.mem_rdata [16] -> $memory\CPU.registerFile$rdmux[1][2][1]$a$3285 [29]
                                               \CPU.mem_rdata [16] -> $memory\CPU.registerFile$rdmux[1][2][1]$b$3286 [28]
                                               \CPU.mem_rdata [16] -> $memory\CPU.registerFile$rdmux[1][2][1]$a$3285 [28]
                                               \CPU.mem_rdata [16] -> $memory\CPU.registerFile$rdmux[1][2][1]$b$3286 [27]
                                               \CPU.mem_rdata [16] -> $memory\CPU.registerFile$rdmux[1][2][1]$a$3285 [27]
                                               \CPU.mem_rdata [16] -> $memory\CPU.registerFile$rdmux[1][2][1]$b$3286 [26]
                                               \CPU.mem_rdata [16] -> $memory\CPU.registerFile$rdmux[1][2][1]$a$3285 [26]
                                               \CPU.mem_rdata [16] -> $memory\CPU.registerFile$rdmux[1][2][1]$b$3286 [25]
                                               \CPU.mem_rdata [16] -> $memory\CPU.registerFile$rdmux[1][2][1]$a$3285 [25]
                                               \CPU.mem_rdata [16] -> $memory\CPU.registerFile$rdmux[1][2][1]$b$3286 [24]
                                               \CPU.mem_rdata [16] -> $memory\CPU.registerFile$rdmux[1][2][1]$a$3285 [24]
                                               \CPU.mem_rdata [16] -> $memory\CPU.registerFile$rdmux[1][2][1]$b$3286 [23]
                                               \CPU.mem_rdata [16] -> $memory\CPU.registerFile$rdmux[1][2][1]$a$3285 [23]
                                               \CPU.mem_rdata [16] -> $memory\CPU.registerFile$rdmux[1][2][1]$b$3286 [22]
                                               \CPU.mem_rdata [16] -> $memory\CPU.registerFile$rdmux[1][2][1]$a$3285 [22]
                                               \CPU.mem_rdata [16] -> $memory\CPU.registerFile$rdmux[1][2][1]$b$3286 [21]
                                               \CPU.mem_rdata [16] -> $memory\CPU.registerFile$rdmux[1][2][1]$a$3285 [21]
                                               \CPU.mem_rdata [16] -> $memory\CPU.registerFile$rdmux[1][2][1]$b$3286 [20]
                                               \CPU.mem_rdata [16] -> $memory\CPU.registerFile$rdmux[1][2][1]$a$3285 [20]
                                               \CPU.mem_rdata [16] -> $memory\CPU.registerFile$rdmux[1][2][1]$b$3286 [19]
                                               \CPU.mem_rdata [16] -> $memory\CPU.registerFile$rdmux[1][2][1]$a$3285 [19]
                                               \CPU.mem_rdata [16] -> $memory\CPU.registerFile$rdmux[1][2][1]$b$3286 [18]
                                               \CPU.mem_rdata [16] -> $memory\CPU.registerFile$rdmux[1][2][1]$a$3285 [18]
                                               \CPU.mem_rdata [16] -> $memory\CPU.registerFile$rdmux[1][2][1]$b$3286 [17]
                                               \CPU.mem_rdata [16] -> $memory\CPU.registerFile$rdmux[1][2][1]$a$3285 [17]
                                               \CPU.mem_rdata [16] -> $memory\CPU.registerFile$rdmux[1][2][1]$b$3286 [16]
                                               \CPU.mem_rdata [16] -> $memory\CPU.registerFile$rdmux[1][2][1]$a$3285 [16]
                                               \CPU.mem_rdata [16] -> $memory\CPU.registerFile$rdmux[1][2][1]$b$3286 [15]
                                               \CPU.mem_rdata [16] -> $memory\CPU.registerFile$rdmux[1][2][1]$a$3285 [15]
                                               \CPU.mem_rdata [16] -> $memory\CPU.registerFile$rdmux[1][2][1]$b$3286 [14]
                                               \CPU.mem_rdata [16] -> $memory\CPU.registerFile$rdmux[1][2][1]$a$3285 [14]
                                               \CPU.mem_rdata [16] -> $memory\CPU.registerFile$rdmux[1][2][1]$b$3286 [13]
                                               \CPU.mem_rdata [16] -> $memory\CPU.registerFile$rdmux[1][2][1]$a$3285 [13]
                                               \CPU.mem_rdata [16] -> $memory\CPU.registerFile$rdmux[1][2][1]$b$3286 [12]
                                               \CPU.mem_rdata [16] -> $memory\CPU.registerFile$rdmux[1][2][1]$a$3285 [12]
                                               \CPU.mem_rdata [16] -> $memory\CPU.registerFile$rdmux[1][2][1]$b$3286 [11]
                                               \CPU.mem_rdata [16] -> $memory\CPU.registerFile$rdmux[1][2][1]$a$3285 [11]
                                               \CPU.mem_rdata [16] -> $memory\CPU.registerFile$rdmux[1][2][1]$b$3286 [10]
                                               \CPU.mem_rdata [16] -> $memory\CPU.registerFile$rdmux[1][2][1]$a$3285 [10]
                                               \CPU.mem_rdata [16] -> $memory\CPU.registerFile$rdmux[1][2][1]$b$3286 [9]
                                               \CPU.mem_rdata [16] -> $memory\CPU.registerFile$rdmux[1][2][1]$a$3285 [9]
                                               \CPU.mem_rdata [16] -> $memory\CPU.registerFile$rdmux[1][2][1]$b$3286 [8]
                                               \CPU.mem_rdata [16] -> $memory\CPU.registerFile$rdmux[1][2][1]$a$3285 [8]
                                               \CPU.mem_rdata [16] -> $memory\CPU.registerFile$rdmux[1][2][1]$b$3286 [7]
                                               \CPU.mem_rdata [16] -> $memory\CPU.registerFile$rdmux[1][2][1]$a$3285 [7]
                                               \CPU.mem_rdata [16] -> $memory\CPU.registerFile$rdmux[1][2][1]$b$3286 [6]
                                               \CPU.mem_rdata [16] -> $memory\CPU.registerFile$rdmux[1][2][1]$a$3285 [6]
                                               \CPU.mem_rdata [16] -> $memory\CPU.registerFile$rdmux[1][2][1]$b$3286 [5]
                                               \CPU.mem_rdata [16] -> $memory\CPU.registerFile$rdmux[1][2][1]$a$3285 [5]
                                               \CPU.mem_rdata [16] -> $memory\CPU.registerFile$rdmux[1][2][1]$b$3286 [4]
                                               \CPU.mem_rdata [16] -> $memory\CPU.registerFile$rdmux[1][2][1]$a$3285 [4]
                                               \CPU.mem_rdata [16] -> $memory\CPU.registerFile$rdmux[1][2][1]$b$3286 [3]
                                               \CPU.mem_rdata [16] -> $memory\CPU.registerFile$rdmux[1][2][1]$a$3285 [3]
                                               \CPU.mem_rdata [16] -> $memory\CPU.registerFile$rdmux[1][2][1]$b$3286 [2]
                                               \CPU.mem_rdata [16] -> $memory\CPU.registerFile$rdmux[1][2][1]$a$3285 [2]
                                               \CPU.mem_rdata [16] -> $memory\CPU.registerFile$rdmux[1][2][1]$b$3286 [1]
                                               \CPU.mem_rdata [16] -> $memory\CPU.registerFile$rdmux[1][2][1]$a$3285 [1]
                                               \CPU.mem_rdata [16] -> $memory\CPU.registerFile$rdmux[1][2][1]$b$3286 [0]
                                               \CPU.mem_rdata [16] -> $memory\CPU.registerFile$rdmux[1][2][1]$a$3285 [0]
Breaking loop using new signal $abcloop$22158: \CPU.mem_rdata [22] -> $memory\CPU.registerFile$rdmux[0][1][0]$a$3180 [31]
                                               \CPU.mem_rdata [22] -> $memory\CPU.registerFile$rdmux[0][1][0]$a$3180 [30]
                                               \CPU.mem_rdata [22] -> $memory\CPU.registerFile$rdmux[0][1][0]$a$3180 [29]
                                               \CPU.mem_rdata [22] -> $memory\CPU.registerFile$rdmux[0][1][0]$a$3180 [28]
                                               \CPU.mem_rdata [22] -> $memory\CPU.registerFile$rdmux[0][1][0]$a$3180 [27]
                                               \CPU.mem_rdata [22] -> $memory\CPU.registerFile$rdmux[0][1][0]$a$3180 [26]
                                               \CPU.mem_rdata [22] -> $memory\CPU.registerFile$rdmux[0][1][0]$a$3180 [25]
                                               \CPU.mem_rdata [22] -> $memory\CPU.registerFile$rdmux[0][1][0]$a$3180 [24]
                                               \CPU.mem_rdata [22] -> $memory\CPU.registerFile$rdmux[0][1][0]$a$3180 [23]
                                               \CPU.mem_rdata [22] -> $memory\CPU.registerFile$rdmux[0][1][0]$a$3180 [22]
                                               \CPU.mem_rdata [22] -> $memory\CPU.registerFile$rdmux[0][1][0]$a$3180 [21]
                                               \CPU.mem_rdata [22] -> $memory\CPU.registerFile$rdmux[0][1][0]$a$3180 [20]
                                               \CPU.mem_rdata [22] -> $memory\CPU.registerFile$rdmux[0][1][0]$a$3180 [19]
                                               \CPU.mem_rdata [22] -> $memory\CPU.registerFile$rdmux[0][1][0]$a$3180 [18]
                                               \CPU.mem_rdata [22] -> $memory\CPU.registerFile$rdmux[0][1][0]$a$3180 [17]
                                               \CPU.mem_rdata [22] -> $memory\CPU.registerFile$rdmux[0][1][0]$a$3180 [16]
                                               \CPU.mem_rdata [22] -> $memory\CPU.registerFile$rdmux[0][1][0]$a$3180 [15]
                                               \CPU.mem_rdata [22] -> $memory\CPU.registerFile$rdmux[0][1][0]$a$3180 [14]
                                               \CPU.mem_rdata [22] -> $memory\CPU.registerFile$rdmux[0][1][0]$a$3180 [13]
                                               \CPU.mem_rdata [22] -> $memory\CPU.registerFile$rdmux[0][1][0]$a$3180 [12]
                                               \CPU.mem_rdata [22] -> $memory\CPU.registerFile$rdmux[0][1][0]$a$3180 [11]
                                               \CPU.mem_rdata [22] -> $memory\CPU.registerFile$rdmux[0][1][0]$a$3180 [10]
                                               \CPU.mem_rdata [22] -> $memory\CPU.registerFile$rdmux[0][1][0]$a$3180 [9]
                                               \CPU.mem_rdata [22] -> $memory\CPU.registerFile$rdmux[0][1][0]$a$3180 [8]
                                               \CPU.mem_rdata [22] -> $memory\CPU.registerFile$rdmux[0][1][0]$a$3180 [7]
                                               \CPU.mem_rdata [22] -> $memory\CPU.registerFile$rdmux[0][1][0]$a$3180 [6]
                                               \CPU.mem_rdata [22] -> $memory\CPU.registerFile$rdmux[0][1][0]$a$3180 [5]
                                               \CPU.mem_rdata [22] -> $memory\CPU.registerFile$rdmux[0][1][0]$a$3180 [4]
                                               \CPU.mem_rdata [22] -> $memory\CPU.registerFile$rdmux[0][1][0]$a$3180 [3]
                                               \CPU.mem_rdata [22] -> $memory\CPU.registerFile$rdmux[0][1][0]$a$3180 [2]
                                               \CPU.mem_rdata [22] -> $memory\CPU.registerFile$rdmux[0][1][0]$a$3180 [1]
                                               \CPU.mem_rdata [22] -> $memory\CPU.registerFile$rdmux[0][1][0]$a$3180 [0]
                                               \CPU.mem_rdata [22] -> $memory\CPU.registerFile$rdmux[0][1][1]$b$3184 [31]
                                               \CPU.mem_rdata [22] -> $memory\CPU.registerFile$rdmux[0][1][1]$b$3184 [30]
                                               \CPU.mem_rdata [22] -> $memory\CPU.registerFile$rdmux[0][1][1]$b$3184 [29]
                                               \CPU.mem_rdata [22] -> $memory\CPU.registerFile$rdmux[0][1][1]$b$3184 [28]
                                               \CPU.mem_rdata [22] -> $memory\CPU.registerFile$rdmux[0][1][1]$b$3184 [27]
                                               \CPU.mem_rdata [22] -> $memory\CPU.registerFile$rdmux[0][1][1]$b$3184 [26]
                                               \CPU.mem_rdata [22] -> $memory\CPU.registerFile$rdmux[0][1][1]$b$3184 [25]
                                               \CPU.mem_rdata [22] -> $memory\CPU.registerFile$rdmux[0][1][1]$b$3184 [24]
                                               \CPU.mem_rdata [22] -> $memory\CPU.registerFile$rdmux[0][1][1]$b$3184 [23]
                                               \CPU.mem_rdata [22] -> $memory\CPU.registerFile$rdmux[0][1][1]$b$3184 [22]
                                               \CPU.mem_rdata [22] -> $memory\CPU.registerFile$rdmux[0][1][1]$b$3184 [21]
                                               \CPU.mem_rdata [22] -> $memory\CPU.registerFile$rdmux[0][1][1]$b$3184 [20]
                                               \CPU.mem_rdata [22] -> $memory\CPU.registerFile$rdmux[0][1][1]$b$3184 [19]
                                               \CPU.mem_rdata [22] -> $memory\CPU.registerFile$rdmux[0][1][1]$b$3184 [18]
                                               \CPU.mem_rdata [22] -> $memory\CPU.registerFile$rdmux[0][1][1]$b$3184 [17]
                                               \CPU.mem_rdata [22] -> $memory\CPU.registerFile$rdmux[0][1][1]$b$3184 [16]
                                               \CPU.mem_rdata [22] -> $memory\CPU.registerFile$rdmux[0][1][1]$b$3184 [15]
                                               \CPU.mem_rdata [22] -> $memory\CPU.registerFile$rdmux[0][1][1]$b$3184 [14]
                                               \CPU.mem_rdata [22] -> $memory\CPU.registerFile$rdmux[0][1][1]$b$3184 [13]
                                               \CPU.mem_rdata [22] -> $memory\CPU.registerFile$rdmux[0][1][1]$b$3184 [12]
                                               \CPU.mem_rdata [22] -> $memory\CPU.registerFile$rdmux[0][1][1]$b$3184 [11]
                                               \CPU.mem_rdata [22] -> $memory\CPU.registerFile$rdmux[0][1][1]$b$3184 [10]
                                               \CPU.mem_rdata [22] -> $memory\CPU.registerFile$rdmux[0][1][1]$b$3184 [9]
                                               \CPU.mem_rdata [22] -> $memory\CPU.registerFile$rdmux[0][1][1]$b$3184 [8]
                                               \CPU.mem_rdata [22] -> $memory\CPU.registerFile$rdmux[0][1][1]$b$3184 [7]
                                               \CPU.mem_rdata [22] -> $memory\CPU.registerFile$rdmux[0][1][1]$b$3184 [6]
                                               \CPU.mem_rdata [22] -> $memory\CPU.registerFile$rdmux[0][1][1]$b$3184 [5]
                                               \CPU.mem_rdata [22] -> $memory\CPU.registerFile$rdmux[0][1][1]$b$3184 [4]
                                               \CPU.mem_rdata [22] -> $memory\CPU.registerFile$rdmux[0][1][1]$b$3184 [3]
                                               \CPU.mem_rdata [22] -> $memory\CPU.registerFile$rdmux[0][1][1]$b$3184 [2]
                                               \CPU.mem_rdata [22] -> $memory\CPU.registerFile$rdmux[0][1][1]$b$3184 [1]
                                               \CPU.mem_rdata [22] -> $memory\CPU.registerFile$rdmux[0][1][1]$b$3184 [0]
                                               \CPU.mem_rdata [22] -> $memory\CPU.registerFile$rdmux[0][1][0]$b$3181 [31]
                                               \CPU.mem_rdata [22] -> $memory\CPU.registerFile$rdmux[0][1][0]$b$3181 [30]
                                               \CPU.mem_rdata [22] -> $memory\CPU.registerFile$rdmux[0][1][0]$b$3181 [29]
                                               \CPU.mem_rdata [22] -> $memory\CPU.registerFile$rdmux[0][1][0]$b$3181 [28]
                                               \CPU.mem_rdata [22] -> $memory\CPU.registerFile$rdmux[0][1][0]$b$3181 [27]
                                               \CPU.mem_rdata [22] -> $memory\CPU.registerFile$rdmux[0][1][0]$b$3181 [26]
                                               \CPU.mem_rdata [22] -> $memory\CPU.registerFile$rdmux[0][1][0]$b$3181 [25]
                                               \CPU.mem_rdata [22] -> $memory\CPU.registerFile$rdmux[0][1][0]$b$3181 [24]
                                               \CPU.mem_rdata [22] -> $memory\CPU.registerFile$rdmux[0][1][0]$b$3181 [23]
                                               \CPU.mem_rdata [22] -> $memory\CPU.registerFile$rdmux[0][1][0]$b$3181 [22]
                                               \CPU.mem_rdata [22] -> $memory\CPU.registerFile$rdmux[0][1][0]$b$3181 [21]
                                               \CPU.mem_rdata [22] -> $memory\CPU.registerFile$rdmux[0][1][0]$b$3181 [20]
                                               \CPU.mem_rdata [22] -> $memory\CPU.registerFile$rdmux[0][1][0]$b$3181 [19]
                                               \CPU.mem_rdata [22] -> $memory\CPU.registerFile$rdmux[0][1][0]$b$3181 [18]
                                               \CPU.mem_rdata [22] -> $memory\CPU.registerFile$rdmux[0][1][0]$b$3181 [17]
                                               \CPU.mem_rdata [22] -> $memory\CPU.registerFile$rdmux[0][1][0]$b$3181 [16]
                                               \CPU.mem_rdata [22] -> $memory\CPU.registerFile$rdmux[0][1][0]$b$3181 [15]
                                               \CPU.mem_rdata [22] -> $memory\CPU.registerFile$rdmux[0][1][0]$b$3181 [14]
                                               \CPU.mem_rdata [22] -> $memory\CPU.registerFile$rdmux[0][1][0]$b$3181 [13]
                                               \CPU.mem_rdata [22] -> $memory\CPU.registerFile$rdmux[0][1][0]$b$3181 [12]
                                               \CPU.mem_rdata [22] -> $memory\CPU.registerFile$rdmux[0][1][0]$b$3181 [11]
                                               \CPU.mem_rdata [22] -> $memory\CPU.registerFile$rdmux[0][1][0]$b$3181 [10]
                                               \CPU.mem_rdata [22] -> $memory\CPU.registerFile$rdmux[0][1][0]$b$3181 [9]
                                               \CPU.mem_rdata [22] -> $memory\CPU.registerFile$rdmux[0][1][0]$b$3181 [8]
                                               \CPU.mem_rdata [22] -> $memory\CPU.registerFile$rdmux[0][1][0]$b$3181 [7]
                                               \CPU.mem_rdata [22] -> $memory\CPU.registerFile$rdmux[0][1][0]$b$3181 [6]
                                               \CPU.mem_rdata [22] -> $memory\CPU.registerFile$rdmux[0][1][0]$b$3181 [5]
                                               \CPU.mem_rdata [22] -> $memory\CPU.registerFile$rdmux[0][1][0]$b$3181 [4]
                                               \CPU.mem_rdata [22] -> $memory\CPU.registerFile$rdmux[0][1][0]$b$3181 [3]
                                               \CPU.mem_rdata [22] -> $memory\CPU.registerFile$rdmux[0][1][0]$b$3181 [2]
                                               \CPU.mem_rdata [22] -> $memory\CPU.registerFile$rdmux[0][1][0]$b$3181 [1]
                                               \CPU.mem_rdata [22] -> $memory\CPU.registerFile$rdmux[0][1][0]$b$3181 [0]
                                               \CPU.mem_rdata [22] -> $memory\CPU.registerFile$rdmux[0][1][1]$a$3183 [31]
                                               \CPU.mem_rdata [22] -> $memory\CPU.registerFile$rdmux[0][1][1]$a$3183 [30]
                                               \CPU.mem_rdata [22] -> $memory\CPU.registerFile$rdmux[0][1][1]$a$3183 [29]
                                               \CPU.mem_rdata [22] -> $memory\CPU.registerFile$rdmux[0][1][1]$a$3183 [28]
                                               \CPU.mem_rdata [22] -> $memory\CPU.registerFile$rdmux[0][1][1]$a$3183 [27]
                                               \CPU.mem_rdata [22] -> $memory\CPU.registerFile$rdmux[0][1][1]$a$3183 [26]
                                               \CPU.mem_rdata [22] -> $memory\CPU.registerFile$rdmux[0][1][1]$a$3183 [25]
                                               \CPU.mem_rdata [22] -> $memory\CPU.registerFile$rdmux[0][1][1]$a$3183 [24]
                                               \CPU.mem_rdata [22] -> $memory\CPU.registerFile$rdmux[0][1][1]$a$3183 [23]
                                               \CPU.mem_rdata [22] -> $memory\CPU.registerFile$rdmux[0][1][1]$a$3183 [22]
                                               \CPU.mem_rdata [22] -> $memory\CPU.registerFile$rdmux[0][1][1]$a$3183 [21]
                                               \CPU.mem_rdata [22] -> $memory\CPU.registerFile$rdmux[0][1][1]$a$3183 [20]
                                               \CPU.mem_rdata [22] -> $memory\CPU.registerFile$rdmux[0][1][1]$a$3183 [19]
                                               \CPU.mem_rdata [22] -> $memory\CPU.registerFile$rdmux[0][1][1]$a$3183 [18]
                                               \CPU.mem_rdata [22] -> $memory\CPU.registerFile$rdmux[0][1][1]$a$3183 [17]
                                               \CPU.mem_rdata [22] -> $memory\CPU.registerFile$rdmux[0][1][1]$a$3183 [16]
                                               \CPU.mem_rdata [22] -> $memory\CPU.registerFile$rdmux[0][1][1]$a$3183 [15]
                                               \CPU.mem_rdata [22] -> $memory\CPU.registerFile$rdmux[0][1][1]$a$3183 [14]
                                               \CPU.mem_rdata [22] -> $memory\CPU.registerFile$rdmux[0][1][1]$a$3183 [13]
                                               \CPU.mem_rdata [22] -> $memory\CPU.registerFile$rdmux[0][1][1]$a$3183 [12]
                                               \CPU.mem_rdata [22] -> $memory\CPU.registerFile$rdmux[0][1][1]$a$3183 [11]
                                               \CPU.mem_rdata [22] -> $memory\CPU.registerFile$rdmux[0][1][1]$a$3183 [10]
                                               \CPU.mem_rdata [22] -> $memory\CPU.registerFile$rdmux[0][1][1]$a$3183 [9]
                                               \CPU.mem_rdata [22] -> $memory\CPU.registerFile$rdmux[0][1][1]$a$3183 [8]
                                               \CPU.mem_rdata [22] -> $memory\CPU.registerFile$rdmux[0][1][1]$a$3183 [7]
                                               \CPU.mem_rdata [22] -> $memory\CPU.registerFile$rdmux[0][1][1]$a$3183 [6]
                                               \CPU.mem_rdata [22] -> $memory\CPU.registerFile$rdmux[0][1][1]$a$3183 [5]
                                               \CPU.mem_rdata [22] -> $memory\CPU.registerFile$rdmux[0][1][1]$a$3183 [4]
                                               \CPU.mem_rdata [22] -> $memory\CPU.registerFile$rdmux[0][1][1]$a$3183 [3]
                                               \CPU.mem_rdata [22] -> $memory\CPU.registerFile$rdmux[0][1][1]$a$3183 [2]
                                               \CPU.mem_rdata [22] -> $memory\CPU.registerFile$rdmux[0][1][1]$a$3183 [1]
                                               \CPU.mem_rdata [22] -> $memory\CPU.registerFile$rdmux[0][1][1]$a$3183 [0]
                                               \CPU.mem_rdata [22] -> $flatten\CPU.$ternary$cores/cpu/femtorv32_quark.v:258$417_Y [22]
                                               \CPU.mem_rdata [22] -> \CPU.LOAD_halfword [6]
Breaking loop using new signal $abcloop$22159: \CPU.mem_rdata [17] -> $flatten\CPU.$ternary$cores/cpu/femtorv32_quark.v:258$417_Y [17]
                                               \CPU.mem_rdata [17] -> \CPU.LOAD_halfword [1]
                                               \CPU.mem_rdata [17] -> $memory\CPU.registerFile$rdmux[1][1][0]$a$3276 [31]
                                               \CPU.mem_rdata [17] -> $memory\CPU.registerFile$rdmux[1][1][0]$a$3276 [30]
                                               \CPU.mem_rdata [17] -> $memory\CPU.registerFile$rdmux[1][1][0]$a$3276 [29]
                                               \CPU.mem_rdata [17] -> $memory\CPU.registerFile$rdmux[1][1][0]$a$3276 [28]
                                               \CPU.mem_rdata [17] -> $memory\CPU.registerFile$rdmux[1][1][0]$a$3276 [27]
                                               \CPU.mem_rdata [17] -> $memory\CPU.registerFile$rdmux[1][1][0]$a$3276 [26]
                                               \CPU.mem_rdata [17] -> $memory\CPU.registerFile$rdmux[1][1][0]$a$3276 [25]
                                               \CPU.mem_rdata [17] -> $memory\CPU.registerFile$rdmux[1][1][0]$a$3276 [24]
                                               \CPU.mem_rdata [17] -> $memory\CPU.registerFile$rdmux[1][1][0]$a$3276 [23]
                                               \CPU.mem_rdata [17] -> $memory\CPU.registerFile$rdmux[1][1][0]$a$3276 [22]
                                               \CPU.mem_rdata [17] -> $memory\CPU.registerFile$rdmux[1][1][0]$a$3276 [21]
                                               \CPU.mem_rdata [17] -> $memory\CPU.registerFile$rdmux[1][1][0]$a$3276 [20]
                                               \CPU.mem_rdata [17] -> $memory\CPU.registerFile$rdmux[1][1][0]$a$3276 [19]
                                               \CPU.mem_rdata [17] -> $memory\CPU.registerFile$rdmux[1][1][0]$a$3276 [18]
                                               \CPU.mem_rdata [17] -> $memory\CPU.registerFile$rdmux[1][1][0]$a$3276 [17]
                                               \CPU.mem_rdata [17] -> $memory\CPU.registerFile$rdmux[1][1][0]$a$3276 [16]
                                               \CPU.mem_rdata [17] -> $memory\CPU.registerFile$rdmux[1][1][0]$a$3276 [15]
                                               \CPU.mem_rdata [17] -> $memory\CPU.registerFile$rdmux[1][1][0]$a$3276 [14]
                                               \CPU.mem_rdata [17] -> $memory\CPU.registerFile$rdmux[1][1][0]$a$3276 [13]
                                               \CPU.mem_rdata [17] -> $memory\CPU.registerFile$rdmux[1][1][0]$a$3276 [12]
                                               \CPU.mem_rdata [17] -> $memory\CPU.registerFile$rdmux[1][1][0]$a$3276 [11]
                                               \CPU.mem_rdata [17] -> $memory\CPU.registerFile$rdmux[1][1][0]$a$3276 [10]
                                               \CPU.mem_rdata [17] -> $memory\CPU.registerFile$rdmux[1][1][0]$a$3276 [9]
                                               \CPU.mem_rdata [17] -> $memory\CPU.registerFile$rdmux[1][1][0]$a$3276 [8]
                                               \CPU.mem_rdata [17] -> $memory\CPU.registerFile$rdmux[1][1][0]$a$3276 [7]
                                               \CPU.mem_rdata [17] -> $memory\CPU.registerFile$rdmux[1][1][0]$a$3276 [6]
                                               \CPU.mem_rdata [17] -> $memory\CPU.registerFile$rdmux[1][1][0]$a$3276 [5]
                                               \CPU.mem_rdata [17] -> $memory\CPU.registerFile$rdmux[1][1][0]$a$3276 [4]
                                               \CPU.mem_rdata [17] -> $memory\CPU.registerFile$rdmux[1][1][0]$a$3276 [3]
                                               \CPU.mem_rdata [17] -> $memory\CPU.registerFile$rdmux[1][1][0]$a$3276 [2]
                                               \CPU.mem_rdata [17] -> $memory\CPU.registerFile$rdmux[1][1][0]$a$3276 [1]
                                               \CPU.mem_rdata [17] -> $memory\CPU.registerFile$rdmux[1][1][0]$a$3276 [0]
                                               \CPU.mem_rdata [17] -> $memory\CPU.registerFile$rdmux[1][1][0]$b$3277 [31]
                                               \CPU.mem_rdata [17] -> $memory\CPU.registerFile$rdmux[1][1][0]$b$3277 [30]
                                               \CPU.mem_rdata [17] -> $memory\CPU.registerFile$rdmux[1][1][0]$b$3277 [29]
                                               \CPU.mem_rdata [17] -> $memory\CPU.registerFile$rdmux[1][1][0]$b$3277 [28]
                                               \CPU.mem_rdata [17] -> $memory\CPU.registerFile$rdmux[1][1][0]$b$3277 [27]
                                               \CPU.mem_rdata [17] -> $memory\CPU.registerFile$rdmux[1][1][0]$b$3277 [26]
                                               \CPU.mem_rdata [17] -> $memory\CPU.registerFile$rdmux[1][1][0]$b$3277 [25]
                                               \CPU.mem_rdata [17] -> $memory\CPU.registerFile$rdmux[1][1][0]$b$3277 [24]
                                               \CPU.mem_rdata [17] -> $memory\CPU.registerFile$rdmux[1][1][0]$b$3277 [23]
                                               \CPU.mem_rdata [17] -> $memory\CPU.registerFile$rdmux[1][1][0]$b$3277 [22]
                                               \CPU.mem_rdata [17] -> $memory\CPU.registerFile$rdmux[1][1][0]$b$3277 [21]
                                               \CPU.mem_rdata [17] -> $memory\CPU.registerFile$rdmux[1][1][0]$b$3277 [20]
                                               \CPU.mem_rdata [17] -> $memory\CPU.registerFile$rdmux[1][1][0]$b$3277 [19]
                                               \CPU.mem_rdata [17] -> $memory\CPU.registerFile$rdmux[1][1][0]$b$3277 [18]
                                               \CPU.mem_rdata [17] -> $memory\CPU.registerFile$rdmux[1][1][0]$b$3277 [17]
                                               \CPU.mem_rdata [17] -> $memory\CPU.registerFile$rdmux[1][1][0]$b$3277 [16]
                                               \CPU.mem_rdata [17] -> $memory\CPU.registerFile$rdmux[1][1][0]$b$3277 [15]
                                               \CPU.mem_rdata [17] -> $memory\CPU.registerFile$rdmux[1][1][0]$b$3277 [14]
                                               \CPU.mem_rdata [17] -> $memory\CPU.registerFile$rdmux[1][1][0]$b$3277 [13]
                                               \CPU.mem_rdata [17] -> $memory\CPU.registerFile$rdmux[1][1][0]$b$3277 [12]
                                               \CPU.mem_rdata [17] -> $memory\CPU.registerFile$rdmux[1][1][0]$b$3277 [11]
                                               \CPU.mem_rdata [17] -> $memory\CPU.registerFile$rdmux[1][1][0]$b$3277 [10]
                                               \CPU.mem_rdata [17] -> $memory\CPU.registerFile$rdmux[1][1][0]$b$3277 [9]
                                               \CPU.mem_rdata [17] -> $memory\CPU.registerFile$rdmux[1][1][0]$b$3277 [8]
                                               \CPU.mem_rdata [17] -> $memory\CPU.registerFile$rdmux[1][1][0]$b$3277 [7]
                                               \CPU.mem_rdata [17] -> $memory\CPU.registerFile$rdmux[1][1][0]$b$3277 [6]
                                               \CPU.mem_rdata [17] -> $memory\CPU.registerFile$rdmux[1][1][0]$b$3277 [5]
                                               \CPU.mem_rdata [17] -> $memory\CPU.registerFile$rdmux[1][1][0]$b$3277 [4]
                                               \CPU.mem_rdata [17] -> $memory\CPU.registerFile$rdmux[1][1][0]$b$3277 [3]
                                               \CPU.mem_rdata [17] -> $memory\CPU.registerFile$rdmux[1][1][0]$b$3277 [2]
                                               \CPU.mem_rdata [17] -> $memory\CPU.registerFile$rdmux[1][1][0]$b$3277 [1]
                                               \CPU.mem_rdata [17] -> $memory\CPU.registerFile$rdmux[1][1][0]$b$3277 [0]
                                               \CPU.mem_rdata [17] -> $memory\CPU.registerFile$rdmux[1][1][1]$b$3280 [31]
                                               \CPU.mem_rdata [17] -> $memory\CPU.registerFile$rdmux[1][1][1]$a$3279 [31]
                                               \CPU.mem_rdata [17] -> $memory\CPU.registerFile$rdmux[1][1][1]$b$3280 [30]
                                               \CPU.mem_rdata [17] -> $memory\CPU.registerFile$rdmux[1][1][1]$a$3279 [30]
                                               \CPU.mem_rdata [17] -> $memory\CPU.registerFile$rdmux[1][1][1]$b$3280 [29]
                                               \CPU.mem_rdata [17] -> $memory\CPU.registerFile$rdmux[1][1][1]$a$3279 [29]
                                               \CPU.mem_rdata [17] -> $memory\CPU.registerFile$rdmux[1][1][1]$b$3280 [28]
                                               \CPU.mem_rdata [17] -> $memory\CPU.registerFile$rdmux[1][1][1]$a$3279 [28]
                                               \CPU.mem_rdata [17] -> $memory\CPU.registerFile$rdmux[1][1][1]$b$3280 [27]
                                               \CPU.mem_rdata [17] -> $memory\CPU.registerFile$rdmux[1][1][1]$a$3279 [27]
                                               \CPU.mem_rdata [17] -> $memory\CPU.registerFile$rdmux[1][1][1]$b$3280 [26]
                                               \CPU.mem_rdata [17] -> $memory\CPU.registerFile$rdmux[1][1][1]$a$3279 [26]
                                               \CPU.mem_rdata [17] -> $memory\CPU.registerFile$rdmux[1][1][1]$b$3280 [25]
                                               \CPU.mem_rdata [17] -> $memory\CPU.registerFile$rdmux[1][1][1]$a$3279 [25]
                                               \CPU.mem_rdata [17] -> $memory\CPU.registerFile$rdmux[1][1][1]$b$3280 [24]
                                               \CPU.mem_rdata [17] -> $memory\CPU.registerFile$rdmux[1][1][1]$a$3279 [24]
                                               \CPU.mem_rdata [17] -> $memory\CPU.registerFile$rdmux[1][1][1]$b$3280 [23]
                                               \CPU.mem_rdata [17] -> $memory\CPU.registerFile$rdmux[1][1][1]$a$3279 [23]
                                               \CPU.mem_rdata [17] -> $memory\CPU.registerFile$rdmux[1][1][1]$b$3280 [22]
                                               \CPU.mem_rdata [17] -> $memory\CPU.registerFile$rdmux[1][1][1]$a$3279 [22]
                                               \CPU.mem_rdata [17] -> $memory\CPU.registerFile$rdmux[1][1][1]$b$3280 [21]
                                               \CPU.mem_rdata [17] -> $memory\CPU.registerFile$rdmux[1][1][1]$a$3279 [21]
                                               \CPU.mem_rdata [17] -> $memory\CPU.registerFile$rdmux[1][1][1]$b$3280 [20]
                                               \CPU.mem_rdata [17] -> $memory\CPU.registerFile$rdmux[1][1][1]$a$3279 [20]
                                               \CPU.mem_rdata [17] -> $memory\CPU.registerFile$rdmux[1][1][1]$b$3280 [19]
                                               \CPU.mem_rdata [17] -> $memory\CPU.registerFile$rdmux[1][1][1]$a$3279 [19]
                                               \CPU.mem_rdata [17] -> $memory\CPU.registerFile$rdmux[1][1][1]$b$3280 [18]
                                               \CPU.mem_rdata [17] -> $memory\CPU.registerFile$rdmux[1][1][1]$a$3279 [18]
                                               \CPU.mem_rdata [17] -> $memory\CPU.registerFile$rdmux[1][1][1]$b$3280 [17]
                                               \CPU.mem_rdata [17] -> $memory\CPU.registerFile$rdmux[1][1][1]$a$3279 [17]
                                               \CPU.mem_rdata [17] -> $memory\CPU.registerFile$rdmux[1][1][1]$b$3280 [16]
                                               \CPU.mem_rdata [17] -> $memory\CPU.registerFile$rdmux[1][1][1]$a$3279 [16]
                                               \CPU.mem_rdata [17] -> $memory\CPU.registerFile$rdmux[1][1][1]$b$3280 [15]
                                               \CPU.mem_rdata [17] -> $memory\CPU.registerFile$rdmux[1][1][1]$a$3279 [15]
                                               \CPU.mem_rdata [17] -> $memory\CPU.registerFile$rdmux[1][1][1]$b$3280 [14]
                                               \CPU.mem_rdata [17] -> $memory\CPU.registerFile$rdmux[1][1][1]$a$3279 [14]
                                               \CPU.mem_rdata [17] -> $memory\CPU.registerFile$rdmux[1][1][1]$b$3280 [13]
                                               \CPU.mem_rdata [17] -> $memory\CPU.registerFile$rdmux[1][1][1]$a$3279 [13]
                                               \CPU.mem_rdata [17] -> $memory\CPU.registerFile$rdmux[1][1][1]$b$3280 [12]
                                               \CPU.mem_rdata [17] -> $memory\CPU.registerFile$rdmux[1][1][1]$a$3279 [12]
                                               \CPU.mem_rdata [17] -> $memory\CPU.registerFile$rdmux[1][1][1]$b$3280 [11]
                                               \CPU.mem_rdata [17] -> $memory\CPU.registerFile$rdmux[1][1][1]$a$3279 [11]
                                               \CPU.mem_rdata [17] -> $memory\CPU.registerFile$rdmux[1][1][1]$b$3280 [10]
                                               \CPU.mem_rdata [17] -> $memory\CPU.registerFile$rdmux[1][1][1]$a$3279 [10]
                                               \CPU.mem_rdata [17] -> $memory\CPU.registerFile$rdmux[1][1][1]$b$3280 [9]
                                               \CPU.mem_rdata [17] -> $memory\CPU.registerFile$rdmux[1][1][1]$a$3279 [9]
                                               \CPU.mem_rdata [17] -> $memory\CPU.registerFile$rdmux[1][1][1]$b$3280 [8]
                                               \CPU.mem_rdata [17] -> $memory\CPU.registerFile$rdmux[1][1][1]$a$3279 [8]
                                               \CPU.mem_rdata [17] -> $memory\CPU.registerFile$rdmux[1][1][1]$b$3280 [7]
                                               \CPU.mem_rdata [17] -> $memory\CPU.registerFile$rdmux[1][1][1]$a$3279 [7]
                                               \CPU.mem_rdata [17] -> $memory\CPU.registerFile$rdmux[1][1][1]$b$3280 [6]
                                               \CPU.mem_rdata [17] -> $memory\CPU.registerFile$rdmux[1][1][1]$a$3279 [6]
                                               \CPU.mem_rdata [17] -> $memory\CPU.registerFile$rdmux[1][1][1]$b$3280 [5]
                                               \CPU.mem_rdata [17] -> $memory\CPU.registerFile$rdmux[1][1][1]$a$3279 [5]
                                               \CPU.mem_rdata [17] -> $memory\CPU.registerFile$rdmux[1][1][1]$b$3280 [4]
                                               \CPU.mem_rdata [17] -> $memory\CPU.registerFile$rdmux[1][1][1]$a$3279 [4]
                                               \CPU.mem_rdata [17] -> $memory\CPU.registerFile$rdmux[1][1][1]$b$3280 [3]
                                               \CPU.mem_rdata [17] -> $memory\CPU.registerFile$rdmux[1][1][1]$a$3279 [3]
                                               \CPU.mem_rdata [17] -> $memory\CPU.registerFile$rdmux[1][1][1]$b$3280 [2]
                                               \CPU.mem_rdata [17] -> $memory\CPU.registerFile$rdmux[1][1][1]$a$3279 [2]
                                               \CPU.mem_rdata [17] -> $memory\CPU.registerFile$rdmux[1][1][1]$b$3280 [1]
                                               \CPU.mem_rdata [17] -> $memory\CPU.registerFile$rdmux[1][1][1]$a$3279 [1]
                                               \CPU.mem_rdata [17] -> $memory\CPU.registerFile$rdmux[1][1][1]$b$3280 [0]
                                               \CPU.mem_rdata [17] -> $memory\CPU.registerFile$rdmux[1][1][1]$a$3279 [0]
Breaking loop using new signal $abcloop$22160: \CPU.mem_rdata [18] -> $flatten\CPU.$ternary$cores/cpu/femtorv32_quark.v:258$417_Y [18]
                                               \CPU.mem_rdata [18] -> \CPU.LOAD_halfword [2]
                                               \CPU.mem_rdata [18] -> $memory\CPU.registerFile$rdmux[1][0][0]$a$3273 [31]
                                               \CPU.mem_rdata [18] -> $memory\CPU.registerFile$rdmux[1][0][0]$a$3273 [30]
                                               \CPU.mem_rdata [18] -> $memory\CPU.registerFile$rdmux[1][0][0]$a$3273 [29]
                                               \CPU.mem_rdata [18] -> $memory\CPU.registerFile$rdmux[1][0][0]$a$3273 [28]
                                               \CPU.mem_rdata [18] -> $memory\CPU.registerFile$rdmux[1][0][0]$a$3273 [27]
                                               \CPU.mem_rdata [18] -> $memory\CPU.registerFile$rdmux[1][0][0]$a$3273 [26]
                                               \CPU.mem_rdata [18] -> $memory\CPU.registerFile$rdmux[1][0][0]$a$3273 [25]
                                               \CPU.mem_rdata [18] -> $memory\CPU.registerFile$rdmux[1][0][0]$a$3273 [24]
                                               \CPU.mem_rdata [18] -> $memory\CPU.registerFile$rdmux[1][0][0]$a$3273 [23]
                                               \CPU.mem_rdata [18] -> $memory\CPU.registerFile$rdmux[1][0][0]$a$3273 [22]
                                               \CPU.mem_rdata [18] -> $memory\CPU.registerFile$rdmux[1][0][0]$a$3273 [21]
                                               \CPU.mem_rdata [18] -> $memory\CPU.registerFile$rdmux[1][0][0]$a$3273 [20]
                                               \CPU.mem_rdata [18] -> $memory\CPU.registerFile$rdmux[1][0][0]$a$3273 [19]
                                               \CPU.mem_rdata [18] -> $memory\CPU.registerFile$rdmux[1][0][0]$a$3273 [18]
                                               \CPU.mem_rdata [18] -> $memory\CPU.registerFile$rdmux[1][0][0]$a$3273 [17]
                                               \CPU.mem_rdata [18] -> $memory\CPU.registerFile$rdmux[1][0][0]$a$3273 [16]
                                               \CPU.mem_rdata [18] -> $memory\CPU.registerFile$rdmux[1][0][0]$a$3273 [15]
                                               \CPU.mem_rdata [18] -> $memory\CPU.registerFile$rdmux[1][0][0]$a$3273 [14]
                                               \CPU.mem_rdata [18] -> $memory\CPU.registerFile$rdmux[1][0][0]$a$3273 [13]
                                               \CPU.mem_rdata [18] -> $memory\CPU.registerFile$rdmux[1][0][0]$a$3273 [12]
                                               \CPU.mem_rdata [18] -> $memory\CPU.registerFile$rdmux[1][0][0]$a$3273 [11]
                                               \CPU.mem_rdata [18] -> $memory\CPU.registerFile$rdmux[1][0][0]$a$3273 [10]
                                               \CPU.mem_rdata [18] -> $memory\CPU.registerFile$rdmux[1][0][0]$a$3273 [9]
                                               \CPU.mem_rdata [18] -> $memory\CPU.registerFile$rdmux[1][0][0]$a$3273 [8]
                                               \CPU.mem_rdata [18] -> $memory\CPU.registerFile$rdmux[1][0][0]$a$3273 [7]
                                               \CPU.mem_rdata [18] -> $memory\CPU.registerFile$rdmux[1][0][0]$a$3273 [6]
                                               \CPU.mem_rdata [18] -> $memory\CPU.registerFile$rdmux[1][0][0]$a$3273 [5]
                                               \CPU.mem_rdata [18] -> $memory\CPU.registerFile$rdmux[1][0][0]$a$3273 [4]
                                               \CPU.mem_rdata [18] -> $memory\CPU.registerFile$rdmux[1][0][0]$a$3273 [3]
                                               \CPU.mem_rdata [18] -> $memory\CPU.registerFile$rdmux[1][0][0]$a$3273 [2]
                                               \CPU.mem_rdata [18] -> $memory\CPU.registerFile$rdmux[1][0][0]$a$3273 [1]
                                               \CPU.mem_rdata [18] -> $memory\CPU.registerFile$rdmux[1][0][0]$a$3273 [0]
                                               \CPU.mem_rdata [18] -> $memory\CPU.registerFile$rdmux[1][0][0]$b$3274 [31]
                                               \CPU.mem_rdata [18] -> $memory\CPU.registerFile$rdmux[1][0][0]$b$3274 [30]
                                               \CPU.mem_rdata [18] -> $memory\CPU.registerFile$rdmux[1][0][0]$b$3274 [29]
                                               \CPU.mem_rdata [18] -> $memory\CPU.registerFile$rdmux[1][0][0]$b$3274 [28]
                                               \CPU.mem_rdata [18] -> $memory\CPU.registerFile$rdmux[1][0][0]$b$3274 [27]
                                               \CPU.mem_rdata [18] -> $memory\CPU.registerFile$rdmux[1][0][0]$b$3274 [26]
                                               \CPU.mem_rdata [18] -> $memory\CPU.registerFile$rdmux[1][0][0]$b$3274 [25]
                                               \CPU.mem_rdata [18] -> $memory\CPU.registerFile$rdmux[1][0][0]$b$3274 [24]
                                               \CPU.mem_rdata [18] -> $memory\CPU.registerFile$rdmux[1][0][0]$b$3274 [23]
                                               \CPU.mem_rdata [18] -> $memory\CPU.registerFile$rdmux[1][0][0]$b$3274 [22]
                                               \CPU.mem_rdata [18] -> $memory\CPU.registerFile$rdmux[1][0][0]$b$3274 [21]
                                               \CPU.mem_rdata [18] -> $memory\CPU.registerFile$rdmux[1][0][0]$b$3274 [20]
                                               \CPU.mem_rdata [18] -> $memory\CPU.registerFile$rdmux[1][0][0]$b$3274 [19]
                                               \CPU.mem_rdata [18] -> $memory\CPU.registerFile$rdmux[1][0][0]$b$3274 [18]
                                               \CPU.mem_rdata [18] -> $memory\CPU.registerFile$rdmux[1][0][0]$b$3274 [17]
                                               \CPU.mem_rdata [18] -> $memory\CPU.registerFile$rdmux[1][0][0]$b$3274 [16]
                                               \CPU.mem_rdata [18] -> $memory\CPU.registerFile$rdmux[1][0][0]$b$3274 [15]
                                               \CPU.mem_rdata [18] -> $memory\CPU.registerFile$rdmux[1][0][0]$b$3274 [14]
                                               \CPU.mem_rdata [18] -> $memory\CPU.registerFile$rdmux[1][0][0]$b$3274 [13]
                                               \CPU.mem_rdata [18] -> $memory\CPU.registerFile$rdmux[1][0][0]$b$3274 [12]
                                               \CPU.mem_rdata [18] -> $memory\CPU.registerFile$rdmux[1][0][0]$b$3274 [11]
                                               \CPU.mem_rdata [18] -> $memory\CPU.registerFile$rdmux[1][0][0]$b$3274 [10]
                                               \CPU.mem_rdata [18] -> $memory\CPU.registerFile$rdmux[1][0][0]$b$3274 [9]
                                               \CPU.mem_rdata [18] -> $memory\CPU.registerFile$rdmux[1][0][0]$b$3274 [8]
                                               \CPU.mem_rdata [18] -> $memory\CPU.registerFile$rdmux[1][0][0]$b$3274 [7]
                                               \CPU.mem_rdata [18] -> $memory\CPU.registerFile$rdmux[1][0][0]$b$3274 [6]
                                               \CPU.mem_rdata [18] -> $memory\CPU.registerFile$rdmux[1][0][0]$b$3274 [5]
                                               \CPU.mem_rdata [18] -> $memory\CPU.registerFile$rdmux[1][0][0]$b$3274 [4]
                                               \CPU.mem_rdata [18] -> $memory\CPU.registerFile$rdmux[1][0][0]$b$3274 [3]
                                               \CPU.mem_rdata [18] -> $memory\CPU.registerFile$rdmux[1][0][0]$b$3274 [2]
                                               \CPU.mem_rdata [18] -> $memory\CPU.registerFile$rdmux[1][0][0]$b$3274 [1]
                                               \CPU.mem_rdata [18] -> $memory\CPU.registerFile$rdmux[1][0][0]$b$3274 [0]
Breaking loop using new signal $abcloop$22161: \CPU.mem_rdata [23] -> $memory\CPU.registerFile$rdmux[0][0][0]$a$3177 [31]
                                               \CPU.mem_rdata [23] -> $memory\CPU.registerFile$rdmux[0][0][0]$a$3177 [30]
                                               \CPU.mem_rdata [23] -> $memory\CPU.registerFile$rdmux[0][0][0]$a$3177 [29]
                                               \CPU.mem_rdata [23] -> $memory\CPU.registerFile$rdmux[0][0][0]$a$3177 [28]
                                               \CPU.mem_rdata [23] -> $memory\CPU.registerFile$rdmux[0][0][0]$a$3177 [27]
                                               \CPU.mem_rdata [23] -> $memory\CPU.registerFile$rdmux[0][0][0]$a$3177 [26]
                                               \CPU.mem_rdata [23] -> $memory\CPU.registerFile$rdmux[0][0][0]$a$3177 [25]
                                               \CPU.mem_rdata [23] -> $memory\CPU.registerFile$rdmux[0][0][0]$a$3177 [24]
                                               \CPU.mem_rdata [23] -> $memory\CPU.registerFile$rdmux[0][0][0]$a$3177 [23]
                                               \CPU.mem_rdata [23] -> $memory\CPU.registerFile$rdmux[0][0][0]$a$3177 [22]
                                               \CPU.mem_rdata [23] -> $memory\CPU.registerFile$rdmux[0][0][0]$a$3177 [21]
                                               \CPU.mem_rdata [23] -> $memory\CPU.registerFile$rdmux[0][0][0]$a$3177 [20]
                                               \CPU.mem_rdata [23] -> $memory\CPU.registerFile$rdmux[0][0][0]$a$3177 [19]
                                               \CPU.mem_rdata [23] -> $memory\CPU.registerFile$rdmux[0][0][0]$a$3177 [18]
                                               \CPU.mem_rdata [23] -> $memory\CPU.registerFile$rdmux[0][0][0]$a$3177 [17]
                                               \CPU.mem_rdata [23] -> $memory\CPU.registerFile$rdmux[0][0][0]$a$3177 [16]
                                               \CPU.mem_rdata [23] -> $memory\CPU.registerFile$rdmux[0][0][0]$a$3177 [15]
                                               \CPU.mem_rdata [23] -> $memory\CPU.registerFile$rdmux[0][0][0]$a$3177 [14]
                                               \CPU.mem_rdata [23] -> $memory\CPU.registerFile$rdmux[0][0][0]$a$3177 [13]
                                               \CPU.mem_rdata [23] -> $memory\CPU.registerFile$rdmux[0][0][0]$a$3177 [12]
                                               \CPU.mem_rdata [23] -> $memory\CPU.registerFile$rdmux[0][0][0]$a$3177 [11]
                                               \CPU.mem_rdata [23] -> $memory\CPU.registerFile$rdmux[0][0][0]$a$3177 [10]
                                               \CPU.mem_rdata [23] -> $memory\CPU.registerFile$rdmux[0][0][0]$a$3177 [9]
                                               \CPU.mem_rdata [23] -> $memory\CPU.registerFile$rdmux[0][0][0]$a$3177 [8]
                                               \CPU.mem_rdata [23] -> $memory\CPU.registerFile$rdmux[0][0][0]$a$3177 [7]
                                               \CPU.mem_rdata [23] -> $memory\CPU.registerFile$rdmux[0][0][0]$a$3177 [6]
                                               \CPU.mem_rdata [23] -> $memory\CPU.registerFile$rdmux[0][0][0]$a$3177 [5]
                                               \CPU.mem_rdata [23] -> $memory\CPU.registerFile$rdmux[0][0][0]$a$3177 [4]
                                               \CPU.mem_rdata [23] -> $memory\CPU.registerFile$rdmux[0][0][0]$a$3177 [3]
                                               \CPU.mem_rdata [23] -> $memory\CPU.registerFile$rdmux[0][0][0]$a$3177 [2]
                                               \CPU.mem_rdata [23] -> $memory\CPU.registerFile$rdmux[0][0][0]$a$3177 [1]
                                               \CPU.mem_rdata [23] -> $memory\CPU.registerFile$rdmux[0][0][0]$a$3177 [0]
                                               \CPU.mem_rdata [23] -> $memory\CPU.registerFile$rdmux[0][0][0]$b$3178 [31]
                                               \CPU.mem_rdata [23] -> $memory\CPU.registerFile$rdmux[0][0][0]$b$3178 [30]
                                               \CPU.mem_rdata [23] -> $memory\CPU.registerFile$rdmux[0][0][0]$b$3178 [29]
                                               \CPU.mem_rdata [23] -> $memory\CPU.registerFile$rdmux[0][0][0]$b$3178 [28]
                                               \CPU.mem_rdata [23] -> $memory\CPU.registerFile$rdmux[0][0][0]$b$3178 [27]
                                               \CPU.mem_rdata [23] -> $memory\CPU.registerFile$rdmux[0][0][0]$b$3178 [26]
                                               \CPU.mem_rdata [23] -> $memory\CPU.registerFile$rdmux[0][0][0]$b$3178 [25]
                                               \CPU.mem_rdata [23] -> $memory\CPU.registerFile$rdmux[0][0][0]$b$3178 [24]
                                               \CPU.mem_rdata [23] -> $memory\CPU.registerFile$rdmux[0][0][0]$b$3178 [23]
                                               \CPU.mem_rdata [23] -> $memory\CPU.registerFile$rdmux[0][0][0]$b$3178 [22]
                                               \CPU.mem_rdata [23] -> $memory\CPU.registerFile$rdmux[0][0][0]$b$3178 [21]
                                               \CPU.mem_rdata [23] -> $memory\CPU.registerFile$rdmux[0][0][0]$b$3178 [20]
                                               \CPU.mem_rdata [23] -> $memory\CPU.registerFile$rdmux[0][0][0]$b$3178 [19]
                                               \CPU.mem_rdata [23] -> $memory\CPU.registerFile$rdmux[0][0][0]$b$3178 [18]
                                               \CPU.mem_rdata [23] -> $memory\CPU.registerFile$rdmux[0][0][0]$b$3178 [17]
                                               \CPU.mem_rdata [23] -> $memory\CPU.registerFile$rdmux[0][0][0]$b$3178 [16]
                                               \CPU.mem_rdata [23] -> $memory\CPU.registerFile$rdmux[0][0][0]$b$3178 [15]
                                               \CPU.mem_rdata [23] -> $memory\CPU.registerFile$rdmux[0][0][0]$b$3178 [14]
                                               \CPU.mem_rdata [23] -> $memory\CPU.registerFile$rdmux[0][0][0]$b$3178 [13]
                                               \CPU.mem_rdata [23] -> $memory\CPU.registerFile$rdmux[0][0][0]$b$3178 [12]
                                               \CPU.mem_rdata [23] -> $memory\CPU.registerFile$rdmux[0][0][0]$b$3178 [11]
                                               \CPU.mem_rdata [23] -> $memory\CPU.registerFile$rdmux[0][0][0]$b$3178 [10]
                                               \CPU.mem_rdata [23] -> $memory\CPU.registerFile$rdmux[0][0][0]$b$3178 [9]
                                               \CPU.mem_rdata [23] -> $memory\CPU.registerFile$rdmux[0][0][0]$b$3178 [8]
                                               \CPU.mem_rdata [23] -> $memory\CPU.registerFile$rdmux[0][0][0]$b$3178 [7]
                                               \CPU.mem_rdata [23] -> $memory\CPU.registerFile$rdmux[0][0][0]$b$3178 [6]
                                               \CPU.mem_rdata [23] -> $memory\CPU.registerFile$rdmux[0][0][0]$b$3178 [5]
                                               \CPU.mem_rdata [23] -> $memory\CPU.registerFile$rdmux[0][0][0]$b$3178 [4]
                                               \CPU.mem_rdata [23] -> $memory\CPU.registerFile$rdmux[0][0][0]$b$3178 [3]
                                               \CPU.mem_rdata [23] -> $memory\CPU.registerFile$rdmux[0][0][0]$b$3178 [2]
                                               \CPU.mem_rdata [23] -> $memory\CPU.registerFile$rdmux[0][0][0]$b$3178 [1]
                                               \CPU.mem_rdata [23] -> $memory\CPU.registerFile$rdmux[0][0][0]$b$3178 [0]
                                               \CPU.mem_rdata [23] -> $flatten\CPU.$ternary$cores/cpu/femtorv32_quark.v:258$417_Y [23]
                                               \CPU.mem_rdata [23] -> \CPU.LOAD_halfword [7]
Breaking loop using new signal $abcloop$22162: \CPU.LOAD_sign -> \CPU.LOAD_data [31]
                                               \CPU.LOAD_sign -> $flatten\CPU.$ternary$cores/cpu/femtorv32_quark.v:258$417_Y [31]
                                               \CPU.LOAD_sign -> \CPU.LOAD_data [30]
                                               \CPU.LOAD_sign -> $flatten\CPU.$ternary$cores/cpu/femtorv32_quark.v:258$417_Y [30]
                                               \CPU.LOAD_sign -> \CPU.LOAD_data [29]
                                               \CPU.LOAD_sign -> $flatten\CPU.$ternary$cores/cpu/femtorv32_quark.v:258$417_Y [29]
                                               \CPU.LOAD_sign -> \CPU.LOAD_data [28]
                                               \CPU.LOAD_sign -> $flatten\CPU.$ternary$cores/cpu/femtorv32_quark.v:258$417_Y [28]
                                               \CPU.LOAD_sign -> \CPU.LOAD_data [27]
                                               \CPU.LOAD_sign -> $flatten\CPU.$ternary$cores/cpu/femtorv32_quark.v:258$417_Y [27]
                                               \CPU.LOAD_sign -> \CPU.LOAD_data [26]
                                               \CPU.LOAD_sign -> $flatten\CPU.$ternary$cores/cpu/femtorv32_quark.v:258$417_Y [26]
                                               \CPU.LOAD_sign -> \CPU.LOAD_data [25]
                                               \CPU.LOAD_sign -> $flatten\CPU.$ternary$cores/cpu/femtorv32_quark.v:258$417_Y [25]
                                               \CPU.LOAD_sign -> \CPU.LOAD_data [24]
                                               \CPU.LOAD_sign -> $flatten\CPU.$ternary$cores/cpu/femtorv32_quark.v:258$417_Y [24]
                                               \CPU.LOAD_sign -> \CPU.LOAD_data [23]
                                               \CPU.LOAD_sign -> $flatten\CPU.$ternary$cores/cpu/femtorv32_quark.v:258$417_Y [23]
                                               \CPU.LOAD_sign -> \CPU.LOAD_data [22]
                                               \CPU.LOAD_sign -> $flatten\CPU.$ternary$cores/cpu/femtorv32_quark.v:258$417_Y [22]
                                               \CPU.LOAD_sign -> \CPU.LOAD_data [21]
                                               \CPU.LOAD_sign -> $flatten\CPU.$ternary$cores/cpu/femtorv32_quark.v:258$417_Y [21]
                                               \CPU.LOAD_sign -> \CPU.LOAD_data [20]
                                               \CPU.LOAD_sign -> $flatten\CPU.$ternary$cores/cpu/femtorv32_quark.v:258$417_Y [20]
                                               \CPU.LOAD_sign -> \CPU.LOAD_data [19]
                                               \CPU.LOAD_sign -> $flatten\CPU.$ternary$cores/cpu/femtorv32_quark.v:258$417_Y [19]
                                               \CPU.LOAD_sign -> \CPU.LOAD_data [18]
                                               \CPU.LOAD_sign -> $flatten\CPU.$ternary$cores/cpu/femtorv32_quark.v:258$417_Y [18]
                                               \CPU.LOAD_sign -> \CPU.LOAD_data [17]
                                               \CPU.LOAD_sign -> $flatten\CPU.$ternary$cores/cpu/femtorv32_quark.v:258$417_Y [17]
                                               \CPU.LOAD_sign -> \CPU.LOAD_data [16]
                                               \CPU.LOAD_sign -> $flatten\CPU.$ternary$cores/cpu/femtorv32_quark.v:258$417_Y [16]
                                               \CPU.LOAD_sign -> \CPU.LOAD_data [15]
                                               \CPU.LOAD_sign -> \CPU.LOAD_data [14]
                                               \CPU.LOAD_sign -> \CPU.LOAD_data [13]
                                               \CPU.LOAD_sign -> \CPU.LOAD_data [12]
                                               \CPU.LOAD_sign -> \CPU.LOAD_data [11]
                                               \CPU.LOAD_sign -> \CPU.LOAD_data [10]
                                               \CPU.LOAD_sign -> \CPU.LOAD_data [9]
                                               \CPU.LOAD_sign -> \CPU.LOAD_data [8]
Breaking loop using new signal $abcloop$22163: \CPU.mem_rdata [24] -> $\CPU.registerFile$rdreg[0]$d [31]
                                               \CPU.mem_rdata [24] -> $\CPU.registerFile$rdreg[0]$d [30]
                                               \CPU.mem_rdata [24] -> $\CPU.registerFile$rdreg[0]$d [29]
                                               \CPU.mem_rdata [24] -> $\CPU.registerFile$rdreg[0]$d [28]
                                               \CPU.mem_rdata [24] -> $\CPU.registerFile$rdreg[0]$d [27]
                                               \CPU.mem_rdata [24] -> $\CPU.registerFile$rdreg[0]$d [26]
                                               \CPU.mem_rdata [24] -> $\CPU.registerFile$rdreg[0]$d [25]
                                               \CPU.mem_rdata [24] -> $\CPU.registerFile$rdreg[0]$d [24]
                                               \CPU.mem_rdata [24] -> $\CPU.registerFile$rdreg[0]$d [23]
                                               \CPU.mem_rdata [24] -> $\CPU.registerFile$rdreg[0]$d [22]
                                               \CPU.mem_rdata [24] -> $\CPU.registerFile$rdreg[0]$d [21]
                                               \CPU.mem_rdata [24] -> $\CPU.registerFile$rdreg[0]$d [20]
                                               \CPU.mem_rdata [24] -> $\CPU.registerFile$rdreg[0]$d [19]
                                               \CPU.mem_rdata [24] -> $\CPU.registerFile$rdreg[0]$d [18]
                                               \CPU.mem_rdata [24] -> $\CPU.registerFile$rdreg[0]$d [17]
                                               \CPU.mem_rdata [24] -> $\CPU.registerFile$rdreg[0]$d [16]
                                               \CPU.mem_rdata [24] -> $\CPU.registerFile$rdreg[0]$d [15]
                                               \CPU.mem_rdata [24] -> $\CPU.registerFile$rdreg[0]$d [14]
                                               \CPU.mem_rdata [24] -> $\CPU.registerFile$rdreg[0]$d [13]
                                               \CPU.mem_rdata [24] -> $\CPU.registerFile$rdreg[0]$d [12]
                                               \CPU.mem_rdata [24] -> $\CPU.registerFile$rdreg[0]$d [11]
                                               \CPU.mem_rdata [24] -> $\CPU.registerFile$rdreg[0]$d [10]
                                               \CPU.mem_rdata [24] -> $\CPU.registerFile$rdreg[0]$d [9]
                                               \CPU.mem_rdata [24] -> $\CPU.registerFile$rdreg[0]$d [8]
                                               \CPU.mem_rdata [24] -> $\CPU.registerFile$rdreg[0]$d [7]
                                               \CPU.mem_rdata [24] -> $\CPU.registerFile$rdreg[0]$d [6]
                                               \CPU.mem_rdata [24] -> $\CPU.registerFile$rdreg[0]$d [5]
                                               \CPU.mem_rdata [24] -> $\CPU.registerFile$rdreg[0]$d [4]
                                               \CPU.mem_rdata [24] -> $\CPU.registerFile$rdreg[0]$d [3]
                                               \CPU.mem_rdata [24] -> $\CPU.registerFile$rdreg[0]$d [2]
                                               \CPU.mem_rdata [24] -> $\CPU.registerFile$rdreg[0]$d [1]
                                               \CPU.mem_rdata [24] -> $\CPU.registerFile$rdreg[0]$d [0]
                                               \CPU.mem_rdata [24] -> $flatten\CPU.$ternary$cores/cpu/femtorv32_quark.v:258$417_Y [24]
                                               \CPU.mem_rdata [24] -> \CPU.LOAD_halfword [8]
Breaking loop using new signal $abcloop$22164: \CPU.mem_rdata [19] -> $\CPU.registerFile$rdreg[1]$d [31]
                                               \CPU.mem_rdata [19] -> $\CPU.registerFile$rdreg[1]$d [30]
                                               \CPU.mem_rdata [19] -> $\CPU.registerFile$rdreg[1]$d [29]
                                               \CPU.mem_rdata [19] -> $\CPU.registerFile$rdreg[1]$d [28]
                                               \CPU.mem_rdata [19] -> $\CPU.registerFile$rdreg[1]$d [27]
                                               \CPU.mem_rdata [19] -> $\CPU.registerFile$rdreg[1]$d [26]
                                               \CPU.mem_rdata [19] -> $\CPU.registerFile$rdreg[1]$d [25]
                                               \CPU.mem_rdata [19] -> $\CPU.registerFile$rdreg[1]$d [24]
                                               \CPU.mem_rdata [19] -> $\CPU.registerFile$rdreg[1]$d [23]
                                               \CPU.mem_rdata [19] -> $\CPU.registerFile$rdreg[1]$d [22]
                                               \CPU.mem_rdata [19] -> $\CPU.registerFile$rdreg[1]$d [21]
                                               \CPU.mem_rdata [19] -> $\CPU.registerFile$rdreg[1]$d [20]
                                               \CPU.mem_rdata [19] -> $\CPU.registerFile$rdreg[1]$d [19]
                                               \CPU.mem_rdata [19] -> $\CPU.registerFile$rdreg[1]$d [18]
                                               \CPU.mem_rdata [19] -> $\CPU.registerFile$rdreg[1]$d [17]
                                               \CPU.mem_rdata [19] -> $\CPU.registerFile$rdreg[1]$d [16]
                                               \CPU.mem_rdata [19] -> $\CPU.registerFile$rdreg[1]$d [15]
                                               \CPU.mem_rdata [19] -> $\CPU.registerFile$rdreg[1]$d [14]
                                               \CPU.mem_rdata [19] -> $\CPU.registerFile$rdreg[1]$d [13]
                                               \CPU.mem_rdata [19] -> $\CPU.registerFile$rdreg[1]$d [12]
                                               \CPU.mem_rdata [19] -> $\CPU.registerFile$rdreg[1]$d [11]
                                               \CPU.mem_rdata [19] -> $\CPU.registerFile$rdreg[1]$d [10]
                                               \CPU.mem_rdata [19] -> $\CPU.registerFile$rdreg[1]$d [9]
                                               \CPU.mem_rdata [19] -> $\CPU.registerFile$rdreg[1]$d [8]
                                               \CPU.mem_rdata [19] -> $\CPU.registerFile$rdreg[1]$d [7]
                                               \CPU.mem_rdata [19] -> $\CPU.registerFile$rdreg[1]$d [6]
                                               \CPU.mem_rdata [19] -> $\CPU.registerFile$rdreg[1]$d [5]
                                               \CPU.mem_rdata [19] -> $\CPU.registerFile$rdreg[1]$d [4]
                                               \CPU.mem_rdata [19] -> $\CPU.registerFile$rdreg[1]$d [3]
                                               \CPU.mem_rdata [19] -> $\CPU.registerFile$rdreg[1]$d [2]
                                               \CPU.mem_rdata [19] -> $\CPU.registerFile$rdreg[1]$d [1]
                                               \CPU.mem_rdata [19] -> $\CPU.registerFile$rdreg[1]$d [0]
                                               \CPU.mem_rdata [19] -> $flatten\CPU.$ternary$cores/cpu/femtorv32_quark.v:258$417_Y [19]
                                               \CPU.mem_rdata [19] -> \CPU.LOAD_halfword [3]
Breaking loop using new signal $abcloop$22165: \CPU.LOAD_halfword [15] -> $flatten\CPU.$ternary$cores/cpu/femtorv32_quark.v:254$415_Y
                                               \CPU.LOAD_halfword [15] -> $flatten\CPU.$ternary$cores/cpu/femtorv32_quark.v:258$417_Y [15]
                                               \CPU.LOAD_halfword [15] -> \CPU.LOAD_byte [7]
Breaking loop using new signal $abcloop$22166: \CPU.LOAD_byte [7] -> $flatten\CPU.$ternary$cores/cpu/femtorv32_quark.v:254$415_Y
                                               \CPU.LOAD_byte [7] -> \CPU.LOAD_data [7]
Breaking loop using new signal $abcloop$22167: \CPU.LOAD_halfword [1] -> $flatten\CPU.$ternary$cores/cpu/femtorv32_quark.v:258$417_Y [1]
                                               \CPU.LOAD_halfword [1] -> \CPU.LOAD_byte [1]
Breaking loop using new signal $abcloop$22168: \CPU.LOAD_halfword [6] -> $flatten\CPU.$ternary$cores/cpu/femtorv32_quark.v:258$417_Y [6]
                                               \CPU.LOAD_halfword [6] -> \CPU.LOAD_byte [6]
Breaking loop using new signal $abcloop$22169: \CPU.LOAD_halfword [14] -> $flatten\CPU.$ternary$cores/cpu/femtorv32_quark.v:258$417_Y [14]
                                               \CPU.LOAD_halfword [14] -> \CPU.LOAD_byte [6]
Breaking loop using new signal $abcloop$22170: \CPU.LOAD_halfword [10] -> $flatten\CPU.$ternary$cores/cpu/femtorv32_quark.v:258$417_Y [10]
                                               \CPU.LOAD_halfword [10] -> \CPU.LOAD_byte [2]
Breaking loop using new signal $abcloop$22171: \CPU.LOAD_halfword [12] -> $flatten\CPU.$ternary$cores/cpu/femtorv32_quark.v:258$417_Y [12]
                                               \CPU.LOAD_halfword [12] -> \CPU.LOAD_byte [4]
Breaking loop using new signal $abcloop$22172: \CPU.LOAD_halfword [8] -> $flatten\CPU.$ternary$cores/cpu/femtorv32_quark.v:258$417_Y [8]
                                               \CPU.LOAD_halfword [8] -> \CPU.LOAD_byte [0]
Breaking loop using new signal $abcloop$22173: \CPU.LOAD_halfword [9] -> $flatten\CPU.$ternary$cores/cpu/femtorv32_quark.v:258$417_Y [9]
                                               \CPU.LOAD_halfword [9] -> \CPU.LOAD_byte [1]
Breaking loop using new signal $abcloop$22174: \CPU.LOAD_halfword [13] -> $flatten\CPU.$ternary$cores/cpu/femtorv32_quark.v:258$417_Y [13]
                                               \CPU.LOAD_halfword [13] -> \CPU.LOAD_byte [5]
Breaking loop using new signal $abcloop$22175: \CPU.LOAD_halfword [0] -> $flatten\CPU.$ternary$cores/cpu/femtorv32_quark.v:258$417_Y [0]
                                               \CPU.LOAD_halfword [0] -> \CPU.LOAD_byte [0]
Breaking loop using new signal $abcloop$22176: \CPU.LOAD_halfword [7] -> $flatten\CPU.$ternary$cores/cpu/femtorv32_quark.v:258$417_Y [7]
                                               \CPU.LOAD_halfword [7] -> \CPU.LOAD_byte [7]
Breaking loop using new signal $abcloop$22177: \CPU.LOAD_halfword [2] -> $flatten\CPU.$ternary$cores/cpu/femtorv32_quark.v:258$417_Y [2]
                                               \CPU.LOAD_halfword [2] -> \CPU.LOAD_byte [2]
Breaking loop using new signal $abcloop$22178: \CPU.LOAD_halfword [3] -> $flatten\CPU.$ternary$cores/cpu/femtorv32_quark.v:258$417_Y [3]
                                               \CPU.LOAD_halfword [3] -> \CPU.LOAD_byte [3]
Breaking loop using new signal $abcloop$22179: \CPU.LOAD_halfword [11] -> $flatten\CPU.$ternary$cores/cpu/femtorv32_quark.v:258$417_Y [11]
                                               \CPU.LOAD_halfword [11] -> \CPU.LOAD_byte [3]
Breaking loop using new signal $abcloop$22180: \CPU.LOAD_halfword [4] -> $flatten\CPU.$ternary$cores/cpu/femtorv32_quark.v:258$417_Y [4]
                                               \CPU.LOAD_halfword [4] -> \CPU.LOAD_byte [4]
Breaking loop using new signal $abcloop$22181: \CPU.LOAD_halfword [5] -> $flatten\CPU.$ternary$cores/cpu/femtorv32_quark.v:258$417_Y [5]
                                               \CPU.LOAD_halfword [5] -> \CPU.LOAD_byte [5]
Breaking loop using new signal $abcloop$22182: \CPU.mem_rdata [26] -> $flatten\CPU.$ternary$cores/cpu/femtorv32_quark.v:258$417_Y [26]
                                               \CPU.mem_rdata [26] -> \CPU.LOAD_halfword [10]
Breaking loop using new signal $abcloop$22183: \CPU.mem_rdata [31] -> $flatten\CPU.$ternary$cores/cpu/femtorv32_quark.v:258$417_Y [31]
                                               \CPU.mem_rdata [31] -> \CPU.LOAD_halfword [15]
Breaking loop using new signal $abcloop$22184: \CPU.mem_rdata [2] -> $flatten\CPU.$ternary$cores/cpu/femtorv32_quark.v:258$417_Y [2]
                                               \CPU.mem_rdata [2] -> \CPU.LOAD_halfword [2]
Breaking loop using new signal $abcloop$22185: \CPU.mem_rdata [1] -> $flatten\CPU.$ternary$cores/cpu/femtorv32_quark.v:258$417_Y [1]
                                               \CPU.mem_rdata [1] -> \CPU.LOAD_halfword [1]
Breaking loop using new signal $abcloop$22186: \CPU.mem_rdata [10] -> $flatten\CPU.$ternary$cores/cpu/femtorv32_quark.v:258$417_Y [10]
                                               \CPU.mem_rdata [10] -> \CPU.LOAD_halfword [10]
Breaking loop using new signal $abcloop$22187: \CPU.mem_rdata [9] -> $flatten\CPU.$ternary$cores/cpu/femtorv32_quark.v:258$417_Y [9]
                                               \CPU.mem_rdata [9] -> \CPU.LOAD_halfword [9]
Breaking loop using new signal $abcloop$22188: \CPU.mem_rdata [29] -> $flatten\CPU.$ternary$cores/cpu/femtorv32_quark.v:258$417_Y [29]
                                               \CPU.mem_rdata [29] -> \CPU.LOAD_halfword [13]
Breaking loop using new signal $abcloop$22189: \CPU.mem_rdata [8] -> $flatten\CPU.$ternary$cores/cpu/femtorv32_quark.v:258$417_Y [8]
                                               \CPU.mem_rdata [8] -> \CPU.LOAD_halfword [8]
Breaking loop using new signal $abcloop$22190: \CPU.mem_rdata [7] -> $flatten\CPU.$ternary$cores/cpu/femtorv32_quark.v:258$417_Y [7]
                                               \CPU.mem_rdata [7] -> \CPU.LOAD_halfword [7]
Breaking loop using new signal $abcloop$22191: \CPU.mem_rdata [13] -> $flatten\CPU.$ternary$cores/cpu/femtorv32_quark.v:258$417_Y [13]
                                               \CPU.mem_rdata [13] -> \CPU.LOAD_halfword [13]
Breaking loop using new signal $abcloop$22192: \CPU.mem_rdata [28] -> $flatten\CPU.$ternary$cores/cpu/femtorv32_quark.v:258$417_Y [28]
                                               \CPU.mem_rdata [28] -> \CPU.LOAD_halfword [12]
Breaking loop using new signal $abcloop$22193: \CPU.mem_rdata [3] -> $flatten\CPU.$ternary$cores/cpu/femtorv32_quark.v:258$417_Y [3]
                                               \CPU.mem_rdata [3] -> \CPU.LOAD_halfword [3]
Breaking loop using new signal $abcloop$22194: \CPU.mem_rdata [11] -> $flatten\CPU.$ternary$cores/cpu/femtorv32_quark.v:258$417_Y [11]
                                               \CPU.mem_rdata [11] -> \CPU.LOAD_halfword [11]
Breaking loop using new signal $abcloop$22195: \CPU.mem_rdata [27] -> $flatten\CPU.$ternary$cores/cpu/femtorv32_quark.v:258$417_Y [27]
                                               \CPU.mem_rdata [27] -> \CPU.LOAD_halfword [11]
Breaking loop using new signal $abcloop$22196: \CPU.mem_rdata [0] -> $flatten\CPU.$ternary$cores/cpu/femtorv32_quark.v:258$417_Y [0]
                                               \CPU.mem_rdata [0] -> \CPU.LOAD_halfword [0]
Breaking loop using new signal $abcloop$22197: \CPU.mem_rdata [4] -> $flatten\CPU.$ternary$cores/cpu/femtorv32_quark.v:258$417_Y [4]
                                               \CPU.mem_rdata [4] -> \CPU.LOAD_halfword [4]
Breaking loop using new signal $abcloop$22198: \CPU.mem_rdata [12] -> $flatten\CPU.$ternary$cores/cpu/femtorv32_quark.v:258$417_Y [12]
                                               \CPU.mem_rdata [12] -> \CPU.LOAD_halfword [12]
Breaking loop using new signal $abcloop$22199: \CPU.mem_rdata [25] -> $flatten\CPU.$ternary$cores/cpu/femtorv32_quark.v:258$417_Y [25]
                                               \CPU.mem_rdata [25] -> \CPU.LOAD_halfword [9]
Breaking loop using new signal $abcloop$22200: \CPU.mem_rdata [30] -> $flatten\CPU.$ternary$cores/cpu/femtorv32_quark.v:258$417_Y [30]
                                               \CPU.mem_rdata [30] -> \CPU.LOAD_halfword [14]
Breaking loop using new signal $abcloop$22201: \CPU.mem_rdata [6] -> $flatten\CPU.$ternary$cores/cpu/femtorv32_quark.v:258$417_Y [6]
                                               \CPU.mem_rdata [6] -> \CPU.LOAD_halfword [6]
Breaking loop using new signal $abcloop$22202: \CPU.mem_rdata [14] -> $flatten\CPU.$ternary$cores/cpu/femtorv32_quark.v:258$417_Y [14]
                                               \CPU.mem_rdata [14] -> \CPU.LOAD_halfword [14]
Breaking loop using new signal $abcloop$22203: \CPU.mem_rdata [5] -> $flatten\CPU.$ternary$cores/cpu/femtorv32_quark.v:258$417_Y [5]
                                               \CPU.mem_rdata [5] -> \CPU.LOAD_halfword [5]
Breaking loop using new signal $abcloop$22204: \Periferico_Divisor1.d_out [31] -> $procmux$1843.B_AND_S [63]
                                               \Periferico_Divisor1.d_out [31] -> \Periferico_Divisor1.d_out [31]
Breaking loop using new signal $abcloop$22205: \Periferico_Divisor1.d_out [30] -> $procmux$1843.B_AND_S [62]
                                               \Periferico_Divisor1.d_out [30] -> \Periferico_Divisor1.d_out [30]
Breaking loop using new signal $abcloop$22206: \Periferico_Divisor1.d_out [29] -> $procmux$1843.B_AND_S [61]
                                               \Periferico_Divisor1.d_out [29] -> \Periferico_Divisor1.d_out [29]
Breaking loop using new signal $abcloop$22207: \Periferico_Divisor1.d_out [28] -> $procmux$1843.B_AND_S [60]
                                               \Periferico_Divisor1.d_out [28] -> \Periferico_Divisor1.d_out [28]
Breaking loop using new signal $abcloop$22208: \Periferico_Divisor1.d_out [27] -> $procmux$1843.B_AND_S [59]
                                               \Periferico_Divisor1.d_out [27] -> \Periferico_Divisor1.d_out [27]
Breaking loop using new signal $abcloop$22209: \Periferico_Divisor1.d_out [26] -> $procmux$1843.B_AND_S [58]
                                               \Periferico_Divisor1.d_out [26] -> \Periferico_Divisor1.d_out [26]
Breaking loop using new signal $abcloop$22210: \Periferico_Divisor1.d_out [25] -> $procmux$1843.B_AND_S [57]
                                               \Periferico_Divisor1.d_out [25] -> \Periferico_Divisor1.d_out [25]
Breaking loop using new signal $abcloop$22211: \Periferico_Divisor1.d_out [24] -> $procmux$1843.B_AND_S [56]
                                               \Periferico_Divisor1.d_out [24] -> \Periferico_Divisor1.d_out [24]
Breaking loop using new signal $abcloop$22212: \Periferico_Divisor1.d_out [23] -> $procmux$1843.B_AND_S [55]
                                               \Periferico_Divisor1.d_out [23] -> \Periferico_Divisor1.d_out [23]
Breaking loop using new signal $abcloop$22213: \Periferico_Divisor1.d_out [22] -> $procmux$1843.B_AND_S [54]
                                               \Periferico_Divisor1.d_out [22] -> \Periferico_Divisor1.d_out [22]
Breaking loop using new signal $abcloop$22214: \Periferico_Divisor1.d_out [21] -> $procmux$1843.B_AND_S [53]
                                               \Periferico_Divisor1.d_out [21] -> \Periferico_Divisor1.d_out [21]
Breaking loop using new signal $abcloop$22215: \Periferico_Divisor1.d_out [20] -> $procmux$1843.B_AND_S [52]
                                               \Periferico_Divisor1.d_out [20] -> \Periferico_Divisor1.d_out [20]
Breaking loop using new signal $abcloop$22216: \Periferico_Divisor1.d_out [19] -> $procmux$1843.B_AND_S [51]
                                               \Periferico_Divisor1.d_out [19] -> \Periferico_Divisor1.d_out [19]
Breaking loop using new signal $abcloop$22217: \Periferico_Divisor1.d_out [18] -> $procmux$1843.B_AND_S [50]
                                               \Periferico_Divisor1.d_out [18] -> \Periferico_Divisor1.d_out [18]
Breaking loop using new signal $abcloop$22218: \Periferico_Divisor1.d_out [17] -> $procmux$1843.B_AND_S [49]
                                               \Periferico_Divisor1.d_out [17] -> \Periferico_Divisor1.d_out [17]
Breaking loop using new signal $abcloop$22219: \Periferico_Divisor1.d_out [16] -> $procmux$1843.B_AND_S [48]
                                               \Periferico_Divisor1.d_out [16] -> \Periferico_Divisor1.d_out [16]
Breaking loop using new signal $abcloop$22220: \Periferico_Divisor1.d_out [15] -> $procmux$1843.B_AND_S [47]
                                               \Periferico_Divisor1.d_out [15] -> \Periferico_Divisor1.d_out [15]
Breaking loop using new signal $abcloop$22221: \Periferico_Divisor1.d_out [14] -> $procmux$1843.B_AND_S [46]
                                               \Periferico_Divisor1.d_out [14] -> \Periferico_Divisor1.d_out [14]
Breaking loop using new signal $abcloop$22222: \Periferico_Divisor1.d_out [12] -> $procmux$1843.B_AND_S [44]
                                               \Periferico_Divisor1.d_out [12] -> \Periferico_Divisor1.d_out [12]
Breaking loop using new signal $abcloop$22223: \Periferico_Divisor1.d_out [10] -> $procmux$1843.B_AND_S [42]
                                               \Periferico_Divisor1.d_out [10] -> \Periferico_Divisor1.d_out [10]
Breaking loop using new signal $abcloop$22224: \Periferico_Divisor1.d_out [8] -> $procmux$1843.B_AND_S [40]
                                               \Periferico_Divisor1.d_out [8] -> \Periferico_Divisor1.d_out [8]
Breaking loop using new signal $abcloop$22225: \Periferico_Divisor1.d_out [6] -> $procmux$1843.B_AND_S [38]
                                               \Periferico_Divisor1.d_out [6] -> \Periferico_Divisor1.d_out [6]
Breaking loop using new signal $abcloop$22226: \Periferico_Divisor1.d_out [4] -> $procmux$1843.B_AND_S [36]
                                               \Periferico_Divisor1.d_out [4] -> \Periferico_Divisor1.d_out [4]
Breaking loop using new signal $abcloop$22227: \Periferico_Divisor1.d_out [2] -> $procmux$1843.B_AND_S [34]
                                               \Periferico_Divisor1.d_out [2] -> \Periferico_Divisor1.d_out [2]
Breaking loop using new signal $abcloop$22228: \Periferico_Divisor1.d_out [13] -> $procmux$1843.B_AND_S [45]
                                               \Periferico_Divisor1.d_out [13] -> \Periferico_Divisor1.d_out [13]
Breaking loop using new signal $abcloop$22229: \Periferico_Divisor1.d_out [0] -> $procmux$1843.B_AND_S [32]
                                               \Periferico_Divisor1.d_out [0] -> \Periferico_Divisor1.d_out [0]
Breaking loop using new signal $abcloop$22230: \Periferico_Divisor1.d_out [3] -> $procmux$1843.B_AND_S [35]
                                               \Periferico_Divisor1.d_out [3] -> \Periferico_Divisor1.d_out [3]
Breaking loop using new signal $abcloop$22231: \Periferico_Divisor1.d_out [9] -> $procmux$1843.B_AND_S [41]
                                               \Periferico_Divisor1.d_out [9] -> \Periferico_Divisor1.d_out [9]
Breaking loop using new signal $abcloop$22232: \Periferico_Divisor1.d_out [7] -> $procmux$1843.B_AND_S [39]
                                               \Periferico_Divisor1.d_out [7] -> \Periferico_Divisor1.d_out [7]
Breaking loop using new signal $abcloop$22233: \Periferico_Divisor1.d_out [1] -> $procmux$1843.B_AND_S [33]
                                               \Periferico_Divisor1.d_out [1] -> \Periferico_Divisor1.d_out [1]
Breaking loop using new signal $abcloop$22234: \Periferico_Divisor1.d_out [11] -> $procmux$1843.B_AND_S [43]
                                               \Periferico_Divisor1.d_out [11] -> \Periferico_Divisor1.d_out [11]
Breaking loop using new signal $abcloop$22235: \Periferico_Divisor1.d_out [5] -> $procmux$1843.B_AND_S [37]
                                               \Periferico_Divisor1.d_out [5] -> \Periferico_Divisor1.d_out [5]
Extracted 6049 gates and 8430 wires to a netlist network with 2379 inputs and 1567 outputs.

42.43.1.1. Executing ABC.
Running ABC command: "<yosys-exe-dir>/yosys-abc" -s -f <abc-temp-dir>/abc.script 2>&1
ABC: ABC command line: "source <abc-temp-dir>/abc.script".
ABC: 
ABC: + read_blif <abc-temp-dir>/input.blif 
ABC: + read_lut <abc-temp-dir>/lutdefs.txt 
ABC: + strash 
ABC: + &get -n 
ABC: + &fraig -x 
ABC: + &put 
ABC: + scorr 
ABC: Warning: The network is combinational (run "fraig" or "fraig_sweep").
ABC: + dc2 
ABC: + dretime 
ABC: + strash 
ABC: + dch -f 
ABC: + if 
ABC: + mfs2 
ABC: + dress <abc-temp-dir>/input.blif 
ABC: Total number of equiv classes                =    1721.
ABC: Participating nodes from both networks       =    4653.
ABC: Participating nodes from the first network   =    2217. (  64.00 % of nodes)
ABC: Participating nodes from the second network  =    2436. (  70.32 % of nodes)
ABC: Node pairs (any polarity)                    =    2187. (  63.14 % of names can be moved)
ABC: Node pairs (same polarity)                   =    1746. (  50.40 % of names can be moved)
ABC: Total runtime =     0.08 sec
ABC: + write_blif <abc-temp-dir>/output.blif 

42.43.1.2. Re-integrating ABC results.
ABC RESULTS:              $lut cells:     3431
ABC RESULTS:        internal signals:     4484
ABC RESULTS:           input signals:     2379
ABC RESULTS:          output signals:     1567
Removing temp directory.
Removed 0 unused cells and 4974 unused wires.

42.44. Executing TECHMAP pass (map to technology primitives).

42.44.1. Executing Verilog-2005 frontend: /home/juan-diego/miniconda3/envs/digital/bin/../share/yosys/ecp5/cells_map.v
Parsing Verilog input from `/home/juan-diego/miniconda3/envs/digital/bin/../share/yosys/ecp5/cells_map.v' to AST representation.
Generating RTLIL representation for module `\$_DFF_N_'.
Generating RTLIL representation for module `\$_DFF_P_'.
Generating RTLIL representation for module `\$_DFFE_NN_'.
Generating RTLIL representation for module `\$_DFFE_PN_'.
Generating RTLIL representation for module `\$_DFFE_NP_'.
Generating RTLIL representation for module `\$_DFFE_PP_'.
Generating RTLIL representation for module `\$_DFF_NP0_'.
Generating RTLIL representation for module `\$_DFF_NP1_'.
Generating RTLIL representation for module `\$_DFF_PP0_'.
Generating RTLIL representation for module `\$_DFF_PP1_'.
Generating RTLIL representation for module `\$_SDFF_NP0_'.
Generating RTLIL representation for module `\$_SDFF_NP1_'.
Generating RTLIL representation for module `\$_SDFF_PP0_'.
Generating RTLIL representation for module `\$_SDFF_PP1_'.
Generating RTLIL representation for module `\$_DFFE_NP0P_'.
Generating RTLIL representation for module `\$_DFFE_NP1P_'.
Generating RTLIL representation for module `\$_DFFE_PP0P_'.
Generating RTLIL representation for module `\$_DFFE_PP1P_'.
Generating RTLIL representation for module `\$_DFFE_NP0N_'.
Generating RTLIL representation for module `\$_DFFE_NP1N_'.
Generating RTLIL representation for module `\$_DFFE_PP0N_'.
Generating RTLIL representation for module `\$_DFFE_PP1N_'.
Generating RTLIL representation for module `\$_SDFFE_NP0P_'.
Generating RTLIL representation for module `\$_SDFFE_NP1P_'.
Generating RTLIL representation for module `\$_SDFFE_PP0P_'.
Generating RTLIL representation for module `\$_SDFFE_PP1P_'.
Generating RTLIL representation for module `\$_SDFFE_NP0N_'.
Generating RTLIL representation for module `\$_SDFFE_NP1N_'.
Generating RTLIL representation for module `\$_SDFFE_PP0N_'.
Generating RTLIL representation for module `\$_SDFFE_PP1N_'.
Generating RTLIL representation for module `\$_ALDFF_NP_'.
Generating RTLIL representation for module `\$_ALDFF_PP_'.
Generating RTLIL representation for module `\$_ALDFFE_NPN_'.
Generating RTLIL representation for module `\$_ALDFFE_NPP_'.
Generating RTLIL representation for module `\$_ALDFFE_PPN_'.
Generating RTLIL representation for module `\$_ALDFFE_PPP_'.
Generating RTLIL representation for module `\FD1P3AX'.
Generating RTLIL representation for module `\FD1P3AY'.
Generating RTLIL representation for module `\FD1P3BX'.
Generating RTLIL representation for module `\FD1P3DX'.
Generating RTLIL representation for module `\FD1P3IX'.
Generating RTLIL representation for module `\FD1P3JX'.
Generating RTLIL representation for module `\FD1S3AX'.
Generating RTLIL representation for module `\FD1S3AY'.
Generating RTLIL representation for module `\FD1S3BX'.
Generating RTLIL representation for module `\FD1S3DX'.
Generating RTLIL representation for module `\FD1S3IX'.
Generating RTLIL representation for module `\FD1S3JX'.
Generating RTLIL representation for module `\IFS1P3BX'.
Generating RTLIL representation for module `\IFS1P3DX'.
Generating RTLIL representation for module `\IFS1P3IX'.
Generating RTLIL representation for module `\IFS1P3JX'.
Generating RTLIL representation for module `\OFS1P3BX'.
Generating RTLIL representation for module `\OFS1P3DX'.
Generating RTLIL representation for module `\OFS1P3IX'.
Generating RTLIL representation for module `\OFS1P3JX'.
Generating RTLIL representation for module `\IB'.
Generating RTLIL representation for module `\IBPU'.
Generating RTLIL representation for module `\IBPD'.
Generating RTLIL representation for module `\OB'.
Generating RTLIL representation for module `\OBZ'.
Generating RTLIL representation for module `\OBZPU'.
Generating RTLIL representation for module `\OBZPD'.
Generating RTLIL representation for module `\OBCO'.
Generating RTLIL representation for module `\BB'.
Generating RTLIL representation for module `\BBPU'.
Generating RTLIL representation for module `\BBPD'.
Generating RTLIL representation for module `\ILVDS'.
Generating RTLIL representation for module `\OLVDS'.
Generating RTLIL representation for module `\$lut'.
Successfully finished Verilog frontend.

42.44.2. Continuing TECHMAP pass.
Using template $paramod$53116dd00de48a756800052c09bf2f4d346349cf\$lut for cells of type $lut.
Using template $paramod$200337237619ba4c0bed9a492562f1d1b57fb569\$lut for cells of type $lut.
Using template $paramod$8c081497b4b1dcbc2fee3c48519e30b91f0aa6a5\$lut for cells of type $lut.
Using template $paramod$b431bfd938e35871dd0b7668e1503c7e8b9d491c\$lut for cells of type $lut.
Using template $paramod$56c6fc98268f6966dd23dcb4af9b8f5298fa7ead\$lut for cells of type $lut.
Using template $paramod$12ef31446fd6f1fa9ed73d48ce76ac19cf9ea31d\$lut for cells of type $lut.
Using template $paramod$608f40069c27841a5b3bdf03643a34bdc8974072\$lut for cells of type $lut.
Using template $paramod$83742432610aaf62d589083aaaa3768096793be8\$lut for cells of type $lut.
Using template $paramod$c35ad3063d5038410210ddc72c1fd5fed46413b4\$lut for cells of type $lut.
Using template $paramod$6d6beead1425af15cf78b27fd9b11b41b5d4bce8\$lut for cells of type $lut.
Using template $paramod$c1a19a87ccbbb03d43a72335db63f692ddf82cc1\$lut for cells of type $lut.
Using template $paramod\$lut\WIDTH=32'00000000000000000000000000000010\LUT=4'0110 for cells of type $lut.
Using template $paramod$470ff919102341f6880078051430ae7ba3c03ca3\$lut for cells of type $lut.
Using template $paramod$3be4cecf867c12464dacb7571f6d3a45bf51d369\$lut for cells of type $lut.
Using template $paramod\$lut\WIDTH=32'00000000000000000000000000000011\LUT=8'00000001 for cells of type $lut.
Using template $paramod\$lut\WIDTH=32'00000000000000000000000000000010\LUT=4'0001 for cells of type $lut.
Using template $paramod$82b4a585d1edcb5c6e755dc9bd3392228a1c1304\$lut for cells of type $lut.
Using template $paramod\$lut\WIDTH=32'00000000000000000000000000000011\LUT=8'11010000 for cells of type $lut.
Using template $paramod$1b1a3843d0f514f997c9bd07741f8b60637cb4cd\$lut for cells of type $lut.
Using template $paramod$0ba83a17d35a2b65d26e5e61bb36f1775584b708\$lut for cells of type $lut.
Using template $paramod$fb5ee0bdef1c4e74aaf1fd8efae98b46a2f5e564\$lut for cells of type $lut.
Using template $paramod$e49f6e3576ef1a6d2f58c54414dbb786af8cc869\$lut for cells of type $lut.
Using template $paramod$973818279bc95792902f3c09371fd2407d04a2a5\$lut for cells of type $lut.
Using template $paramod$892f09c166ac66d081a83c58c4c973fa8f6776c4\$lut for cells of type $lut.
Using template $paramod\$lut\WIDTH=32'00000000000000000000000000000011\LUT=8'00010000 for cells of type $lut.
Using template $paramod$6e238df02989b317f10820a22773676e71120644\$lut for cells of type $lut.
Using template $paramod$cd6c4b4da6d8737b72fd2dc8f5d83d8967445809\$lut for cells of type $lut.
Using template $paramod\$lut\WIDTH=32'00000000000000000000000000000011\LUT=8'01000000 for cells of type $lut.
Using template $paramod$272652f6c6fbe9a75eff76e45cc7e2788835518b\$lut for cells of type $lut.
Using template $paramod\$lut\WIDTH=32'00000000000000000000000000000010\LUT=4'0100 for cells of type $lut.
Using template $paramod\$lut\WIDTH=32'00000000000000000000000000000011\LUT=8'10000000 for cells of type $lut.
Using template $paramod$126c776b0f5e5eef0fff11eb6abcf95b4d1189d2\$lut for cells of type $lut.
Using template $paramod$929c423ec3a91c0a8d61ccde91ce3fda786dddbb\$lut for cells of type $lut.
Using template $paramod\$lut\WIDTH=32'00000000000000000000000000000011\LUT=8'10101100 for cells of type $lut.
Using template $paramod\$lut\WIDTH=32'00000000000000000000000000000011\LUT=8'10111111 for cells of type $lut.
Using template $paramod$f63fc34b958fb47bad4b427eea1012e1783a9253\$lut for cells of type $lut.
Using template $paramod\$lut\WIDTH=32'00000000000000000000000000000011\LUT=8'01010011 for cells of type $lut.
Using template $paramod$1de44515684aa8aea9bdebdc5793069f38e4f9c5\$lut for cells of type $lut.
Using template $paramod$9a383ca297ef012b6f33ce559547f89432250d88\$lut for cells of type $lut.
Using template $paramod$4b2297966ddb718657b80566604f97685ffc0120\$lut for cells of type $lut.
Using template $paramod\$lut\WIDTH=32'00000000000000000000000000000010\LUT=4'1000 for cells of type $lut.
Using template $paramod$52ea79e82f4f149ce225b8ba6e2cb42b2ab2d0c0\$lut for cells of type $lut.
Using template $paramod$11ec7271d8e6e5aeaace08c13e4c601f10e31038\$lut for cells of type $lut.
Using template $paramod$4426ba12ccc3d0cb9276205fadeed96da596c448\$lut for cells of type $lut.
Using template $paramod$35d201d5d13b0689930fb454a340191997b0e867\$lut for cells of type $lut.
Using template $paramod$f2217303fb8753669b7fb65aa79c7437aa506d7f\$lut for cells of type $lut.
Using template $paramod$3f0549729b9cf7d6fa6533d688d092bceca9764e\$lut for cells of type $lut.
Using template $paramod$5b6e9ce46673a7b8f1e4a6ccf67d2eaa8a8222cf\$lut for cells of type $lut.
Using template $paramod$7f211ceae42065900d2348fb6847351f6e194bce\$lut for cells of type $lut.
Using template $paramod$0623e17b239149821fdbe2294e3bbba8e938900a\$lut for cells of type $lut.
Using template $paramod$7fcc2f13195f27c397064377984d87a90c06749d\$lut for cells of type $lut.
Using template $paramod$0b6cfa886f56736955bb42706a9f574742189c51\$lut for cells of type $lut.
Using template $paramod$53ce561f80f32d4298a3beadc88b6c5c78293221\$lut for cells of type $lut.
Using template $paramod$e4adb5a40bce606100fc00f292ff9d4f2f55953f\$lut for cells of type $lut.
Using template $paramod$6f9324703e8fcc3b6df2bc2bec54ec19a446ae96\$lut for cells of type $lut.
Using template $paramod$e0ff11b6ec8797da4acd6ec39e67fe1c0ecf4336\$lut for cells of type $lut.
Using template $paramod$f9c112f5fe2c17715d8c265f1ad593784a1e8114\$lut for cells of type $lut.
Using template $paramod$56d36648044d0bf0f892c2050a60c21ad090a3b1\$lut for cells of type $lut.
Using template $paramod$94d86303a5ab6c2be14b18d403d3db684b8d85d1\$lut for cells of type $lut.
Using template $paramod$43779580bfffd5d5a9f321249a174febf1dac288\$lut for cells of type $lut.
Using template $paramod$e21f1d6a109290f4848ceb7771b93eee764ece18\$lut for cells of type $lut.
Using template $paramod$8ed92e7843cb22ca2c42f03247c267b9da05e8af\$lut for cells of type $lut.
Using template $paramod$d299603363e4cb0b5d3f838d74a4cc40cdd858e8\$lut for cells of type $lut.
Using template $paramod$571404c0889eaf57f492cb5e37f8acb5df5852f9\$lut for cells of type $lut.
Using template $paramod$b4606c3d1218a9030e075ba3305371598c1f4305\$lut for cells of type $lut.
Using template $paramod$0b5fa5df1a3ebe65faa4b100102df737d169a157\$lut for cells of type $lut.
Using template $paramod\$lut\WIDTH=32'00000000000000000000000000000001\LUT=2'01 for cells of type $lut.
Using template $paramod\$lut\WIDTH=32'00000000000000000000000000000011\LUT=8'00011111 for cells of type $lut.
Using template $paramod$3e895991b845b8c620b8c9e0068c52e372d1fbc1\$lut for cells of type $lut.
Using template $paramod$b2068e8f715fb7771345e1fc1342f21170782ccd\$lut for cells of type $lut.
Using template $paramod$179512a187da069f3b79ef6612a41e494e7d54b6\$lut for cells of type $lut.
Using template $paramod$bdd4c34ce1a4941b08079cfcb51a184f6033f9fb\$lut for cells of type $lut.
Using template $paramod$fc0929bc98b8ce28dd9c675e341d6dc884f63b57\$lut for cells of type $lut.
Using template $paramod$096f8f0a00831e8fcf9de4968c0c1d657d68ca97\$lut for cells of type $lut.
Using template $paramod$f9b715fbf1040e81e900b2461c2390d17ed5e988\$lut for cells of type $lut.
Using template $paramod$82465a09fa1fb625cf05c680e7f5642ba36c85a0\$lut for cells of type $lut.
Using template $paramod$fccccf8bb2add7667329c686feec7546eb9a3ae3\$lut for cells of type $lut.
Using template $paramod\$lut\WIDTH=32'00000000000000000000000000000011\LUT=8'11101011 for cells of type $lut.
Using template $paramod$83a094b6fe9fb738dfff353a8cb39fb4b34c4f40\$lut for cells of type $lut.
Using template $paramod\$lut\WIDTH=32'00000000000000000000000000000010\LUT=4'0111 for cells of type $lut.
Using template $paramod\$lut\WIDTH=32'00000000000000000000000000000010\LUT=4'1001 for cells of type $lut.
Using template $paramod$2e7a95e82db1d690ae9ba5d10f68b175fa2cb467\$lut for cells of type $lut.
Using template $paramod$001d9634602f00137f774620efde4c651c7a59ca\$lut for cells of type $lut.
Using template $paramod\$lut\WIDTH=32'00000000000000000000000000000011\LUT=8'11101111 for cells of type $lut.
Using template $paramod$a4404e742e43b8bf8bde71df8b64cbe0c6ba02bd\$lut for cells of type $lut.
Using template $paramod\$lut\WIDTH=32'00000000000000000000000000000011\LUT=8'11001010 for cells of type $lut.
Using template $paramod$a3cdc1eb771a2c6a16f64da161e11100ac409d2b\$lut for cells of type $lut.
Using template $paramod$ee19d45db61acb4c70d938b97483a4ed4b792645\$lut for cells of type $lut.
Using template $paramod$525425bfbe66d72ee88210d059d9a74f55ab8de8\$lut for cells of type $lut.
Using template $paramod$0c61e9976cdd1871e3b2976ee818289ebf7eafcc\$lut for cells of type $lut.
Using template $paramod$09474fdccd295420923830bb067429d8f9ce64bc\$lut for cells of type $lut.
Using template $paramod$af763bca85949884aefa417266a961f9c91132de\$lut for cells of type $lut.
Using template $paramod$7bb6a37e65823eeb4b38c370fec30ab082759a14\$lut for cells of type $lut.
Using template $paramod\$lut\WIDTH=32'00000000000000000000000000000011\LUT=8'01011100 for cells of type $lut.
Using template $paramod$6d23198eb2b8f79a41c7626605a61009695893b1\$lut for cells of type $lut.
Using template $paramod\$lut\WIDTH=32'00000000000000000000000000000011\LUT=8'11000101 for cells of type $lut.
Using template $paramod$703a13a751e631ef123f38f7d2125aeabec0f94c\$lut for cells of type $lut.
Using template $paramod$2754a21a217ccdc1a0cbf27b2e8b19266cadc23f\$lut for cells of type $lut.
Using template $paramod$8adf7fbd410d2cc654c288d5be5f7508ee8809b0\$lut for cells of type $lut.
Using template $paramod$d4fae2c0d9ad2966369cd4e39b81c71bcd1327c9\$lut for cells of type $lut.
Using template $paramod$bb4fff1cc3b827238aa40993cafede1c5beecbe3\$lut for cells of type $lut.
Using template $paramod$bb59fc9d73f3ced261e3a74efef030fd29d37b76\$lut for cells of type $lut.
Using template $paramod$81d8a60fd95b1a9f9ef71c12a774ae6988cb9fd5\$lut for cells of type $lut.
Using template $paramod\$lut\WIDTH=32'00000000000000000000000000000010\LUT=4'1011 for cells of type $lut.
Using template $paramod\$lut\WIDTH=32'00000000000000000000000000000011\LUT=8'01001111 for cells of type $lut.
Using template $paramod\$lut\WIDTH=32'00000000000000000000000000000011\LUT=8'11111000 for cells of type $lut.
Using template $paramod$9b838c149495a6581d13a3f659e81e38193a62d0\$lut for cells of type $lut.
Using template $paramod$eba7de026ff587370e320127e266317dae097a89\$lut for cells of type $lut.
Using template $paramod$658b9ed803f0d3d335616d3858b53e0a2522f1e8\$lut for cells of type $lut.
Using template $paramod$a15fd389a2f54cb7b94707b25934d226e68d9e2e\$lut for cells of type $lut.
Using template $paramod$73900719769a919b037556293db22bf73d110463\$lut for cells of type $lut.
Using template $paramod$c4c8fe706941a6e71d9489d02f1583e73d5a6320\$lut for cells of type $lut.
Using template $paramod$f9216b411af01450972d6791d3b5c71d00a32ff1\$lut for cells of type $lut.
Using template $paramod$d53578aacfd93124244778d88be0e90eb09c1b1b\$lut for cells of type $lut.
Using template $paramod$30e1ac1183d91190b531bad571bf822d64fb1abf\$lut for cells of type $lut.
Using template $paramod$d388caf9331d1c67a4a7fa86d33eb3b732255d14\$lut for cells of type $lut.
Using template $paramod\$lut\WIDTH=32'00000000000000000000000000000011\LUT=8'01101111 for cells of type $lut.
Using template $paramod$7d3cbfc289ec00e0691f33de08826f2254fca668\$lut for cells of type $lut.
Using template $paramod\$lut\WIDTH=32'00000000000000000000000000000011\LUT=8'01100000 for cells of type $lut.
Using template $paramod$c7da182350c463dac9341b9202c767a484f2d529\$lut for cells of type $lut.
Using template $paramod$ef8295b10a781b16be00577bb0b0751f78914e75\$lut for cells of type $lut.
Using template $paramod$f15b2eabc36e7df23fd92f531a34aef1107a659f\$lut for cells of type $lut.
Using template $paramod$d1d3e5c429996c1776c029b181a703bafb0c2c7a\$lut for cells of type $lut.
Using template $paramod$4f69d4d033e11c2ad5507aac664c04ab2a1cdc76\$lut for cells of type $lut.
Using template $paramod$798c407062c363131877015db48aaebac206e220\$lut for cells of type $lut.
Using template $paramod$ecf9cac817e9cbb222dc9e58a122faf05f34c860\$lut for cells of type $lut.
Using template $paramod\$lut\WIDTH=32'00000000000000000000000000000011\LUT=8'00010100 for cells of type $lut.
Using template $paramod$5037893c2f0202cbda412b45a61ab57b51500aee\$lut for cells of type $lut.
Using template $paramod$a75fe641fc9e92a88e7f40223b21a5fdc0b6278c\$lut for cells of type $lut.
Using template $paramod$680fd8d179aaa2b94b3b7c0dab400ac18bb55c38\$lut for cells of type $lut.
Using template $paramod\$lut\WIDTH=32'00000000000000000000000000000011\LUT=8'00000111 for cells of type $lut.
Using template $paramod$2f5933953e311dffe5861a53a77e08849a1c7767\$lut for cells of type $lut.
Using template $paramod$d3868e03fdd62447d4ca718b52e5f62f93ebcc28\$lut for cells of type $lut.
Using template $paramod\$lut\WIDTH=32'00000000000000000000000000000011\LUT=8'10100011 for cells of type $lut.
Using template $paramod$986569468136396bfb899d9fcf8f75bcabc8cd05\$lut for cells of type $lut.
Using template $paramod$bfc5ec0efb7a7554a714fba569e000275a25c525\$lut for cells of type $lut.
Using template $paramod$59ad7643a6592a7af331878e9c90559a0d5892f1\$lut for cells of type $lut.
Using template $paramod$97083e5ad99bf595af2ad22db6228af51604b2b4\$lut for cells of type $lut.
Using template $paramod$bd3b0c017c4e1e0fc1bb96628ef563ac7e728f68\$lut for cells of type $lut.
Using template $paramod\$lut\WIDTH=32'00000000000000000000000000000011\LUT=8'11100001 for cells of type $lut.
Using template $paramod$71d951b20e73043168c1656217d126e617052faa\$lut for cells of type $lut.
Using template $paramod\$lut\WIDTH=32'00000000000000000000000000000011\LUT=8'00001101 for cells of type $lut.
Using template $paramod$5a621b016c894274d07edef48c49b401a15fd796\$lut for cells of type $lut.
Using template $paramod$12879138d1e376f344e47ea40be66b776233be75\$lut for cells of type $lut.
Using template $paramod$b297295e19b03521716155b85537bbe86d6a9ae6\$lut for cells of type $lut.
Using template $paramod$9f135fba3de3ba24cef5852dbc0be35267668f2e\$lut for cells of type $lut.
Using template $paramod\$lut\WIDTH=32'00000000000000000000000000000011\LUT=8'11110100 for cells of type $lut.
Using template $paramod\$lut\WIDTH=32'00000000000000000000000000000011\LUT=8'10110000 for cells of type $lut.
Using template $paramod\$lut\WIDTH=32'00000000000000000000000000000011\LUT=8'10001111 for cells of type $lut.
Using template $paramod\$lut\WIDTH=32'00000000000000000000000000000011\LUT=8'01000001 for cells of type $lut.
Using template $paramod\$lut\WIDTH=32'00000000000000000000000000000010\LUT=4'1110 for cells of type $lut.
Using template $paramod$f472ae5cd0130971a723ca253c1f6cd1b638508c\$lut for cells of type $lut.
Using template $paramod$02f56b8a1e4e6d404b001268631e1a19ba304547\$lut for cells of type $lut.
Using template $paramod$6ef2f0cf9ee7045cbb81aa2f4be3a6d3a9eb99ec\$lut for cells of type $lut.
Using template $paramod$b4ed5cf2674e540f8b087d7a1699a33d127145a6\$lut for cells of type $lut.
Using template $paramod$a55f1cd7dd899e453fe61d7ec95053334d858d41\$lut for cells of type $lut.
Using template $paramod$a670b08a47dd8a34f954c50cd06e9996d77e8467\$lut for cells of type $lut.
Using template $paramod$0f52647588235a7349ddd3f3432c9ac1e33ad9e1\$lut for cells of type $lut.
Using template $paramod$eb96f0ce2bc0cdd30293924b098cadad6705a6c5\$lut for cells of type $lut.
Using template $paramod\$lut\WIDTH=32'00000000000000000000000000000011\LUT=8'01111110 for cells of type $lut.
Using template $paramod$c471af5667a682bd131a5b479e58e470d1b2b7cd\$lut for cells of type $lut.
Using template $paramod\$lut\WIDTH=32'00000000000000000000000000000011\LUT=8'01111111 for cells of type $lut.
Using template $paramod\$lut\WIDTH=32'00000000000000000000000000000011\LUT=8'11100000 for cells of type $lut.
No more expansions possible.

42.45. Executing OPT_LUT_INS pass (discard unused LUT inputs).
Optimizing LUTs in SOC.
  Optimizing lut $abc$22153$auto$blifparse.cc:525:parse_blif$22424.genblk1.genblk1.genblk1.genblk1.genblk1.lut1 (4 -> 0)
  Optimizing lut $abc$22153$auto$blifparse.cc:525:parse_blif$22443.genblk1.genblk1.genblk1.genblk1.genblk1.lut1 (4 -> 0)
  Optimizing lut $abc$22153$auto$blifparse.cc:525:parse_blif$22549.genblk1.genblk1.genblk1.genblk1.genblk1.lut1 (4 -> 3)
  Optimizing lut $abc$22153$auto$blifparse.cc:525:parse_blif$22550.genblk1.genblk1.genblk1.genblk1.genblk1.lut1 (4 -> 3)
  Optimizing lut $abc$22153$auto$blifparse.cc:525:parse_blif$22551.genblk1.genblk1.genblk1.genblk1.genblk1.lut1 (4 -> 3)
  Optimizing lut $abc$22153$auto$blifparse.cc:525:parse_blif$22552.genblk1.genblk1.genblk1.genblk1.genblk1.lut1 (4 -> 3)
  Optimizing lut $abc$22153$auto$blifparse.cc:525:parse_blif$22553.genblk1.genblk1.genblk1.genblk1.genblk1.lut1 (4 -> 3)
  Optimizing lut $abc$22153$auto$blifparse.cc:525:parse_blif$22554.genblk1.genblk1.genblk1.genblk1.genblk1.lut1 (4 -> 3)
  Optimizing lut $abc$22153$auto$blifparse.cc:525:parse_blif$22555.genblk1.genblk1.genblk1.genblk1.genblk1.lut1 (4 -> 3)
  Optimizing lut $abc$22153$auto$blifparse.cc:525:parse_blif$22556.genblk1.genblk1.genblk1.genblk1.genblk1.lut1 (4 -> 3)
  Optimizing lut $abc$22153$auto$blifparse.cc:525:parse_blif$22557.genblk1.genblk1.genblk1.genblk1.genblk1.lut1 (4 -> 3)
  Optimizing lut $abc$22153$auto$blifparse.cc:525:parse_blif$22558.genblk1.genblk1.genblk1.genblk1.genblk1.lut1 (4 -> 3)
  Optimizing lut $abc$22153$auto$blifparse.cc:525:parse_blif$22559.genblk1.genblk1.genblk1.genblk1.genblk1.lut1 (4 -> 3)
  Optimizing lut $abc$22153$auto$blifparse.cc:525:parse_blif$22560.genblk1.genblk1.genblk1.genblk1.genblk1.lut1 (4 -> 3)
  Optimizing lut $abc$22153$auto$blifparse.cc:525:parse_blif$22561.genblk1.genblk1.genblk1.genblk1.genblk1.lut1 (4 -> 3)
  Optimizing lut $abc$22153$auto$blifparse.cc:525:parse_blif$22562.genblk1.genblk1.genblk1.genblk1.genblk1.lut1 (4 -> 3)
  Optimizing lut $abc$22153$auto$blifparse.cc:525:parse_blif$22563.genblk1.genblk1.genblk1.genblk1.genblk1.lut1 (4 -> 3)
  Optimizing lut $abc$22153$auto$blifparse.cc:525:parse_blif$22564.genblk1.genblk1.genblk1.genblk1.genblk1.lut1 (4 -> 3)
  Optimizing lut $abc$22153$auto$blifparse.cc:525:parse_blif$22565.genblk1.genblk1.genblk1.genblk1.genblk1.lut1 (4 -> 3)
  Optimizing lut $abc$22153$auto$blifparse.cc:525:parse_blif$22566.genblk1.genblk1.genblk1.genblk1.genblk1.lut1 (4 -> 3)
  Optimizing lut $abc$22153$auto$blifparse.cc:525:parse_blif$22567.genblk1.genblk1.genblk1.genblk1.genblk1.lut1 (4 -> 3)
  Optimizing lut $abc$22153$auto$blifparse.cc:525:parse_blif$22568.genblk1.genblk1.genblk1.genblk1.genblk1.lut1 (4 -> 3)
  Optimizing lut $abc$22153$auto$blifparse.cc:525:parse_blif$22569.genblk1.genblk1.genblk1.genblk1.genblk1.lut1 (4 -> 3)
  Optimizing lut $abc$22153$auto$blifparse.cc:525:parse_blif$22608.genblk1.genblk1.genblk1.genblk1.genblk1.lut1 (4 -> 1)
  Optimizing lut $abc$22153$auto$blifparse.cc:525:parse_blif$22615.genblk1.genblk1.genblk1.genblk1.genblk1.lut1 (4 -> 1)
  Optimizing lut $abc$22153$auto$blifparse.cc:525:parse_blif$22622.genblk1.genblk1.genblk1.genblk1.genblk1.lut1 (4 -> 1)
  Optimizing lut $abc$22153$auto$blifparse.cc:525:parse_blif$22629.genblk1.genblk1.genblk1.genblk1.genblk1.lut1 (4 -> 1)
  Optimizing lut $abc$22153$auto$blifparse.cc:525:parse_blif$22636.genblk1.genblk1.genblk1.genblk1.genblk1.lut1 (4 -> 1)
  Optimizing lut $abc$22153$auto$blifparse.cc:525:parse_blif$22643.genblk1.genblk1.genblk1.genblk1.genblk1.lut1 (4 -> 1)
  Optimizing lut $abc$22153$auto$blifparse.cc:525:parse_blif$22685.genblk1.genblk1.genblk1.genblk1.genblk1.lut1 (4 -> 3)
  Optimizing lut $abc$22153$auto$blifparse.cc:525:parse_blif$22686.genblk1.genblk1.genblk1.genblk1.genblk1.lut1 (4 -> 3)
  Optimizing lut $abc$22153$auto$blifparse.cc:525:parse_blif$22700.genblk1.genblk1.genblk1.genblk1.genblk1.lut1 (4 -> 3)
  Optimizing lut $abc$22153$auto$blifparse.cc:525:parse_blif$22907.genblk1.genblk1.genblk1.genblk1.genblk1.lut1 (4 -> 1)
  Optimizing lut $abc$22153$auto$blifparse.cc:525:parse_blif$22908.genblk1.genblk1.genblk1.genblk1.genblk1.lut1 (4 -> 1)
  Optimizing lut $abc$22153$auto$blifparse.cc:525:parse_blif$22909.genblk1.genblk1.genblk1.genblk1.genblk1.lut1 (4 -> 1)
  Optimizing lut $abc$22153$auto$blifparse.cc:525:parse_blif$22910.genblk1.genblk1.genblk1.genblk1.genblk1.lut1 (4 -> 1)
  Optimizing lut $abc$22153$auto$blifparse.cc:525:parse_blif$22911.genblk1.genblk1.genblk1.genblk1.genblk1.lut1 (4 -> 1)
  Optimizing lut $abc$22153$auto$blifparse.cc:525:parse_blif$22912.genblk1.genblk1.genblk1.genblk1.genblk1.lut1 (4 -> 1)
  Optimizing lut $abc$22153$auto$blifparse.cc:525:parse_blif$22913.genblk1.genblk1.genblk1.genblk1.genblk1.lut1 (4 -> 1)
  Optimizing lut $abc$22153$auto$blifparse.cc:525:parse_blif$22914.genblk1.genblk1.genblk1.genblk1.genblk1.lut1 (4 -> 1)
  Optimizing lut $abc$22153$auto$blifparse.cc:525:parse_blif$22915.genblk1.genblk1.genblk1.genblk1.genblk1.lut1 (4 -> 1)
  Optimizing lut $abc$22153$auto$blifparse.cc:525:parse_blif$22916.genblk1.genblk1.genblk1.genblk1.genblk1.lut1 (4 -> 1)
  Optimizing lut $abc$22153$auto$blifparse.cc:525:parse_blif$22917.genblk1.genblk1.genblk1.genblk1.genblk1.lut1 (4 -> 1)
  Optimizing lut $abc$22153$auto$blifparse.cc:525:parse_blif$22918.genblk1.genblk1.genblk1.genblk1.genblk1.lut1 (4 -> 1)
  Optimizing lut $abc$22153$auto$blifparse.cc:525:parse_blif$22919.genblk1.genblk1.genblk1.genblk1.genblk1.lut1 (4 -> 1)
  Optimizing lut $abc$22153$auto$blifparse.cc:525:parse_blif$22920.genblk1.genblk1.genblk1.genblk1.genblk1.lut1 (4 -> 1)
  Optimizing lut $abc$22153$auto$blifparse.cc:525:parse_blif$22921.genblk1.genblk1.genblk1.genblk1.genblk1.lut1 (4 -> 1)
  Optimizing lut $abc$22153$auto$blifparse.cc:525:parse_blif$22922.genblk1.genblk1.genblk1.genblk1.genblk1.lut1 (4 -> 1)
  Optimizing lut $abc$22153$auto$blifparse.cc:525:parse_blif$22923.genblk1.genblk1.genblk1.genblk1.genblk1.lut1 (4 -> 1)
  Optimizing lut $abc$22153$auto$blifparse.cc:525:parse_blif$22924.genblk1.genblk1.genblk1.genblk1.genblk1.lut1 (4 -> 1)
  Optimizing lut $abc$22153$auto$blifparse.cc:525:parse_blif$22925.genblk1.genblk1.genblk1.genblk1.genblk1.lut1 (4 -> 1)
  Optimizing lut $abc$22153$auto$blifparse.cc:525:parse_blif$22926.genblk1.genblk1.genblk1.genblk1.genblk1.lut1 (4 -> 1)
  Optimizing lut $abc$22153$auto$blifparse.cc:525:parse_blif$22927.genblk1.genblk1.genblk1.genblk1.genblk1.lut1 (4 -> 1)
  Optimizing lut $abc$22153$auto$blifparse.cc:525:parse_blif$22928.genblk1.genblk1.genblk1.genblk1.genblk1.lut1 (4 -> 1)
  Optimizing lut $abc$22153$auto$blifparse.cc:525:parse_blif$22929.genblk1.genblk1.genblk1.genblk1.genblk1.lut1 (4 -> 1)
  Optimizing lut $abc$22153$auto$blifparse.cc:525:parse_blif$22930.genblk1.genblk1.genblk1.genblk1.genblk1.lut1 (4 -> 1)
  Optimizing lut $abc$22153$auto$blifparse.cc:525:parse_blif$22931.genblk1.genblk1.genblk1.genblk1.genblk1.lut1 (4 -> 1)
  Optimizing lut $abc$22153$auto$blifparse.cc:525:parse_blif$22932.genblk1.genblk1.genblk1.genblk1.genblk1.lut1 (4 -> 1)
  Optimizing lut $abc$22153$auto$blifparse.cc:525:parse_blif$22933.genblk1.genblk1.genblk1.genblk1.genblk1.lut1 (4 -> 1)
  Optimizing lut $abc$22153$auto$blifparse.cc:525:parse_blif$22934.genblk1.genblk1.genblk1.genblk1.genblk1.lut1 (4 -> 1)
  Optimizing lut $abc$22153$auto$blifparse.cc:525:parse_blif$22935.genblk1.genblk1.genblk1.genblk1.genblk1.lut1 (4 -> 1)
  Optimizing lut $abc$22153$auto$blifparse.cc:525:parse_blif$22947.genblk1.genblk1.genblk1.genblk1.genblk1.lut1 (4 -> 1)
  Optimizing lut $abc$22153$auto$blifparse.cc:525:parse_blif$22948.genblk1.genblk1.genblk1.genblk1.genblk1.lut1 (4 -> 1)
  Optimizing lut $abc$22153$auto$blifparse.cc:525:parse_blif$22949.genblk1.genblk1.genblk1.genblk1.genblk1.lut1 (4 -> 1)
  Optimizing lut $abc$22153$auto$blifparse.cc:525:parse_blif$22950.genblk1.genblk1.genblk1.genblk1.genblk1.lut1 (4 -> 1)
  Optimizing lut $abc$22153$auto$blifparse.cc:525:parse_blif$22951.genblk1.genblk1.genblk1.genblk1.genblk1.lut1 (4 -> 1)
  Optimizing lut $abc$22153$auto$blifparse.cc:525:parse_blif$22952.genblk1.genblk1.genblk1.genblk1.genblk1.lut1 (4 -> 1)
  Optimizing lut $abc$22153$auto$blifparse.cc:525:parse_blif$22953.genblk1.genblk1.genblk1.genblk1.genblk1.lut1 (4 -> 1)
  Optimizing lut $abc$22153$auto$blifparse.cc:525:parse_blif$22954.genblk1.genblk1.genblk1.genblk1.genblk1.lut1 (4 -> 1)
  Optimizing lut $abc$22153$auto$blifparse.cc:525:parse_blif$22955.genblk1.genblk1.genblk1.genblk1.genblk1.lut1 (4 -> 1)
  Optimizing lut $abc$22153$auto$blifparse.cc:525:parse_blif$22956.genblk1.genblk1.genblk1.genblk1.genblk1.lut1 (4 -> 1)
  Optimizing lut $abc$22153$auto$blifparse.cc:525:parse_blif$22957.genblk1.genblk1.genblk1.genblk1.genblk1.lut1 (4 -> 1)
  Optimizing lut $abc$22153$auto$blifparse.cc:525:parse_blif$22958.genblk1.genblk1.genblk1.genblk1.genblk1.lut1 (4 -> 1)
  Optimizing lut $abc$22153$auto$blifparse.cc:525:parse_blif$22959.genblk1.genblk1.genblk1.genblk1.genblk1.lut1 (4 -> 1)
  Optimizing lut $abc$22153$auto$blifparse.cc:525:parse_blif$22960.genblk1.genblk1.genblk1.genblk1.genblk1.lut1 (4 -> 1)
  Optimizing lut $abc$22153$auto$blifparse.cc:525:parse_blif$22961.genblk1.genblk1.genblk1.genblk1.genblk1.lut1 (4 -> 1)
  Optimizing lut $abc$22153$auto$blifparse.cc:525:parse_blif$22962.genblk1.genblk1.genblk1.genblk1.genblk1.lut1 (4 -> 1)
  Optimizing lut $abc$22153$auto$blifparse.cc:525:parse_blif$22963.genblk1.genblk1.genblk1.genblk1.genblk1.lut1 (4 -> 1)
  Optimizing lut $abc$22153$auto$blifparse.cc:525:parse_blif$22964.genblk1.genblk1.genblk1.genblk1.genblk1.lut1 (4 -> 1)
  Optimizing lut $abc$22153$auto$blifparse.cc:525:parse_blif$22965.genblk1.genblk1.genblk1.genblk1.genblk1.lut1 (4 -> 1)
  Optimizing lut $abc$22153$auto$blifparse.cc:525:parse_blif$22966.genblk1.genblk1.genblk1.genblk1.genblk1.lut1 (4 -> 1)
  Optimizing lut $abc$22153$auto$blifparse.cc:525:parse_blif$22967.genblk1.genblk1.genblk1.genblk1.genblk1.lut1 (4 -> 1)
  Optimizing lut $abc$22153$auto$blifparse.cc:525:parse_blif$22406.genblk1.genblk1.genblk1.genblk1.genblk1.genblk1.genblk1.lut1 (4 -> 1)
  Optimizing lut $abc$22153$auto$blifparse.cc:525:parse_blif$22406.genblk1.genblk1.genblk1.genblk1.genblk1.genblk1.genblk1.lut2 (4 -> 1)
  Optimizing lut $abc$22153$auto$blifparse.cc:525:parse_blif$22406.genblk1.genblk1.genblk1.genblk1.genblk1.genblk1.genblk1.lut3 (4 -> 1)
  Optimizing lut $abc$22153$auto$blifparse.cc:525:parse_blif$22406.genblk1.genblk1.genblk1.genblk1.genblk1.genblk1.genblk1.lut4 (4 -> 3)
  Optimizing lut $abc$22153$auto$blifparse.cc:525:parse_blif$22406.genblk1.genblk1.genblk1.genblk1.genblk1.genblk1.genblk1.lut5 (4 -> 2)
  Optimizing lut $abc$22153$auto$blifparse.cc:525:parse_blif$22406.genblk1.genblk1.genblk1.genblk1.genblk1.genblk1.genblk1.lut6 (4 -> 3)
  Optimizing lut $abc$22153$auto$blifparse.cc:525:parse_blif$22406.genblk1.genblk1.genblk1.genblk1.genblk1.genblk1.genblk1.lut7 (4 -> 2)
  Optimizing lut $abc$22153$auto$blifparse.cc:525:parse_blif$22410.genblk1.genblk1.genblk1.genblk1.genblk1.genblk1.genblk1.lut2 (4 -> 0)
  Optimizing lut $abc$22153$auto$blifparse.cc:525:parse_blif$22410.genblk1.genblk1.genblk1.genblk1.genblk1.genblk1.genblk1.lut3 (4 -> 0)
  Optimizing lut $abc$22153$auto$blifparse.cc:525:parse_blif$22410.genblk1.genblk1.genblk1.genblk1.genblk1.genblk1.genblk1.lut4 (4 -> 0)
  Optimizing lut $abc$22153$auto$blifparse.cc:525:parse_blif$22410.genblk1.genblk1.genblk1.genblk1.genblk1.genblk1.genblk1.lut5 (4 -> 0)
  Optimizing lut $abc$22153$auto$blifparse.cc:525:parse_blif$22410.genblk1.genblk1.genblk1.genblk1.genblk1.genblk1.genblk1.lut6 (4 -> 0)
  Optimizing lut $abc$22153$auto$blifparse.cc:525:parse_blif$22413.genblk1.genblk1.genblk1.genblk1.genblk1.genblk1.lut2 (4 -> 0)
  Optimizing lut $abc$22153$auto$blifparse.cc:525:parse_blif$22413.genblk1.genblk1.genblk1.genblk1.genblk1.genblk1.lut3 (4 -> 0)
  Optimizing lut $abc$22153$auto$blifparse.cc:525:parse_blif$22414.genblk1.genblk1.genblk1.genblk1.genblk1.genblk1.lut1 (4 -> 0)
  Optimizing lut $abc$22153$auto$blifparse.cc:525:parse_blif$22414.genblk1.genblk1.genblk1.genblk1.genblk1.genblk1.lut2 (4 -> 0)
  Optimizing lut $abc$22153$auto$blifparse.cc:525:parse_blif$22414.genblk1.genblk1.genblk1.genblk1.genblk1.genblk1.lut3 (4 -> 0)
  Optimizing lut $abc$22153$auto$blifparse.cc:525:parse_blif$22416.genblk1.genblk1.genblk1.genblk1.genblk1.genblk1.lut2 (4 -> 0)
  Optimizing lut $abc$22153$auto$blifparse.cc:525:parse_blif$22416.genblk1.genblk1.genblk1.genblk1.genblk1.genblk1.lut3 (4 -> 0)
  Optimizing lut $abc$22153$auto$blifparse.cc:525:parse_blif$22417.genblk1.genblk1.genblk1.genblk1.genblk1.genblk1.lut1 (4 -> 0)
  Optimizing lut $abc$22153$auto$blifparse.cc:525:parse_blif$22417.genblk1.genblk1.genblk1.genblk1.genblk1.genblk1.lut2 (4 -> 0)
  Optimizing lut $abc$22153$auto$blifparse.cc:525:parse_blif$22417.genblk1.genblk1.genblk1.genblk1.genblk1.genblk1.lut3 (4 -> 0)
  Optimizing lut $abc$22153$auto$blifparse.cc:525:parse_blif$23860.genblk1.genblk1.genblk1.genblk1.genblk1.lut1 (4 -> 3)
  Optimizing lut $abc$22153$auto$blifparse.cc:525:parse_blif$23861.genblk1.genblk1.genblk1.genblk1.genblk1.lut1 (4 -> 3)
  Optimizing lut $abc$22153$auto$blifparse.cc:525:parse_blif$23862.genblk1.genblk1.genblk1.genblk1.genblk1.lut1 (4 -> 3)
  Optimizing lut $abc$22153$auto$blifparse.cc:525:parse_blif$23863.genblk1.genblk1.genblk1.genblk1.genblk1.lut1 (4 -> 3)
  Optimizing lut $abc$22153$auto$blifparse.cc:525:parse_blif$23864.genblk1.genblk1.genblk1.genblk1.genblk1.lut1 (4 -> 3)
  Optimizing lut $abc$22153$auto$blifparse.cc:525:parse_blif$23865.genblk1.genblk1.genblk1.genblk1.genblk1.lut1 (4 -> 3)
  Optimizing lut $abc$22153$auto$blifparse.cc:525:parse_blif$23866.genblk1.genblk1.genblk1.genblk1.genblk1.lut1 (4 -> 3)
  Optimizing lut $abc$22153$auto$blifparse.cc:525:parse_blif$23867.genblk1.genblk1.genblk1.genblk1.genblk1.lut1 (4 -> 3)
  Optimizing lut $abc$22153$auto$blifparse.cc:525:parse_blif$23868.genblk1.genblk1.genblk1.genblk1.genblk1.lut1 (4 -> 3)
  Optimizing lut $abc$22153$auto$blifparse.cc:525:parse_blif$23869.genblk1.genblk1.genblk1.genblk1.genblk1.lut1 (4 -> 3)
  Optimizing lut $abc$22153$auto$blifparse.cc:525:parse_blif$23870.genblk1.genblk1.genblk1.genblk1.genblk1.lut1 (4 -> 3)
  Optimizing lut $abc$22153$auto$blifparse.cc:525:parse_blif$23871.genblk1.genblk1.genblk1.genblk1.genblk1.lut1 (4 -> 3)
  Optimizing lut $abc$22153$auto$blifparse.cc:525:parse_blif$23872.genblk1.genblk1.genblk1.genblk1.genblk1.lut1 (4 -> 3)
  Optimizing lut $abc$22153$auto$blifparse.cc:525:parse_blif$23873.genblk1.genblk1.genblk1.genblk1.genblk1.lut1 (4 -> 3)
  Optimizing lut $abc$22153$auto$blifparse.cc:525:parse_blif$23874.genblk1.genblk1.genblk1.genblk1.genblk1.lut1 (4 -> 3)
  Optimizing lut $abc$22153$auto$blifparse.cc:525:parse_blif$23875.genblk1.genblk1.genblk1.genblk1.genblk1.lut1 (4 -> 3)
  Optimizing lut $abc$22153$auto$blifparse.cc:525:parse_blif$23876.genblk1.genblk1.genblk1.genblk1.genblk1.lut1 (4 -> 3)
  Optimizing lut $abc$22153$auto$blifparse.cc:525:parse_blif$23877.genblk1.genblk1.genblk1.genblk1.genblk1.lut1 (4 -> 3)
  Optimizing lut $abc$22153$auto$blifparse.cc:525:parse_blif$23878.genblk1.genblk1.genblk1.genblk1.genblk1.lut1 (4 -> 3)
  Optimizing lut $abc$22153$auto$blifparse.cc:525:parse_blif$23879.genblk1.genblk1.genblk1.genblk1.genblk1.lut1 (4 -> 3)
  Optimizing lut $abc$22153$auto$blifparse.cc:525:parse_blif$23880.genblk1.genblk1.genblk1.genblk1.genblk1.lut1 (4 -> 3)
  Optimizing lut $abc$22153$auto$blifparse.cc:525:parse_blif$23881.genblk1.genblk1.genblk1.genblk1.genblk1.lut1 (4 -> 3)
  Optimizing lut $abc$22153$auto$blifparse.cc:525:parse_blif$23882.genblk1.genblk1.genblk1.genblk1.genblk1.lut1 (4 -> 3)
  Optimizing lut $abc$22153$auto$blifparse.cc:525:parse_blif$23883.genblk1.genblk1.genblk1.genblk1.genblk1.lut1 (4 -> 3)
  Optimizing lut $abc$22153$auto$blifparse.cc:525:parse_blif$23884.genblk1.genblk1.genblk1.genblk1.genblk1.lut1 (4 -> 3)
  Optimizing lut $abc$22153$auto$blifparse.cc:525:parse_blif$23885.genblk1.genblk1.genblk1.genblk1.genblk1.lut1 (4 -> 3)
  Optimizing lut $abc$22153$auto$blifparse.cc:525:parse_blif$23886.genblk1.genblk1.genblk1.genblk1.genblk1.lut1 (4 -> 3)
  Optimizing lut $abc$22153$auto$blifparse.cc:525:parse_blif$23887.genblk1.genblk1.genblk1.genblk1.genblk1.lut1 (4 -> 3)
  Optimizing lut $abc$22153$auto$blifparse.cc:525:parse_blif$23888.genblk1.genblk1.genblk1.genblk1.genblk1.lut1 (4 -> 3)
  Optimizing lut $abc$22153$auto$blifparse.cc:525:parse_blif$24830.genblk1.genblk1.genblk1.genblk1.genblk1.lut1 (4 -> 0)
  Optimizing lut $abc$22153$auto$blifparse.cc:525:parse_blif$24850.genblk1.genblk1.genblk1.genblk1.genblk1.lut1 (4 -> 0)
  Optimizing lut $abc$22153$auto$blifparse.cc:525:parse_blif$24853.genblk1.genblk1.genblk1.genblk1.genblk1.genblk1.lut3 (4 -> 0)
  Optimizing lut $abc$22153$auto$blifparse.cc:525:parse_blif$24870.genblk1.genblk1.genblk1.genblk1.genblk1.genblk1.lut3 (4 -> 0)
  Optimizing lut $abc$22153$auto$blifparse.cc:525:parse_blif$24862.genblk1.genblk1.genblk1.genblk1.genblk1.genblk1.lut3 (4 -> 0)
  Optimizing lut $abc$22153$auto$blifparse.cc:525:parse_blif$24955.genblk1.genblk1.genblk1.genblk1.genblk1.genblk1.lut3 (4 -> 0)
  Optimizing lut $abc$22153$auto$blifparse.cc:525:parse_blif$24948.genblk1.genblk1.genblk1.genblk1.genblk1.genblk1.lut3 (4 -> 0)
  Optimizing lut $abc$22153$auto$blifparse.cc:525:parse_blif$24952.genblk1.genblk1.genblk1.genblk1.genblk1.lut1 (4 -> 0)
  Optimizing lut $abc$22153$auto$blifparse.cc:525:parse_blif$24962.genblk1.genblk1.genblk1.genblk1.genblk1.genblk1.lut3 (4 -> 0)
  Optimizing lut $abc$22153$auto$blifparse.cc:525:parse_blif$24976.genblk1.genblk1.genblk1.genblk1.genblk1.genblk1.lut3 (4 -> 0)
  Optimizing lut $abc$22153$auto$blifparse.cc:525:parse_blif$24983.genblk1.genblk1.genblk1.genblk1.genblk1.genblk1.lut3 (4 -> 0)
  Optimizing lut $abc$22153$auto$blifparse.cc:525:parse_blif$24652.genblk1.genblk1.genblk1.genblk1.genblk1.lut1 (4 -> 2)
  Optimizing lut $abc$22153$auto$blifparse.cc:525:parse_blif$24608.genblk1.genblk1.genblk1.genblk1.genblk1.lut1 (4 -> 2)
  Optimizing lut $abc$22153$auto$blifparse.cc:525:parse_blif$24383.genblk1.genblk1.genblk1.genblk1.genblk1.lut1 (4 -> 2)
  Optimizing lut $abc$22153$auto$blifparse.cc:525:parse_blif$24410.genblk1.genblk1.genblk1.genblk1.genblk1.lut1 (4 -> 2)
  Optimizing lut $abc$22153$auto$blifparse.cc:525:parse_blif$24422.genblk1.genblk1.genblk1.genblk1.genblk1.lut1 (4 -> 2)
  Optimizing lut $abc$22153$auto$blifparse.cc:525:parse_blif$24427.genblk1.genblk1.genblk1.genblk1.genblk1.lut1 (4 -> 2)
  Optimizing lut $abc$22153$auto$blifparse.cc:525:parse_blif$24481.genblk1.genblk1.genblk1.genblk1.genblk1.lut1 (4 -> 3)
  Optimizing lut $abc$22153$auto$blifparse.cc:525:parse_blif$24476.genblk1.genblk1.genblk1.genblk1.genblk1.lut1 (4 -> 2)
  Optimizing lut $abc$22153$auto$blifparse.cc:525:parse_blif$24493.genblk1.genblk1.genblk1.genblk1.genblk1.lut1 (4 -> 2)
  Optimizing lut $abc$22153$auto$blifparse.cc:525:parse_blif$24630.genblk1.genblk1.genblk1.genblk1.genblk1.lut1 (4 -> 2)
  Optimizing lut $abc$22153$auto$blifparse.cc:525:parse_blif$24586.genblk1.genblk1.genblk1.genblk1.genblk1.lut1 (4 -> 2)
  Optimizing lut $abc$22153$auto$blifparse.cc:525:parse_blif$24537.genblk1.genblk1.genblk1.genblk1.genblk1.lut1 (4 -> 2)
  Optimizing lut $abc$22153$auto$blifparse.cc:525:parse_blif$22521.genblk1.genblk1.genblk1.genblk1.genblk1.lut1 (4 -> 3)
  Optimizing lut $abc$22153$auto$blifparse.cc:525:parse_blif$24990.genblk1.genblk1.genblk1.genblk1.genblk1.genblk1.lut3 (4 -> 0)
  Optimizing lut $abc$22153$auto$blifparse.cc:525:parse_blif$23057.genblk1.genblk1.genblk1.genblk1.genblk1.lut1 (4 -> 3)
  Optimizing lut $abc$22153$auto$blifparse.cc:525:parse_blif$23056.genblk1.genblk1.genblk1.genblk1.genblk1.lut1 (4 -> 3)
  Optimizing lut $abc$22153$auto$blifparse.cc:525:parse_blif$24969.genblk1.genblk1.genblk1.genblk1.genblk1.genblk1.lut3 (4 -> 0)
  Optimizing lut $abc$22153$auto$blifparse.cc:525:parse_blif$22524.genblk1.genblk1.genblk1.genblk1.genblk1.lut1 (4 -> 3)
  Optimizing lut $abc$22153$auto$blifparse.cc:525:parse_blif$24564.genblk1.genblk1.genblk1.genblk1.genblk1.lut1 (4 -> 2)
  Optimizing lut $abc$22153$auto$blifparse.cc:525:parse_blif$24859.genblk1.genblk1.genblk1.genblk1.genblk1.lut1 (4 -> 0)
  Optimizing lut $abc$22153$auto$blifparse.cc:525:parse_blif$23050.genblk1.genblk1.genblk1.genblk1.genblk1.lut1 (4 -> 3)
  Optimizing lut $abc$22153$auto$blifparse.cc:525:parse_blif$24261.genblk1.genblk1.genblk1.genblk1.genblk1.lut1 (4 -> 3)
  Optimizing lut $abc$22153$auto$blifparse.cc:525:parse_blif$23049.genblk1.genblk1.genblk1.genblk1.genblk1.lut1 (4 -> 3)
  Optimizing lut $abc$22153$auto$blifparse.cc:525:parse_blif$24844.genblk1.genblk1.genblk1.genblk1.genblk1.lut1 (4 -> 0)
  Optimizing lut $abc$22153$auto$blifparse.cc:525:parse_blif$24305.genblk1.genblk1.genblk1.genblk1.genblk1.lut1 (4 -> 3)
  Optimizing lut $abc$22153$auto$blifparse.cc:525:parse_blif$24361.genblk1.genblk1.genblk1.genblk1.genblk1.lut1 (4 -> 2)
  Optimizing lut $abc$22153$auto$blifparse.cc:525:parse_blif$22532.genblk1.genblk1.genblk1.genblk1.genblk1.lut1 (4 -> 3)
  Optimizing lut $abc$22153$auto$blifparse.cc:525:parse_blif$23047.genblk1.genblk1.genblk1.genblk1.genblk1.lut1 (4 -> 3)
  Optimizing lut $abc$22153$auto$blifparse.cc:525:parse_blif$22533.genblk1.genblk1.genblk1.genblk1.genblk1.lut1 (4 -> 3)
  Optimizing lut $abc$22153$auto$blifparse.cc:525:parse_blif$23009.genblk1.genblk1.genblk1.genblk1.genblk1.lut1 (4 -> 0)
  Optimizing lut $abc$22153$auto$blifparse.cc:525:parse_blif$23046.genblk1.genblk1.genblk1.genblk1.genblk1.lut1 (4 -> 3)
  Optimizing lut $abc$22153$auto$blifparse.cc:525:parse_blif$22534.genblk1.genblk1.genblk1.genblk1.genblk1.lut1 (4 -> 3)
  Optimizing lut $abc$22153$auto$blifparse.cc:525:parse_blif$24773.genblk1.genblk1.genblk1.genblk1.genblk1.genblk1.lut2 (4 -> 0)
  Optimizing lut $abc$22153$auto$blifparse.cc:525:parse_blif$24773.genblk1.genblk1.genblk1.genblk1.genblk1.genblk1.lut3 (4 -> 0)
  Optimizing lut $abc$22153$auto$blifparse.cc:525:parse_blif$23045.genblk1.genblk1.genblk1.genblk1.genblk1.lut1 (4 -> 3)
  Optimizing lut $abc$22153$auto$blifparse.cc:525:parse_blif$24763.genblk1.genblk1.genblk1.genblk1.genblk1.genblk1.lut2 (4 -> 0)
  Optimizing lut $abc$22153$auto$blifparse.cc:525:parse_blif$24763.genblk1.genblk1.genblk1.genblk1.genblk1.genblk1.lut3 (4 -> 0)
  Optimizing lut $abc$22153$auto$blifparse.cc:525:parse_blif$22535.genblk1.genblk1.genblk1.genblk1.genblk1.lut1 (4 -> 3)
  Optimizing lut $abc$22153$auto$blifparse.cc:525:parse_blif$24753.genblk1.genblk1.genblk1.genblk1.genblk1.genblk1.lut2 (4 -> 0)
  Optimizing lut $abc$22153$auto$blifparse.cc:525:parse_blif$24753.genblk1.genblk1.genblk1.genblk1.genblk1.genblk1.lut3 (4 -> 0)
  Optimizing lut $abc$22153$auto$blifparse.cc:525:parse_blif$24743.genblk1.genblk1.genblk1.genblk1.genblk1.genblk1.lut1 (4 -> 0)
  Optimizing lut $abc$22153$auto$blifparse.cc:525:parse_blif$24743.genblk1.genblk1.genblk1.genblk1.genblk1.genblk1.lut2 (4 -> 0)
  Optimizing lut $abc$22153$auto$blifparse.cc:525:parse_blif$24743.genblk1.genblk1.genblk1.genblk1.genblk1.genblk1.lut3 (4 -> 0)
  Optimizing lut $abc$22153$auto$blifparse.cc:525:parse_blif$22362.genblk1.genblk1.genblk1.genblk1.genblk1.lut1 (4 -> 1)
  Optimizing lut $abc$22153$auto$blifparse.cc:525:parse_blif$22536.genblk1.genblk1.genblk1.genblk1.genblk1.lut1 (4 -> 3)
  Optimizing lut $abc$22153$auto$blifparse.cc:525:parse_blif$24733.genblk1.genblk1.genblk1.genblk1.genblk1.genblk1.lut2 (4 -> 0)
  Optimizing lut $abc$22153$auto$blifparse.cc:525:parse_blif$24733.genblk1.genblk1.genblk1.genblk1.genblk1.genblk1.lut3 (4 -> 0)
  Optimizing lut $abc$22153$auto$blifparse.cc:525:parse_blif$22359.genblk1.genblk1.genblk1.genblk1.genblk1.lut1 (4 -> 1)
  Optimizing lut $abc$22153$auto$blifparse.cc:525:parse_blif$22939.genblk1.genblk1.genblk1.genblk1.genblk1.lut1 (4 -> 3)
  Optimizing lut $abc$22153$auto$blifparse.cc:525:parse_blif$24723.genblk1.genblk1.genblk1.genblk1.genblk1.genblk1.lut2 (4 -> 0)
  Optimizing lut $abc$22153$auto$blifparse.cc:525:parse_blif$24723.genblk1.genblk1.genblk1.genblk1.genblk1.genblk1.lut3 (4 -> 0)
  Optimizing lut $abc$22153$auto$blifparse.cc:525:parse_blif$22356.genblk1.genblk1.genblk1.genblk1.genblk1.lut1 (4 -> 1)
  Optimizing lut $abc$22153$auto$blifparse.cc:525:parse_blif$24698.genblk1.genblk1.genblk1.genblk1.genblk1.genblk1.lut2 (4 -> 0)
  Optimizing lut $abc$22153$auto$blifparse.cc:525:parse_blif$22409.genblk1.genblk1.genblk1.genblk1.genblk1.genblk1.genblk1.lut3 (4 -> 0)
  Optimizing lut $abc$22153$auto$blifparse.cc:525:parse_blif$22409.genblk1.genblk1.genblk1.genblk1.genblk1.genblk1.genblk1.lut4 (4 -> 0)
  Optimizing lut $abc$22153$auto$blifparse.cc:525:parse_blif$22409.genblk1.genblk1.genblk1.genblk1.genblk1.genblk1.genblk1.lut7 (4 -> 0)
  Optimizing lut $abc$22153$auto$blifparse.cc:525:parse_blif$22272.genblk1.genblk1.genblk1.genblk1.genblk1.genblk1.lut2 (4 -> 1)
  Optimizing lut $abc$22153$auto$blifparse.cc:525:parse_blif$22272.genblk1.genblk1.genblk1.genblk1.genblk1.genblk1.lut3 (4 -> 1)
  Optimizing lut $abc$22153$auto$blifparse.cc:525:parse_blif$22353.genblk1.genblk1.genblk1.genblk1.genblk1.lut1 (4 -> 1)
  Optimizing lut $abc$22153$auto$blifparse.cc:525:parse_blif$22280.genblk1.genblk1.genblk1.genblk1.genblk1.genblk1.genblk1.lut2 (4 -> 0)
  Optimizing lut $abc$22153$auto$blifparse.cc:525:parse_blif$22280.genblk1.genblk1.genblk1.genblk1.genblk1.genblk1.genblk1.lut3 (4 -> 0)
  Optimizing lut $abc$22153$auto$blifparse.cc:525:parse_blif$22280.genblk1.genblk1.genblk1.genblk1.genblk1.genblk1.genblk1.lut4 (4 -> 0)
  Optimizing lut $abc$22153$auto$blifparse.cc:525:parse_blif$22280.genblk1.genblk1.genblk1.genblk1.genblk1.genblk1.genblk1.lut5 (4 -> 0)
  Optimizing lut $abc$22153$auto$blifparse.cc:525:parse_blif$22280.genblk1.genblk1.genblk1.genblk1.genblk1.genblk1.genblk1.lut6 (4 -> 0)
  Optimizing lut $abc$22153$auto$blifparse.cc:525:parse_blif$22260.genblk1.genblk1.genblk1.genblk1.genblk1.genblk1.lut1 (4 -> 2)
  Optimizing lut $abc$22153$auto$blifparse.cc:525:parse_blif$22260.genblk1.genblk1.genblk1.genblk1.genblk1.genblk1.lut2 (4 -> 2)
  Optimizing lut $abc$22153$auto$blifparse.cc:525:parse_blif$22260.genblk1.genblk1.genblk1.genblk1.genblk1.genblk1.lut3 (4 -> 2)
  Optimizing lut $abc$22153$auto$blifparse.cc:525:parse_blif$22268.genblk1.genblk1.genblk1.genblk1.genblk1.genblk1.lut1 (4 -> 2)
  Optimizing lut $abc$22153$auto$blifparse.cc:525:parse_blif$22268.genblk1.genblk1.genblk1.genblk1.genblk1.genblk1.lut2 (4 -> 2)
  Optimizing lut $abc$22153$auto$blifparse.cc:525:parse_blif$22268.genblk1.genblk1.genblk1.genblk1.genblk1.genblk1.lut3 (4 -> 2)
  Optimizing lut $abc$22153$auto$blifparse.cc:525:parse_blif$22249.genblk1.genblk1.genblk1.genblk1.genblk1.genblk1.lut2 (4 -> 2)
  Optimizing lut $abc$22153$auto$blifparse.cc:525:parse_blif$22249.genblk1.genblk1.genblk1.genblk1.genblk1.genblk1.lut3 (4 -> 2)
  Optimizing lut $abc$22153$auto$blifparse.cc:525:parse_blif$22254.genblk1.genblk1.genblk1.genblk1.genblk1.genblk1.lut2 (4 -> 2)
  Optimizing lut $abc$22153$auto$blifparse.cc:525:parse_blif$22254.genblk1.genblk1.genblk1.genblk1.genblk1.genblk1.lut3 (4 -> 2)
  Optimizing lut $abc$22153$auto$blifparse.cc:525:parse_blif$22384.genblk1.genblk1.genblk1.genblk1.genblk1.genblk1.lut1 (4 -> 2)
  Optimizing lut $abc$22153$auto$blifparse.cc:525:parse_blif$22384.genblk1.genblk1.genblk1.genblk1.genblk1.genblk1.lut2 (4 -> 2)
  Optimizing lut $abc$22153$auto$blifparse.cc:525:parse_blif$22384.genblk1.genblk1.genblk1.genblk1.genblk1.genblk1.lut3 (4 -> 2)
  Optimizing lut $abc$22153$auto$blifparse.cc:525:parse_blif$22255.genblk1.genblk1.genblk1.genblk1.genblk1.genblk1.lut3 (4 -> 0)
  Optimizing lut $abc$22153$auto$blifparse.cc:525:parse_blif$22256.genblk1.genblk1.genblk1.genblk1.genblk1.genblk1.lut1 (4 -> 0)
  Optimizing lut $abc$22153$auto$blifparse.cc:525:parse_blif$22256.genblk1.genblk1.genblk1.genblk1.genblk1.genblk1.lut3 (4 -> 0)
  Optimizing lut $abc$22153$auto$blifparse.cc:525:parse_blif$22458.genblk1.genblk1.genblk1.genblk1.genblk1.genblk1.lut1 (4 -> 2)
  Optimizing lut $abc$22153$auto$blifparse.cc:525:parse_blif$22458.genblk1.genblk1.genblk1.genblk1.genblk1.genblk1.lut2 (4 -> 2)
  Optimizing lut $abc$22153$auto$blifparse.cc:525:parse_blif$22458.genblk1.genblk1.genblk1.genblk1.genblk1.genblk1.lut3 (4 -> 2)
  Optimizing lut $abc$22153$auto$blifparse.cc:525:parse_blif$22465.genblk1.genblk1.genblk1.genblk1.genblk1.genblk1.lut1 (4 -> 2)
  Optimizing lut $abc$22153$auto$blifparse.cc:525:parse_blif$22465.genblk1.genblk1.genblk1.genblk1.genblk1.genblk1.lut2 (4 -> 2)
  Optimizing lut $abc$22153$auto$blifparse.cc:525:parse_blif$22465.genblk1.genblk1.genblk1.genblk1.genblk1.genblk1.lut3 (4 -> 2)
  Optimizing lut $abc$22153$auto$blifparse.cc:525:parse_blif$22240.genblk1.genblk1.genblk1.genblk1.genblk1.lut0 (4 -> 0)
  Optimizing lut $abc$22153$auto$blifparse.cc:525:parse_blif$22241.genblk1.genblk1.genblk1.genblk1.genblk1.lut0 (4 -> 0)
  Optimizing lut $abc$22153$auto$blifparse.cc:525:parse_blif$22249.genblk1.genblk1.genblk1.genblk1.genblk1.genblk1.lut0 (4 -> 2)
  Optimizing lut $abc$22153$auto$blifparse.cc:525:parse_blif$22253.genblk1.genblk1.genblk1.genblk1.genblk1.lut0 (4 -> 0)
  Optimizing lut $abc$22153$auto$blifparse.cc:525:parse_blif$22254.genblk1.genblk1.genblk1.genblk1.genblk1.genblk1.lut0 (4 -> 2)
  Optimizing lut $abc$22153$auto$blifparse.cc:525:parse_blif$22255.genblk1.genblk1.genblk1.genblk1.genblk1.genblk1.lut0 (4 -> 0)
  Optimizing lut $abc$22153$auto$blifparse.cc:525:parse_blif$22256.genblk1.genblk1.genblk1.genblk1.genblk1.genblk1.lut0 (4 -> 0)
  Optimizing lut $abc$22153$auto$blifparse.cc:525:parse_blif$22260.genblk1.genblk1.genblk1.genblk1.genblk1.genblk1.lut0 (4 -> 2)
  Optimizing lut $abc$22153$auto$blifparse.cc:525:parse_blif$22268.genblk1.genblk1.genblk1.genblk1.genblk1.genblk1.lut0 (4 -> 2)
  Optimizing lut $abc$22153$auto$blifparse.cc:525:parse_blif$22272.genblk1.genblk1.genblk1.genblk1.genblk1.genblk1.lut0 (4 -> 0)
  Optimizing lut $abc$22153$auto$blifparse.cc:525:parse_blif$22249.genblk1.genblk1.genblk1.genblk1.genblk1.genblk1.lut1 (4 -> 2)
  Optimizing lut $abc$22153$auto$blifparse.cc:525:parse_blif$22280.genblk1.genblk1.genblk1.genblk1.genblk1.genblk1.genblk1.lut0 (4 -> 0)
  Optimizing lut $abc$22153$auto$blifparse.cc:525:parse_blif$22284.genblk1.genblk1.genblk1.genblk1.genblk1.lut0 (4 -> 3)
  Optimizing lut $abc$22153$auto$blifparse.cc:525:parse_blif$22287.genblk1.genblk1.genblk1.genblk1.genblk1.lut0 (4 -> 3)
  Optimizing lut $abc$22153$auto$blifparse.cc:525:parse_blif$22290.genblk1.genblk1.genblk1.genblk1.genblk1.lut0 (4 -> 3)
  Optimizing lut $abc$22153$auto$blifparse.cc:525:parse_blif$22293.genblk1.genblk1.genblk1.genblk1.genblk1.lut0 (4 -> 3)
  Optimizing lut $abc$22153$auto$blifparse.cc:525:parse_blif$22296.genblk1.genblk1.genblk1.genblk1.genblk1.lut0 (4 -> 3)
  Optimizing lut $abc$22153$auto$blifparse.cc:525:parse_blif$22299.genblk1.genblk1.genblk1.genblk1.genblk1.lut0 (4 -> 3)
  Optimizing lut $abc$22153$auto$blifparse.cc:525:parse_blif$22302.genblk1.genblk1.genblk1.genblk1.genblk1.lut0 (4 -> 3)
  Optimizing lut $abc$22153$auto$blifparse.cc:525:parse_blif$22305.genblk1.genblk1.genblk1.genblk1.genblk1.lut0 (4 -> 3)
  Optimizing lut $abc$22153$auto$blifparse.cc:525:parse_blif$22308.genblk1.genblk1.genblk1.genblk1.genblk1.lut0 (4 -> 3)
  Optimizing lut $abc$22153$auto$blifparse.cc:525:parse_blif$22311.genblk1.genblk1.genblk1.genblk1.genblk1.lut0 (4 -> 3)
  Optimizing lut $abc$22153$auto$blifparse.cc:525:parse_blif$22314.genblk1.genblk1.genblk1.genblk1.genblk1.lut0 (4 -> 3)
  Optimizing lut $abc$22153$auto$blifparse.cc:525:parse_blif$22317.genblk1.genblk1.genblk1.genblk1.genblk1.lut0 (4 -> 3)
  Optimizing lut $abc$22153$auto$blifparse.cc:525:parse_blif$22320.genblk1.genblk1.genblk1.genblk1.genblk1.lut0 (4 -> 3)
  Optimizing lut $abc$22153$auto$blifparse.cc:525:parse_blif$22323.genblk1.genblk1.genblk1.genblk1.genblk1.lut0 (4 -> 3)
  Optimizing lut $abc$22153$auto$blifparse.cc:525:parse_blif$22326.genblk1.genblk1.genblk1.genblk1.genblk1.lut0 (4 -> 3)
  Optimizing lut $abc$22153$auto$blifparse.cc:525:parse_blif$22329.genblk1.genblk1.genblk1.genblk1.genblk1.lut0 (4 -> 3)
  Optimizing lut $abc$22153$auto$blifparse.cc:525:parse_blif$22332.genblk1.genblk1.genblk1.genblk1.genblk1.lut0 (4 -> 3)
  Optimizing lut $abc$22153$auto$blifparse.cc:525:parse_blif$22335.genblk1.genblk1.genblk1.genblk1.genblk1.lut0 (4 -> 3)
  Optimizing lut $abc$22153$auto$blifparse.cc:525:parse_blif$22338.genblk1.genblk1.genblk1.genblk1.genblk1.lut0 (4 -> 3)
  Optimizing lut $abc$22153$auto$blifparse.cc:525:parse_blif$22341.genblk1.genblk1.genblk1.genblk1.genblk1.lut0 (4 -> 3)
  Optimizing lut $abc$22153$auto$blifparse.cc:525:parse_blif$22344.genblk1.genblk1.genblk1.genblk1.genblk1.lut0 (4 -> 3)
  Optimizing lut $abc$22153$auto$blifparse.cc:525:parse_blif$22280.genblk1.genblk1.genblk1.genblk1.genblk1.genblk1.genblk1.lut1 (4 -> 0)
  Optimizing lut $abc$22153$auto$blifparse.cc:525:parse_blif$22347.genblk1.genblk1.genblk1.genblk1.genblk1.lut0 (4 -> 3)
  Optimizing lut $abc$22153$auto$blifparse.cc:525:parse_blif$22350.genblk1.genblk1.genblk1.genblk1.genblk1.lut0 (4 -> 3)
  Optimizing lut $abc$22153$auto$blifparse.cc:525:parse_blif$22353.genblk1.genblk1.genblk1.genblk1.genblk1.lut0 (4 -> 3)
  Optimizing lut $abc$22153$auto$blifparse.cc:525:parse_blif$22356.genblk1.genblk1.genblk1.genblk1.genblk1.lut0 (4 -> 3)
  Optimizing lut $abc$22153$auto$blifparse.cc:525:parse_blif$22359.genblk1.genblk1.genblk1.genblk1.genblk1.lut0 (4 -> 3)
  Optimizing lut $abc$22153$auto$blifparse.cc:525:parse_blif$22362.genblk1.genblk1.genblk1.genblk1.genblk1.lut0 (4 -> 3)
  Optimizing lut $abc$22153$auto$blifparse.cc:525:parse_blif$22365.genblk1.genblk1.genblk1.genblk1.genblk1.lut0 (4 -> 3)
  Optimizing lut $abc$22153$auto$blifparse.cc:525:parse_blif$22368.genblk1.genblk1.genblk1.genblk1.genblk1.lut0 (4 -> 3)
  Optimizing lut $abc$22153$auto$blifparse.cc:525:parse_blif$22371.genblk1.genblk1.genblk1.genblk1.genblk1.lut0 (4 -> 3)
  Optimizing lut $abc$22153$auto$blifparse.cc:525:parse_blif$22374.genblk1.genblk1.genblk1.genblk1.genblk1.lut0 (4 -> 3)
  Optimizing lut $abc$22153$auto$blifparse.cc:525:parse_blif$22603.genblk1.genblk1.genblk1.genblk1.genblk1.lut1 (4 -> 1)
  Optimizing lut $abc$22153$auto$blifparse.cc:525:parse_blif$22254.genblk1.genblk1.genblk1.genblk1.genblk1.genblk1.lut1 (4 -> 2)
  Optimizing lut $abc$22153$auto$blifparse.cc:525:parse_blif$22384.genblk1.genblk1.genblk1.genblk1.genblk1.genblk1.lut0 (4 -> 2)
  Optimizing lut $abc$22153$auto$blifparse.cc:525:parse_blif$22397.genblk1.genblk1.genblk1.genblk1.genblk1.lut0 (4 -> 0)
  Optimizing lut $abc$22153$auto$blifparse.cc:525:parse_blif$22406.genblk1.genblk1.genblk1.genblk1.genblk1.genblk1.genblk1.lut0 (4 -> 1)
  Optimizing lut $abc$22153$auto$blifparse.cc:525:parse_blif$22410.genblk1.genblk1.genblk1.genblk1.genblk1.genblk1.genblk1.lut1 (4 -> 0)
  Optimizing lut $abc$22153$auto$blifparse.cc:525:parse_blif$22409.genblk1.genblk1.genblk1.genblk1.genblk1.genblk1.genblk1.lut0 (4 -> 0)
  Optimizing lut $abc$22153$auto$blifparse.cc:525:parse_blif$22410.genblk1.genblk1.genblk1.genblk1.genblk1.genblk1.genblk1.lut0 (4 -> 0)
  Optimizing lut $abc$22153$auto$blifparse.cc:525:parse_blif$22413.genblk1.genblk1.genblk1.genblk1.genblk1.genblk1.lut1 (4 -> 0)
  Optimizing lut $abc$22153$auto$blifparse.cc:525:parse_blif$22416.genblk1.genblk1.genblk1.genblk1.genblk1.genblk1.lut1 (4 -> 0)
  Optimizing lut $abc$22153$auto$blifparse.cc:525:parse_blif$24714.genblk1.genblk1.genblk1.genblk1.genblk1.lut1 (4 -> 0)
  Optimizing lut $abc$22153$auto$blifparse.cc:525:parse_blif$22426.genblk1.genblk1.genblk1.genblk1.genblk1.lut1 (4 -> 3)
  Optimizing lut $abc$22153$auto$blifparse.cc:525:parse_blif$22426.genblk1.genblk1.genblk1.genblk1.genblk1.lut0 (4 -> 3)
  Optimizing lut $abc$22153$auto$blifparse.cc:525:parse_blif$22428.genblk1.genblk1.genblk1.genblk1.genblk1.lut1 (4 -> 3)
  Optimizing lut $abc$22153$auto$blifparse.cc:525:parse_blif$22428.genblk1.genblk1.genblk1.genblk1.genblk1.lut0 (4 -> 3)
  Optimizing lut $abc$22153$auto$blifparse.cc:525:parse_blif$23859.genblk1.genblk1.genblk1.genblk1.genblk1.lut1 (4 -> 3)
  Optimizing lut $abc$22153$auto$blifparse.cc:525:parse_blif$22439.genblk1.genblk1.genblk1.genblk1.genblk1.lut1 (4 -> 3)
  Optimizing lut $abc$22153$auto$blifparse.cc:525:parse_blif$22439.genblk1.genblk1.genblk1.genblk1.genblk1.lut0 (4 -> 3)
  Optimizing lut $abc$22153$auto$blifparse.cc:525:parse_blif$22440.genblk1.genblk1.genblk1.genblk1.genblk1.lut0 (4 -> 2)
  Optimizing lut $abc$22153$auto$blifparse.cc:525:parse_blif$22445.genblk1.genblk1.genblk1.genblk1.genblk1.lut1 (4 -> 3)
  Optimizing lut $abc$22153$auto$blifparse.cc:525:parse_blif$22445.genblk1.genblk1.genblk1.genblk1.genblk1.lut0 (4 -> 3)
  Optimizing lut $abc$22153$auto$blifparse.cc:525:parse_blif$22452.genblk1.genblk1.genblk1.genblk1.genblk1.lut0 (4 -> 0)
  Optimizing lut $abc$22153$auto$blifparse.cc:525:parse_blif$22457.genblk1.genblk1.genblk1.genblk1.genblk1.lut0 (4 -> 0)
  Optimizing lut $abc$22153$auto$blifparse.cc:525:parse_blif$22458.genblk1.genblk1.genblk1.genblk1.genblk1.genblk1.lut0 (4 -> 2)
  Optimizing lut $abc$22153$auto$blifparse.cc:525:parse_blif$22465.genblk1.genblk1.genblk1.genblk1.genblk1.genblk1.lut0 (4 -> 2)
  Optimizing lut $abc$22153$auto$blifparse.cc:525:parse_blif$22494.genblk1.genblk1.genblk1.genblk1.genblk1.lut0 (4 -> 0)
  Optimizing lut $abc$22153$auto$blifparse.cc:525:parse_blif$22510.genblk1.genblk1.genblk1.genblk1.genblk1.lut0 (4 -> 0)
  Optimizing lut $abc$22153$auto$blifparse.cc:525:parse_blif$22521.genblk1.genblk1.genblk1.genblk1.genblk1.lut0 (4 -> 3)
  Optimizing lut $abc$22153$auto$blifparse.cc:525:parse_blif$22523.genblk1.genblk1.genblk1.genblk1.genblk1.lut0 (4 -> 3)
  Optimizing lut $abc$22153$auto$blifparse.cc:525:parse_blif$22524.genblk1.genblk1.genblk1.genblk1.genblk1.lut0 (4 -> 3)
  Optimizing lut $abc$22153$auto$blifparse.cc:525:parse_blif$22525.genblk1.genblk1.genblk1.genblk1.genblk1.lut0 (4 -> 3)
  Optimizing lut $abc$22153$auto$blifparse.cc:525:parse_blif$22526.genblk1.genblk1.genblk1.genblk1.genblk1.lut0 (4 -> 3)
  Optimizing lut $abc$22153$auto$blifparse.cc:525:parse_blif$22527.genblk1.genblk1.genblk1.genblk1.genblk1.lut0 (4 -> 3)
  Optimizing lut $abc$22153$auto$blifparse.cc:525:parse_blif$22528.genblk1.genblk1.genblk1.genblk1.genblk1.lut0 (4 -> 3)
  Optimizing lut $abc$22153$auto$blifparse.cc:525:parse_blif$22529.genblk1.genblk1.genblk1.genblk1.genblk1.lut0 (4 -> 3)
  Optimizing lut $abc$22153$auto$blifparse.cc:525:parse_blif$22530.genblk1.genblk1.genblk1.genblk1.genblk1.lut0 (4 -> 3)
  Optimizing lut $abc$22153$auto$blifparse.cc:525:parse_blif$22531.genblk1.genblk1.genblk1.genblk1.genblk1.lut0 (4 -> 3)
  Optimizing lut $abc$22153$auto$blifparse.cc:525:parse_blif$22532.genblk1.genblk1.genblk1.genblk1.genblk1.lut0 (4 -> 3)
  Optimizing lut $abc$22153$auto$blifparse.cc:525:parse_blif$22533.genblk1.genblk1.genblk1.genblk1.genblk1.lut0 (4 -> 3)
  Optimizing lut $abc$22153$auto$blifparse.cc:525:parse_blif$22534.genblk1.genblk1.genblk1.genblk1.genblk1.lut0 (4 -> 3)
  Optimizing lut $abc$22153$auto$blifparse.cc:525:parse_blif$22535.genblk1.genblk1.genblk1.genblk1.genblk1.lut0 (4 -> 3)
  Optimizing lut $abc$22153$auto$blifparse.cc:525:parse_blif$22536.genblk1.genblk1.genblk1.genblk1.genblk1.lut0 (4 -> 3)
  Optimizing lut $abc$22153$auto$blifparse.cc:525:parse_blif$22537.genblk1.genblk1.genblk1.genblk1.genblk1.lut0 (4 -> 3)
  Optimizing lut $abc$22153$auto$blifparse.cc:525:parse_blif$22548.genblk1.genblk1.genblk1.genblk1.genblk1.lut1 (4 -> 3)
  Optimizing lut $abc$22153$auto$blifparse.cc:525:parse_blif$22341.genblk1.genblk1.genblk1.genblk1.genblk1.lut1 (4 -> 1)
  Optimizing lut $abc$22153$auto$blifparse.cc:525:parse_blif$22255.genblk1.genblk1.genblk1.genblk1.genblk1.genblk1.lut1 (4 -> 0)
  Optimizing lut $abc$22153$auto$blifparse.cc:525:parse_blif$22544.genblk1.genblk1.genblk1.genblk1.genblk1.lut0 (4 -> 0)
  Optimizing lut $abc$22153$auto$blifparse.cc:525:parse_blif$22326.genblk1.genblk1.genblk1.genblk1.genblk1.lut1 (4 -> 1)
  Optimizing lut $abc$22153$auto$blifparse.cc:525:parse_blif$22548.genblk1.genblk1.genblk1.genblk1.genblk1.lut0 (4 -> 1)
  Optimizing lut $abc$22153$auto$blifparse.cc:525:parse_blif$22549.genblk1.genblk1.genblk1.genblk1.genblk1.lut0 (4 -> 1)
  Optimizing lut $abc$22153$auto$blifparse.cc:525:parse_blif$22550.genblk1.genblk1.genblk1.genblk1.genblk1.lut0 (4 -> 1)
  Optimizing lut $abc$22153$auto$blifparse.cc:525:parse_blif$22551.genblk1.genblk1.genblk1.genblk1.genblk1.lut0 (4 -> 1)
  Optimizing lut $abc$22153$auto$blifparse.cc:525:parse_blif$22552.genblk1.genblk1.genblk1.genblk1.genblk1.lut0 (4 -> 1)
  Optimizing lut $abc$22153$auto$blifparse.cc:525:parse_blif$22553.genblk1.genblk1.genblk1.genblk1.genblk1.lut0 (4 -> 1)
  Optimizing lut $abc$22153$auto$blifparse.cc:525:parse_blif$22554.genblk1.genblk1.genblk1.genblk1.genblk1.lut0 (4 -> 1)
  Optimizing lut $abc$22153$auto$blifparse.cc:525:parse_blif$22555.genblk1.genblk1.genblk1.genblk1.genblk1.lut0 (4 -> 1)
  Optimizing lut $abc$22153$auto$blifparse.cc:525:parse_blif$22556.genblk1.genblk1.genblk1.genblk1.genblk1.lut0 (4 -> 1)
  Optimizing lut $abc$22153$auto$blifparse.cc:525:parse_blif$22557.genblk1.genblk1.genblk1.genblk1.genblk1.lut0 (4 -> 1)
  Optimizing lut $abc$22153$auto$blifparse.cc:525:parse_blif$22558.genblk1.genblk1.genblk1.genblk1.genblk1.lut0 (4 -> 1)
  Optimizing lut $abc$22153$auto$blifparse.cc:525:parse_blif$22559.genblk1.genblk1.genblk1.genblk1.genblk1.lut0 (4 -> 1)
  Optimizing lut $abc$22153$auto$blifparse.cc:525:parse_blif$22560.genblk1.genblk1.genblk1.genblk1.genblk1.lut0 (4 -> 1)
  Optimizing lut $abc$22153$auto$blifparse.cc:525:parse_blif$22561.genblk1.genblk1.genblk1.genblk1.genblk1.lut0 (4 -> 1)
  Optimizing lut $abc$22153$auto$blifparse.cc:525:parse_blif$22562.genblk1.genblk1.genblk1.genblk1.genblk1.lut0 (4 -> 1)
  Optimizing lut $abc$22153$auto$blifparse.cc:525:parse_blif$22563.genblk1.genblk1.genblk1.genblk1.genblk1.lut0 (4 -> 1)
  Optimizing lut $abc$22153$auto$blifparse.cc:525:parse_blif$22564.genblk1.genblk1.genblk1.genblk1.genblk1.lut0 (4 -> 1)
  Optimizing lut $abc$22153$auto$blifparse.cc:525:parse_blif$22565.genblk1.genblk1.genblk1.genblk1.genblk1.lut0 (4 -> 1)
  Optimizing lut $abc$22153$auto$blifparse.cc:525:parse_blif$22566.genblk1.genblk1.genblk1.genblk1.genblk1.lut0 (4 -> 1)
  Optimizing lut $abc$22153$auto$blifparse.cc:525:parse_blif$22567.genblk1.genblk1.genblk1.genblk1.genblk1.lut0 (4 -> 1)
  Optimizing lut $abc$22153$auto$blifparse.cc:525:parse_blif$22568.genblk1.genblk1.genblk1.genblk1.genblk1.lut0 (4 -> 1)
  Optimizing lut $abc$22153$auto$blifparse.cc:525:parse_blif$22569.genblk1.genblk1.genblk1.genblk1.genblk1.lut0 (4 -> 1)
  Optimizing lut $abc$22153$auto$blifparse.cc:525:parse_blif$22575.genblk1.genblk1.genblk1.genblk1.genblk1.lut0 (4 -> 2)
  Optimizing lut $abc$22153$auto$blifparse.cc:525:parse_blif$22579.genblk1.genblk1.genblk1.genblk1.genblk1.lut0 (4 -> 2)
  Optimizing lut $abc$22153$auto$blifparse.cc:525:parse_blif$22583.genblk1.genblk1.genblk1.genblk1.genblk1.lut0 (4 -> 2)
  Optimizing lut $abc$22153$auto$blifparse.cc:525:parse_blif$22587.genblk1.genblk1.genblk1.genblk1.genblk1.lut0 (4 -> 2)
  Optimizing lut $abc$22153$auto$blifparse.cc:525:parse_blif$22591.genblk1.genblk1.genblk1.genblk1.genblk1.lut0 (4 -> 2)
  Optimizing lut $abc$22153$auto$blifparse.cc:525:parse_blif$22595.genblk1.genblk1.genblk1.genblk1.genblk1.lut0 (4 -> 2)
  Optimizing lut $abc$22153$auto$blifparse.cc:525:parse_blif$22599.genblk1.genblk1.genblk1.genblk1.genblk1.lut0 (4 -> 2)
  Optimizing lut $abc$22153$auto$blifparse.cc:525:parse_blif$22495.genblk1.genblk1.genblk1.genblk1.genblk1.lut1 (4 -> 2)
  Optimizing lut $abc$22153$auto$blifparse.cc:525:parse_blif$22344.genblk1.genblk1.genblk1.genblk1.genblk1.lut1 (4 -> 1)
  Optimizing lut $abc$22153$auto$blifparse.cc:525:parse_blif$22603.genblk1.genblk1.genblk1.genblk1.genblk1.lut0 (4 -> 3)
  Optimizing lut $abc$22153$auto$blifparse.cc:525:parse_blif$22607.genblk1.genblk1.genblk1.genblk1.genblk1.lut1 (4 -> 3)
  Optimizing lut $abc$22153$auto$blifparse.cc:525:parse_blif$22607.genblk1.genblk1.genblk1.genblk1.genblk1.lut0 (4 -> 1)
  Optimizing lut $abc$22153$auto$blifparse.cc:525:parse_blif$22608.genblk1.genblk1.genblk1.genblk1.genblk1.lut0 (4 -> 3)
  Optimizing lut $abc$22153$auto$blifparse.cc:525:parse_blif$22610.genblk1.genblk1.genblk1.genblk1.genblk1.lut1 (4 -> 1)
  Optimizing lut $abc$22153$auto$blifparse.cc:525:parse_blif$22610.genblk1.genblk1.genblk1.genblk1.genblk1.lut0 (4 -> 3)
  Optimizing lut $abc$22153$auto$blifparse.cc:525:parse_blif$22614.genblk1.genblk1.genblk1.genblk1.genblk1.lut1 (4 -> 3)
  Optimizing lut $abc$22153$auto$blifparse.cc:525:parse_blif$22614.genblk1.genblk1.genblk1.genblk1.genblk1.lut0 (4 -> 1)
  Optimizing lut $abc$22153$auto$blifparse.cc:525:parse_blif$22615.genblk1.genblk1.genblk1.genblk1.genblk1.lut0 (4 -> 3)
  Optimizing lut $abc$22153$auto$blifparse.cc:525:parse_blif$22617.genblk1.genblk1.genblk1.genblk1.genblk1.lut1 (4 -> 1)
  Optimizing lut $abc$22153$auto$blifparse.cc:525:parse_blif$22617.genblk1.genblk1.genblk1.genblk1.genblk1.lut0 (4 -> 3)
  Optimizing lut $abc$22153$auto$blifparse.cc:525:parse_blif$22621.genblk1.genblk1.genblk1.genblk1.genblk1.lut1 (4 -> 3)
  Optimizing lut $abc$22153$auto$blifparse.cc:525:parse_blif$22621.genblk1.genblk1.genblk1.genblk1.genblk1.lut0 (4 -> 1)
  Optimizing lut $abc$22153$auto$blifparse.cc:525:parse_blif$22622.genblk1.genblk1.genblk1.genblk1.genblk1.lut0 (4 -> 3)
  Optimizing lut $abc$22153$auto$blifparse.cc:525:parse_blif$22624.genblk1.genblk1.genblk1.genblk1.genblk1.lut1 (4 -> 1)
  Optimizing lut $abc$22153$auto$blifparse.cc:525:parse_blif$22624.genblk1.genblk1.genblk1.genblk1.genblk1.lut0 (4 -> 3)
  Optimizing lut $abc$22153$auto$blifparse.cc:525:parse_blif$22628.genblk1.genblk1.genblk1.genblk1.genblk1.lut1 (4 -> 3)
  Optimizing lut $abc$22153$auto$blifparse.cc:525:parse_blif$22628.genblk1.genblk1.genblk1.genblk1.genblk1.lut0 (4 -> 1)
  Optimizing lut $abc$22153$auto$blifparse.cc:525:parse_blif$22629.genblk1.genblk1.genblk1.genblk1.genblk1.lut0 (4 -> 3)
  Optimizing lut $abc$22153$auto$blifparse.cc:525:parse_blif$22631.genblk1.genblk1.genblk1.genblk1.genblk1.lut1 (4 -> 1)
  Optimizing lut $abc$22153$auto$blifparse.cc:525:parse_blif$22631.genblk1.genblk1.genblk1.genblk1.genblk1.lut0 (4 -> 3)
  Optimizing lut $abc$22153$auto$blifparse.cc:525:parse_blif$22635.genblk1.genblk1.genblk1.genblk1.genblk1.lut1 (4 -> 3)
  Optimizing lut $abc$22153$auto$blifparse.cc:525:parse_blif$22635.genblk1.genblk1.genblk1.genblk1.genblk1.lut0 (4 -> 1)
  Optimizing lut $abc$22153$auto$blifparse.cc:525:parse_blif$22636.genblk1.genblk1.genblk1.genblk1.genblk1.lut0 (4 -> 3)
  Optimizing lut $abc$22153$auto$blifparse.cc:525:parse_blif$22638.genblk1.genblk1.genblk1.genblk1.genblk1.lut1 (4 -> 1)
  Optimizing lut $abc$22153$auto$blifparse.cc:525:parse_blif$22638.genblk1.genblk1.genblk1.genblk1.genblk1.lut0 (4 -> 3)
  Optimizing lut $abc$22153$auto$blifparse.cc:525:parse_blif$22642.genblk1.genblk1.genblk1.genblk1.genblk1.lut1 (4 -> 3)
  Optimizing lut $abc$22153$auto$blifparse.cc:525:parse_blif$22642.genblk1.genblk1.genblk1.genblk1.genblk1.lut0 (4 -> 1)
  Optimizing lut $abc$22153$auto$blifparse.cc:525:parse_blif$22643.genblk1.genblk1.genblk1.genblk1.genblk1.lut0 (4 -> 3)
  Optimizing lut $abc$22153$auto$blifparse.cc:525:parse_blif$22645.genblk1.genblk1.genblk1.genblk1.genblk1.lut1 (4 -> 1)
  Optimizing lut $abc$22153$auto$blifparse.cc:525:parse_blif$22645.genblk1.genblk1.genblk1.genblk1.genblk1.lut0 (4 -> 3)
  Optimizing lut $abc$22153$auto$blifparse.cc:525:parse_blif$22649.genblk1.genblk1.genblk1.genblk1.genblk1.lut1 (4 -> 3)
  Optimizing lut $abc$22153$auto$blifparse.cc:525:parse_blif$22649.genblk1.genblk1.genblk1.genblk1.genblk1.lut0 (4 -> 1)
  Optimizing lut $abc$22153$auto$blifparse.cc:525:parse_blif$22335.genblk1.genblk1.genblk1.genblk1.genblk1.lut1 (4 -> 1)
  Optimizing lut $abc$22153$auto$blifparse.cc:525:parse_blif$22332.genblk1.genblk1.genblk1.genblk1.genblk1.lut1 (4 -> 1)
  Optimizing lut $abc$22153$auto$blifparse.cc:525:parse_blif$22329.genblk1.genblk1.genblk1.genblk1.genblk1.lut1 (4 -> 1)
  Optimizing lut $abc$22153$auto$blifparse.cc:525:parse_blif$22677.genblk1.genblk1.genblk1.genblk1.genblk1.lut1 (4 -> 3)
  Optimizing lut $abc$22153$auto$blifparse.cc:525:parse_blif$22677.genblk1.genblk1.genblk1.genblk1.genblk1.lut0 (4 -> 3)
  Optimizing lut $abc$22153$auto$blifparse.cc:525:parse_blif$22684.genblk1.genblk1.genblk1.genblk1.genblk1.lut1 (4 -> 3)
  Optimizing lut $abc$22153$auto$blifparse.cc:525:parse_blif$22684.genblk1.genblk1.genblk1.genblk1.genblk1.lut0 (4 -> 2)
  Optimizing lut $abc$22153$auto$blifparse.cc:525:parse_blif$22685.genblk1.genblk1.genblk1.genblk1.genblk1.lut0 (4 -> 2)
  Optimizing lut $abc$22153$auto$blifparse.cc:525:parse_blif$22686.genblk1.genblk1.genblk1.genblk1.genblk1.lut0 (4 -> 2)
  Optimizing lut $abc$22153$auto$blifparse.cc:525:parse_blif$22693.genblk1.genblk1.genblk1.genblk1.genblk1.lut0 (4 -> 0)
  Optimizing lut $abc$22153$auto$blifparse.cc:525:parse_blif$22697.genblk1.genblk1.genblk1.genblk1.genblk1.lut0 (4 -> 0)
  Optimizing lut $abc$22153$auto$blifparse.cc:525:parse_blif$22699.genblk1.genblk1.genblk1.genblk1.genblk1.lut1 (4 -> 3)
  Optimizing lut $abc$22153$auto$blifparse.cc:525:parse_blif$22701.genblk1.genblk1.genblk1.genblk1.genblk1.lut0 (4 -> 3)
  Optimizing lut $abc$22153$auto$blifparse.cc:525:parse_blif$22702.genblk1.genblk1.genblk1.genblk1.genblk1.lut0 (4 -> 0)
  Optimizing lut $abc$22153$auto$blifparse.cc:525:parse_blif$22739.genblk1.genblk1.genblk1.genblk1.genblk1.lut0 (4 -> 0)
  Optimizing lut $abc$22153$auto$blifparse.cc:525:parse_blif$22272.genblk1.genblk1.genblk1.genblk1.genblk1.genblk1.lut1 (4 -> 3)
  Optimizing lut $abc$22153$auto$blifparse.cc:525:parse_blif$22743.genblk1.genblk1.genblk1.genblk1.genblk1.lut0 (4 -> 0)
  Optimizing lut $abc$22153$auto$blifparse.cc:525:parse_blif$22284.genblk1.genblk1.genblk1.genblk1.genblk1.lut1 (4 -> 1)
  Optimizing lut $abc$22153$auto$blifparse.cc:525:parse_blif$22747.genblk1.genblk1.genblk1.genblk1.genblk1.lut0 (4 -> 0)
  Optimizing lut $abc$22153$auto$blifparse.cc:525:parse_blif$22287.genblk1.genblk1.genblk1.genblk1.genblk1.lut1 (4 -> 1)
  Optimizing lut $abc$22153$auto$blifparse.cc:525:parse_blif$22751.genblk1.genblk1.genblk1.genblk1.genblk1.lut0 (4 -> 0)
  Optimizing lut $abc$22153$auto$blifparse.cc:525:parse_blif$22290.genblk1.genblk1.genblk1.genblk1.genblk1.lut1 (4 -> 1)
  Optimizing lut $abc$22153$auto$blifparse.cc:525:parse_blif$22755.genblk1.genblk1.genblk1.genblk1.genblk1.lut0 (4 -> 0)
  Optimizing lut $abc$22153$auto$blifparse.cc:525:parse_blif$22293.genblk1.genblk1.genblk1.genblk1.genblk1.lut1 (4 -> 1)
  Optimizing lut $abc$22153$auto$blifparse.cc:525:parse_blif$22759.genblk1.genblk1.genblk1.genblk1.genblk1.lut0 (4 -> 0)
  Optimizing lut $abc$22153$auto$blifparse.cc:525:parse_blif$22296.genblk1.genblk1.genblk1.genblk1.genblk1.lut1 (4 -> 1)
  Optimizing lut $abc$22153$auto$blifparse.cc:525:parse_blif$22763.genblk1.genblk1.genblk1.genblk1.genblk1.lut0 (4 -> 0)
  Optimizing lut $abc$22153$auto$blifparse.cc:525:parse_blif$22299.genblk1.genblk1.genblk1.genblk1.genblk1.lut1 (4 -> 1)
  Optimizing lut $abc$22153$auto$blifparse.cc:525:parse_blif$22767.genblk1.genblk1.genblk1.genblk1.genblk1.lut0 (4 -> 0)
  Optimizing lut $abc$22153$auto$blifparse.cc:525:parse_blif$22302.genblk1.genblk1.genblk1.genblk1.genblk1.lut1 (4 -> 1)
  Optimizing lut $abc$22153$auto$blifparse.cc:525:parse_blif$22771.genblk1.genblk1.genblk1.genblk1.genblk1.lut0 (4 -> 0)
  Optimizing lut $abc$22153$auto$blifparse.cc:525:parse_blif$22305.genblk1.genblk1.genblk1.genblk1.genblk1.lut1 (4 -> 1)
  Optimizing lut $abc$22153$auto$blifparse.cc:525:parse_blif$22775.genblk1.genblk1.genblk1.genblk1.genblk1.lut0 (4 -> 0)
  Optimizing lut $abc$22153$auto$blifparse.cc:525:parse_blif$22308.genblk1.genblk1.genblk1.genblk1.genblk1.lut1 (4 -> 1)
  Optimizing lut $abc$22153$auto$blifparse.cc:525:parse_blif$22779.genblk1.genblk1.genblk1.genblk1.genblk1.lut0 (4 -> 0)
  Optimizing lut $abc$22153$auto$blifparse.cc:525:parse_blif$22311.genblk1.genblk1.genblk1.genblk1.genblk1.lut1 (4 -> 1)
  Optimizing lut $abc$22153$auto$blifparse.cc:525:parse_blif$22783.genblk1.genblk1.genblk1.genblk1.genblk1.lut0 (4 -> 0)
  Optimizing lut $abc$22153$auto$blifparse.cc:525:parse_blif$22314.genblk1.genblk1.genblk1.genblk1.genblk1.lut1 (4 -> 1)
  Optimizing lut $abc$22153$auto$blifparse.cc:525:parse_blif$22787.genblk1.genblk1.genblk1.genblk1.genblk1.lut0 (4 -> 0)
  Optimizing lut $abc$22153$auto$blifparse.cc:525:parse_blif$22317.genblk1.genblk1.genblk1.genblk1.genblk1.lut1 (4 -> 1)
  Optimizing lut $abc$22153$auto$blifparse.cc:525:parse_blif$22791.genblk1.genblk1.genblk1.genblk1.genblk1.lut0 (4 -> 0)
  Optimizing lut $abc$22153$auto$blifparse.cc:525:parse_blif$22320.genblk1.genblk1.genblk1.genblk1.genblk1.lut1 (4 -> 1)
  Optimizing lut $abc$22153$auto$blifparse.cc:525:parse_blif$22795.genblk1.genblk1.genblk1.genblk1.genblk1.lut0 (4 -> 0)
  Optimizing lut $abc$22153$auto$blifparse.cc:525:parse_blif$22323.genblk1.genblk1.genblk1.genblk1.genblk1.lut1 (4 -> 1)
  Optimizing lut $abc$22153$auto$blifparse.cc:525:parse_blif$22338.genblk1.genblk1.genblk1.genblk1.genblk1.lut1 (4 -> 1)
  Optimizing lut $abc$22153$auto$blifparse.cc:525:parse_blif$22347.genblk1.genblk1.genblk1.genblk1.genblk1.lut1 (4 -> 1)
  Optimizing lut $abc$22153$auto$blifparse.cc:525:parse_blif$22350.genblk1.genblk1.genblk1.genblk1.genblk1.lut1 (4 -> 1)
  Optimizing lut $abc$22153$auto$blifparse.cc:525:parse_blif$22808.genblk1.genblk1.genblk1.genblk1.genblk1.lut0 (4 -> 0)
  Optimizing lut $abc$22153$auto$blifparse.cc:525:parse_blif$22810.genblk1.genblk1.genblk1.genblk1.genblk1.lut0 (4 -> 0)
  Optimizing lut $abc$22153$auto$blifparse.cc:525:parse_blif$22812.genblk1.genblk1.genblk1.genblk1.genblk1.lut0 (4 -> 0)
  Optimizing lut $abc$22153$auto$blifparse.cc:525:parse_blif$22814.genblk1.genblk1.genblk1.genblk1.genblk1.lut0 (4 -> 0)
  Optimizing lut $abc$22153$auto$blifparse.cc:525:parse_blif$22365.genblk1.genblk1.genblk1.genblk1.genblk1.lut1 (4 -> 1)
  Optimizing lut $abc$22153$auto$blifparse.cc:525:parse_blif$22368.genblk1.genblk1.genblk1.genblk1.genblk1.lut1 (4 -> 1)
  Optimizing lut $abc$22153$auto$blifparse.cc:525:parse_blif$22371.genblk1.genblk1.genblk1.genblk1.genblk1.lut1 (4 -> 1)
  Optimizing lut $abc$22153$auto$blifparse.cc:525:parse_blif$22374.genblk1.genblk1.genblk1.genblk1.genblk1.lut1 (4 -> 1)
  Optimizing lut $abc$22153$auto$blifparse.cc:525:parse_blif$22829.genblk1.genblk1.genblk1.genblk1.genblk1.lut0 (4 -> 0)
  Optimizing lut $abc$22153$auto$blifparse.cc:525:parse_blif$22846.genblk1.genblk1.genblk1.genblk1.genblk1.lut0 (4 -> 0)
  Optimizing lut $abc$22153$auto$blifparse.cc:525:parse_blif$22878.genblk1.genblk1.genblk1.genblk1.genblk1.lut0 (4 -> 0)
  Optimizing lut $abc$22153$auto$blifparse.cc:525:parse_blif$22881.genblk1.genblk1.genblk1.genblk1.genblk1.lut0 (4 -> 0)
  Optimizing lut $abc$22153$auto$blifparse.cc:525:parse_blif$22882.genblk1.genblk1.genblk1.genblk1.genblk1.lut0 (4 -> 0)
  Optimizing lut $abc$22153$auto$blifparse.cc:525:parse_blif$22883.genblk1.genblk1.genblk1.genblk1.genblk1.lut0 (4 -> 0)
  Optimizing lut $abc$22153$auto$blifparse.cc:525:parse_blif$22884.genblk1.genblk1.genblk1.genblk1.genblk1.lut0 (4 -> 0)
  Optimizing lut $abc$22153$auto$blifparse.cc:525:parse_blif$22885.genblk1.genblk1.genblk1.genblk1.genblk1.lut0 (4 -> 0)
  Optimizing lut $abc$22153$auto$blifparse.cc:525:parse_blif$22886.genblk1.genblk1.genblk1.genblk1.genblk1.lut0 (4 -> 0)
  Optimizing lut $abc$22153$auto$blifparse.cc:525:parse_blif$22887.genblk1.genblk1.genblk1.genblk1.genblk1.lut0 (4 -> 0)
  Optimizing lut $abc$22153$auto$blifparse.cc:525:parse_blif$22888.genblk1.genblk1.genblk1.genblk1.genblk1.lut0 (4 -> 0)
  Optimizing lut $abc$22153$auto$blifparse.cc:525:parse_blif$22889.genblk1.genblk1.genblk1.genblk1.genblk1.lut0 (4 -> 0)
  Optimizing lut $abc$22153$auto$blifparse.cc:525:parse_blif$22890.genblk1.genblk1.genblk1.genblk1.genblk1.lut0 (4 -> 0)
  Optimizing lut $abc$22153$auto$blifparse.cc:525:parse_blif$22891.genblk1.genblk1.genblk1.genblk1.genblk1.lut0 (4 -> 0)
  Optimizing lut $abc$22153$auto$blifparse.cc:525:parse_blif$22892.genblk1.genblk1.genblk1.genblk1.genblk1.lut0 (4 -> 0)
  Optimizing lut $abc$22153$auto$blifparse.cc:525:parse_blif$22893.genblk1.genblk1.genblk1.genblk1.genblk1.lut0 (4 -> 0)
  Optimizing lut $abc$22153$auto$blifparse.cc:525:parse_blif$22894.genblk1.genblk1.genblk1.genblk1.genblk1.lut0 (4 -> 0)
  Optimizing lut $abc$22153$auto$blifparse.cc:525:parse_blif$22895.genblk1.genblk1.genblk1.genblk1.genblk1.lut0 (4 -> 0)
  Optimizing lut $abc$22153$auto$blifparse.cc:525:parse_blif$22896.genblk1.genblk1.genblk1.genblk1.genblk1.lut0 (4 -> 0)
  Optimizing lut $abc$22153$auto$blifparse.cc:525:parse_blif$22897.genblk1.genblk1.genblk1.genblk1.genblk1.lut0 (4 -> 0)
  Optimizing lut $abc$22153$auto$blifparse.cc:525:parse_blif$22898.genblk1.genblk1.genblk1.genblk1.genblk1.lut0 (4 -> 0)
  Optimizing lut $abc$22153$auto$blifparse.cc:525:parse_blif$22899.genblk1.genblk1.genblk1.genblk1.genblk1.lut0 (4 -> 0)
  Optimizing lut $abc$22153$auto$blifparse.cc:525:parse_blif$22900.genblk1.genblk1.genblk1.genblk1.genblk1.lut0 (4 -> 0)
  Optimizing lut $abc$22153$auto$blifparse.cc:525:parse_blif$22901.genblk1.genblk1.genblk1.genblk1.genblk1.lut0 (4 -> 0)
  Optimizing lut $abc$22153$auto$blifparse.cc:525:parse_blif$22902.genblk1.genblk1.genblk1.genblk1.genblk1.lut0 (4 -> 0)
  Optimizing lut $abc$22153$auto$blifparse.cc:525:parse_blif$22903.genblk1.genblk1.genblk1.genblk1.genblk1.lut0 (4 -> 0)
  Optimizing lut $abc$22153$auto$blifparse.cc:525:parse_blif$22906.genblk1.genblk1.genblk1.genblk1.genblk1.lut1 (4 -> 1)
  Optimizing lut $abc$22153$auto$blifparse.cc:525:parse_blif$22906.genblk1.genblk1.genblk1.genblk1.genblk1.lut0 (4 -> 3)
  Optimizing lut $abc$22153$auto$blifparse.cc:525:parse_blif$22907.genblk1.genblk1.genblk1.genblk1.genblk1.lut0 (4 -> 3)
  Optimizing lut $abc$22153$auto$blifparse.cc:525:parse_blif$22908.genblk1.genblk1.genblk1.genblk1.genblk1.lut0 (4 -> 3)
  Optimizing lut $abc$22153$auto$blifparse.cc:525:parse_blif$22909.genblk1.genblk1.genblk1.genblk1.genblk1.lut0 (4 -> 3)
  Optimizing lut $abc$22153$auto$blifparse.cc:525:parse_blif$22910.genblk1.genblk1.genblk1.genblk1.genblk1.lut0 (4 -> 3)
  Optimizing lut $abc$22153$auto$blifparse.cc:525:parse_blif$22911.genblk1.genblk1.genblk1.genblk1.genblk1.lut0 (4 -> 3)
  Optimizing lut $abc$22153$auto$blifparse.cc:525:parse_blif$22912.genblk1.genblk1.genblk1.genblk1.genblk1.lut0 (4 -> 3)
  Optimizing lut $abc$22153$auto$blifparse.cc:525:parse_blif$22913.genblk1.genblk1.genblk1.genblk1.genblk1.lut0 (4 -> 3)
  Optimizing lut $abc$22153$auto$blifparse.cc:525:parse_blif$22914.genblk1.genblk1.genblk1.genblk1.genblk1.lut0 (4 -> 3)
  Optimizing lut $abc$22153$auto$blifparse.cc:525:parse_blif$22915.genblk1.genblk1.genblk1.genblk1.genblk1.lut0 (4 -> 3)
  Optimizing lut $abc$22153$auto$blifparse.cc:525:parse_blif$22916.genblk1.genblk1.genblk1.genblk1.genblk1.lut0 (4 -> 3)
  Optimizing lut $abc$22153$auto$blifparse.cc:525:parse_blif$22917.genblk1.genblk1.genblk1.genblk1.genblk1.lut0 (4 -> 3)
  Optimizing lut $abc$22153$auto$blifparse.cc:525:parse_blif$22918.genblk1.genblk1.genblk1.genblk1.genblk1.lut0 (4 -> 3)
  Optimizing lut $abc$22153$auto$blifparse.cc:525:parse_blif$22919.genblk1.genblk1.genblk1.genblk1.genblk1.lut0 (4 -> 3)
  Optimizing lut $abc$22153$auto$blifparse.cc:525:parse_blif$22920.genblk1.genblk1.genblk1.genblk1.genblk1.lut0 (4 -> 3)
  Optimizing lut $abc$22153$auto$blifparse.cc:525:parse_blif$22921.genblk1.genblk1.genblk1.genblk1.genblk1.lut0 (4 -> 3)
  Optimizing lut $abc$22153$auto$blifparse.cc:525:parse_blif$22922.genblk1.genblk1.genblk1.genblk1.genblk1.lut0 (4 -> 3)
  Optimizing lut $abc$22153$auto$blifparse.cc:525:parse_blif$22923.genblk1.genblk1.genblk1.genblk1.genblk1.lut0 (4 -> 3)
  Optimizing lut $abc$22153$auto$blifparse.cc:525:parse_blif$22924.genblk1.genblk1.genblk1.genblk1.genblk1.lut0 (4 -> 3)
  Optimizing lut $abc$22153$auto$blifparse.cc:525:parse_blif$22925.genblk1.genblk1.genblk1.genblk1.genblk1.lut0 (4 -> 3)
  Optimizing lut $abc$22153$auto$blifparse.cc:525:parse_blif$22926.genblk1.genblk1.genblk1.genblk1.genblk1.lut0 (4 -> 3)
  Optimizing lut $abc$22153$auto$blifparse.cc:525:parse_blif$22927.genblk1.genblk1.genblk1.genblk1.genblk1.lut0 (4 -> 3)
  Optimizing lut $abc$22153$auto$blifparse.cc:525:parse_blif$22928.genblk1.genblk1.genblk1.genblk1.genblk1.lut0 (4 -> 3)
  Optimizing lut $abc$22153$auto$blifparse.cc:525:parse_blif$22929.genblk1.genblk1.genblk1.genblk1.genblk1.lut0 (4 -> 3)
  Optimizing lut $abc$22153$auto$blifparse.cc:525:parse_blif$22930.genblk1.genblk1.genblk1.genblk1.genblk1.lut0 (4 -> 3)
  Optimizing lut $abc$22153$auto$blifparse.cc:525:parse_blif$22931.genblk1.genblk1.genblk1.genblk1.genblk1.lut0 (4 -> 3)
  Optimizing lut $abc$22153$auto$blifparse.cc:525:parse_blif$22932.genblk1.genblk1.genblk1.genblk1.genblk1.lut0 (4 -> 3)
  Optimizing lut $abc$22153$auto$blifparse.cc:525:parse_blif$22933.genblk1.genblk1.genblk1.genblk1.genblk1.lut0 (4 -> 3)
  Optimizing lut $abc$22153$auto$blifparse.cc:525:parse_blif$22934.genblk1.genblk1.genblk1.genblk1.genblk1.lut0 (4 -> 3)
  Optimizing lut $abc$22153$auto$blifparse.cc:525:parse_blif$22935.genblk1.genblk1.genblk1.genblk1.genblk1.lut0 (4 -> 3)
  Optimizing lut $abc$22153$auto$blifparse.cc:525:parse_blif$22939.genblk1.genblk1.genblk1.genblk1.genblk1.lut0 (4 -> 3)
  Optimizing lut $abc$22153$auto$blifparse.cc:525:parse_blif$22942.genblk1.genblk1.genblk1.genblk1.genblk1.lut0 (4 -> 3)
  Optimizing lut $abc$22153$auto$blifparse.cc:525:parse_blif$22470.genblk1.genblk1.genblk1.genblk1.genblk1.lut1 (4 -> 0)
  Optimizing lut $abc$22153$auto$blifparse.cc:525:parse_blif$22946.genblk1.genblk1.genblk1.genblk1.genblk1.lut1 (4 -> 1)
  Optimizing lut $abc$22153$auto$blifparse.cc:525:parse_blif$22946.genblk1.genblk1.genblk1.genblk1.genblk1.lut0 (4 -> 3)
  Optimizing lut $abc$22153$auto$blifparse.cc:525:parse_blif$22947.genblk1.genblk1.genblk1.genblk1.genblk1.lut0 (4 -> 3)
  Optimizing lut $abc$22153$auto$blifparse.cc:525:parse_blif$22948.genblk1.genblk1.genblk1.genblk1.genblk1.lut0 (4 -> 3)
  Optimizing lut $abc$22153$auto$blifparse.cc:525:parse_blif$22949.genblk1.genblk1.genblk1.genblk1.genblk1.lut0 (4 -> 3)
  Optimizing lut $abc$22153$auto$blifparse.cc:525:parse_blif$22950.genblk1.genblk1.genblk1.genblk1.genblk1.lut0 (4 -> 3)
  Optimizing lut $abc$22153$auto$blifparse.cc:525:parse_blif$22951.genblk1.genblk1.genblk1.genblk1.genblk1.lut0 (4 -> 3)
  Optimizing lut $abc$22153$auto$blifparse.cc:525:parse_blif$22952.genblk1.genblk1.genblk1.genblk1.genblk1.lut0 (4 -> 3)
  Optimizing lut $abc$22153$auto$blifparse.cc:525:parse_blif$22953.genblk1.genblk1.genblk1.genblk1.genblk1.lut0 (4 -> 3)
  Optimizing lut $abc$22153$auto$blifparse.cc:525:parse_blif$22954.genblk1.genblk1.genblk1.genblk1.genblk1.lut0 (4 -> 3)
  Optimizing lut $abc$22153$auto$blifparse.cc:525:parse_blif$22955.genblk1.genblk1.genblk1.genblk1.genblk1.lut0 (4 -> 3)
  Optimizing lut $abc$22153$auto$blifparse.cc:525:parse_blif$22956.genblk1.genblk1.genblk1.genblk1.genblk1.lut0 (4 -> 3)
  Optimizing lut $abc$22153$auto$blifparse.cc:525:parse_blif$22957.genblk1.genblk1.genblk1.genblk1.genblk1.lut0 (4 -> 3)
  Optimizing lut $abc$22153$auto$blifparse.cc:525:parse_blif$22958.genblk1.genblk1.genblk1.genblk1.genblk1.lut0 (4 -> 3)
  Optimizing lut $abc$22153$auto$blifparse.cc:525:parse_blif$22959.genblk1.genblk1.genblk1.genblk1.genblk1.lut0 (4 -> 3)
  Optimizing lut $abc$22153$auto$blifparse.cc:525:parse_blif$22960.genblk1.genblk1.genblk1.genblk1.genblk1.lut0 (4 -> 3)
  Optimizing lut $abc$22153$auto$blifparse.cc:525:parse_blif$22961.genblk1.genblk1.genblk1.genblk1.genblk1.lut0 (4 -> 3)
  Optimizing lut $abc$22153$auto$blifparse.cc:525:parse_blif$22962.genblk1.genblk1.genblk1.genblk1.genblk1.lut0 (4 -> 3)
  Optimizing lut $abc$22153$auto$blifparse.cc:525:parse_blif$22963.genblk1.genblk1.genblk1.genblk1.genblk1.lut0 (4 -> 3)
  Optimizing lut $abc$22153$auto$blifparse.cc:525:parse_blif$22964.genblk1.genblk1.genblk1.genblk1.genblk1.lut0 (4 -> 3)
  Optimizing lut $abc$22153$auto$blifparse.cc:525:parse_blif$22965.genblk1.genblk1.genblk1.genblk1.genblk1.lut0 (4 -> 3)
  Optimizing lut $abc$22153$auto$blifparse.cc:525:parse_blif$22966.genblk1.genblk1.genblk1.genblk1.genblk1.lut0 (4 -> 3)
  Optimizing lut $abc$22153$auto$blifparse.cc:525:parse_blif$22967.genblk1.genblk1.genblk1.genblk1.genblk1.lut0 (4 -> 3)
  Optimizing lut $abc$22153$auto$blifparse.cc:525:parse_blif$23058.genblk1.genblk1.genblk1.genblk1.genblk1.lut1 (4 -> 3)
  Optimizing lut $abc$22153$auto$blifparse.cc:525:parse_blif$23045.genblk1.genblk1.genblk1.genblk1.genblk1.lut0 (4 -> 3)
  Optimizing lut $abc$22153$auto$blifparse.cc:525:parse_blif$23046.genblk1.genblk1.genblk1.genblk1.genblk1.lut0 (4 -> 3)
  Optimizing lut $abc$22153$auto$blifparse.cc:525:parse_blif$23047.genblk1.genblk1.genblk1.genblk1.genblk1.lut0 (4 -> 3)
  Optimizing lut $abc$22153$auto$blifparse.cc:525:parse_blif$23048.genblk1.genblk1.genblk1.genblk1.genblk1.lut0 (4 -> 3)
  Optimizing lut $abc$22153$auto$blifparse.cc:525:parse_blif$23049.genblk1.genblk1.genblk1.genblk1.genblk1.lut0 (4 -> 3)
  Optimizing lut $abc$22153$auto$blifparse.cc:525:parse_blif$23050.genblk1.genblk1.genblk1.genblk1.genblk1.lut0 (4 -> 3)
  Optimizing lut $abc$22153$auto$blifparse.cc:525:parse_blif$23051.genblk1.genblk1.genblk1.genblk1.genblk1.lut0 (4 -> 3)
  Optimizing lut $abc$22153$auto$blifparse.cc:525:parse_blif$23052.genblk1.genblk1.genblk1.genblk1.genblk1.lut0 (4 -> 3)
  Optimizing lut $abc$22153$auto$blifparse.cc:525:parse_blif$23053.genblk1.genblk1.genblk1.genblk1.genblk1.lut0 (4 -> 3)
  Optimizing lut $abc$22153$auto$blifparse.cc:525:parse_blif$23054.genblk1.genblk1.genblk1.genblk1.genblk1.lut0 (4 -> 3)
  Optimizing lut $abc$22153$auto$blifparse.cc:525:parse_blif$23055.genblk1.genblk1.genblk1.genblk1.genblk1.lut0 (4 -> 3)
  Optimizing lut $abc$22153$auto$blifparse.cc:525:parse_blif$23056.genblk1.genblk1.genblk1.genblk1.genblk1.lut0 (4 -> 3)
  Optimizing lut $abc$22153$auto$blifparse.cc:525:parse_blif$23057.genblk1.genblk1.genblk1.genblk1.genblk1.lut0 (4 -> 3)
  Optimizing lut $abc$22153$auto$blifparse.cc:525:parse_blif$23058.genblk1.genblk1.genblk1.genblk1.genblk1.lut0 (4 -> 1)
  Optimizing lut $abc$22153$auto$blifparse.cc:525:parse_blif$23060.genblk1.genblk1.genblk1.genblk1.genblk1.lut1 (4 -> 2)
  Optimizing lut $abc$22153$auto$blifparse.cc:525:parse_blif$23060.genblk1.genblk1.genblk1.genblk1.genblk1.lut0 (4 -> 2)
  Optimizing lut $abc$22153$auto$blifparse.cc:525:parse_blif$23065.genblk1.genblk1.genblk1.genblk1.genblk1.lut1 (4 -> 2)
  Optimizing lut $abc$22153$auto$blifparse.cc:525:parse_blif$23065.genblk1.genblk1.genblk1.genblk1.genblk1.lut0 (4 -> 2)
  Optimizing lut $abc$22153$auto$blifparse.cc:525:parse_blif$23070.genblk1.genblk1.genblk1.genblk1.genblk1.lut1 (4 -> 2)
  Optimizing lut $abc$22153$auto$blifparse.cc:525:parse_blif$23070.genblk1.genblk1.genblk1.genblk1.genblk1.lut0 (4 -> 2)
  Optimizing lut $abc$22153$auto$blifparse.cc:525:parse_blif$23075.genblk1.genblk1.genblk1.genblk1.genblk1.lut1 (4 -> 2)
  Optimizing lut $abc$22153$auto$blifparse.cc:525:parse_blif$23075.genblk1.genblk1.genblk1.genblk1.genblk1.lut0 (4 -> 2)
  Optimizing lut $abc$22153$auto$blifparse.cc:525:parse_blif$23080.genblk1.genblk1.genblk1.genblk1.genblk1.lut1 (4 -> 3)
  Optimizing lut $abc$22153$auto$blifparse.cc:525:parse_blif$23080.genblk1.genblk1.genblk1.genblk1.genblk1.lut0 (4 -> 1)
  Optimizing lut $abc$22153$auto$blifparse.cc:525:parse_blif$23082.genblk1.genblk1.genblk1.genblk1.genblk1.lut1 (4 -> 2)
  Optimizing lut $abc$22153$auto$blifparse.cc:525:parse_blif$23082.genblk1.genblk1.genblk1.genblk1.genblk1.lut0 (4 -> 2)
  Optimizing lut $abc$22153$auto$blifparse.cc:525:parse_blif$23087.genblk1.genblk1.genblk1.genblk1.genblk1.lut1 (4 -> 2)
  Optimizing lut $abc$22153$auto$blifparse.cc:525:parse_blif$23087.genblk1.genblk1.genblk1.genblk1.genblk1.lut0 (4 -> 2)
  Optimizing lut $abc$22153$auto$blifparse.cc:525:parse_blif$23092.genblk1.genblk1.genblk1.genblk1.genblk1.lut1 (4 -> 2)
  Optimizing lut $abc$22153$auto$blifparse.cc:525:parse_blif$23092.genblk1.genblk1.genblk1.genblk1.genblk1.lut0 (4 -> 2)
  Optimizing lut $abc$22153$auto$blifparse.cc:525:parse_blif$23097.genblk1.genblk1.genblk1.genblk1.genblk1.lut1 (4 -> 2)
  Optimizing lut $abc$22153$auto$blifparse.cc:525:parse_blif$23097.genblk1.genblk1.genblk1.genblk1.genblk1.lut0 (4 -> 2)
  Optimizing lut $abc$22153$auto$blifparse.cc:525:parse_blif$23102.genblk1.genblk1.genblk1.genblk1.genblk1.lut1 (4 -> 3)
  Optimizing lut $abc$22153$auto$blifparse.cc:525:parse_blif$23102.genblk1.genblk1.genblk1.genblk1.genblk1.lut0 (4 -> 1)
  Optimizing lut $abc$22153$auto$blifparse.cc:525:parse_blif$23104.genblk1.genblk1.genblk1.genblk1.genblk1.lut1 (4 -> 2)
  Optimizing lut $abc$22153$auto$blifparse.cc:525:parse_blif$23104.genblk1.genblk1.genblk1.genblk1.genblk1.lut0 (4 -> 2)
  Optimizing lut $abc$22153$auto$blifparse.cc:525:parse_blif$23109.genblk1.genblk1.genblk1.genblk1.genblk1.lut1 (4 -> 2)
  Optimizing lut $abc$22153$auto$blifparse.cc:525:parse_blif$23109.genblk1.genblk1.genblk1.genblk1.genblk1.lut0 (4 -> 2)
  Optimizing lut $abc$22153$auto$blifparse.cc:525:parse_blif$23114.genblk1.genblk1.genblk1.genblk1.genblk1.lut1 (4 -> 2)
  Optimizing lut $abc$22153$auto$blifparse.cc:525:parse_blif$23114.genblk1.genblk1.genblk1.genblk1.genblk1.lut0 (4 -> 2)
  Optimizing lut $abc$22153$auto$blifparse.cc:525:parse_blif$23119.genblk1.genblk1.genblk1.genblk1.genblk1.lut1 (4 -> 2)
  Optimizing lut $abc$22153$auto$blifparse.cc:525:parse_blif$23119.genblk1.genblk1.genblk1.genblk1.genblk1.lut0 (4 -> 2)
  Optimizing lut $abc$22153$auto$blifparse.cc:525:parse_blif$23124.genblk1.genblk1.genblk1.genblk1.genblk1.lut1 (4 -> 3)
  Optimizing lut $abc$22153$auto$blifparse.cc:525:parse_blif$23124.genblk1.genblk1.genblk1.genblk1.genblk1.lut0 (4 -> 1)
  Optimizing lut $abc$22153$auto$blifparse.cc:525:parse_blif$23126.genblk1.genblk1.genblk1.genblk1.genblk1.lut1 (4 -> 2)
  Optimizing lut $abc$22153$auto$blifparse.cc:525:parse_blif$23126.genblk1.genblk1.genblk1.genblk1.genblk1.lut0 (4 -> 2)
  Optimizing lut $abc$22153$auto$blifparse.cc:525:parse_blif$23131.genblk1.genblk1.genblk1.genblk1.genblk1.lut1 (4 -> 2)
  Optimizing lut $abc$22153$auto$blifparse.cc:525:parse_blif$23131.genblk1.genblk1.genblk1.genblk1.genblk1.lut0 (4 -> 2)
  Optimizing lut $abc$22153$auto$blifparse.cc:525:parse_blif$23136.genblk1.genblk1.genblk1.genblk1.genblk1.lut1 (4 -> 2)
  Optimizing lut $abc$22153$auto$blifparse.cc:525:parse_blif$23136.genblk1.genblk1.genblk1.genblk1.genblk1.lut0 (4 -> 2)
  Optimizing lut $abc$22153$auto$blifparse.cc:525:parse_blif$23141.genblk1.genblk1.genblk1.genblk1.genblk1.lut1 (4 -> 2)
  Optimizing lut $abc$22153$auto$blifparse.cc:525:parse_blif$23141.genblk1.genblk1.genblk1.genblk1.genblk1.lut0 (4 -> 2)
  Optimizing lut $abc$22153$auto$blifparse.cc:525:parse_blif$23146.genblk1.genblk1.genblk1.genblk1.genblk1.lut1 (4 -> 3)
  Optimizing lut $abc$22153$auto$blifparse.cc:525:parse_blif$23146.genblk1.genblk1.genblk1.genblk1.genblk1.lut0 (4 -> 1)
  Optimizing lut $abc$22153$auto$blifparse.cc:525:parse_blif$23148.genblk1.genblk1.genblk1.genblk1.genblk1.lut1 (4 -> 2)
  Optimizing lut $abc$22153$auto$blifparse.cc:525:parse_blif$23148.genblk1.genblk1.genblk1.genblk1.genblk1.lut0 (4 -> 2)
  Optimizing lut $abc$22153$auto$blifparse.cc:525:parse_blif$23153.genblk1.genblk1.genblk1.genblk1.genblk1.lut1 (4 -> 2)
  Optimizing lut $abc$22153$auto$blifparse.cc:525:parse_blif$23153.genblk1.genblk1.genblk1.genblk1.genblk1.lut0 (4 -> 2)
  Optimizing lut $abc$22153$auto$blifparse.cc:525:parse_blif$23158.genblk1.genblk1.genblk1.genblk1.genblk1.lut1 (4 -> 2)
  Optimizing lut $abc$22153$auto$blifparse.cc:525:parse_blif$23158.genblk1.genblk1.genblk1.genblk1.genblk1.lut0 (4 -> 2)
  Optimizing lut $abc$22153$auto$blifparse.cc:525:parse_blif$23163.genblk1.genblk1.genblk1.genblk1.genblk1.lut1 (4 -> 2)
  Optimizing lut $abc$22153$auto$blifparse.cc:525:parse_blif$23163.genblk1.genblk1.genblk1.genblk1.genblk1.lut0 (4 -> 2)
  Optimizing lut $abc$22153$auto$blifparse.cc:525:parse_blif$23168.genblk1.genblk1.genblk1.genblk1.genblk1.lut1 (4 -> 3)
  Optimizing lut $abc$22153$auto$blifparse.cc:525:parse_blif$23168.genblk1.genblk1.genblk1.genblk1.genblk1.lut0 (4 -> 1)
  Optimizing lut $abc$22153$auto$blifparse.cc:525:parse_blif$23170.genblk1.genblk1.genblk1.genblk1.genblk1.lut1 (4 -> 2)
  Optimizing lut $abc$22153$auto$blifparse.cc:525:parse_blif$23170.genblk1.genblk1.genblk1.genblk1.genblk1.lut0 (4 -> 2)
  Optimizing lut $abc$22153$auto$blifparse.cc:525:parse_blif$23175.genblk1.genblk1.genblk1.genblk1.genblk1.lut1 (4 -> 2)
  Optimizing lut $abc$22153$auto$blifparse.cc:525:parse_blif$23175.genblk1.genblk1.genblk1.genblk1.genblk1.lut0 (4 -> 2)
  Optimizing lut $abc$22153$auto$blifparse.cc:525:parse_blif$23180.genblk1.genblk1.genblk1.genblk1.genblk1.lut1 (4 -> 2)
  Optimizing lut $abc$22153$auto$blifparse.cc:525:parse_blif$23180.genblk1.genblk1.genblk1.genblk1.genblk1.lut0 (4 -> 2)
  Optimizing lut $abc$22153$auto$blifparse.cc:525:parse_blif$23185.genblk1.genblk1.genblk1.genblk1.genblk1.lut1 (4 -> 2)
  Optimizing lut $abc$22153$auto$blifparse.cc:525:parse_blif$23185.genblk1.genblk1.genblk1.genblk1.genblk1.lut0 (4 -> 2)
  Optimizing lut $abc$22153$auto$blifparse.cc:525:parse_blif$23190.genblk1.genblk1.genblk1.genblk1.genblk1.lut1 (4 -> 3)
  Optimizing lut $abc$22153$auto$blifparse.cc:525:parse_blif$23190.genblk1.genblk1.genblk1.genblk1.genblk1.lut0 (4 -> 1)
  Optimizing lut $abc$22153$auto$blifparse.cc:525:parse_blif$23192.genblk1.genblk1.genblk1.genblk1.genblk1.lut1 (4 -> 2)
  Optimizing lut $abc$22153$auto$blifparse.cc:525:parse_blif$23192.genblk1.genblk1.genblk1.genblk1.genblk1.lut0 (4 -> 2)
  Optimizing lut $abc$22153$auto$blifparse.cc:525:parse_blif$23197.genblk1.genblk1.genblk1.genblk1.genblk1.lut1 (4 -> 2)
  Optimizing lut $abc$22153$auto$blifparse.cc:525:parse_blif$23197.genblk1.genblk1.genblk1.genblk1.genblk1.lut0 (4 -> 2)
  Optimizing lut $abc$22153$auto$blifparse.cc:525:parse_blif$23202.genblk1.genblk1.genblk1.genblk1.genblk1.lut1 (4 -> 2)
  Optimizing lut $abc$22153$auto$blifparse.cc:525:parse_blif$23202.genblk1.genblk1.genblk1.genblk1.genblk1.lut0 (4 -> 2)
  Optimizing lut $abc$22153$auto$blifparse.cc:525:parse_blif$23207.genblk1.genblk1.genblk1.genblk1.genblk1.lut1 (4 -> 2)
  Optimizing lut $abc$22153$auto$blifparse.cc:525:parse_blif$23207.genblk1.genblk1.genblk1.genblk1.genblk1.lut0 (4 -> 2)
  Optimizing lut $abc$22153$auto$blifparse.cc:525:parse_blif$23212.genblk1.genblk1.genblk1.genblk1.genblk1.lut1 (4 -> 3)
  Optimizing lut $abc$22153$auto$blifparse.cc:525:parse_blif$23212.genblk1.genblk1.genblk1.genblk1.genblk1.lut0 (4 -> 1)
  Optimizing lut $abc$22153$auto$blifparse.cc:525:parse_blif$23214.genblk1.genblk1.genblk1.genblk1.genblk1.lut1 (4 -> 2)
  Optimizing lut $abc$22153$auto$blifparse.cc:525:parse_blif$23214.genblk1.genblk1.genblk1.genblk1.genblk1.lut0 (4 -> 2)
  Optimizing lut $abc$22153$auto$blifparse.cc:525:parse_blif$23219.genblk1.genblk1.genblk1.genblk1.genblk1.lut1 (4 -> 2)
  Optimizing lut $abc$22153$auto$blifparse.cc:525:parse_blif$23219.genblk1.genblk1.genblk1.genblk1.genblk1.lut0 (4 -> 2)
  Optimizing lut $abc$22153$auto$blifparse.cc:525:parse_blif$23224.genblk1.genblk1.genblk1.genblk1.genblk1.lut1 (4 -> 2)
  Optimizing lut $abc$22153$auto$blifparse.cc:525:parse_blif$23224.genblk1.genblk1.genblk1.genblk1.genblk1.lut0 (4 -> 2)
  Optimizing lut $abc$22153$auto$blifparse.cc:525:parse_blif$23229.genblk1.genblk1.genblk1.genblk1.genblk1.lut1 (4 -> 2)
  Optimizing lut $abc$22153$auto$blifparse.cc:525:parse_blif$23229.genblk1.genblk1.genblk1.genblk1.genblk1.lut0 (4 -> 2)
  Optimizing lut $abc$22153$auto$blifparse.cc:525:parse_blif$23234.genblk1.genblk1.genblk1.genblk1.genblk1.lut1 (4 -> 3)
  Optimizing lut $abc$22153$auto$blifparse.cc:525:parse_blif$23234.genblk1.genblk1.genblk1.genblk1.genblk1.lut0 (4 -> 1)
  Optimizing lut $abc$22153$auto$blifparse.cc:525:parse_blif$23236.genblk1.genblk1.genblk1.genblk1.genblk1.lut1 (4 -> 2)
  Optimizing lut $abc$22153$auto$blifparse.cc:525:parse_blif$23236.genblk1.genblk1.genblk1.genblk1.genblk1.lut0 (4 -> 2)
  Optimizing lut $abc$22153$auto$blifparse.cc:525:parse_blif$23241.genblk1.genblk1.genblk1.genblk1.genblk1.lut1 (4 -> 2)
  Optimizing lut $abc$22153$auto$blifparse.cc:525:parse_blif$23241.genblk1.genblk1.genblk1.genblk1.genblk1.lut0 (4 -> 2)
  Optimizing lut $abc$22153$auto$blifparse.cc:525:parse_blif$23246.genblk1.genblk1.genblk1.genblk1.genblk1.lut1 (4 -> 2)
  Optimizing lut $abc$22153$auto$blifparse.cc:525:parse_blif$23246.genblk1.genblk1.genblk1.genblk1.genblk1.lut0 (4 -> 2)
  Optimizing lut $abc$22153$auto$blifparse.cc:525:parse_blif$23251.genblk1.genblk1.genblk1.genblk1.genblk1.lut1 (4 -> 2)
  Optimizing lut $abc$22153$auto$blifparse.cc:525:parse_blif$23251.genblk1.genblk1.genblk1.genblk1.genblk1.lut0 (4 -> 2)
  Optimizing lut $abc$22153$auto$blifparse.cc:525:parse_blif$23256.genblk1.genblk1.genblk1.genblk1.genblk1.lut1 (4 -> 3)
  Optimizing lut $abc$22153$auto$blifparse.cc:525:parse_blif$23256.genblk1.genblk1.genblk1.genblk1.genblk1.lut0 (4 -> 1)
  Optimizing lut $abc$22153$auto$blifparse.cc:525:parse_blif$23258.genblk1.genblk1.genblk1.genblk1.genblk1.lut1 (4 -> 2)
  Optimizing lut $abc$22153$auto$blifparse.cc:525:parse_blif$23258.genblk1.genblk1.genblk1.genblk1.genblk1.lut0 (4 -> 2)
  Optimizing lut $abc$22153$auto$blifparse.cc:525:parse_blif$23263.genblk1.genblk1.genblk1.genblk1.genblk1.lut1 (4 -> 2)
  Optimizing lut $abc$22153$auto$blifparse.cc:525:parse_blif$23263.genblk1.genblk1.genblk1.genblk1.genblk1.lut0 (4 -> 2)
  Optimizing lut $abc$22153$auto$blifparse.cc:525:parse_blif$23268.genblk1.genblk1.genblk1.genblk1.genblk1.lut1 (4 -> 2)
  Optimizing lut $abc$22153$auto$blifparse.cc:525:parse_blif$23268.genblk1.genblk1.genblk1.genblk1.genblk1.lut0 (4 -> 2)
  Optimizing lut $abc$22153$auto$blifparse.cc:525:parse_blif$23273.genblk1.genblk1.genblk1.genblk1.genblk1.lut1 (4 -> 2)
  Optimizing lut $abc$22153$auto$blifparse.cc:525:parse_blif$23273.genblk1.genblk1.genblk1.genblk1.genblk1.lut0 (4 -> 2)
  Optimizing lut $abc$22153$auto$blifparse.cc:525:parse_blif$23278.genblk1.genblk1.genblk1.genblk1.genblk1.lut1 (4 -> 3)
  Optimizing lut $abc$22153$auto$blifparse.cc:525:parse_blif$23278.genblk1.genblk1.genblk1.genblk1.genblk1.lut0 (4 -> 1)
  Optimizing lut $abc$22153$auto$blifparse.cc:525:parse_blif$23280.genblk1.genblk1.genblk1.genblk1.genblk1.lut1 (4 -> 2)
  Optimizing lut $abc$22153$auto$blifparse.cc:525:parse_blif$23280.genblk1.genblk1.genblk1.genblk1.genblk1.lut0 (4 -> 2)
  Optimizing lut $abc$22153$auto$blifparse.cc:525:parse_blif$23285.genblk1.genblk1.genblk1.genblk1.genblk1.lut1 (4 -> 2)
  Optimizing lut $abc$22153$auto$blifparse.cc:525:parse_blif$23285.genblk1.genblk1.genblk1.genblk1.genblk1.lut0 (4 -> 2)
  Optimizing lut $abc$22153$auto$blifparse.cc:525:parse_blif$23290.genblk1.genblk1.genblk1.genblk1.genblk1.lut1 (4 -> 2)
  Optimizing lut $abc$22153$auto$blifparse.cc:525:parse_blif$23290.genblk1.genblk1.genblk1.genblk1.genblk1.lut0 (4 -> 2)
  Optimizing lut $abc$22153$auto$blifparse.cc:525:parse_blif$23295.genblk1.genblk1.genblk1.genblk1.genblk1.lut1 (4 -> 2)
  Optimizing lut $abc$22153$auto$blifparse.cc:525:parse_blif$23295.genblk1.genblk1.genblk1.genblk1.genblk1.lut0 (4 -> 2)
  Optimizing lut $abc$22153$auto$blifparse.cc:525:parse_blif$23300.genblk1.genblk1.genblk1.genblk1.genblk1.lut1 (4 -> 3)
  Optimizing lut $abc$22153$auto$blifparse.cc:525:parse_blif$23300.genblk1.genblk1.genblk1.genblk1.genblk1.lut0 (4 -> 1)
  Optimizing lut $abc$22153$auto$blifparse.cc:525:parse_blif$23302.genblk1.genblk1.genblk1.genblk1.genblk1.lut1 (4 -> 2)
  Optimizing lut $abc$22153$auto$blifparse.cc:525:parse_blif$23302.genblk1.genblk1.genblk1.genblk1.genblk1.lut0 (4 -> 2)
  Optimizing lut $abc$22153$auto$blifparse.cc:525:parse_blif$23307.genblk1.genblk1.genblk1.genblk1.genblk1.lut1 (4 -> 2)
  Optimizing lut $abc$22153$auto$blifparse.cc:525:parse_blif$23307.genblk1.genblk1.genblk1.genblk1.genblk1.lut0 (4 -> 2)
  Optimizing lut $abc$22153$auto$blifparse.cc:525:parse_blif$23312.genblk1.genblk1.genblk1.genblk1.genblk1.lut1 (4 -> 2)
  Optimizing lut $abc$22153$auto$blifparse.cc:525:parse_blif$23312.genblk1.genblk1.genblk1.genblk1.genblk1.lut0 (4 -> 2)
  Optimizing lut $abc$22153$auto$blifparse.cc:525:parse_blif$23317.genblk1.genblk1.genblk1.genblk1.genblk1.lut1 (4 -> 2)
  Optimizing lut $abc$22153$auto$blifparse.cc:525:parse_blif$23317.genblk1.genblk1.genblk1.genblk1.genblk1.lut0 (4 -> 2)
  Optimizing lut $abc$22153$auto$blifparse.cc:525:parse_blif$23322.genblk1.genblk1.genblk1.genblk1.genblk1.lut1 (4 -> 3)
  Optimizing lut $abc$22153$auto$blifparse.cc:525:parse_blif$23322.genblk1.genblk1.genblk1.genblk1.genblk1.lut0 (4 -> 1)
  Optimizing lut $abc$22153$auto$blifparse.cc:525:parse_blif$23324.genblk1.genblk1.genblk1.genblk1.genblk1.lut1 (4 -> 2)
  Optimizing lut $abc$22153$auto$blifparse.cc:525:parse_blif$23324.genblk1.genblk1.genblk1.genblk1.genblk1.lut0 (4 -> 2)
  Optimizing lut $abc$22153$auto$blifparse.cc:525:parse_blif$23329.genblk1.genblk1.genblk1.genblk1.genblk1.lut1 (4 -> 2)
  Optimizing lut $abc$22153$auto$blifparse.cc:525:parse_blif$23329.genblk1.genblk1.genblk1.genblk1.genblk1.lut0 (4 -> 2)
  Optimizing lut $abc$22153$auto$blifparse.cc:525:parse_blif$23334.genblk1.genblk1.genblk1.genblk1.genblk1.lut1 (4 -> 2)
  Optimizing lut $abc$22153$auto$blifparse.cc:525:parse_blif$23334.genblk1.genblk1.genblk1.genblk1.genblk1.lut0 (4 -> 2)
  Optimizing lut $abc$22153$auto$blifparse.cc:525:parse_blif$23339.genblk1.genblk1.genblk1.genblk1.genblk1.lut1 (4 -> 2)
  Optimizing lut $abc$22153$auto$blifparse.cc:525:parse_blif$23339.genblk1.genblk1.genblk1.genblk1.genblk1.lut0 (4 -> 2)
  Optimizing lut $abc$22153$auto$blifparse.cc:525:parse_blif$23344.genblk1.genblk1.genblk1.genblk1.genblk1.lut1 (4 -> 3)
  Optimizing lut $abc$22153$auto$blifparse.cc:525:parse_blif$23344.genblk1.genblk1.genblk1.genblk1.genblk1.lut0 (4 -> 1)
  Optimizing lut $abc$22153$auto$blifparse.cc:525:parse_blif$23346.genblk1.genblk1.genblk1.genblk1.genblk1.lut1 (4 -> 2)
  Optimizing lut $abc$22153$auto$blifparse.cc:525:parse_blif$23346.genblk1.genblk1.genblk1.genblk1.genblk1.lut0 (4 -> 2)
  Optimizing lut $abc$22153$auto$blifparse.cc:525:parse_blif$23351.genblk1.genblk1.genblk1.genblk1.genblk1.lut1 (4 -> 2)
  Optimizing lut $abc$22153$auto$blifparse.cc:525:parse_blif$23351.genblk1.genblk1.genblk1.genblk1.genblk1.lut0 (4 -> 2)
  Optimizing lut $abc$22153$auto$blifparse.cc:525:parse_blif$23356.genblk1.genblk1.genblk1.genblk1.genblk1.lut1 (4 -> 2)
  Optimizing lut $abc$22153$auto$blifparse.cc:525:parse_blif$23356.genblk1.genblk1.genblk1.genblk1.genblk1.lut0 (4 -> 2)
  Optimizing lut $abc$22153$auto$blifparse.cc:525:parse_blif$23361.genblk1.genblk1.genblk1.genblk1.genblk1.lut1 (4 -> 2)
  Optimizing lut $abc$22153$auto$blifparse.cc:525:parse_blif$23361.genblk1.genblk1.genblk1.genblk1.genblk1.lut0 (4 -> 2)
  Optimizing lut $abc$22153$auto$blifparse.cc:525:parse_blif$23366.genblk1.genblk1.genblk1.genblk1.genblk1.lut1 (4 -> 3)
  Optimizing lut $abc$22153$auto$blifparse.cc:525:parse_blif$23366.genblk1.genblk1.genblk1.genblk1.genblk1.lut0 (4 -> 1)
  Optimizing lut $abc$22153$auto$blifparse.cc:525:parse_blif$23368.genblk1.genblk1.genblk1.genblk1.genblk1.lut1 (4 -> 2)
  Optimizing lut $abc$22153$auto$blifparse.cc:525:parse_blif$23368.genblk1.genblk1.genblk1.genblk1.genblk1.lut0 (4 -> 2)
  Optimizing lut $abc$22153$auto$blifparse.cc:525:parse_blif$23373.genblk1.genblk1.genblk1.genblk1.genblk1.lut1 (4 -> 2)
  Optimizing lut $abc$22153$auto$blifparse.cc:525:parse_blif$23373.genblk1.genblk1.genblk1.genblk1.genblk1.lut0 (4 -> 2)
  Optimizing lut $abc$22153$auto$blifparse.cc:525:parse_blif$23378.genblk1.genblk1.genblk1.genblk1.genblk1.lut1 (4 -> 2)
  Optimizing lut $abc$22153$auto$blifparse.cc:525:parse_blif$23378.genblk1.genblk1.genblk1.genblk1.genblk1.lut0 (4 -> 2)
  Optimizing lut $abc$22153$auto$blifparse.cc:525:parse_blif$23383.genblk1.genblk1.genblk1.genblk1.genblk1.lut1 (4 -> 2)
  Optimizing lut $abc$22153$auto$blifparse.cc:525:parse_blif$23383.genblk1.genblk1.genblk1.genblk1.genblk1.lut0 (4 -> 2)
  Optimizing lut $abc$22153$auto$blifparse.cc:525:parse_blif$23388.genblk1.genblk1.genblk1.genblk1.genblk1.lut1 (4 -> 3)
  Optimizing lut $abc$22153$auto$blifparse.cc:525:parse_blif$23388.genblk1.genblk1.genblk1.genblk1.genblk1.lut0 (4 -> 1)
  Optimizing lut $abc$22153$auto$blifparse.cc:525:parse_blif$23390.genblk1.genblk1.genblk1.genblk1.genblk1.lut1 (4 -> 2)
  Optimizing lut $abc$22153$auto$blifparse.cc:525:parse_blif$23390.genblk1.genblk1.genblk1.genblk1.genblk1.lut0 (4 -> 2)
  Optimizing lut $abc$22153$auto$blifparse.cc:525:parse_blif$23395.genblk1.genblk1.genblk1.genblk1.genblk1.lut1 (4 -> 2)
  Optimizing lut $abc$22153$auto$blifparse.cc:525:parse_blif$23395.genblk1.genblk1.genblk1.genblk1.genblk1.lut0 (4 -> 2)
  Optimizing lut $abc$22153$auto$blifparse.cc:525:parse_blif$23400.genblk1.genblk1.genblk1.genblk1.genblk1.lut1 (4 -> 2)
  Optimizing lut $abc$22153$auto$blifparse.cc:525:parse_blif$23400.genblk1.genblk1.genblk1.genblk1.genblk1.lut0 (4 -> 2)
  Optimizing lut $abc$22153$auto$blifparse.cc:525:parse_blif$23405.genblk1.genblk1.genblk1.genblk1.genblk1.lut1 (4 -> 2)
  Optimizing lut $abc$22153$auto$blifparse.cc:525:parse_blif$23405.genblk1.genblk1.genblk1.genblk1.genblk1.lut0 (4 -> 2)
  Optimizing lut $abc$22153$auto$blifparse.cc:525:parse_blif$23410.genblk1.genblk1.genblk1.genblk1.genblk1.lut1 (4 -> 3)
  Optimizing lut $abc$22153$auto$blifparse.cc:525:parse_blif$23410.genblk1.genblk1.genblk1.genblk1.genblk1.lut0 (4 -> 1)
  Optimizing lut $abc$22153$auto$blifparse.cc:525:parse_blif$23412.genblk1.genblk1.genblk1.genblk1.genblk1.lut1 (4 -> 2)
  Optimizing lut $abc$22153$auto$blifparse.cc:525:parse_blif$23412.genblk1.genblk1.genblk1.genblk1.genblk1.lut0 (4 -> 2)
  Optimizing lut $abc$22153$auto$blifparse.cc:525:parse_blif$23417.genblk1.genblk1.genblk1.genblk1.genblk1.lut1 (4 -> 2)
  Optimizing lut $abc$22153$auto$blifparse.cc:525:parse_blif$23417.genblk1.genblk1.genblk1.genblk1.genblk1.lut0 (4 -> 2)
  Optimizing lut $abc$22153$auto$blifparse.cc:525:parse_blif$23422.genblk1.genblk1.genblk1.genblk1.genblk1.lut1 (4 -> 2)
  Optimizing lut $abc$22153$auto$blifparse.cc:525:parse_blif$23422.genblk1.genblk1.genblk1.genblk1.genblk1.lut0 (4 -> 2)
  Optimizing lut $abc$22153$auto$blifparse.cc:525:parse_blif$23427.genblk1.genblk1.genblk1.genblk1.genblk1.lut1 (4 -> 2)
  Optimizing lut $abc$22153$auto$blifparse.cc:525:parse_blif$23427.genblk1.genblk1.genblk1.genblk1.genblk1.lut0 (4 -> 2)
  Optimizing lut $abc$22153$auto$blifparse.cc:525:parse_blif$23432.genblk1.genblk1.genblk1.genblk1.genblk1.lut1 (4 -> 3)
  Optimizing lut $abc$22153$auto$blifparse.cc:525:parse_blif$23432.genblk1.genblk1.genblk1.genblk1.genblk1.lut0 (4 -> 1)
  Optimizing lut $abc$22153$auto$blifparse.cc:525:parse_blif$23434.genblk1.genblk1.genblk1.genblk1.genblk1.lut1 (4 -> 2)
  Optimizing lut $abc$22153$auto$blifparse.cc:525:parse_blif$23434.genblk1.genblk1.genblk1.genblk1.genblk1.lut0 (4 -> 2)
  Optimizing lut $abc$22153$auto$blifparse.cc:525:parse_blif$23439.genblk1.genblk1.genblk1.genblk1.genblk1.lut1 (4 -> 2)
  Optimizing lut $abc$22153$auto$blifparse.cc:525:parse_blif$23439.genblk1.genblk1.genblk1.genblk1.genblk1.lut0 (4 -> 2)
  Optimizing lut $abc$22153$auto$blifparse.cc:525:parse_blif$23444.genblk1.genblk1.genblk1.genblk1.genblk1.lut1 (4 -> 2)
  Optimizing lut $abc$22153$auto$blifparse.cc:525:parse_blif$23444.genblk1.genblk1.genblk1.genblk1.genblk1.lut0 (4 -> 2)
  Optimizing lut $abc$22153$auto$blifparse.cc:525:parse_blif$23449.genblk1.genblk1.genblk1.genblk1.genblk1.lut1 (4 -> 2)
  Optimizing lut $abc$22153$auto$blifparse.cc:525:parse_blif$23449.genblk1.genblk1.genblk1.genblk1.genblk1.lut0 (4 -> 2)
  Optimizing lut $abc$22153$auto$blifparse.cc:525:parse_blif$23454.genblk1.genblk1.genblk1.genblk1.genblk1.lut1 (4 -> 3)
  Optimizing lut $abc$22153$auto$blifparse.cc:525:parse_blif$23454.genblk1.genblk1.genblk1.genblk1.genblk1.lut0 (4 -> 1)
  Optimizing lut $abc$22153$auto$blifparse.cc:525:parse_blif$23456.genblk1.genblk1.genblk1.genblk1.genblk1.lut1 (4 -> 2)
  Optimizing lut $abc$22153$auto$blifparse.cc:525:parse_blif$23456.genblk1.genblk1.genblk1.genblk1.genblk1.lut0 (4 -> 2)
  Optimizing lut $abc$22153$auto$blifparse.cc:525:parse_blif$23461.genblk1.genblk1.genblk1.genblk1.genblk1.lut1 (4 -> 2)
  Optimizing lut $abc$22153$auto$blifparse.cc:525:parse_blif$23461.genblk1.genblk1.genblk1.genblk1.genblk1.lut0 (4 -> 2)
  Optimizing lut $abc$22153$auto$blifparse.cc:525:parse_blif$23466.genblk1.genblk1.genblk1.genblk1.genblk1.lut1 (4 -> 2)
  Optimizing lut $abc$22153$auto$blifparse.cc:525:parse_blif$23466.genblk1.genblk1.genblk1.genblk1.genblk1.lut0 (4 -> 2)
  Optimizing lut $abc$22153$auto$blifparse.cc:525:parse_blif$23471.genblk1.genblk1.genblk1.genblk1.genblk1.lut1 (4 -> 2)
  Optimizing lut $abc$22153$auto$blifparse.cc:525:parse_blif$23471.genblk1.genblk1.genblk1.genblk1.genblk1.lut0 (4 -> 2)
  Optimizing lut $abc$22153$auto$blifparse.cc:525:parse_blif$23476.genblk1.genblk1.genblk1.genblk1.genblk1.lut1 (4 -> 3)
  Optimizing lut $abc$22153$auto$blifparse.cc:525:parse_blif$23476.genblk1.genblk1.genblk1.genblk1.genblk1.lut0 (4 -> 1)
  Optimizing lut $abc$22153$auto$blifparse.cc:525:parse_blif$23478.genblk1.genblk1.genblk1.genblk1.genblk1.lut1 (4 -> 2)
  Optimizing lut $abc$22153$auto$blifparse.cc:525:parse_blif$23478.genblk1.genblk1.genblk1.genblk1.genblk1.lut0 (4 -> 2)
  Optimizing lut $abc$22153$auto$blifparse.cc:525:parse_blif$23483.genblk1.genblk1.genblk1.genblk1.genblk1.lut1 (4 -> 2)
  Optimizing lut $abc$22153$auto$blifparse.cc:525:parse_blif$23483.genblk1.genblk1.genblk1.genblk1.genblk1.lut0 (4 -> 2)
  Optimizing lut $abc$22153$auto$blifparse.cc:525:parse_blif$23488.genblk1.genblk1.genblk1.genblk1.genblk1.lut1 (4 -> 2)
  Optimizing lut $abc$22153$auto$blifparse.cc:525:parse_blif$23488.genblk1.genblk1.genblk1.genblk1.genblk1.lut0 (4 -> 2)
  Optimizing lut $abc$22153$auto$blifparse.cc:525:parse_blif$23493.genblk1.genblk1.genblk1.genblk1.genblk1.lut1 (4 -> 2)
  Optimizing lut $abc$22153$auto$blifparse.cc:525:parse_blif$23493.genblk1.genblk1.genblk1.genblk1.genblk1.lut0 (4 -> 2)
  Optimizing lut $abc$22153$auto$blifparse.cc:525:parse_blif$23498.genblk1.genblk1.genblk1.genblk1.genblk1.lut1 (4 -> 3)
  Optimizing lut $abc$22153$auto$blifparse.cc:525:parse_blif$23498.genblk1.genblk1.genblk1.genblk1.genblk1.lut0 (4 -> 1)
  Optimizing lut $abc$22153$auto$blifparse.cc:525:parse_blif$23500.genblk1.genblk1.genblk1.genblk1.genblk1.lut1 (4 -> 2)
  Optimizing lut $abc$22153$auto$blifparse.cc:525:parse_blif$23500.genblk1.genblk1.genblk1.genblk1.genblk1.lut0 (4 -> 2)
  Optimizing lut $abc$22153$auto$blifparse.cc:525:parse_blif$23505.genblk1.genblk1.genblk1.genblk1.genblk1.lut1 (4 -> 2)
  Optimizing lut $abc$22153$auto$blifparse.cc:525:parse_blif$23505.genblk1.genblk1.genblk1.genblk1.genblk1.lut0 (4 -> 2)
  Optimizing lut $abc$22153$auto$blifparse.cc:525:parse_blif$23510.genblk1.genblk1.genblk1.genblk1.genblk1.lut1 (4 -> 2)
  Optimizing lut $abc$22153$auto$blifparse.cc:525:parse_blif$23510.genblk1.genblk1.genblk1.genblk1.genblk1.lut0 (4 -> 2)
  Optimizing lut $abc$22153$auto$blifparse.cc:525:parse_blif$23515.genblk1.genblk1.genblk1.genblk1.genblk1.lut1 (4 -> 2)
  Optimizing lut $abc$22153$auto$blifparse.cc:525:parse_blif$23515.genblk1.genblk1.genblk1.genblk1.genblk1.lut0 (4 -> 2)
  Optimizing lut $abc$22153$auto$blifparse.cc:525:parse_blif$23520.genblk1.genblk1.genblk1.genblk1.genblk1.lut1 (4 -> 3)
  Optimizing lut $abc$22153$auto$blifparse.cc:525:parse_blif$23520.genblk1.genblk1.genblk1.genblk1.genblk1.lut0 (4 -> 1)
  Optimizing lut $abc$22153$auto$blifparse.cc:525:parse_blif$23522.genblk1.genblk1.genblk1.genblk1.genblk1.lut1 (4 -> 2)
  Optimizing lut $abc$22153$auto$blifparse.cc:525:parse_blif$23522.genblk1.genblk1.genblk1.genblk1.genblk1.lut0 (4 -> 2)
  Optimizing lut $abc$22153$auto$blifparse.cc:525:parse_blif$23527.genblk1.genblk1.genblk1.genblk1.genblk1.lut1 (4 -> 2)
  Optimizing lut $abc$22153$auto$blifparse.cc:525:parse_blif$23527.genblk1.genblk1.genblk1.genblk1.genblk1.lut0 (4 -> 2)
  Optimizing lut $abc$22153$auto$blifparse.cc:525:parse_blif$23532.genblk1.genblk1.genblk1.genblk1.genblk1.lut1 (4 -> 2)
  Optimizing lut $abc$22153$auto$blifparse.cc:525:parse_blif$23532.genblk1.genblk1.genblk1.genblk1.genblk1.lut0 (4 -> 2)
  Optimizing lut $abc$22153$auto$blifparse.cc:525:parse_blif$23537.genblk1.genblk1.genblk1.genblk1.genblk1.lut1 (4 -> 2)
  Optimizing lut $abc$22153$auto$blifparse.cc:525:parse_blif$23537.genblk1.genblk1.genblk1.genblk1.genblk1.lut0 (4 -> 2)
  Optimizing lut $abc$22153$auto$blifparse.cc:525:parse_blif$23542.genblk1.genblk1.genblk1.genblk1.genblk1.lut1 (4 -> 3)
  Optimizing lut $abc$22153$auto$blifparse.cc:525:parse_blif$23542.genblk1.genblk1.genblk1.genblk1.genblk1.lut0 (4 -> 1)
  Optimizing lut $abc$22153$auto$blifparse.cc:525:parse_blif$23544.genblk1.genblk1.genblk1.genblk1.genblk1.lut1 (4 -> 2)
  Optimizing lut $abc$22153$auto$blifparse.cc:525:parse_blif$23544.genblk1.genblk1.genblk1.genblk1.genblk1.lut0 (4 -> 2)
  Optimizing lut $abc$22153$auto$blifparse.cc:525:parse_blif$23549.genblk1.genblk1.genblk1.genblk1.genblk1.lut1 (4 -> 2)
  Optimizing lut $abc$22153$auto$blifparse.cc:525:parse_blif$23549.genblk1.genblk1.genblk1.genblk1.genblk1.lut0 (4 -> 2)
  Optimizing lut $abc$22153$auto$blifparse.cc:525:parse_blif$23554.genblk1.genblk1.genblk1.genblk1.genblk1.lut1 (4 -> 2)
  Optimizing lut $abc$22153$auto$blifparse.cc:525:parse_blif$23554.genblk1.genblk1.genblk1.genblk1.genblk1.lut0 (4 -> 2)
  Optimizing lut $abc$22153$auto$blifparse.cc:525:parse_blif$23559.genblk1.genblk1.genblk1.genblk1.genblk1.lut1 (4 -> 2)
  Optimizing lut $abc$22153$auto$blifparse.cc:525:parse_blif$23559.genblk1.genblk1.genblk1.genblk1.genblk1.lut0 (4 -> 2)
  Optimizing lut $abc$22153$auto$blifparse.cc:525:parse_blif$23564.genblk1.genblk1.genblk1.genblk1.genblk1.lut1 (4 -> 3)
  Optimizing lut $abc$22153$auto$blifparse.cc:525:parse_blif$23564.genblk1.genblk1.genblk1.genblk1.genblk1.lut0 (4 -> 1)
  Optimizing lut $abc$22153$auto$blifparse.cc:525:parse_blif$23566.genblk1.genblk1.genblk1.genblk1.genblk1.lut1 (4 -> 2)
  Optimizing lut $abc$22153$auto$blifparse.cc:525:parse_blif$23566.genblk1.genblk1.genblk1.genblk1.genblk1.lut0 (4 -> 2)
  Optimizing lut $abc$22153$auto$blifparse.cc:525:parse_blif$23571.genblk1.genblk1.genblk1.genblk1.genblk1.lut1 (4 -> 2)
  Optimizing lut $abc$22153$auto$blifparse.cc:525:parse_blif$23571.genblk1.genblk1.genblk1.genblk1.genblk1.lut0 (4 -> 2)
  Optimizing lut $abc$22153$auto$blifparse.cc:525:parse_blif$23576.genblk1.genblk1.genblk1.genblk1.genblk1.lut1 (4 -> 2)
  Optimizing lut $abc$22153$auto$blifparse.cc:525:parse_blif$23576.genblk1.genblk1.genblk1.genblk1.genblk1.lut0 (4 -> 2)
  Optimizing lut $abc$22153$auto$blifparse.cc:525:parse_blif$23581.genblk1.genblk1.genblk1.genblk1.genblk1.lut1 (4 -> 2)
  Optimizing lut $abc$22153$auto$blifparse.cc:525:parse_blif$23581.genblk1.genblk1.genblk1.genblk1.genblk1.lut0 (4 -> 2)
  Optimizing lut $abc$22153$auto$blifparse.cc:525:parse_blif$23586.genblk1.genblk1.genblk1.genblk1.genblk1.lut1 (4 -> 3)
  Optimizing lut $abc$22153$auto$blifparse.cc:525:parse_blif$23586.genblk1.genblk1.genblk1.genblk1.genblk1.lut0 (4 -> 1)
  Optimizing lut $abc$22153$auto$blifparse.cc:525:parse_blif$23588.genblk1.genblk1.genblk1.genblk1.genblk1.lut1 (4 -> 2)
  Optimizing lut $abc$22153$auto$blifparse.cc:525:parse_blif$23588.genblk1.genblk1.genblk1.genblk1.genblk1.lut0 (4 -> 2)
  Optimizing lut $abc$22153$auto$blifparse.cc:525:parse_blif$23593.genblk1.genblk1.genblk1.genblk1.genblk1.lut1 (4 -> 2)
  Optimizing lut $abc$22153$auto$blifparse.cc:525:parse_blif$23593.genblk1.genblk1.genblk1.genblk1.genblk1.lut0 (4 -> 2)
  Optimizing lut $abc$22153$auto$blifparse.cc:525:parse_blif$23598.genblk1.genblk1.genblk1.genblk1.genblk1.lut1 (4 -> 2)
  Optimizing lut $abc$22153$auto$blifparse.cc:525:parse_blif$23598.genblk1.genblk1.genblk1.genblk1.genblk1.lut0 (4 -> 2)
  Optimizing lut $abc$22153$auto$blifparse.cc:525:parse_blif$23603.genblk1.genblk1.genblk1.genblk1.genblk1.lut1 (4 -> 2)
  Optimizing lut $abc$22153$auto$blifparse.cc:525:parse_blif$23603.genblk1.genblk1.genblk1.genblk1.genblk1.lut0 (4 -> 2)
  Optimizing lut $abc$22153$auto$blifparse.cc:525:parse_blif$23608.genblk1.genblk1.genblk1.genblk1.genblk1.lut1 (4 -> 3)
  Optimizing lut $abc$22153$auto$blifparse.cc:525:parse_blif$23608.genblk1.genblk1.genblk1.genblk1.genblk1.lut0 (4 -> 1)
  Optimizing lut $abc$22153$auto$blifparse.cc:525:parse_blif$23610.genblk1.genblk1.genblk1.genblk1.genblk1.lut1 (4 -> 2)
  Optimizing lut $abc$22153$auto$blifparse.cc:525:parse_blif$23610.genblk1.genblk1.genblk1.genblk1.genblk1.lut0 (4 -> 2)
  Optimizing lut $abc$22153$auto$blifparse.cc:525:parse_blif$23615.genblk1.genblk1.genblk1.genblk1.genblk1.lut1 (4 -> 2)
  Optimizing lut $abc$22153$auto$blifparse.cc:525:parse_blif$23615.genblk1.genblk1.genblk1.genblk1.genblk1.lut0 (4 -> 2)
  Optimizing lut $abc$22153$auto$blifparse.cc:525:parse_blif$23620.genblk1.genblk1.genblk1.genblk1.genblk1.lut1 (4 -> 2)
  Optimizing lut $abc$22153$auto$blifparse.cc:525:parse_blif$23620.genblk1.genblk1.genblk1.genblk1.genblk1.lut0 (4 -> 2)
  Optimizing lut $abc$22153$auto$blifparse.cc:525:parse_blif$23625.genblk1.genblk1.genblk1.genblk1.genblk1.lut1 (4 -> 2)
  Optimizing lut $abc$22153$auto$blifparse.cc:525:parse_blif$23625.genblk1.genblk1.genblk1.genblk1.genblk1.lut0 (4 -> 2)
  Optimizing lut $abc$22153$auto$blifparse.cc:525:parse_blif$23630.genblk1.genblk1.genblk1.genblk1.genblk1.lut1 (4 -> 3)
  Optimizing lut $abc$22153$auto$blifparse.cc:525:parse_blif$23630.genblk1.genblk1.genblk1.genblk1.genblk1.lut0 (4 -> 1)
  Optimizing lut $abc$22153$auto$blifparse.cc:525:parse_blif$23632.genblk1.genblk1.genblk1.genblk1.genblk1.lut1 (4 -> 2)
  Optimizing lut $abc$22153$auto$blifparse.cc:525:parse_blif$23632.genblk1.genblk1.genblk1.genblk1.genblk1.lut0 (4 -> 2)
  Optimizing lut $abc$22153$auto$blifparse.cc:525:parse_blif$23637.genblk1.genblk1.genblk1.genblk1.genblk1.lut1 (4 -> 2)
  Optimizing lut $abc$22153$auto$blifparse.cc:525:parse_blif$23637.genblk1.genblk1.genblk1.genblk1.genblk1.lut0 (4 -> 2)
  Optimizing lut $abc$22153$auto$blifparse.cc:525:parse_blif$23642.genblk1.genblk1.genblk1.genblk1.genblk1.lut1 (4 -> 2)
  Optimizing lut $abc$22153$auto$blifparse.cc:525:parse_blif$23642.genblk1.genblk1.genblk1.genblk1.genblk1.lut0 (4 -> 2)
  Optimizing lut $abc$22153$auto$blifparse.cc:525:parse_blif$23647.genblk1.genblk1.genblk1.genblk1.genblk1.lut1 (4 -> 2)
  Optimizing lut $abc$22153$auto$blifparse.cc:525:parse_blif$23647.genblk1.genblk1.genblk1.genblk1.genblk1.lut0 (4 -> 2)
  Optimizing lut $abc$22153$auto$blifparse.cc:525:parse_blif$23652.genblk1.genblk1.genblk1.genblk1.genblk1.lut1 (4 -> 3)
  Optimizing lut $abc$22153$auto$blifparse.cc:525:parse_blif$23652.genblk1.genblk1.genblk1.genblk1.genblk1.lut0 (4 -> 1)
  Optimizing lut $abc$22153$auto$blifparse.cc:525:parse_blif$23654.genblk1.genblk1.genblk1.genblk1.genblk1.lut1 (4 -> 2)
  Optimizing lut $abc$22153$auto$blifparse.cc:525:parse_blif$23654.genblk1.genblk1.genblk1.genblk1.genblk1.lut0 (4 -> 2)
  Optimizing lut $abc$22153$auto$blifparse.cc:525:parse_blif$23659.genblk1.genblk1.genblk1.genblk1.genblk1.lut1 (4 -> 2)
  Optimizing lut $abc$22153$auto$blifparse.cc:525:parse_blif$23659.genblk1.genblk1.genblk1.genblk1.genblk1.lut0 (4 -> 2)
  Optimizing lut $abc$22153$auto$blifparse.cc:525:parse_blif$23664.genblk1.genblk1.genblk1.genblk1.genblk1.lut1 (4 -> 2)
  Optimizing lut $abc$22153$auto$blifparse.cc:525:parse_blif$23664.genblk1.genblk1.genblk1.genblk1.genblk1.lut0 (4 -> 2)
  Optimizing lut $abc$22153$auto$blifparse.cc:525:parse_blif$23669.genblk1.genblk1.genblk1.genblk1.genblk1.lut1 (4 -> 2)
  Optimizing lut $abc$22153$auto$blifparse.cc:525:parse_blif$23669.genblk1.genblk1.genblk1.genblk1.genblk1.lut0 (4 -> 2)
  Optimizing lut $abc$22153$auto$blifparse.cc:525:parse_blif$23674.genblk1.genblk1.genblk1.genblk1.genblk1.lut1 (4 -> 3)
  Optimizing lut $abc$22153$auto$blifparse.cc:525:parse_blif$23674.genblk1.genblk1.genblk1.genblk1.genblk1.lut0 (4 -> 1)
  Optimizing lut $abc$22153$auto$blifparse.cc:525:parse_blif$23676.genblk1.genblk1.genblk1.genblk1.genblk1.lut1 (4 -> 2)
  Optimizing lut $abc$22153$auto$blifparse.cc:525:parse_blif$23676.genblk1.genblk1.genblk1.genblk1.genblk1.lut0 (4 -> 2)
  Optimizing lut $abc$22153$auto$blifparse.cc:525:parse_blif$23681.genblk1.genblk1.genblk1.genblk1.genblk1.lut1 (4 -> 2)
  Optimizing lut $abc$22153$auto$blifparse.cc:525:parse_blif$23681.genblk1.genblk1.genblk1.genblk1.genblk1.lut0 (4 -> 2)
  Optimizing lut $abc$22153$auto$blifparse.cc:525:parse_blif$23686.genblk1.genblk1.genblk1.genblk1.genblk1.lut1 (4 -> 2)
  Optimizing lut $abc$22153$auto$blifparse.cc:525:parse_blif$23686.genblk1.genblk1.genblk1.genblk1.genblk1.lut0 (4 -> 2)
  Optimizing lut $abc$22153$auto$blifparse.cc:525:parse_blif$23691.genblk1.genblk1.genblk1.genblk1.genblk1.lut1 (4 -> 2)
  Optimizing lut $abc$22153$auto$blifparse.cc:525:parse_blif$23691.genblk1.genblk1.genblk1.genblk1.genblk1.lut0 (4 -> 2)
  Optimizing lut $abc$22153$auto$blifparse.cc:525:parse_blif$23696.genblk1.genblk1.genblk1.genblk1.genblk1.lut1 (4 -> 3)
  Optimizing lut $abc$22153$auto$blifparse.cc:525:parse_blif$23696.genblk1.genblk1.genblk1.genblk1.genblk1.lut0 (4 -> 1)
  Optimizing lut $abc$22153$auto$blifparse.cc:525:parse_blif$23698.genblk1.genblk1.genblk1.genblk1.genblk1.lut1 (4 -> 2)
  Optimizing lut $abc$22153$auto$blifparse.cc:525:parse_blif$23698.genblk1.genblk1.genblk1.genblk1.genblk1.lut0 (4 -> 2)
  Optimizing lut $abc$22153$auto$blifparse.cc:525:parse_blif$23703.genblk1.genblk1.genblk1.genblk1.genblk1.lut1 (4 -> 2)
  Optimizing lut $abc$22153$auto$blifparse.cc:525:parse_blif$23703.genblk1.genblk1.genblk1.genblk1.genblk1.lut0 (4 -> 2)
  Optimizing lut $abc$22153$auto$blifparse.cc:525:parse_blif$23708.genblk1.genblk1.genblk1.genblk1.genblk1.lut1 (4 -> 2)
  Optimizing lut $abc$22153$auto$blifparse.cc:525:parse_blif$23708.genblk1.genblk1.genblk1.genblk1.genblk1.lut0 (4 -> 2)
  Optimizing lut $abc$22153$auto$blifparse.cc:525:parse_blif$23713.genblk1.genblk1.genblk1.genblk1.genblk1.lut1 (4 -> 2)
  Optimizing lut $abc$22153$auto$blifparse.cc:525:parse_blif$23713.genblk1.genblk1.genblk1.genblk1.genblk1.lut0 (4 -> 2)
  Optimizing lut $abc$22153$auto$blifparse.cc:525:parse_blif$23718.genblk1.genblk1.genblk1.genblk1.genblk1.lut1 (4 -> 3)
  Optimizing lut $abc$22153$auto$blifparse.cc:525:parse_blif$23718.genblk1.genblk1.genblk1.genblk1.genblk1.lut0 (4 -> 1)
  Optimizing lut $abc$22153$auto$blifparse.cc:525:parse_blif$23720.genblk1.genblk1.genblk1.genblk1.genblk1.lut1 (4 -> 2)
  Optimizing lut $abc$22153$auto$blifparse.cc:525:parse_blif$23720.genblk1.genblk1.genblk1.genblk1.genblk1.lut0 (4 -> 2)
  Optimizing lut $abc$22153$auto$blifparse.cc:525:parse_blif$23725.genblk1.genblk1.genblk1.genblk1.genblk1.lut1 (4 -> 2)
  Optimizing lut $abc$22153$auto$blifparse.cc:525:parse_blif$23725.genblk1.genblk1.genblk1.genblk1.genblk1.lut0 (4 -> 2)
  Optimizing lut $abc$22153$auto$blifparse.cc:525:parse_blif$23730.genblk1.genblk1.genblk1.genblk1.genblk1.lut1 (4 -> 2)
  Optimizing lut $abc$22153$auto$blifparse.cc:525:parse_blif$23730.genblk1.genblk1.genblk1.genblk1.genblk1.lut0 (4 -> 2)
  Optimizing lut $abc$22153$auto$blifparse.cc:525:parse_blif$23735.genblk1.genblk1.genblk1.genblk1.genblk1.lut1 (4 -> 2)
  Optimizing lut $abc$22153$auto$blifparse.cc:525:parse_blif$23735.genblk1.genblk1.genblk1.genblk1.genblk1.lut0 (4 -> 2)
  Optimizing lut $abc$22153$auto$blifparse.cc:525:parse_blif$23740.genblk1.genblk1.genblk1.genblk1.genblk1.lut1 (4 -> 3)
  Optimizing lut $abc$22153$auto$blifparse.cc:525:parse_blif$23740.genblk1.genblk1.genblk1.genblk1.genblk1.lut0 (4 -> 1)
  Optimizing lut $abc$22153$auto$blifparse.cc:525:parse_blif$23742.genblk1.genblk1.genblk1.genblk1.genblk1.lut1 (4 -> 2)
  Optimizing lut $abc$22153$auto$blifparse.cc:525:parse_blif$23742.genblk1.genblk1.genblk1.genblk1.genblk1.lut0 (4 -> 2)
  Optimizing lut $abc$22153$auto$blifparse.cc:525:parse_blif$23747.genblk1.genblk1.genblk1.genblk1.genblk1.lut1 (4 -> 2)
  Optimizing lut $abc$22153$auto$blifparse.cc:525:parse_blif$23747.genblk1.genblk1.genblk1.genblk1.genblk1.lut0 (4 -> 2)
  Optimizing lut $abc$22153$auto$blifparse.cc:525:parse_blif$23752.genblk1.genblk1.genblk1.genblk1.genblk1.lut1 (4 -> 2)
  Optimizing lut $abc$22153$auto$blifparse.cc:525:parse_blif$23752.genblk1.genblk1.genblk1.genblk1.genblk1.lut0 (4 -> 2)
  Optimizing lut $abc$22153$auto$blifparse.cc:525:parse_blif$23757.genblk1.genblk1.genblk1.genblk1.genblk1.lut1 (4 -> 2)
  Optimizing lut $abc$22153$auto$blifparse.cc:525:parse_blif$23757.genblk1.genblk1.genblk1.genblk1.genblk1.lut0 (4 -> 2)
  Optimizing lut $abc$22153$auto$blifparse.cc:525:parse_blif$23858.genblk1.genblk1.genblk1.genblk1.genblk1.lut1 (4 -> 3)
  Optimizing lut $abc$22153$auto$blifparse.cc:525:parse_blif$23858.genblk1.genblk1.genblk1.genblk1.genblk1.lut0 (4 -> 1)
  Optimizing lut $abc$22153$auto$blifparse.cc:525:parse_blif$23859.genblk1.genblk1.genblk1.genblk1.genblk1.lut0 (4 -> 1)
  Optimizing lut $abc$22153$auto$blifparse.cc:525:parse_blif$23860.genblk1.genblk1.genblk1.genblk1.genblk1.lut0 (4 -> 1)
  Optimizing lut $abc$22153$auto$blifparse.cc:525:parse_blif$23861.genblk1.genblk1.genblk1.genblk1.genblk1.lut0 (4 -> 1)
  Optimizing lut $abc$22153$auto$blifparse.cc:525:parse_blif$23862.genblk1.genblk1.genblk1.genblk1.genblk1.lut0 (4 -> 1)
  Optimizing lut $abc$22153$auto$blifparse.cc:525:parse_blif$23863.genblk1.genblk1.genblk1.genblk1.genblk1.lut0 (4 -> 1)
  Optimizing lut $abc$22153$auto$blifparse.cc:525:parse_blif$23864.genblk1.genblk1.genblk1.genblk1.genblk1.lut0 (4 -> 1)
  Optimizing lut $abc$22153$auto$blifparse.cc:525:parse_blif$23865.genblk1.genblk1.genblk1.genblk1.genblk1.lut0 (4 -> 1)
  Optimizing lut $abc$22153$auto$blifparse.cc:525:parse_blif$23866.genblk1.genblk1.genblk1.genblk1.genblk1.lut0 (4 -> 1)
  Optimizing lut $abc$22153$auto$blifparse.cc:525:parse_blif$23867.genblk1.genblk1.genblk1.genblk1.genblk1.lut0 (4 -> 1)
  Optimizing lut $abc$22153$auto$blifparse.cc:525:parse_blif$23868.genblk1.genblk1.genblk1.genblk1.genblk1.lut0 (4 -> 1)
  Optimizing lut $abc$22153$auto$blifparse.cc:525:parse_blif$23869.genblk1.genblk1.genblk1.genblk1.genblk1.lut0 (4 -> 1)
  Optimizing lut $abc$22153$auto$blifparse.cc:525:parse_blif$23870.genblk1.genblk1.genblk1.genblk1.genblk1.lut0 (4 -> 1)
  Optimizing lut $abc$22153$auto$blifparse.cc:525:parse_blif$23871.genblk1.genblk1.genblk1.genblk1.genblk1.lut0 (4 -> 1)
  Optimizing lut $abc$22153$auto$blifparse.cc:525:parse_blif$23872.genblk1.genblk1.genblk1.genblk1.genblk1.lut0 (4 -> 1)
  Optimizing lut $abc$22153$auto$blifparse.cc:525:parse_blif$23873.genblk1.genblk1.genblk1.genblk1.genblk1.lut0 (4 -> 1)
  Optimizing lut $abc$22153$auto$blifparse.cc:525:parse_blif$23874.genblk1.genblk1.genblk1.genblk1.genblk1.lut0 (4 -> 1)
  Optimizing lut $abc$22153$auto$blifparse.cc:525:parse_blif$23875.genblk1.genblk1.genblk1.genblk1.genblk1.lut0 (4 -> 1)
  Optimizing lut $abc$22153$auto$blifparse.cc:525:parse_blif$23876.genblk1.genblk1.genblk1.genblk1.genblk1.lut0 (4 -> 1)
  Optimizing lut $abc$22153$auto$blifparse.cc:525:parse_blif$23877.genblk1.genblk1.genblk1.genblk1.genblk1.lut0 (4 -> 1)
  Optimizing lut $abc$22153$auto$blifparse.cc:525:parse_blif$23878.genblk1.genblk1.genblk1.genblk1.genblk1.lut0 (4 -> 1)
  Optimizing lut $abc$22153$auto$blifparse.cc:525:parse_blif$23879.genblk1.genblk1.genblk1.genblk1.genblk1.lut0 (4 -> 1)
  Optimizing lut $abc$22153$auto$blifparse.cc:525:parse_blif$23880.genblk1.genblk1.genblk1.genblk1.genblk1.lut0 (4 -> 1)
  Optimizing lut $abc$22153$auto$blifparse.cc:525:parse_blif$23881.genblk1.genblk1.genblk1.genblk1.genblk1.lut0 (4 -> 1)
  Optimizing lut $abc$22153$auto$blifparse.cc:525:parse_blif$23882.genblk1.genblk1.genblk1.genblk1.genblk1.lut0 (4 -> 1)
  Optimizing lut $abc$22153$auto$blifparse.cc:525:parse_blif$23883.genblk1.genblk1.genblk1.genblk1.genblk1.lut0 (4 -> 1)
  Optimizing lut $abc$22153$auto$blifparse.cc:525:parse_blif$23884.genblk1.genblk1.genblk1.genblk1.genblk1.lut0 (4 -> 1)
  Optimizing lut $abc$22153$auto$blifparse.cc:525:parse_blif$23885.genblk1.genblk1.genblk1.genblk1.genblk1.lut0 (4 -> 1)
  Optimizing lut $abc$22153$auto$blifparse.cc:525:parse_blif$23886.genblk1.genblk1.genblk1.genblk1.genblk1.lut0 (4 -> 1)
  Optimizing lut $abc$22153$auto$blifparse.cc:525:parse_blif$23887.genblk1.genblk1.genblk1.genblk1.genblk1.lut0 (4 -> 1)
  Optimizing lut $abc$22153$auto$blifparse.cc:525:parse_blif$23888.genblk1.genblk1.genblk1.genblk1.genblk1.lut0 (4 -> 1)
  Optimizing lut $abc$22153$auto$blifparse.cc:525:parse_blif$23953.genblk1.genblk1.genblk1.genblk1.genblk1.lut1 (4 -> 3)
  Optimizing lut $abc$22153$auto$blifparse.cc:525:parse_blif$23953.genblk1.genblk1.genblk1.genblk1.genblk1.lut0 (4 -> 1)
  Optimizing lut $abc$22153$auto$blifparse.cc:525:parse_blif$23955.genblk1.genblk1.genblk1.genblk1.genblk1.lut1 (4 -> 2)
  Optimizing lut $abc$22153$auto$blifparse.cc:525:parse_blif$23955.genblk1.genblk1.genblk1.genblk1.genblk1.lut0 (4 -> 2)
  Optimizing lut $abc$22153$auto$blifparse.cc:525:parse_blif$23960.genblk1.genblk1.genblk1.genblk1.genblk1.lut1 (4 -> 2)
  Optimizing lut $abc$22153$auto$blifparse.cc:525:parse_blif$23960.genblk1.genblk1.genblk1.genblk1.genblk1.lut0 (4 -> 2)
  Optimizing lut $abc$22153$auto$blifparse.cc:525:parse_blif$23965.genblk1.genblk1.genblk1.genblk1.genblk1.lut1 (4 -> 2)
  Optimizing lut $abc$22153$auto$blifparse.cc:525:parse_blif$23965.genblk1.genblk1.genblk1.genblk1.genblk1.lut0 (4 -> 2)
  Optimizing lut $abc$22153$auto$blifparse.cc:525:parse_blif$23970.genblk1.genblk1.genblk1.genblk1.genblk1.lut1 (4 -> 2)
  Optimizing lut $abc$22153$auto$blifparse.cc:525:parse_blif$23970.genblk1.genblk1.genblk1.genblk1.genblk1.lut0 (4 -> 2)
  Optimizing lut $abc$22153$auto$blifparse.cc:525:parse_blif$23975.genblk1.genblk1.genblk1.genblk1.genblk1.lut1 (4 -> 3)
  Optimizing lut $abc$22153$auto$blifparse.cc:525:parse_blif$23975.genblk1.genblk1.genblk1.genblk1.genblk1.lut0 (4 -> 1)
  Optimizing lut $abc$22153$auto$blifparse.cc:525:parse_blif$23977.genblk1.genblk1.genblk1.genblk1.genblk1.lut1 (4 -> 2)
  Optimizing lut $abc$22153$auto$blifparse.cc:525:parse_blif$23977.genblk1.genblk1.genblk1.genblk1.genblk1.lut0 (4 -> 2)
  Optimizing lut $abc$22153$auto$blifparse.cc:525:parse_blif$23982.genblk1.genblk1.genblk1.genblk1.genblk1.lut1 (4 -> 2)
  Optimizing lut $abc$22153$auto$blifparse.cc:525:parse_blif$23982.genblk1.genblk1.genblk1.genblk1.genblk1.lut0 (4 -> 2)
  Optimizing lut $abc$22153$auto$blifparse.cc:525:parse_blif$23987.genblk1.genblk1.genblk1.genblk1.genblk1.lut1 (4 -> 2)
  Optimizing lut $abc$22153$auto$blifparse.cc:525:parse_blif$23987.genblk1.genblk1.genblk1.genblk1.genblk1.lut0 (4 -> 2)
  Optimizing lut $abc$22153$auto$blifparse.cc:525:parse_blif$23992.genblk1.genblk1.genblk1.genblk1.genblk1.lut1 (4 -> 2)
  Optimizing lut $abc$22153$auto$blifparse.cc:525:parse_blif$23992.genblk1.genblk1.genblk1.genblk1.genblk1.lut0 (4 -> 2)
  Optimizing lut $abc$22153$auto$blifparse.cc:525:parse_blif$23997.genblk1.genblk1.genblk1.genblk1.genblk1.lut1 (4 -> 3)
  Optimizing lut $abc$22153$auto$blifparse.cc:525:parse_blif$23997.genblk1.genblk1.genblk1.genblk1.genblk1.lut0 (4 -> 1)
  Optimizing lut $abc$22153$auto$blifparse.cc:525:parse_blif$23999.genblk1.genblk1.genblk1.genblk1.genblk1.lut1 (4 -> 2)
  Optimizing lut $abc$22153$auto$blifparse.cc:525:parse_blif$23999.genblk1.genblk1.genblk1.genblk1.genblk1.lut0 (4 -> 2)
  Optimizing lut $abc$22153$auto$blifparse.cc:525:parse_blif$24004.genblk1.genblk1.genblk1.genblk1.genblk1.lut1 (4 -> 2)
  Optimizing lut $abc$22153$auto$blifparse.cc:525:parse_blif$24004.genblk1.genblk1.genblk1.genblk1.genblk1.lut0 (4 -> 2)
  Optimizing lut $abc$22153$auto$blifparse.cc:525:parse_blif$24009.genblk1.genblk1.genblk1.genblk1.genblk1.lut1 (4 -> 2)
  Optimizing lut $abc$22153$auto$blifparse.cc:525:parse_blif$24009.genblk1.genblk1.genblk1.genblk1.genblk1.lut0 (4 -> 2)
  Optimizing lut $abc$22153$auto$blifparse.cc:525:parse_blif$24014.genblk1.genblk1.genblk1.genblk1.genblk1.lut1 (4 -> 2)
  Optimizing lut $abc$22153$auto$blifparse.cc:525:parse_blif$24014.genblk1.genblk1.genblk1.genblk1.genblk1.lut0 (4 -> 2)
  Optimizing lut $abc$22153$auto$blifparse.cc:525:parse_blif$24019.genblk1.genblk1.genblk1.genblk1.genblk1.lut1 (4 -> 3)
  Optimizing lut $abc$22153$auto$blifparse.cc:525:parse_blif$24019.genblk1.genblk1.genblk1.genblk1.genblk1.lut0 (4 -> 1)
  Optimizing lut $abc$22153$auto$blifparse.cc:525:parse_blif$24021.genblk1.genblk1.genblk1.genblk1.genblk1.lut1 (4 -> 2)
  Optimizing lut $abc$22153$auto$blifparse.cc:525:parse_blif$24021.genblk1.genblk1.genblk1.genblk1.genblk1.lut0 (4 -> 2)
  Optimizing lut $abc$22153$auto$blifparse.cc:525:parse_blif$24026.genblk1.genblk1.genblk1.genblk1.genblk1.lut1 (4 -> 2)
  Optimizing lut $abc$22153$auto$blifparse.cc:525:parse_blif$24026.genblk1.genblk1.genblk1.genblk1.genblk1.lut0 (4 -> 2)
  Optimizing lut $abc$22153$auto$blifparse.cc:525:parse_blif$24031.genblk1.genblk1.genblk1.genblk1.genblk1.lut1 (4 -> 2)
  Optimizing lut $abc$22153$auto$blifparse.cc:525:parse_blif$24031.genblk1.genblk1.genblk1.genblk1.genblk1.lut0 (4 -> 2)
  Optimizing lut $abc$22153$auto$blifparse.cc:525:parse_blif$24036.genblk1.genblk1.genblk1.genblk1.genblk1.lut1 (4 -> 2)
  Optimizing lut $abc$22153$auto$blifparse.cc:525:parse_blif$24036.genblk1.genblk1.genblk1.genblk1.genblk1.lut0 (4 -> 2)
  Optimizing lut $abc$22153$auto$blifparse.cc:525:parse_blif$24041.genblk1.genblk1.genblk1.genblk1.genblk1.lut1 (4 -> 3)
  Optimizing lut $abc$22153$auto$blifparse.cc:525:parse_blif$24041.genblk1.genblk1.genblk1.genblk1.genblk1.lut0 (4 -> 1)
  Optimizing lut $abc$22153$auto$blifparse.cc:525:parse_blif$24043.genblk1.genblk1.genblk1.genblk1.genblk1.lut1 (4 -> 2)
  Optimizing lut $abc$22153$auto$blifparse.cc:525:parse_blif$24043.genblk1.genblk1.genblk1.genblk1.genblk1.lut0 (4 -> 2)
  Optimizing lut $abc$22153$auto$blifparse.cc:525:parse_blif$24048.genblk1.genblk1.genblk1.genblk1.genblk1.lut1 (4 -> 2)
  Optimizing lut $abc$22153$auto$blifparse.cc:525:parse_blif$24048.genblk1.genblk1.genblk1.genblk1.genblk1.lut0 (4 -> 2)
  Optimizing lut $abc$22153$auto$blifparse.cc:525:parse_blif$24053.genblk1.genblk1.genblk1.genblk1.genblk1.lut1 (4 -> 2)
  Optimizing lut $abc$22153$auto$blifparse.cc:525:parse_blif$24053.genblk1.genblk1.genblk1.genblk1.genblk1.lut0 (4 -> 2)
  Optimizing lut $abc$22153$auto$blifparse.cc:525:parse_blif$24058.genblk1.genblk1.genblk1.genblk1.genblk1.lut1 (4 -> 2)
  Optimizing lut $abc$22153$auto$blifparse.cc:525:parse_blif$24058.genblk1.genblk1.genblk1.genblk1.genblk1.lut0 (4 -> 2)
  Optimizing lut $abc$22153$auto$blifparse.cc:525:parse_blif$24063.genblk1.genblk1.genblk1.genblk1.genblk1.lut1 (4 -> 3)
  Optimizing lut $abc$22153$auto$blifparse.cc:525:parse_blif$24063.genblk1.genblk1.genblk1.genblk1.genblk1.lut0 (4 -> 1)
  Optimizing lut $abc$22153$auto$blifparse.cc:525:parse_blif$24065.genblk1.genblk1.genblk1.genblk1.genblk1.lut1 (4 -> 2)
  Optimizing lut $abc$22153$auto$blifparse.cc:525:parse_blif$24065.genblk1.genblk1.genblk1.genblk1.genblk1.lut0 (4 -> 2)
  Optimizing lut $abc$22153$auto$blifparse.cc:525:parse_blif$24070.genblk1.genblk1.genblk1.genblk1.genblk1.lut1 (4 -> 2)
  Optimizing lut $abc$22153$auto$blifparse.cc:525:parse_blif$24070.genblk1.genblk1.genblk1.genblk1.genblk1.lut0 (4 -> 2)
  Optimizing lut $abc$22153$auto$blifparse.cc:525:parse_blif$24075.genblk1.genblk1.genblk1.genblk1.genblk1.lut1 (4 -> 2)
  Optimizing lut $abc$22153$auto$blifparse.cc:525:parse_blif$24075.genblk1.genblk1.genblk1.genblk1.genblk1.lut0 (4 -> 2)
  Optimizing lut $abc$22153$auto$blifparse.cc:525:parse_blif$24080.genblk1.genblk1.genblk1.genblk1.genblk1.lut1 (4 -> 2)
  Optimizing lut $abc$22153$auto$blifparse.cc:525:parse_blif$24080.genblk1.genblk1.genblk1.genblk1.genblk1.lut0 (4 -> 2)
  Optimizing lut $abc$22153$auto$blifparse.cc:525:parse_blif$24085.genblk1.genblk1.genblk1.genblk1.genblk1.lut1 (4 -> 3)
  Optimizing lut $abc$22153$auto$blifparse.cc:525:parse_blif$24085.genblk1.genblk1.genblk1.genblk1.genblk1.lut0 (4 -> 1)
  Optimizing lut $abc$22153$auto$blifparse.cc:525:parse_blif$24087.genblk1.genblk1.genblk1.genblk1.genblk1.lut1 (4 -> 2)
  Optimizing lut $abc$22153$auto$blifparse.cc:525:parse_blif$24087.genblk1.genblk1.genblk1.genblk1.genblk1.lut0 (4 -> 2)
  Optimizing lut $abc$22153$auto$blifparse.cc:525:parse_blif$24092.genblk1.genblk1.genblk1.genblk1.genblk1.lut1 (4 -> 2)
  Optimizing lut $abc$22153$auto$blifparse.cc:525:parse_blif$24092.genblk1.genblk1.genblk1.genblk1.genblk1.lut0 (4 -> 2)
  Optimizing lut $abc$22153$auto$blifparse.cc:525:parse_blif$24097.genblk1.genblk1.genblk1.genblk1.genblk1.lut1 (4 -> 2)
  Optimizing lut $abc$22153$auto$blifparse.cc:525:parse_blif$24097.genblk1.genblk1.genblk1.genblk1.genblk1.lut0 (4 -> 2)
  Optimizing lut $abc$22153$auto$blifparse.cc:525:parse_blif$24102.genblk1.genblk1.genblk1.genblk1.genblk1.lut1 (4 -> 2)
  Optimizing lut $abc$22153$auto$blifparse.cc:525:parse_blif$24102.genblk1.genblk1.genblk1.genblk1.genblk1.lut0 (4 -> 2)
  Optimizing lut $abc$22153$auto$blifparse.cc:525:parse_blif$24107.genblk1.genblk1.genblk1.genblk1.genblk1.lut1 (4 -> 3)
  Optimizing lut $abc$22153$auto$blifparse.cc:525:parse_blif$24107.genblk1.genblk1.genblk1.genblk1.genblk1.lut0 (4 -> 1)
  Optimizing lut $abc$22153$auto$blifparse.cc:525:parse_blif$24109.genblk1.genblk1.genblk1.genblk1.genblk1.lut1 (4 -> 2)
  Optimizing lut $abc$22153$auto$blifparse.cc:525:parse_blif$24109.genblk1.genblk1.genblk1.genblk1.genblk1.lut0 (4 -> 2)
  Optimizing lut $abc$22153$auto$blifparse.cc:525:parse_blif$24114.genblk1.genblk1.genblk1.genblk1.genblk1.lut1 (4 -> 2)
  Optimizing lut $abc$22153$auto$blifparse.cc:525:parse_blif$24114.genblk1.genblk1.genblk1.genblk1.genblk1.lut0 (4 -> 2)
  Optimizing lut $abc$22153$auto$blifparse.cc:525:parse_blif$24119.genblk1.genblk1.genblk1.genblk1.genblk1.lut1 (4 -> 2)
  Optimizing lut $abc$22153$auto$blifparse.cc:525:parse_blif$24119.genblk1.genblk1.genblk1.genblk1.genblk1.lut0 (4 -> 2)
  Optimizing lut $abc$22153$auto$blifparse.cc:525:parse_blif$24124.genblk1.genblk1.genblk1.genblk1.genblk1.lut1 (4 -> 2)
  Optimizing lut $abc$22153$auto$blifparse.cc:525:parse_blif$24124.genblk1.genblk1.genblk1.genblk1.genblk1.lut0 (4 -> 2)
  Optimizing lut $abc$22153$auto$blifparse.cc:525:parse_blif$24129.genblk1.genblk1.genblk1.genblk1.genblk1.lut1 (4 -> 3)
  Optimizing lut $abc$22153$auto$blifparse.cc:525:parse_blif$24129.genblk1.genblk1.genblk1.genblk1.genblk1.lut0 (4 -> 1)
  Optimizing lut $abc$22153$auto$blifparse.cc:525:parse_blif$24131.genblk1.genblk1.genblk1.genblk1.genblk1.lut1 (4 -> 2)
  Optimizing lut $abc$22153$auto$blifparse.cc:525:parse_blif$24131.genblk1.genblk1.genblk1.genblk1.genblk1.lut0 (4 -> 2)
  Optimizing lut $abc$22153$auto$blifparse.cc:525:parse_blif$24136.genblk1.genblk1.genblk1.genblk1.genblk1.lut1 (4 -> 2)
  Optimizing lut $abc$22153$auto$blifparse.cc:525:parse_blif$24136.genblk1.genblk1.genblk1.genblk1.genblk1.lut0 (4 -> 2)
  Optimizing lut $abc$22153$auto$blifparse.cc:525:parse_blif$24141.genblk1.genblk1.genblk1.genblk1.genblk1.lut1 (4 -> 2)
  Optimizing lut $abc$22153$auto$blifparse.cc:525:parse_blif$24141.genblk1.genblk1.genblk1.genblk1.genblk1.lut0 (4 -> 2)
  Optimizing lut $abc$22153$auto$blifparse.cc:525:parse_blif$24146.genblk1.genblk1.genblk1.genblk1.genblk1.lut1 (4 -> 2)
  Optimizing lut $abc$22153$auto$blifparse.cc:525:parse_blif$24146.genblk1.genblk1.genblk1.genblk1.genblk1.lut0 (4 -> 2)
  Optimizing lut $abc$22153$auto$blifparse.cc:525:parse_blif$24151.genblk1.genblk1.genblk1.genblk1.genblk1.lut1 (4 -> 3)
  Optimizing lut $abc$22153$auto$blifparse.cc:525:parse_blif$24151.genblk1.genblk1.genblk1.genblk1.genblk1.lut0 (4 -> 1)
  Optimizing lut $abc$22153$auto$blifparse.cc:525:parse_blif$24153.genblk1.genblk1.genblk1.genblk1.genblk1.lut1 (4 -> 2)
  Optimizing lut $abc$22153$auto$blifparse.cc:525:parse_blif$24153.genblk1.genblk1.genblk1.genblk1.genblk1.lut0 (4 -> 2)
  Optimizing lut $abc$22153$auto$blifparse.cc:525:parse_blif$24158.genblk1.genblk1.genblk1.genblk1.genblk1.lut1 (4 -> 2)
  Optimizing lut $abc$22153$auto$blifparse.cc:525:parse_blif$24158.genblk1.genblk1.genblk1.genblk1.genblk1.lut0 (4 -> 2)
  Optimizing lut $abc$22153$auto$blifparse.cc:525:parse_blif$24163.genblk1.genblk1.genblk1.genblk1.genblk1.lut1 (4 -> 2)
  Optimizing lut $abc$22153$auto$blifparse.cc:525:parse_blif$24163.genblk1.genblk1.genblk1.genblk1.genblk1.lut0 (4 -> 2)
  Optimizing lut $abc$22153$auto$blifparse.cc:525:parse_blif$24168.genblk1.genblk1.genblk1.genblk1.genblk1.lut1 (4 -> 2)
  Optimizing lut $abc$22153$auto$blifparse.cc:525:parse_blif$24168.genblk1.genblk1.genblk1.genblk1.genblk1.lut0 (4 -> 2)
  Optimizing lut $abc$22153$auto$blifparse.cc:525:parse_blif$24173.genblk1.genblk1.genblk1.genblk1.genblk1.lut1 (4 -> 3)
  Optimizing lut $abc$22153$auto$blifparse.cc:525:parse_blif$24173.genblk1.genblk1.genblk1.genblk1.genblk1.lut0 (4 -> 1)
  Optimizing lut $abc$22153$auto$blifparse.cc:525:parse_blif$24175.genblk1.genblk1.genblk1.genblk1.genblk1.lut1 (4 -> 2)
  Optimizing lut $abc$22153$auto$blifparse.cc:525:parse_blif$24175.genblk1.genblk1.genblk1.genblk1.genblk1.lut0 (4 -> 2)
  Optimizing lut $abc$22153$auto$blifparse.cc:525:parse_blif$24180.genblk1.genblk1.genblk1.genblk1.genblk1.lut1 (4 -> 2)
  Optimizing lut $abc$22153$auto$blifparse.cc:525:parse_blif$24180.genblk1.genblk1.genblk1.genblk1.genblk1.lut0 (4 -> 2)
  Optimizing lut $abc$22153$auto$blifparse.cc:525:parse_blif$24185.genblk1.genblk1.genblk1.genblk1.genblk1.lut1 (4 -> 2)
  Optimizing lut $abc$22153$auto$blifparse.cc:525:parse_blif$24185.genblk1.genblk1.genblk1.genblk1.genblk1.lut0 (4 -> 2)
  Optimizing lut $abc$22153$auto$blifparse.cc:525:parse_blif$24190.genblk1.genblk1.genblk1.genblk1.genblk1.lut1 (4 -> 2)
  Optimizing lut $abc$22153$auto$blifparse.cc:525:parse_blif$24190.genblk1.genblk1.genblk1.genblk1.genblk1.lut0 (4 -> 2)
  Optimizing lut $abc$22153$auto$blifparse.cc:525:parse_blif$24195.genblk1.genblk1.genblk1.genblk1.genblk1.lut1 (4 -> 3)
  Optimizing lut $abc$22153$auto$blifparse.cc:525:parse_blif$24195.genblk1.genblk1.genblk1.genblk1.genblk1.lut0 (4 -> 1)
  Optimizing lut $abc$22153$auto$blifparse.cc:525:parse_blif$24197.genblk1.genblk1.genblk1.genblk1.genblk1.lut1 (4 -> 2)
  Optimizing lut $abc$22153$auto$blifparse.cc:525:parse_blif$24197.genblk1.genblk1.genblk1.genblk1.genblk1.lut0 (4 -> 2)
  Optimizing lut $abc$22153$auto$blifparse.cc:525:parse_blif$24202.genblk1.genblk1.genblk1.genblk1.genblk1.lut1 (4 -> 2)
  Optimizing lut $abc$22153$auto$blifparse.cc:525:parse_blif$24202.genblk1.genblk1.genblk1.genblk1.genblk1.lut0 (4 -> 2)
  Optimizing lut $abc$22153$auto$blifparse.cc:525:parse_blif$24207.genblk1.genblk1.genblk1.genblk1.genblk1.lut1 (4 -> 2)
  Optimizing lut $abc$22153$auto$blifparse.cc:525:parse_blif$24207.genblk1.genblk1.genblk1.genblk1.genblk1.lut0 (4 -> 2)
  Optimizing lut $abc$22153$auto$blifparse.cc:525:parse_blif$24212.genblk1.genblk1.genblk1.genblk1.genblk1.lut1 (4 -> 2)
  Optimizing lut $abc$22153$auto$blifparse.cc:525:parse_blif$24212.genblk1.genblk1.genblk1.genblk1.genblk1.lut0 (4 -> 2)
  Optimizing lut $abc$22153$auto$blifparse.cc:525:parse_blif$24217.genblk1.genblk1.genblk1.genblk1.genblk1.lut1 (4 -> 3)
  Optimizing lut $abc$22153$auto$blifparse.cc:525:parse_blif$24217.genblk1.genblk1.genblk1.genblk1.genblk1.lut0 (4 -> 1)
  Optimizing lut $abc$22153$auto$blifparse.cc:525:parse_blif$24219.genblk1.genblk1.genblk1.genblk1.genblk1.lut1 (4 -> 2)
  Optimizing lut $abc$22153$auto$blifparse.cc:525:parse_blif$24219.genblk1.genblk1.genblk1.genblk1.genblk1.lut0 (4 -> 2)
  Optimizing lut $abc$22153$auto$blifparse.cc:525:parse_blif$24224.genblk1.genblk1.genblk1.genblk1.genblk1.lut1 (4 -> 2)
  Optimizing lut $abc$22153$auto$blifparse.cc:525:parse_blif$24224.genblk1.genblk1.genblk1.genblk1.genblk1.lut0 (4 -> 2)
  Optimizing lut $abc$22153$auto$blifparse.cc:525:parse_blif$24229.genblk1.genblk1.genblk1.genblk1.genblk1.lut1 (4 -> 2)
  Optimizing lut $abc$22153$auto$blifparse.cc:525:parse_blif$24229.genblk1.genblk1.genblk1.genblk1.genblk1.lut0 (4 -> 2)
  Optimizing lut $abc$22153$auto$blifparse.cc:525:parse_blif$24234.genblk1.genblk1.genblk1.genblk1.genblk1.lut1 (4 -> 2)
  Optimizing lut $abc$22153$auto$blifparse.cc:525:parse_blif$24234.genblk1.genblk1.genblk1.genblk1.genblk1.lut0 (4 -> 2)
  Optimizing lut $abc$22153$auto$blifparse.cc:525:parse_blif$24239.genblk1.genblk1.genblk1.genblk1.genblk1.lut1 (4 -> 3)
  Optimizing lut $abc$22153$auto$blifparse.cc:525:parse_blif$24239.genblk1.genblk1.genblk1.genblk1.genblk1.lut0 (4 -> 1)
  Optimizing lut $abc$22153$auto$blifparse.cc:525:parse_blif$24241.genblk1.genblk1.genblk1.genblk1.genblk1.lut1 (4 -> 2)
  Optimizing lut $abc$22153$auto$blifparse.cc:525:parse_blif$24241.genblk1.genblk1.genblk1.genblk1.genblk1.lut0 (4 -> 2)
  Optimizing lut $abc$22153$auto$blifparse.cc:525:parse_blif$24246.genblk1.genblk1.genblk1.genblk1.genblk1.lut1 (4 -> 2)
  Optimizing lut $abc$22153$auto$blifparse.cc:525:parse_blif$24246.genblk1.genblk1.genblk1.genblk1.genblk1.lut0 (4 -> 2)
  Optimizing lut $abc$22153$auto$blifparse.cc:525:parse_blif$24251.genblk1.genblk1.genblk1.genblk1.genblk1.lut1 (4 -> 2)
  Optimizing lut $abc$22153$auto$blifparse.cc:525:parse_blif$24251.genblk1.genblk1.genblk1.genblk1.genblk1.lut0 (4 -> 2)
  Optimizing lut $abc$22153$auto$blifparse.cc:525:parse_blif$24256.genblk1.genblk1.genblk1.genblk1.genblk1.lut1 (4 -> 2)
  Optimizing lut $abc$22153$auto$blifparse.cc:525:parse_blif$24256.genblk1.genblk1.genblk1.genblk1.genblk1.lut0 (4 -> 2)
  Optimizing lut $abc$22153$auto$blifparse.cc:525:parse_blif$24503.genblk1.genblk1.genblk1.genblk1.genblk1.lut1 (4 -> 3)
  Optimizing lut $abc$22153$auto$blifparse.cc:525:parse_blif$24261.genblk1.genblk1.genblk1.genblk1.genblk1.lut0 (4 -> 1)
  Optimizing lut $abc$22153$auto$blifparse.cc:525:parse_blif$24263.genblk1.genblk1.genblk1.genblk1.genblk1.lut0 (4 -> 2)
  Optimizing lut $abc$22153$auto$blifparse.cc:525:parse_blif$24268.genblk1.genblk1.genblk1.genblk1.genblk1.lut0 (4 -> 2)
  Optimizing lut $abc$22153$auto$blifparse.cc:525:parse_blif$24334.genblk1.genblk1.genblk1.genblk1.genblk1.lut1 (4 -> 2)
  Optimizing lut $abc$22153$auto$blifparse.cc:525:parse_blif$24273.genblk1.genblk1.genblk1.genblk1.genblk1.lut0 (4 -> 2)
  Optimizing lut $abc$22153$auto$blifparse.cc:525:parse_blif$24339.genblk1.genblk1.genblk1.genblk1.genblk1.lut1 (4 -> 2)
  Optimizing lut $abc$22153$auto$blifparse.cc:525:parse_blif$24278.genblk1.genblk1.genblk1.genblk1.genblk1.lut0 (4 -> 2)
  Optimizing lut $abc$22153$auto$blifparse.cc:525:parse_blif$24344.genblk1.genblk1.genblk1.genblk1.genblk1.lut1 (4 -> 2)
  Optimizing lut $abc$22153$auto$blifparse.cc:525:parse_blif$24283.genblk1.genblk1.genblk1.genblk1.genblk1.lut0 (4 -> 1)
  Optimizing lut $abc$22153$auto$blifparse.cc:525:parse_blif$24349.genblk1.genblk1.genblk1.genblk1.genblk1.lut1 (4 -> 3)
  Optimizing lut $abc$22153$auto$blifparse.cc:525:parse_blif$24285.genblk1.genblk1.genblk1.genblk1.genblk1.lut0 (4 -> 2)
  Optimizing lut $abc$22153$auto$blifparse.cc:525:parse_blif$24290.genblk1.genblk1.genblk1.genblk1.genblk1.lut0 (4 -> 2)
  Optimizing lut $abc$22153$auto$blifparse.cc:525:parse_blif$24268.genblk1.genblk1.genblk1.genblk1.genblk1.lut1 (4 -> 2)
  Optimizing lut $abc$22153$auto$blifparse.cc:525:parse_blif$24295.genblk1.genblk1.genblk1.genblk1.genblk1.lut0 (4 -> 2)
  Optimizing lut $abc$22153$auto$blifparse.cc:525:parse_blif$24273.genblk1.genblk1.genblk1.genblk1.genblk1.lut1 (4 -> 2)
  Optimizing lut $abc$22153$auto$blifparse.cc:525:parse_blif$24300.genblk1.genblk1.genblk1.genblk1.genblk1.lut0 (4 -> 2)
  Optimizing lut $abc$22153$auto$blifparse.cc:525:parse_blif$24278.genblk1.genblk1.genblk1.genblk1.genblk1.lut1 (4 -> 2)
  Optimizing lut $abc$22153$auto$blifparse.cc:525:parse_blif$24305.genblk1.genblk1.genblk1.genblk1.genblk1.lut0 (4 -> 1)
  Optimizing lut $abc$22153$auto$blifparse.cc:525:parse_blif$24307.genblk1.genblk1.genblk1.genblk1.genblk1.lut1 (4 -> 2)
  Optimizing lut $abc$22153$auto$blifparse.cc:525:parse_blif$24307.genblk1.genblk1.genblk1.genblk1.genblk1.lut0 (4 -> 2)
  Optimizing lut $abc$22153$auto$blifparse.cc:525:parse_blif$24283.genblk1.genblk1.genblk1.genblk1.genblk1.lut1 (4 -> 3)
  Optimizing lut $abc$22153$auto$blifparse.cc:525:parse_blif$24285.genblk1.genblk1.genblk1.genblk1.genblk1.lut1 (4 -> 2)
  Optimizing lut $abc$22153$auto$blifparse.cc:525:parse_blif$24312.genblk1.genblk1.genblk1.genblk1.genblk1.lut0 (4 -> 2)
  Optimizing lut $abc$22153$auto$blifparse.cc:525:parse_blif$24317.genblk1.genblk1.genblk1.genblk1.genblk1.lut0 (4 -> 2)
  Optimizing lut $abc$22153$auto$blifparse.cc:525:parse_blif$24290.genblk1.genblk1.genblk1.genblk1.genblk1.lut1 (4 -> 2)
  Optimizing lut $abc$22153$auto$blifparse.cc:525:parse_blif$24322.genblk1.genblk1.genblk1.genblk1.genblk1.lut0 (4 -> 2)
  Optimizing lut $abc$22153$auto$blifparse.cc:525:parse_blif$24295.genblk1.genblk1.genblk1.genblk1.genblk1.lut1 (4 -> 2)
  Optimizing lut $abc$22153$auto$blifparse.cc:525:parse_blif$24327.genblk1.genblk1.genblk1.genblk1.genblk1.lut0 (4 -> 1)
  Optimizing lut $abc$22153$auto$blifparse.cc:525:parse_blif$24329.genblk1.genblk1.genblk1.genblk1.genblk1.lut1 (4 -> 2)
  Optimizing lut $abc$22153$auto$blifparse.cc:525:parse_blif$24329.genblk1.genblk1.genblk1.genblk1.genblk1.lut0 (4 -> 2)
  Optimizing lut $abc$22153$auto$blifparse.cc:525:parse_blif$24300.genblk1.genblk1.genblk1.genblk1.genblk1.lut1 (4 -> 2)
  Optimizing lut $abc$22153$auto$blifparse.cc:525:parse_blif$24263.genblk1.genblk1.genblk1.genblk1.genblk1.lut1 (4 -> 2)
  Optimizing lut $abc$22153$auto$blifparse.cc:525:parse_blif$24334.genblk1.genblk1.genblk1.genblk1.genblk1.lut0 (4 -> 2)
  Optimizing lut $abc$22153$auto$blifparse.cc:525:parse_blif$24312.genblk1.genblk1.genblk1.genblk1.genblk1.lut1 (4 -> 2)
  Optimizing lut $abc$22153$auto$blifparse.cc:525:parse_blif$24339.genblk1.genblk1.genblk1.genblk1.genblk1.lut0 (4 -> 2)
  Optimizing lut $abc$22153$auto$blifparse.cc:525:parse_blif$24317.genblk1.genblk1.genblk1.genblk1.genblk1.lut1 (4 -> 2)
  Optimizing lut $abc$22153$auto$blifparse.cc:525:parse_blif$24344.genblk1.genblk1.genblk1.genblk1.genblk1.lut0 (4 -> 2)
  Optimizing lut $abc$22153$auto$blifparse.cc:525:parse_blif$24322.genblk1.genblk1.genblk1.genblk1.genblk1.lut1 (4 -> 2)
  Optimizing lut $abc$22153$auto$blifparse.cc:525:parse_blif$24349.genblk1.genblk1.genblk1.genblk1.genblk1.lut0 (4 -> 1)
  Optimizing lut $abc$22153$auto$blifparse.cc:525:parse_blif$24356.genblk1.genblk1.genblk1.genblk1.genblk1.lut1 (4 -> 2)
  Optimizing lut $abc$22153$auto$blifparse.cc:525:parse_blif$24351.genblk1.genblk1.genblk1.genblk1.genblk1.lut0 (4 -> 2)
  Optimizing lut $abc$22153$auto$blifparse.cc:525:parse_blif$24327.genblk1.genblk1.genblk1.genblk1.genblk1.lut1 (4 -> 3)
  Optimizing lut $abc$22153$auto$blifparse.cc:525:parse_blif$24356.genblk1.genblk1.genblk1.genblk1.genblk1.lut0 (4 -> 2)
  Optimizing lut $abc$22153$auto$blifparse.cc:525:parse_blif$24351.genblk1.genblk1.genblk1.genblk1.genblk1.lut1 (4 -> 2)
  Optimizing lut $abc$22153$auto$blifparse.cc:525:parse_blif$24361.genblk1.genblk1.genblk1.genblk1.genblk1.lut0 (4 -> 2)
  Optimizing lut $abc$22153$auto$blifparse.cc:525:parse_blif$24366.genblk1.genblk1.genblk1.genblk1.genblk1.lut1 (4 -> 2)
  Optimizing lut $abc$22153$auto$blifparse.cc:525:parse_blif$24366.genblk1.genblk1.genblk1.genblk1.genblk1.lut0 (4 -> 2)
  Optimizing lut $abc$22153$auto$blifparse.cc:525:parse_blif$24371.genblk1.genblk1.genblk1.genblk1.genblk1.lut0 (4 -> 1)
  Optimizing lut $abc$22153$auto$blifparse.cc:525:parse_blif$24378.genblk1.genblk1.genblk1.genblk1.genblk1.lut1 (4 -> 2)
  Optimizing lut $abc$22153$auto$blifparse.cc:525:parse_blif$24373.genblk1.genblk1.genblk1.genblk1.genblk1.lut0 (4 -> 2)
  Optimizing lut $abc$22153$auto$blifparse.cc:525:parse_blif$24378.genblk1.genblk1.genblk1.genblk1.genblk1.lut0 (4 -> 2)
  Optimizing lut $abc$22153$auto$blifparse.cc:525:parse_blif$24393.genblk1.genblk1.genblk1.genblk1.genblk1.lut1 (4 -> 3)
  Optimizing lut $abc$22153$auto$blifparse.cc:525:parse_blif$24383.genblk1.genblk1.genblk1.genblk1.genblk1.lut0 (4 -> 2)
  Optimizing lut $abc$22153$auto$blifparse.cc:525:parse_blif$24388.genblk1.genblk1.genblk1.genblk1.genblk1.lut1 (4 -> 2)
  Optimizing lut $abc$22153$auto$blifparse.cc:525:parse_blif$24388.genblk1.genblk1.genblk1.genblk1.genblk1.lut0 (4 -> 2)
  Optimizing lut $abc$22153$auto$blifparse.cc:525:parse_blif$24393.genblk1.genblk1.genblk1.genblk1.genblk1.lut0 (4 -> 1)
  Optimizing lut $abc$22153$auto$blifparse.cc:525:parse_blif$24395.genblk1.genblk1.genblk1.genblk1.genblk1.lut1 (4 -> 2)
  Optimizing lut $abc$22153$auto$blifparse.cc:525:parse_blif$24395.genblk1.genblk1.genblk1.genblk1.genblk1.lut0 (4 -> 2)
  Optimizing lut $abc$22153$auto$blifparse.cc:525:parse_blif$24373.genblk1.genblk1.genblk1.genblk1.genblk1.lut1 (4 -> 2)
  Optimizing lut $abc$22153$auto$blifparse.cc:525:parse_blif$24400.genblk1.genblk1.genblk1.genblk1.genblk1.lut0 (4 -> 2)
  Optimizing lut $abc$22153$auto$blifparse.cc:525:parse_blif$24405.genblk1.genblk1.genblk1.genblk1.genblk1.lut0 (4 -> 2)
  Optimizing lut $abc$22153$auto$blifparse.cc:525:parse_blif$24410.genblk1.genblk1.genblk1.genblk1.genblk1.lut0 (4 -> 2)
  Optimizing lut $abc$22153$auto$blifparse.cc:525:parse_blif$24405.genblk1.genblk1.genblk1.genblk1.genblk1.lut1 (4 -> 2)
  Optimizing lut $abc$22153$auto$blifparse.cc:525:parse_blif$24415.genblk1.genblk1.genblk1.genblk1.genblk1.lut0 (4 -> 1)
  Optimizing lut $abc$22153$auto$blifparse.cc:525:parse_blif$24417.genblk1.genblk1.genblk1.genblk1.genblk1.lut1 (4 -> 2)
  Optimizing lut $abc$22153$auto$blifparse.cc:525:parse_blif$24417.genblk1.genblk1.genblk1.genblk1.genblk1.lut0 (4 -> 2)
  Optimizing lut $abc$22153$auto$blifparse.cc:525:parse_blif$24449.genblk1.genblk1.genblk1.genblk1.genblk1.lut1 (4 -> 2)
  Optimizing lut $abc$22153$auto$blifparse.cc:525:parse_blif$24432.genblk1.genblk1.genblk1.genblk1.genblk1.lut1 (4 -> 2)
  Optimizing lut $abc$22153$auto$blifparse.cc:525:parse_blif$24422.genblk1.genblk1.genblk1.genblk1.genblk1.lut0 (4 -> 2)
  Optimizing lut $abc$22153$auto$blifparse.cc:525:parse_blif$24437.genblk1.genblk1.genblk1.genblk1.genblk1.lut1 (4 -> 3)
  Optimizing lut $abc$22153$auto$blifparse.cc:525:parse_blif$24427.genblk1.genblk1.genblk1.genblk1.genblk1.lut0 (4 -> 2)
  Optimizing lut $abc$22153$auto$blifparse.cc:525:parse_blif$24432.genblk1.genblk1.genblk1.genblk1.genblk1.lut0 (4 -> 2)
  Optimizing lut $abc$22153$auto$blifparse.cc:525:parse_blif$24437.genblk1.genblk1.genblk1.genblk1.genblk1.lut0 (4 -> 1)
  Optimizing lut $abc$22153$auto$blifparse.cc:525:parse_blif$24444.genblk1.genblk1.genblk1.genblk1.genblk1.lut1 (4 -> 2)
  Optimizing lut $abc$22153$auto$blifparse.cc:525:parse_blif$24439.genblk1.genblk1.genblk1.genblk1.genblk1.lut0 (4 -> 2)
  Optimizing lut $abc$22153$auto$blifparse.cc:525:parse_blif$24444.genblk1.genblk1.genblk1.genblk1.genblk1.lut0 (4 -> 2)
  Optimizing lut $abc$22153$auto$blifparse.cc:525:parse_blif$24439.genblk1.genblk1.genblk1.genblk1.genblk1.lut1 (4 -> 2)
  Optimizing lut $abc$22153$auto$blifparse.cc:525:parse_blif$24449.genblk1.genblk1.genblk1.genblk1.genblk1.lut0 (4 -> 2)
  Optimizing lut $abc$22153$auto$blifparse.cc:525:parse_blif$24483.genblk1.genblk1.genblk1.genblk1.genblk1.lut1 (4 -> 2)
  Optimizing lut $abc$22153$auto$blifparse.cc:525:parse_blif$24454.genblk1.genblk1.genblk1.genblk1.genblk1.lut0 (4 -> 2)
  Optimizing lut $abc$22153$auto$blifparse.cc:525:parse_blif$24488.genblk1.genblk1.genblk1.genblk1.genblk1.lut1 (4 -> 2)
  Optimizing lut $abc$22153$auto$blifparse.cc:525:parse_blif$24459.genblk1.genblk1.genblk1.genblk1.genblk1.lut0 (4 -> 1)
  Optimizing lut $abc$22153$auto$blifparse.cc:525:parse_blif$24461.genblk1.genblk1.genblk1.genblk1.genblk1.lut0 (4 -> 2)
  Optimizing lut $abc$22153$auto$blifparse.cc:525:parse_blif$24466.genblk1.genblk1.genblk1.genblk1.genblk1.lut1 (4 -> 2)
  Optimizing lut $abc$22153$auto$blifparse.cc:525:parse_blif$24466.genblk1.genblk1.genblk1.genblk1.genblk1.lut0 (4 -> 2)
  Optimizing lut $abc$22153$auto$blifparse.cc:525:parse_blif$24498.genblk1.genblk1.genblk1.genblk1.genblk1.lut1 (4 -> 2)
  Optimizing lut $abc$22153$auto$blifparse.cc:525:parse_blif$24471.genblk1.genblk1.genblk1.genblk1.genblk1.lut0 (4 -> 2)
  Optimizing lut $abc$22153$auto$blifparse.cc:525:parse_blif$24476.genblk1.genblk1.genblk1.genblk1.genblk1.lut0 (4 -> 2)
  Optimizing lut $abc$22153$auto$blifparse.cc:525:parse_blif$24481.genblk1.genblk1.genblk1.genblk1.genblk1.lut0 (4 -> 1)
  Optimizing lut $abc$22153$auto$blifparse.cc:525:parse_blif$24483.genblk1.genblk1.genblk1.genblk1.genblk1.lut0 (4 -> 2)
  Optimizing lut $abc$22153$auto$blifparse.cc:525:parse_blif$24454.genblk1.genblk1.genblk1.genblk1.genblk1.lut1 (4 -> 2)
  Optimizing lut $abc$22153$auto$blifparse.cc:525:parse_blif$24488.genblk1.genblk1.genblk1.genblk1.genblk1.lut0 (4 -> 2)
  Optimizing lut $abc$22153$auto$blifparse.cc:525:parse_blif$24459.genblk1.genblk1.genblk1.genblk1.genblk1.lut1 (4 -> 3)
  Optimizing lut $abc$22153$auto$blifparse.cc:525:parse_blif$24461.genblk1.genblk1.genblk1.genblk1.genblk1.lut1 (4 -> 2)
  Optimizing lut $abc$22153$auto$blifparse.cc:525:parse_blif$24493.genblk1.genblk1.genblk1.genblk1.genblk1.lut0 (4 -> 2)
  Optimizing lut $abc$22153$auto$blifparse.cc:525:parse_blif$24471.genblk1.genblk1.genblk1.genblk1.genblk1.lut1 (4 -> 2)
  Optimizing lut $abc$22153$auto$blifparse.cc:525:parse_blif$24498.genblk1.genblk1.genblk1.genblk1.genblk1.lut0 (4 -> 2)
  Optimizing lut $abc$22153$auto$blifparse.cc:525:parse_blif$24525.genblk1.genblk1.genblk1.genblk1.genblk1.lut1 (4 -> 3)
  Optimizing lut $abc$22153$auto$blifparse.cc:525:parse_blif$24503.genblk1.genblk1.genblk1.genblk1.genblk1.lut0 (4 -> 1)
  Optimizing lut $abc$22153$auto$blifparse.cc:525:parse_blif$24510.genblk1.genblk1.genblk1.genblk1.genblk1.lut1 (4 -> 2)
  Optimizing lut $abc$22153$auto$blifparse.cc:525:parse_blif$24505.genblk1.genblk1.genblk1.genblk1.genblk1.lut0 (4 -> 2)
  Optimizing lut $abc$22153$auto$blifparse.cc:525:parse_blif$24510.genblk1.genblk1.genblk1.genblk1.genblk1.lut0 (4 -> 2)
  Optimizing lut $abc$22153$auto$blifparse.cc:525:parse_blif$24515.genblk1.genblk1.genblk1.genblk1.genblk1.lut0 (4 -> 2)
  Optimizing lut $abc$22153$auto$blifparse.cc:525:parse_blif$24520.genblk1.genblk1.genblk1.genblk1.genblk1.lut0 (4 -> 2)
  Optimizing lut $abc$22153$auto$blifparse.cc:525:parse_blif$24525.genblk1.genblk1.genblk1.genblk1.genblk1.lut0 (4 -> 1)
  Optimizing lut $abc$22153$auto$blifparse.cc:525:parse_blif$24532.genblk1.genblk1.genblk1.genblk1.genblk1.lut1 (4 -> 2)
  Optimizing lut $abc$22153$auto$blifparse.cc:525:parse_blif$24527.genblk1.genblk1.genblk1.genblk1.genblk1.lut0 (4 -> 2)
  Optimizing lut $abc$22153$auto$blifparse.cc:525:parse_blif$24532.genblk1.genblk1.genblk1.genblk1.genblk1.lut0 (4 -> 2)
  Optimizing lut $abc$22153$auto$blifparse.cc:525:parse_blif$24527.genblk1.genblk1.genblk1.genblk1.genblk1.lut1 (4 -> 2)
  Optimizing lut $abc$22153$auto$blifparse.cc:525:parse_blif$24537.genblk1.genblk1.genblk1.genblk1.genblk1.lut0 (4 -> 2)
  Optimizing lut $abc$22153$auto$blifparse.cc:525:parse_blif$24542.genblk1.genblk1.genblk1.genblk1.genblk1.lut1 (4 -> 2)
  Optimizing lut $abc$22153$auto$blifparse.cc:525:parse_blif$24542.genblk1.genblk1.genblk1.genblk1.genblk1.lut0 (4 -> 2)
  Optimizing lut $abc$22153$auto$blifparse.cc:525:parse_blif$24547.genblk1.genblk1.genblk1.genblk1.genblk1.lut0 (4 -> 1)
  Optimizing lut $abc$22153$auto$blifparse.cc:525:parse_blif$24554.genblk1.genblk1.genblk1.genblk1.genblk1.lut1 (4 -> 2)
  Optimizing lut $abc$22153$auto$blifparse.cc:525:parse_blif$24549.genblk1.genblk1.genblk1.genblk1.genblk1.lut0 (4 -> 2)
  Optimizing lut $abc$22153$auto$blifparse.cc:525:parse_blif$24554.genblk1.genblk1.genblk1.genblk1.genblk1.lut0 (4 -> 2)
  Optimizing lut $abc$22153$auto$blifparse.cc:525:parse_blif$24549.genblk1.genblk1.genblk1.genblk1.genblk1.lut1 (4 -> 2)
  Optimizing lut $abc$22153$auto$blifparse.cc:525:parse_blif$24559.genblk1.genblk1.genblk1.genblk1.genblk1.lut0 (4 -> 2)
  Optimizing lut $abc$22153$auto$blifparse.cc:525:parse_blif$24564.genblk1.genblk1.genblk1.genblk1.genblk1.lut0 (4 -> 2)
  Optimizing lut $abc$22153$auto$blifparse.cc:525:parse_blif$24559.genblk1.genblk1.genblk1.genblk1.genblk1.lut1 (4 -> 2)
  Optimizing lut $abc$22153$auto$blifparse.cc:525:parse_blif$24569.genblk1.genblk1.genblk1.genblk1.genblk1.lut0 (4 -> 1)
  Optimizing lut $abc$22153$auto$blifparse.cc:525:parse_blif$24576.genblk1.genblk1.genblk1.genblk1.genblk1.lut1 (4 -> 2)
  Optimizing lut $abc$22153$auto$blifparse.cc:525:parse_blif$24571.genblk1.genblk1.genblk1.genblk1.genblk1.lut0 (4 -> 2)
  Optimizing lut $abc$22153$auto$blifparse.cc:525:parse_blif$24576.genblk1.genblk1.genblk1.genblk1.genblk1.lut0 (4 -> 2)
  Optimizing lut $abc$22153$auto$blifparse.cc:525:parse_blif$24571.genblk1.genblk1.genblk1.genblk1.genblk1.lut1 (4 -> 2)
  Optimizing lut $abc$22153$auto$blifparse.cc:525:parse_blif$24581.genblk1.genblk1.genblk1.genblk1.genblk1.lut0 (4 -> 2)
  Optimizing lut $abc$22153$auto$blifparse.cc:525:parse_blif$24586.genblk1.genblk1.genblk1.genblk1.genblk1.lut0 (4 -> 2)
  Optimizing lut $abc$22153$auto$blifparse.cc:525:parse_blif$24581.genblk1.genblk1.genblk1.genblk1.genblk1.lut1 (4 -> 2)
  Optimizing lut $abc$22153$auto$blifparse.cc:525:parse_blif$24591.genblk1.genblk1.genblk1.genblk1.genblk1.lut0 (4 -> 1)
  Optimizing lut $abc$22153$auto$blifparse.cc:525:parse_blif$24598.genblk1.genblk1.genblk1.genblk1.genblk1.lut1 (4 -> 2)
  Optimizing lut $abc$22153$auto$blifparse.cc:525:parse_blif$24593.genblk1.genblk1.genblk1.genblk1.genblk1.lut0 (4 -> 2)
  Optimizing lut $abc$22153$auto$blifparse.cc:525:parse_blif$24598.genblk1.genblk1.genblk1.genblk1.genblk1.lut0 (4 -> 2)
  Optimizing lut $abc$22153$auto$blifparse.cc:525:parse_blif$24593.genblk1.genblk1.genblk1.genblk1.genblk1.lut1 (4 -> 2)
  Optimizing lut $abc$22153$auto$blifparse.cc:525:parse_blif$24603.genblk1.genblk1.genblk1.genblk1.genblk1.lut0 (4 -> 2)
  Optimizing lut $abc$22153$auto$blifparse.cc:525:parse_blif$24608.genblk1.genblk1.genblk1.genblk1.genblk1.lut0 (4 -> 2)
  Optimizing lut $abc$22153$auto$blifparse.cc:525:parse_blif$24603.genblk1.genblk1.genblk1.genblk1.genblk1.lut1 (4 -> 2)
  Optimizing lut $abc$22153$auto$blifparse.cc:525:parse_blif$24642.genblk1.genblk1.genblk1.genblk1.genblk1.lut1 (4 -> 2)
  Optimizing lut $abc$22153$auto$blifparse.cc:525:parse_blif$24613.genblk1.genblk1.genblk1.genblk1.genblk1.lut0 (4 -> 1)
  Optimizing lut $abc$22153$auto$blifparse.cc:525:parse_blif$24620.genblk1.genblk1.genblk1.genblk1.genblk1.lut1 (4 -> 2)
  Optimizing lut $abc$22153$auto$blifparse.cc:525:parse_blif$24615.genblk1.genblk1.genblk1.genblk1.genblk1.lut0 (4 -> 2)
  Optimizing lut $abc$22153$auto$blifparse.cc:525:parse_blif$24647.genblk1.genblk1.genblk1.genblk1.genblk1.lut1 (4 -> 2)
  Optimizing lut $abc$22153$auto$blifparse.cc:525:parse_blif$24620.genblk1.genblk1.genblk1.genblk1.genblk1.lut0 (4 -> 2)
  Optimizing lut $abc$22153$auto$blifparse.cc:525:parse_blif$24615.genblk1.genblk1.genblk1.genblk1.genblk1.lut1 (4 -> 2)
  Optimizing lut $abc$22153$auto$blifparse.cc:525:parse_blif$24625.genblk1.genblk1.genblk1.genblk1.genblk1.lut0 (4 -> 2)
  Optimizing lut $abc$22153$auto$blifparse.cc:525:parse_blif$24630.genblk1.genblk1.genblk1.genblk1.genblk1.lut0 (4 -> 2)
  Optimizing lut $abc$22153$auto$blifparse.cc:525:parse_blif$24625.genblk1.genblk1.genblk1.genblk1.genblk1.lut1 (4 -> 2)
  Optimizing lut $abc$22153$auto$blifparse.cc:525:parse_blif$24635.genblk1.genblk1.genblk1.genblk1.genblk1.lut0 (4 -> 1)
  Optimizing lut $abc$22153$auto$blifparse.cc:525:parse_blif$24637.genblk1.genblk1.genblk1.genblk1.genblk1.lut1 (4 -> 2)
  Optimizing lut $abc$22153$auto$blifparse.cc:525:parse_blif$24637.genblk1.genblk1.genblk1.genblk1.genblk1.lut0 (4 -> 2)
  Optimizing lut $abc$22153$auto$blifparse.cc:525:parse_blif$24642.genblk1.genblk1.genblk1.genblk1.genblk1.lut0 (4 -> 2)
  Optimizing lut $abc$22153$auto$blifparse.cc:525:parse_blif$24569.genblk1.genblk1.genblk1.genblk1.genblk1.lut1 (4 -> 3)
  Optimizing lut $abc$22153$auto$blifparse.cc:525:parse_blif$24647.genblk1.genblk1.genblk1.genblk1.genblk1.lut0 (4 -> 2)
  Optimizing lut $abc$22153$auto$blifparse.cc:525:parse_blif$24515.genblk1.genblk1.genblk1.genblk1.genblk1.lut1 (4 -> 2)
  Optimizing lut $abc$22153$auto$blifparse.cc:525:parse_blif$24652.genblk1.genblk1.genblk1.genblk1.genblk1.lut0 (4 -> 2)
  Optimizing lut $abc$22153$auto$blifparse.cc:525:parse_blif$24591.genblk1.genblk1.genblk1.genblk1.genblk1.lut1 (4 -> 3)
  Optimizing lut $abc$22153$auto$blifparse.cc:525:parse_blif$24827.genblk1.genblk1.genblk1.genblk1.genblk1.lut1 (4 -> 1)
  Optimizing lut $abc$22153$auto$blifparse.cc:525:parse_blif$24698.genblk1.genblk1.genblk1.genblk1.genblk1.genblk1.lut0 (4 -> 0)
  Optimizing lut $abc$22153$auto$blifparse.cc:525:parse_blif$22537.genblk1.genblk1.genblk1.genblk1.genblk1.lut1 (4 -> 3)
  Optimizing lut $abc$22153$auto$blifparse.cc:525:parse_blif$24711.genblk1.genblk1.genblk1.genblk1.genblk1.lut1 (4 -> 0)
  Optimizing lut $abc$22153$auto$blifparse.cc:525:parse_blif$24716.genblk1.genblk1.genblk1.genblk1.genblk1.lut1 (4 -> 1)
  Optimizing lut $abc$22153$auto$blifparse.cc:525:parse_blif$24716.genblk1.genblk1.genblk1.genblk1.genblk1.lut0 (4 -> 3)
  Optimizing lut $abc$22153$auto$blifparse.cc:525:parse_blif$24720.genblk1.genblk1.genblk1.genblk1.genblk1.lut1 (4 -> 0)
  Optimizing lut $abc$22153$auto$blifparse.cc:525:parse_blif$24723.genblk1.genblk1.genblk1.genblk1.genblk1.genblk1.lut1 (4 -> 0)
  Optimizing lut $abc$22153$auto$blifparse.cc:525:parse_blif$24725.genblk1.genblk1.genblk1.genblk1.genblk1.lut1 (4 -> 1)
  Optimizing lut $abc$22153$auto$blifparse.cc:525:parse_blif$24725.genblk1.genblk1.genblk1.genblk1.genblk1.lut0 (4 -> 3)
  Optimizing lut $abc$22153$auto$blifparse.cc:525:parse_blif$24698.genblk1.genblk1.genblk1.genblk1.genblk1.genblk1.lut1 (4 -> 0)
  Optimizing lut $abc$22153$auto$blifparse.cc:525:parse_blif$24730.genblk1.genblk1.genblk1.genblk1.genblk1.lut1 (4 -> 0)
  Optimizing lut $abc$22153$auto$blifparse.cc:525:parse_blif$24733.genblk1.genblk1.genblk1.genblk1.genblk1.genblk1.lut1 (4 -> 0)
  Optimizing lut $abc$22153$auto$blifparse.cc:525:parse_blif$24735.genblk1.genblk1.genblk1.genblk1.genblk1.lut1 (4 -> 1)
  Optimizing lut $abc$22153$auto$blifparse.cc:525:parse_blif$24735.genblk1.genblk1.genblk1.genblk1.genblk1.lut0 (4 -> 3)
  Optimizing lut $abc$22153$auto$blifparse.cc:525:parse_blif$24740.genblk1.genblk1.genblk1.genblk1.genblk1.lut1 (4 -> 0)
  Optimizing lut $abc$22153$auto$blifparse.cc:525:parse_blif$22942.genblk1.genblk1.genblk1.genblk1.genblk1.lut1 (4 -> 3)
  Optimizing lut $abc$22153$auto$blifparse.cc:525:parse_blif$24745.genblk1.genblk1.genblk1.genblk1.genblk1.lut1 (4 -> 1)
  Optimizing lut $abc$22153$auto$blifparse.cc:525:parse_blif$24745.genblk1.genblk1.genblk1.genblk1.genblk1.lut0 (4 -> 3)
  Optimizing lut $abc$22153$auto$blifparse.cc:525:parse_blif$24750.genblk1.genblk1.genblk1.genblk1.genblk1.lut1 (4 -> 0)
  Optimizing lut $abc$22153$auto$blifparse.cc:525:parse_blif$24753.genblk1.genblk1.genblk1.genblk1.genblk1.genblk1.lut1 (4 -> 0)
  Optimizing lut $abc$22153$auto$blifparse.cc:525:parse_blif$24755.genblk1.genblk1.genblk1.genblk1.genblk1.lut1 (4 -> 1)
  Optimizing lut $abc$22153$auto$blifparse.cc:525:parse_blif$24755.genblk1.genblk1.genblk1.genblk1.genblk1.lut0 (4 -> 3)
  Optimizing lut $abc$22153$auto$blifparse.cc:525:parse_blif$24760.genblk1.genblk1.genblk1.genblk1.genblk1.lut1 (4 -> 0)
  Optimizing lut $abc$22153$auto$blifparse.cc:525:parse_blif$24763.genblk1.genblk1.genblk1.genblk1.genblk1.genblk1.lut1 (4 -> 0)
  Optimizing lut $abc$22153$auto$blifparse.cc:525:parse_blif$24765.genblk1.genblk1.genblk1.genblk1.genblk1.lut1 (4 -> 1)
  Optimizing lut $abc$22153$auto$blifparse.cc:525:parse_blif$24765.genblk1.genblk1.genblk1.genblk1.genblk1.lut0 (4 -> 3)
  Optimizing lut $abc$22153$auto$blifparse.cc:525:parse_blif$24770.genblk1.genblk1.genblk1.genblk1.genblk1.lut1 (4 -> 0)
  Optimizing lut $abc$22153$auto$blifparse.cc:525:parse_blif$24773.genblk1.genblk1.genblk1.genblk1.genblk1.genblk1.lut1 (4 -> 0)
  Optimizing lut $abc$22153$auto$blifparse.cc:525:parse_blif$24775.genblk1.genblk1.genblk1.genblk1.genblk1.lut1 (4 -> 1)
  Optimizing lut $abc$22153$auto$blifparse.cc:525:parse_blif$24775.genblk1.genblk1.genblk1.genblk1.genblk1.lut0 (4 -> 3)
  Optimizing lut $abc$22153$auto$blifparse.cc:525:parse_blif$24780.genblk1.genblk1.genblk1.genblk1.genblk1.lut1 (4 -> 0)
  Optimizing lut $abc$22153$auto$blifparse.cc:525:parse_blif$24783.genblk1.genblk1.genblk1.genblk1.genblk1.lut1 (4 -> 0)
  Optimizing lut $abc$22153$auto$blifparse.cc:525:parse_blif$24787.genblk1.genblk1.genblk1.genblk1.genblk1.lut1 (4 -> 1)
  Optimizing lut $abc$22153$auto$blifparse.cc:525:parse_blif$24787.genblk1.genblk1.genblk1.genblk1.genblk1.lut0 (4 -> 3)
  Optimizing lut $abc$22153$auto$blifparse.cc:525:parse_blif$24790.genblk1.genblk1.genblk1.genblk1.genblk1.lut1 (4 -> 0)
  Optimizing lut $abc$22153$auto$blifparse.cc:525:parse_blif$24793.genblk1.genblk1.genblk1.genblk1.genblk1.lut1 (4 -> 0)
  Optimizing lut $abc$22153$auto$blifparse.cc:525:parse_blif$24797.genblk1.genblk1.genblk1.genblk1.genblk1.lut1 (4 -> 1)
  Optimizing lut $abc$22153$auto$blifparse.cc:525:parse_blif$24797.genblk1.genblk1.genblk1.genblk1.genblk1.lut0 (4 -> 3)
  Optimizing lut $abc$22153$auto$blifparse.cc:525:parse_blif$24800.genblk1.genblk1.genblk1.genblk1.genblk1.lut1 (4 -> 0)
  Optimizing lut $abc$22153$auto$blifparse.cc:525:parse_blif$24803.genblk1.genblk1.genblk1.genblk1.genblk1.lut1 (4 -> 0)
  Optimizing lut $abc$22153$auto$blifparse.cc:525:parse_blif$24807.genblk1.genblk1.genblk1.genblk1.genblk1.lut1 (4 -> 1)
  Optimizing lut $abc$22153$auto$blifparse.cc:525:parse_blif$24807.genblk1.genblk1.genblk1.genblk1.genblk1.lut0 (4 -> 3)
  Optimizing lut $abc$22153$auto$blifparse.cc:525:parse_blif$24810.genblk1.genblk1.genblk1.genblk1.genblk1.lut1 (4 -> 0)
  Optimizing lut $abc$22153$auto$blifparse.cc:525:parse_blif$24813.genblk1.genblk1.genblk1.genblk1.genblk1.lut1 (4 -> 0)
  Optimizing lut $abc$22153$auto$blifparse.cc:525:parse_blif$24817.genblk1.genblk1.genblk1.genblk1.genblk1.lut1 (4 -> 1)
  Optimizing lut $abc$22153$auto$blifparse.cc:525:parse_blif$24817.genblk1.genblk1.genblk1.genblk1.genblk1.lut0 (4 -> 3)
  Optimizing lut $abc$22153$auto$blifparse.cc:525:parse_blif$24820.genblk1.genblk1.genblk1.genblk1.genblk1.lut1 (4 -> 0)
  Optimizing lut $abc$22153$auto$blifparse.cc:525:parse_blif$23048.genblk1.genblk1.genblk1.genblk1.genblk1.lut1 (4 -> 3)
  Optimizing lut $abc$22153$auto$blifparse.cc:525:parse_blif$24823.genblk1.genblk1.genblk1.genblk1.genblk1.lut1 (4 -> 0)
  Optimizing lut $abc$22153$auto$blifparse.cc:525:parse_blif$24827.genblk1.genblk1.genblk1.genblk1.genblk1.lut0 (4 -> 3)
  Optimizing lut $abc$22153$auto$blifparse.cc:525:parse_blif$24828.genblk1.genblk1.genblk1.genblk1.genblk1.lut0 (4 -> 0)
  Optimizing lut $abc$22153$auto$blifparse.cc:525:parse_blif$22531.genblk1.genblk1.genblk1.genblk1.genblk1.lut1 (4 -> 3)
  Optimizing lut $abc$22153$auto$blifparse.cc:525:parse_blif$24833.genblk1.genblk1.genblk1.genblk1.genblk1.lut1 (4 -> 0)
  Optimizing lut $abc$22153$auto$blifparse.cc:525:parse_blif$24838.genblk1.genblk1.genblk1.genblk1.genblk1.lut1 (4 -> 1)
  Optimizing lut $abc$22153$auto$blifparse.cc:525:parse_blif$24838.genblk1.genblk1.genblk1.genblk1.genblk1.lut0 (4 -> 3)
  Optimizing lut $abc$22153$auto$blifparse.cc:525:parse_blif$24839.genblk1.genblk1.genblk1.genblk1.genblk1.lut0 (4 -> 0)
  Optimizing lut $abc$22153$auto$blifparse.cc:525:parse_blif$24841.genblk1.genblk1.genblk1.genblk1.genblk1.lut1 (4 -> 0)
  Optimizing lut $abc$22153$auto$blifparse.cc:525:parse_blif$24847.genblk1.genblk1.genblk1.genblk1.genblk1.lut1 (4 -> 1)
  Optimizing lut $abc$22153$auto$blifparse.cc:525:parse_blif$24847.genblk1.genblk1.genblk1.genblk1.genblk1.lut0 (4 -> 3)
  Optimizing lut $abc$22153$auto$blifparse.cc:525:parse_blif$24848.genblk1.genblk1.genblk1.genblk1.genblk1.lut0 (4 -> 0)
  Optimizing lut $abc$22153$auto$blifparse.cc:525:parse_blif$22530.genblk1.genblk1.genblk1.genblk1.genblk1.lut1 (4 -> 3)
  Optimizing lut $abc$22153$auto$blifparse.cc:525:parse_blif$24856.genblk1.genblk1.genblk1.genblk1.genblk1.lut1 (4 -> 1)
  Optimizing lut $abc$22153$auto$blifparse.cc:525:parse_blif$24856.genblk1.genblk1.genblk1.genblk1.genblk1.lut0 (4 -> 3)
  Optimizing lut $abc$22153$auto$blifparse.cc:525:parse_blif$24857.genblk1.genblk1.genblk1.genblk1.genblk1.lut0 (4 -> 0)
  Optimizing lut $abc$22153$auto$blifparse.cc:525:parse_blif$24867.genblk1.genblk1.genblk1.genblk1.genblk1.lut1 (4 -> 0)
  Optimizing lut $abc$22153$auto$blifparse.cc:525:parse_blif$24864.genblk1.genblk1.genblk1.genblk1.genblk1.lut0 (4 -> 3)
  Optimizing lut $abc$22153$auto$blifparse.cc:525:parse_blif$24865.genblk1.genblk1.genblk1.genblk1.genblk1.lut0 (4 -> 0)
  Optimizing lut $abc$22153$auto$blifparse.cc:525:parse_blif$24864.genblk1.genblk1.genblk1.genblk1.genblk1.lut1 (4 -> 1)
  Optimizing lut $abc$22153$auto$blifparse.cc:525:parse_blif$24875.genblk1.genblk1.genblk1.genblk1.genblk1.lut1 (4 -> 0)
  Optimizing lut $abc$22153$auto$blifparse.cc:525:parse_blif$23051.genblk1.genblk1.genblk1.genblk1.genblk1.lut1 (4 -> 3)
  Optimizing lut $abc$22153$auto$blifparse.cc:525:parse_blif$24878.genblk1.genblk1.genblk1.genblk1.genblk1.lut0 (4 -> 0)
  Optimizing lut $abc$22153$auto$blifparse.cc:525:parse_blif$24879.genblk1.genblk1.genblk1.genblk1.genblk1.lut0 (4 -> 0)
  Optimizing lut $abc$22153$auto$blifparse.cc:525:parse_blif$24885.genblk1.genblk1.genblk1.genblk1.genblk1.lut1 (4 -> 0)
  Optimizing lut $abc$22153$auto$blifparse.cc:525:parse_blif$22528.genblk1.genblk1.genblk1.genblk1.genblk1.lut1 (4 -> 3)
  Optimizing lut $abc$22153$auto$blifparse.cc:525:parse_blif$24888.genblk1.genblk1.genblk1.genblk1.genblk1.lut0 (4 -> 0)
  Optimizing lut $abc$22153$auto$blifparse.cc:525:parse_blif$24889.genblk1.genblk1.genblk1.genblk1.genblk1.lut0 (4 -> 0)
  Optimizing lut $abc$22153$auto$blifparse.cc:525:parse_blif$24895.genblk1.genblk1.genblk1.genblk1.genblk1.lut1 (4 -> 0)
  Optimizing lut $abc$22153$auto$blifparse.cc:525:parse_blif$23052.genblk1.genblk1.genblk1.genblk1.genblk1.lut1 (4 -> 3)
  Optimizing lut $abc$22153$auto$blifparse.cc:525:parse_blif$24898.genblk1.genblk1.genblk1.genblk1.genblk1.lut0 (4 -> 0)
  Optimizing lut $abc$22153$auto$blifparse.cc:525:parse_blif$24899.genblk1.genblk1.genblk1.genblk1.genblk1.lut0 (4 -> 0)
  Optimizing lut $abc$22153$auto$blifparse.cc:525:parse_blif$24905.genblk1.genblk1.genblk1.genblk1.genblk1.lut1 (4 -> 0)
  Optimizing lut $abc$22153$auto$blifparse.cc:525:parse_blif$22527.genblk1.genblk1.genblk1.genblk1.genblk1.lut1 (4 -> 3)
  Optimizing lut $abc$22153$auto$blifparse.cc:525:parse_blif$24908.genblk1.genblk1.genblk1.genblk1.genblk1.lut0 (4 -> 0)
  Optimizing lut $abc$22153$auto$blifparse.cc:525:parse_blif$24909.genblk1.genblk1.genblk1.genblk1.genblk1.lut0 (4 -> 0)
  Optimizing lut $abc$22153$auto$blifparse.cc:525:parse_blif$24915.genblk1.genblk1.genblk1.genblk1.genblk1.lut1 (4 -> 0)
  Optimizing lut $abc$22153$auto$blifparse.cc:525:parse_blif$23053.genblk1.genblk1.genblk1.genblk1.genblk1.lut1 (4 -> 3)
  Optimizing lut $abc$22153$auto$blifparse.cc:525:parse_blif$24918.genblk1.genblk1.genblk1.genblk1.genblk1.lut0 (4 -> 0)
  Optimizing lut $abc$22153$auto$blifparse.cc:525:parse_blif$24919.genblk1.genblk1.genblk1.genblk1.genblk1.lut0 (4 -> 0)
  Optimizing lut $abc$22153$auto$blifparse.cc:525:parse_blif$24925.genblk1.genblk1.genblk1.genblk1.genblk1.lut1 (4 -> 0)
  Optimizing lut $abc$22153$auto$blifparse.cc:525:parse_blif$22526.genblk1.genblk1.genblk1.genblk1.genblk1.lut1 (4 -> 3)
  Optimizing lut $abc$22153$auto$blifparse.cc:525:parse_blif$24928.genblk1.genblk1.genblk1.genblk1.genblk1.lut0 (4 -> 0)
  Optimizing lut $abc$22153$auto$blifparse.cc:525:parse_blif$24929.genblk1.genblk1.genblk1.genblk1.genblk1.lut0 (4 -> 0)
  Optimizing lut $abc$22153$auto$blifparse.cc:525:parse_blif$24935.genblk1.genblk1.genblk1.genblk1.genblk1.lut1 (4 -> 0)
  Optimizing lut $abc$22153$auto$blifparse.cc:525:parse_blif$23054.genblk1.genblk1.genblk1.genblk1.genblk1.lut1 (4 -> 3)
  Optimizing lut $abc$22153$auto$blifparse.cc:525:parse_blif$24938.genblk1.genblk1.genblk1.genblk1.genblk1.lut0 (4 -> 0)
  Optimizing lut $abc$22153$auto$blifparse.cc:525:parse_blif$24939.genblk1.genblk1.genblk1.genblk1.genblk1.lut0 (4 -> 0)
  Optimizing lut $abc$22153$auto$blifparse.cc:525:parse_blif$24945.genblk1.genblk1.genblk1.genblk1.genblk1.lut1 (4 -> 0)
  Optimizing lut $abc$22153$auto$blifparse.cc:525:parse_blif$22525.genblk1.genblk1.genblk1.genblk1.genblk1.lut1 (4 -> 3)
  Optimizing lut $abc$22153$auto$blifparse.cc:525:parse_blif$24547.genblk1.genblk1.genblk1.genblk1.genblk1.lut1 (4 -> 3)
  Optimizing lut $abc$22153$auto$blifparse.cc:525:parse_blif$24973.genblk1.genblk1.genblk1.genblk1.genblk1.lut1 (4 -> 0)
  Optimizing lut $abc$22153$auto$blifparse.cc:525:parse_blif$24966.genblk1.genblk1.genblk1.genblk1.genblk1.lut1 (4 -> 0)
  Optimizing lut $abc$22153$auto$blifparse.cc:525:parse_blif$24959.genblk1.genblk1.genblk1.genblk1.genblk1.lut1 (4 -> 0)
  Optimizing lut $abc$22153$auto$blifparse.cc:525:parse_blif$24987.genblk1.genblk1.genblk1.genblk1.genblk1.lut1 (4 -> 0)
  Optimizing lut $abc$22153$auto$blifparse.cc:525:parse_blif$24980.genblk1.genblk1.genblk1.genblk1.genblk1.lut1 (4 -> 0)
  Optimizing lut $abc$22153$auto$blifparse.cc:525:parse_blif$24993.genblk1.genblk1.genblk1.genblk1.genblk1.lut0 (4 -> 0)
  Optimizing lut $abc$22153$auto$blifparse.cc:525:parse_blif$24994.genblk1.genblk1.genblk1.genblk1.genblk1.lut0 (4 -> 0)
  Optimizing lut $abc$22153$auto$blifparse.cc:525:parse_blif$24520.genblk1.genblk1.genblk1.genblk1.genblk1.lut1 (4 -> 2)
  Optimizing lut $abc$22153$auto$blifparse.cc:525:parse_blif$22523.genblk1.genblk1.genblk1.genblk1.genblk1.lut1 (4 -> 3)
  Optimizing lut $abc$22153$auto$blifparse.cc:525:parse_blif$22529.genblk1.genblk1.genblk1.genblk1.genblk1.lut1 (4 -> 3)
  Optimizing lut $abc$22153$auto$blifparse.cc:525:parse_blif$23055.genblk1.genblk1.genblk1.genblk1.genblk1.lut1 (4 -> 3)
  Optimizing lut $abc$22153$auto$blifparse.cc:525:parse_blif$24400.genblk1.genblk1.genblk1.genblk1.genblk1.lut1 (4 -> 2)
  Optimizing lut $abc$22153$auto$blifparse.cc:525:parse_blif$24415.genblk1.genblk1.genblk1.genblk1.genblk1.lut1 (4 -> 3)
  Optimizing lut $abc$22153$auto$blifparse.cc:525:parse_blif$24635.genblk1.genblk1.genblk1.genblk1.genblk1.lut1 (4 -> 3)
  Optimizing lut $abc$22153$auto$blifparse.cc:525:parse_blif$24613.genblk1.genblk1.genblk1.genblk1.genblk1.lut1 (4 -> 3)
  Optimizing lut $abc$22153$auto$blifparse.cc:525:parse_blif$24371.genblk1.genblk1.genblk1.genblk1.genblk1.lut1 (4 -> 3)
  Optimizing lut $abc$22153$auto$blifparse.cc:525:parse_blif$24505.genblk1.genblk1.genblk1.genblk1.genblk1.lut1 (4 -> 2)
Removed 0 unused cells and 7780 unused wires.

42.46. Executing AUTONAME pass.
Renamed 279070 objects in module SOC (124 iterations).

42.47. Executing HIERARCHY pass (managing design hierarchy).

42.47.1. Analyzing design hierarchy..
Top module:  \SOC

42.47.2. Analyzing design hierarchy..
Top module:  \SOC
Removed 0 unused modules.

42.48. Printing statistics.

=== SOC ===

   Number of wires:               3600
   Number of wire bits:          12645
   Number of public wires:        3600
   Number of public wire bits:   12645
   Number of memories:               0
   Number of memory bits:            0
   Number of processes:              0
   Number of cells:               7119
     CCU2C                         291
     DP16KD                          4
     L6MUX21                        43
     LUT4                         4091
     PFUMX                         744
     TRELLIS_FF                   1946

42.49. Executing CHECK pass (checking for obvious problems).
Checking module SOC...
Found and reported 0 problems.

43. Executing JSON backend.

Warnings: 1 unique messages, 1 total
End of script. Logfile hash: 852da07d1c, CPU: user 8.88s system 0.14s, MEM: 141.32 MB peak
Yosys 0.33+6 (git sha1 41b34a193, x86_64-conda-linux-gnu-cc 11.2.0 -fvisibility-inlines-hidden -fmessage-length=0 -march=nocona -mtune=haswell -ftree-vectorize -fPIC -fstack-protector-strong -fno-plt -O2 -ffunction-sections -fdebug-prefix-map=/root/conda-eda/conda-eda/workdir/conda-env/conda-bld/yosys_1694128612374/work=/usr/local/src/conda/yosys-0.33_7_g41b34a193 -fdebug-prefix-map=/home/juan-diego/miniconda3/envs/digital=/usr/local/src/conda-prefix -fPIC -Os -fno-merge-constants)
Time spent: 17% 7x techmap (1 sec), 15% 1x abc (1 sec), ...
