
 /----------------------------------------------------------------------------\
 |                                                                            |
 |  yosys -- Yosys Open SYnthesis Suite                                       |
 |                                                                            |
 |  Copyright (C) 2012 - 2020  Claire Xenia Wolf <claire@yosyshq.com>         |
 |                                                                            |
 |  Permission to use, copy, modify, and/or distribute this software for any  |
 |  purpose with or without fee is hereby granted, provided that the above    |
 |  copyright notice and this permission notice appear in all copies.         |
 |                                                                            |
 |  THE SOFTWARE IS PROVIDED "AS IS" AND THE AUTHOR DISCLAIMS ALL WARRANTIES  |
 |  WITH REGARD TO THIS SOFTWARE INCLUDING ALL IMPLIED WARRANTIES OF          |
 |  MERCHANTABILITY AND FITNESS. IN NO EVENT SHALL THE AUTHOR BE LIABLE FOR   |
 |  ANY SPECIAL, DIRECT, INDIRECT, OR CONSEQUENTIAL DAMAGES OR ANY DAMAGES    |
 |  WHATSOEVER RESULTING FROM LOSS OF USE, DATA OR PROFITS, WHETHER IN AN     |
 |  ACTION OF CONTRACT, NEGLIGENCE OR OTHER TORTIOUS ACTION, ARISING OUT OF   |
 |  OR IN CONNECTION WITH THE USE OR PERFORMANCE OF THIS SOFTWARE.            |
 |                                                                            |
 \----------------------------------------------------------------------------/

 Yosys 0.33+6 (git sha1 41b34a193, x86_64-conda-linux-gnu-cc 11.2.0 -fvisibility-inlines-hidden -fmessage-length=0 -march=nocona -mtune=haswell -ftree-vectorize -fPIC -fstack-protector-strong -fno-plt -O2 -ffunction-sections -fdebug-prefix-map=/root/conda-eda/conda-eda/workdir/conda-env/conda-bld/yosys_1694128612374/work=/usr/local/src/conda/yosys-0.33_7_g41b34a193 -fdebug-prefix-map=/home/juan-diego/miniconda3/envs/digital=/usr/local/src/conda-prefix -fPIC -Os -fno-merge-constants)


-- Running command `verilog_defaults -push; verilog_defaults -add -defer; read_verilog -formal TOP_PROYECTO.v Pantalla_I2C.v Codigo_Pantalla/Timer_ws2812/comp_timer_ws2812.v Codigo_Pantalla/Timer_ws2812/Control_Timer_WS2812.v Codigo_Pantalla/Timer_ws2812/count_out.v Codigo_Pantalla/Timer_ws2812/mux_timer_ws2812.v Codigo_Pantalla/Timer_ws2812/Timer_WS2812.v Codigo_Pantalla/WS2812_led/Control_WS2812_LED.v Codigo_Pantalla/WS2812_led/Count_24.v Codigo_Pantalla/WS2812_led/LSR_RGB.v Codigo_Pantalla/WS2812_led/WS2812_led.v Codigo_Pantalla/WS2812_Led_Array/Comp_Addr.v Codigo_Pantalla/WS2812_Led_Array/Control_WS2812_Led_Array.v Codigo_Pantalla/WS2812_Led_Array/Count_Addr.v Codigo_Pantalla/WS2812_Led_Array/Image_0.v Codigo_Pantalla/WS2812_Led_Array/Image_1.v Codigo_Pantalla/WS2812_Led_Array/Image_2.v Codigo_Pantalla/WS2812_Led_Array/Image_3.v Codigo_Pantalla/WS2812_Led_Array/Image_4.v Codigo_Pantalla/WS2812_Led_Array/Led_Mem.v Codigo_Pantalla/WS2812_Led_Array/WS2812_Led_Array.v controlador_ADS1115/ADS1115_CONTROLER/ADS1115_CONTROL.v controlador_ADS1115/ADS1115_CONTROLER/ADS1115_DATA.v controlador_ADS1115/ADS1115_CONTROLER/ADS1115_TOP.v controlador_ADS1115/ADS1115_CONTROLER/TICK_GENERATOR.v controlador_ADS1115/I2C/Top_I2C.v controlador_ADS1115/I2C/CONTROL.v controlador_ADS1115/I2C/SHIFT_REG.v controlador_ADS1115/I2C/CONTADOR_BITS.v controlador_ADS1115/I2C/CONTADOR_BYTES.v controlador_ADS1115/I2C/I2C_CLOCK_GENERATOR.v; verilog_defaults -pop; attrmap -tocase keep -imap keep="true" keep=1 -imap keep="false" keep=0 -remove keep=0; synth_ecp5 -top TOP_PROYECTO; write_json build/TOP_PROYECTO_i9.json' --

1. Executing Verilog-2005 frontend: TOP_PROYECTO.v
Parsing formal Verilog input from `TOP_PROYECTO.v' to AST representation.
Storing AST representation for module `$abstract\TOP_PROYECTO'.
Successfully finished Verilog frontend.

2. Executing Verilog-2005 frontend: Pantalla_I2C.v
Parsing formal Verilog input from `Pantalla_I2C.v' to AST representation.
Storing AST representation for module `$abstract\Pantalla_I2C'.
Successfully finished Verilog frontend.

3. Executing Verilog-2005 frontend: Codigo_Pantalla/Timer_ws2812/comp_timer_ws2812.v
Parsing formal Verilog input from `Codigo_Pantalla/Timer_ws2812/comp_timer_ws2812.v' to AST representation.
Storing AST representation for module `$abstract\comp_timer_ws2812'.
Successfully finished Verilog frontend.

4. Executing Verilog-2005 frontend: Codigo_Pantalla/Timer_ws2812/Control_Timer_WS2812.v
Parsing formal Verilog input from `Codigo_Pantalla/Timer_ws2812/Control_Timer_WS2812.v' to AST representation.
Storing AST representation for module `$abstract\Control_Timer_WS2812'.
Successfully finished Verilog frontend.

5. Executing Verilog-2005 frontend: Codigo_Pantalla/Timer_ws2812/count_out.v
Parsing formal Verilog input from `Codigo_Pantalla/Timer_ws2812/count_out.v' to AST representation.
Storing AST representation for module `$abstract\count_out'.
Successfully finished Verilog frontend.

6. Executing Verilog-2005 frontend: Codigo_Pantalla/Timer_ws2812/mux_timer_ws2812.v
Parsing formal Verilog input from `Codigo_Pantalla/Timer_ws2812/mux_timer_ws2812.v' to AST representation.
Storing AST representation for module `$abstract\mux_timer_ws2812'.
Successfully finished Verilog frontend.

7. Executing Verilog-2005 frontend: Codigo_Pantalla/Timer_ws2812/Timer_WS2812.v
Parsing formal Verilog input from `Codigo_Pantalla/Timer_ws2812/Timer_WS2812.v' to AST representation.
Storing AST representation for module `$abstract\Timer_WS2812'.
Successfully finished Verilog frontend.

8. Executing Verilog-2005 frontend: Codigo_Pantalla/WS2812_led/Control_WS2812_LED.v
Parsing formal Verilog input from `Codigo_Pantalla/WS2812_led/Control_WS2812_LED.v' to AST representation.
Storing AST representation for module `$abstract\Control_WS2812_LED'.
Successfully finished Verilog frontend.

9. Executing Verilog-2005 frontend: Codigo_Pantalla/WS2812_led/Count_24.v
Parsing formal Verilog input from `Codigo_Pantalla/WS2812_led/Count_24.v' to AST representation.
Storing AST representation for module `$abstract\Count_24'.
Successfully finished Verilog frontend.

10. Executing Verilog-2005 frontend: Codigo_Pantalla/WS2812_led/LSR_RGB.v
Parsing formal Verilog input from `Codigo_Pantalla/WS2812_led/LSR_RGB.v' to AST representation.
Storing AST representation for module `$abstract\LSR_RGB'.
Successfully finished Verilog frontend.

11. Executing Verilog-2005 frontend: Codigo_Pantalla/WS2812_led/WS2812_led.v
Parsing formal Verilog input from `Codigo_Pantalla/WS2812_led/WS2812_led.v' to AST representation.
Storing AST representation for module `$abstract\WS2812_led'.
Successfully finished Verilog frontend.

12. Executing Verilog-2005 frontend: Codigo_Pantalla/WS2812_Led_Array/Comp_Addr.v
Parsing formal Verilog input from `Codigo_Pantalla/WS2812_Led_Array/Comp_Addr.v' to AST representation.
Storing AST representation for module `$abstract\Comp_Addr'.
Successfully finished Verilog frontend.

13. Executing Verilog-2005 frontend: Codigo_Pantalla/WS2812_Led_Array/Control_WS2812_Led_Array.v
Parsing formal Verilog input from `Codigo_Pantalla/WS2812_Led_Array/Control_WS2812_Led_Array.v' to AST representation.
Storing AST representation for module `$abstract\Control_WS2812_Led_Array'.
Successfully finished Verilog frontend.

14. Executing Verilog-2005 frontend: Codigo_Pantalla/WS2812_Led_Array/Count_Addr.v
Parsing formal Verilog input from `Codigo_Pantalla/WS2812_Led_Array/Count_Addr.v' to AST representation.
Storing AST representation for module `$abstract\Count_Addr'.
Successfully finished Verilog frontend.

15. Executing Verilog-2005 frontend: Codigo_Pantalla/WS2812_Led_Array/Image_0.v
Parsing formal Verilog input from `Codigo_Pantalla/WS2812_Led_Array/Image_0.v' to AST representation.
Storing AST representation for module `$abstract\Image_0'.
Successfully finished Verilog frontend.

16. Executing Verilog-2005 frontend: Codigo_Pantalla/WS2812_Led_Array/Image_1.v
Parsing formal Verilog input from `Codigo_Pantalla/WS2812_Led_Array/Image_1.v' to AST representation.
Storing AST representation for module `$abstract\Image_1'.
Successfully finished Verilog frontend.

17. Executing Verilog-2005 frontend: Codigo_Pantalla/WS2812_Led_Array/Image_2.v
Parsing formal Verilog input from `Codigo_Pantalla/WS2812_Led_Array/Image_2.v' to AST representation.
Storing AST representation for module `$abstract\Image_2'.
Successfully finished Verilog frontend.

18. Executing Verilog-2005 frontend: Codigo_Pantalla/WS2812_Led_Array/Image_3.v
Parsing formal Verilog input from `Codigo_Pantalla/WS2812_Led_Array/Image_3.v' to AST representation.
Storing AST representation for module `$abstract\Image_3'.
Successfully finished Verilog frontend.

19. Executing Verilog-2005 frontend: Codigo_Pantalla/WS2812_Led_Array/Image_4.v
Parsing formal Verilog input from `Codigo_Pantalla/WS2812_Led_Array/Image_4.v' to AST representation.
Storing AST representation for module `$abstract\Image_4'.
Successfully finished Verilog frontend.

20. Executing Verilog-2005 frontend: Codigo_Pantalla/WS2812_Led_Array/Led_Mem.v
Parsing formal Verilog input from `Codigo_Pantalla/WS2812_Led_Array/Led_Mem.v' to AST representation.
Storing AST representation for module `$abstract\Led_Mem'.
Successfully finished Verilog frontend.

21. Executing Verilog-2005 frontend: Codigo_Pantalla/WS2812_Led_Array/WS2812_Led_Array.v
Parsing formal Verilog input from `Codigo_Pantalla/WS2812_Led_Array/WS2812_Led_Array.v' to AST representation.
Storing AST representation for module `$abstract\WS2812_Led_Array'.
Successfully finished Verilog frontend.

22. Executing Verilog-2005 frontend: controlador_ADS1115/ADS1115_CONTROLER/ADS1115_CONTROL.v
Parsing formal Verilog input from `controlador_ADS1115/ADS1115_CONTROLER/ADS1115_CONTROL.v' to AST representation.
Storing AST representation for module `$abstract\ADS1115_CONTROL'.
Successfully finished Verilog frontend.

23. Executing Verilog-2005 frontend: controlador_ADS1115/ADS1115_CONTROLER/ADS1115_DATA.v
Parsing formal Verilog input from `controlador_ADS1115/ADS1115_CONTROLER/ADS1115_DATA.v' to AST representation.
Storing AST representation for module `$abstract\ADS1115_DATA'.
Successfully finished Verilog frontend.

24. Executing Verilog-2005 frontend: controlador_ADS1115/ADS1115_CONTROLER/ADS1115_TOP.v
Parsing formal Verilog input from `controlador_ADS1115/ADS1115_CONTROLER/ADS1115_TOP.v' to AST representation.
Storing AST representation for module `$abstract\ADS1115_TOP'.
Successfully finished Verilog frontend.

25. Executing Verilog-2005 frontend: controlador_ADS1115/ADS1115_CONTROLER/TICK_GENERATOR.v
Parsing formal Verilog input from `controlador_ADS1115/ADS1115_CONTROLER/TICK_GENERATOR.v' to AST representation.
Storing AST representation for module `$abstract\TICK_GENERATOR'.
Successfully finished Verilog frontend.

26. Executing Verilog-2005 frontend: controlador_ADS1115/I2C/Top_I2C.v
Parsing formal Verilog input from `controlador_ADS1115/I2C/Top_I2C.v' to AST representation.
Warning: Yosys has only limited support for tri-state logic at the moment. (controlador_ADS1115/I2C/Top_I2C.v:66)
Warning: Yosys has only limited support for tri-state logic at the moment. (controlador_ADS1115/I2C/Top_I2C.v:68)
Storing AST representation for module `$abstract\TOP_I2C'.
Successfully finished Verilog frontend.

27. Executing Verilog-2005 frontend: controlador_ADS1115/I2C/CONTROL.v
Parsing formal Verilog input from `controlador_ADS1115/I2C/CONTROL.v' to AST representation.
Storing AST representation for module `$abstract\CONTROL_I2C'.
Successfully finished Verilog frontend.

28. Executing Verilog-2005 frontend: controlador_ADS1115/I2C/SHIFT_REG.v
Parsing formal Verilog input from `controlador_ADS1115/I2C/SHIFT_REG.v' to AST representation.
Storing AST representation for module `$abstract\SHIFT_REGISTER'.
Successfully finished Verilog frontend.

29. Executing Verilog-2005 frontend: controlador_ADS1115/I2C/CONTADOR_BITS.v
Parsing formal Verilog input from `controlador_ADS1115/I2C/CONTADOR_BITS.v' to AST representation.
Storing AST representation for module `$abstract\CONTADOR_BITS'.
Successfully finished Verilog frontend.

30. Executing Verilog-2005 frontend: controlador_ADS1115/I2C/CONTADOR_BYTES.v
Parsing formal Verilog input from `controlador_ADS1115/I2C/CONTADOR_BYTES.v' to AST representation.
Storing AST representation for module `$abstract\CONTADOR_BYTES'.
Successfully finished Verilog frontend.

31. Executing Verilog-2005 frontend: controlador_ADS1115/I2C/I2C_CLOCK_GENERATOR.v
Parsing formal Verilog input from `controlador_ADS1115/I2C/I2C_CLOCK_GENERATOR.v' to AST representation.
Storing AST representation for module `$abstract\I2C_CLOCK_GENERATOR'.
Successfully finished Verilog frontend.

32. Executing ATTRMAP pass (move or copy attributes).

33. Executing SYNTH_ECP5 pass.

33.1. Executing Verilog-2005 frontend: /home/juan-diego/miniconda3/envs/digital/bin/../share/yosys/ecp5/cells_sim.v
Parsing Verilog input from `/home/juan-diego/miniconda3/envs/digital/bin/../share/yosys/ecp5/cells_sim.v' to AST representation.
Generating RTLIL representation for module `\LUT4'.
Generating RTLIL representation for module `\$__ABC9_LUT5'.
Generating RTLIL representation for module `\$__ABC9_LUT6'.
Generating RTLIL representation for module `\$__ABC9_LUT7'.
Generating RTLIL representation for module `\L6MUX21'.
Generating RTLIL representation for module `\CCU2C'.
Generating RTLIL representation for module `\TRELLIS_RAM16X2'.
Generating RTLIL representation for module `\PFUMX'.
Generating RTLIL representation for module `\TRELLIS_DPR16X4'.
Generating RTLIL representation for module `\DPR16X4C'.
Generating RTLIL representation for module `\LUT2'.
Generating RTLIL representation for module `\TRELLIS_FF'.
Generating RTLIL representation for module `\TRELLIS_IO'.
Generating RTLIL representation for module `\INV'.
Generating RTLIL representation for module `\TRELLIS_COMB'.
Generating RTLIL representation for module `\DP16KD'.
Generating RTLIL representation for module `\FD1P3AX'.
Generating RTLIL representation for module `\FD1P3AY'.
Generating RTLIL representation for module `\FD1P3BX'.
Generating RTLIL representation for module `\FD1P3DX'.
Generating RTLIL representation for module `\FD1P3IX'.
Generating RTLIL representation for module `\FD1P3JX'.
Generating RTLIL representation for module `\FD1S3AX'.
Generating RTLIL representation for module `\FD1S3AY'.
Generating RTLIL representation for module `\FD1S3BX'.
Generating RTLIL representation for module `\FD1S3DX'.
Generating RTLIL representation for module `\FD1S3IX'.
Generating RTLIL representation for module `\FD1S3JX'.
Generating RTLIL representation for module `\IFS1P3BX'.
Generating RTLIL representation for module `\IFS1P3DX'.
Generating RTLIL representation for module `\IFS1P3IX'.
Generating RTLIL representation for module `\IFS1P3JX'.
Generating RTLIL representation for module `\OFS1P3BX'.
Generating RTLIL representation for module `\OFS1P3DX'.
Generating RTLIL representation for module `\OFS1P3IX'.
Generating RTLIL representation for module `\OFS1P3JX'.
Generating RTLIL representation for module `\IB'.
Generating RTLIL representation for module `\IBPU'.
Generating RTLIL representation for module `\IBPD'.
Generating RTLIL representation for module `\OB'.
Generating RTLIL representation for module `\OBZ'.
Generating RTLIL representation for module `\OBZPU'.
Generating RTLIL representation for module `\OBZPD'.
Generating RTLIL representation for module `\OBCO'.
Generating RTLIL representation for module `\BB'.
Generating RTLIL representation for module `\BBPU'.
Generating RTLIL representation for module `\BBPD'.
Generating RTLIL representation for module `\ILVDS'.
Generating RTLIL representation for module `\OLVDS'.
Successfully finished Verilog frontend.

33.2. Executing Verilog-2005 frontend: /home/juan-diego/miniconda3/envs/digital/bin/../share/yosys/ecp5/cells_bb.v
Parsing Verilog input from `/home/juan-diego/miniconda3/envs/digital/bin/../share/yosys/ecp5/cells_bb.v' to AST representation.
Generating RTLIL representation for module `\MULT18X18D'.
Generating RTLIL representation for module `\ALU54B'.
Generating RTLIL representation for module `\EHXPLLL'.
Generating RTLIL representation for module `\DTR'.
Generating RTLIL representation for module `\OSCG'.
Generating RTLIL representation for module `\USRMCLK'.
Generating RTLIL representation for module `\JTAGG'.
Generating RTLIL representation for module `\DELAYF'.
Generating RTLIL representation for module `\DELAYG'.
Generating RTLIL representation for module `\IDDRX1F'.
Generating RTLIL representation for module `\IDDRX2F'.
Generating RTLIL representation for module `\IDDR71B'.
Generating RTLIL representation for module `\IDDRX2DQA'.
Generating RTLIL representation for module `\ODDRX1F'.
Generating RTLIL representation for module `\ODDRX2F'.
Generating RTLIL representation for module `\ODDR71B'.
Generating RTLIL representation for module `\OSHX2A'.
Generating RTLIL representation for module `\ODDRX2DQA'.
Generating RTLIL representation for module `\ODDRX2DQSB'.
Generating RTLIL representation for module `\TSHX2DQA'.
Generating RTLIL representation for module `\TSHX2DQSA'.
Generating RTLIL representation for module `\DQSBUFM'.
Generating RTLIL representation for module `\DDRDLLA'.
Generating RTLIL representation for module `\DLLDELD'.
Generating RTLIL representation for module `\CLKDIVF'.
Generating RTLIL representation for module `\ECLKSYNCB'.
Generating RTLIL representation for module `\ECLKBRIDGECS'.
Generating RTLIL representation for module `\DCCA'.
Generating RTLIL representation for module `\DCSC'.
Generating RTLIL representation for module `\DCUA'.
Generating RTLIL representation for module `\EXTREFB'.
Generating RTLIL representation for module `\PCSCLKDIV'.
Generating RTLIL representation for module `\PUR'.
Generating RTLIL representation for module `\GSR'.
Generating RTLIL representation for module `\SGSR'.
Generating RTLIL representation for module `\PDPW16KD'.
Successfully finished Verilog frontend.

33.3. Executing HIERARCHY pass (managing design hierarchy).

33.4. Executing AST frontend in derive mode using pre-parsed AST for module `\TOP_PROYECTO'.
Generating RTLIL representation for module `\TOP_PROYECTO'.

33.4.1. Analyzing design hierarchy..
Top module:  \TOP_PROYECTO
Parameter \ADDR_WIDTH = 8
Parameter \N_LEDS = 64
Parameter \UMBRAL_1 = 16'0001011101110000
Parameter \UMBRAL_2 = 16'0011101010011000
Parameter \UMBRAL_3 = 16'0101110111000000

33.4.2. Executing AST frontend in derive mode using pre-parsed AST for module `\Pantalla_I2C'.
Parameter \ADDR_WIDTH = 8
Parameter \N_LEDS = 64
Parameter \UMBRAL_1 = 16'0001011101110000
Parameter \UMBRAL_2 = 16'0011101010011000
Parameter \UMBRAL_3 = 16'0101110111000000
Generating RTLIL representation for module `$paramod$deacaa106664fa186463d5896b2dcdde52a7739f\Pantalla_I2C'.
Parameter \CLK_FREQ_HZ = 25000000
Parameter \I2C_FREQ_HZ = 100000

33.4.3. Executing AST frontend in derive mode using pre-parsed AST for module `\TOP_I2C'.
Parameter \CLK_FREQ_HZ = 25000000
Parameter \I2C_FREQ_HZ = 100000
Generating RTLIL representation for module `$paramod$883779b11137cdd758f697b018082aebb916c78f\TOP_I2C'.
Parameter \CLK_FREQ_HZ = 25000000
Parameter \DELAY_MS = 500
Parameter \I2C_ADDR = 7'1001000

33.4.4. Executing AST frontend in derive mode using pre-parsed AST for module `\ADS1115_TOP'.
Parameter \CLK_FREQ_HZ = 25000000
Parameter \DELAY_MS = 500
Parameter \I2C_ADDR = 7'1001000
Generating RTLIL representation for module `$paramod$b5554af5f2b2d5062a1eae4b2ce4096b2a5d2757\ADS1115_TOP'.

33.4.5. Analyzing design hierarchy..
Top module:  \TOP_PROYECTO
Used module:     $paramod$deacaa106664fa186463d5896b2dcdde52a7739f\Pantalla_I2C
Used module:     $paramod$883779b11137cdd758f697b018082aebb916c78f\TOP_I2C
Used module:     $paramod$b5554af5f2b2d5062a1eae4b2ce4096b2a5d2757\ADS1115_TOP
Parameter \CLK_FREQ_HZ = 25000000
Parameter \DELAY_MS = 500

33.4.6. Executing AST frontend in derive mode using pre-parsed AST for module `\TICK_GENERATOR'.
Parameter \CLK_FREQ_HZ = 25000000
Parameter \DELAY_MS = 500
Generating RTLIL representation for module `$paramod$ef89205ef5bbfd5a6a5ef3a21319a57bdeb38de3\TICK_GENERATOR'.

33.4.7. Executing AST frontend in derive mode using pre-parsed AST for module `\ADS1115_DATA'.
Generating RTLIL representation for module `\ADS1115_DATA'.
Parameter \CLK_FREQ_HZ = 25000000
Parameter \DELAY_MS = 500
Parameter \I2C_ADDR = 7'1001000
Parameter \CFG_MSB = 8'11000010
Parameter \CFG_LSB = 8'00000011

33.4.8. Executing AST frontend in derive mode using pre-parsed AST for module `\ADS1115_CONTROL'.
Parameter \CLK_FREQ_HZ = 25000000
Parameter \DELAY_MS = 500
Parameter \I2C_ADDR = 7'1001000
Parameter \CFG_MSB = 8'11000010
Parameter \CFG_LSB = 8'00000011
Generating RTLIL representation for module `$paramod$6700e42afe5a6ba64bba306c6c707497de39c349\ADS1115_CONTROL'.

33.4.9. Executing AST frontend in derive mode using pre-parsed AST for module `\CONTROL_I2C'.
Generating RTLIL representation for module `\CONTROL_I2C'.

33.4.10. Executing AST frontend in derive mode using pre-parsed AST for module `\CONTADOR_BYTES'.
Generating RTLIL representation for module `\CONTADOR_BYTES'.

33.4.11. Executing AST frontend in derive mode using pre-parsed AST for module `\CONTADOR_BITS'.
Generating RTLIL representation for module `\CONTADOR_BITS'.

33.4.12. Executing AST frontend in derive mode using pre-parsed AST for module `\SHIFT_REGISTER'.
Generating RTLIL representation for module `\SHIFT_REGISTER'.
Parameter \CLK_FREQ_HZ = 25000000
Parameter \I2C_FREQ_HZ = 100000

33.4.13. Executing AST frontend in derive mode using pre-parsed AST for module `\I2C_CLOCK_GENERATOR'.
Parameter \CLK_FREQ_HZ = 25000000
Parameter \I2C_FREQ_HZ = 100000
Generating RTLIL representation for module `$paramod$883779b11137cdd758f697b018082aebb916c78f\I2C_CLOCK_GENERATOR'.
Parameter \ADDR_WIDTH = 8
Parameter \N_LEDS = 64

33.4.14. Executing AST frontend in derive mode using pre-parsed AST for module `\WS2812_Led_Array'.
Parameter \ADDR_WIDTH = 8
Parameter \N_LEDS = 64
Generating RTLIL representation for module `$paramod$5847e4513510e8ea4783b81660155353fe4aec79\WS2812_Led_Array'.

33.4.15. Analyzing design hierarchy..
Top module:  \TOP_PROYECTO
Used module:     $paramod$deacaa106664fa186463d5896b2dcdde52a7739f\Pantalla_I2C
Used module:         $paramod$5847e4513510e8ea4783b81660155353fe4aec79\WS2812_Led_Array
Used module:     $paramod$883779b11137cdd758f697b018082aebb916c78f\TOP_I2C
Used module:         \CONTROL_I2C
Used module:         \CONTADOR_BYTES
Used module:         \CONTADOR_BITS
Used module:         \SHIFT_REGISTER
Used module:         $paramod$883779b11137cdd758f697b018082aebb916c78f\I2C_CLOCK_GENERATOR
Used module:     $paramod$b5554af5f2b2d5062a1eae4b2ce4096b2a5d2757\ADS1115_TOP
Used module:         $paramod$ef89205ef5bbfd5a6a5ef3a21319a57bdeb38de3\TICK_GENERATOR
Used module:         \ADS1115_DATA
Used module:         $paramod$6700e42afe5a6ba64bba306c6c707497de39c349\ADS1115_CONTROL

33.4.16. Executing AST frontend in derive mode using pre-parsed AST for module `\WS2812_led'.
Generating RTLIL representation for module `\WS2812_led'.
Parameter \ADDR_WIDTH = 8

33.4.17. Executing AST frontend in derive mode using pre-parsed AST for module `\Led_Mem'.
Parameter \ADDR_WIDTH = 8
Generating RTLIL representation for module `$paramod\Led_Mem\ADDR_WIDTH=s32'00000000000000000000000000001000'.
Parameter \ADDR_WIDTH = 8
Parameter \N_LEDS = 64

33.4.18. Executing AST frontend in derive mode using pre-parsed AST for module `\Comp_Addr'.
Parameter \ADDR_WIDTH = 8
Parameter \N_LEDS = 64
Generating RTLIL representation for module `$paramod$5847e4513510e8ea4783b81660155353fe4aec79\Comp_Addr'.
Parameter \ADDR_WIDTH = 8

33.4.19. Executing AST frontend in derive mode using pre-parsed AST for module `\Count_Addr'.
Parameter \ADDR_WIDTH = 8
Generating RTLIL representation for module `$paramod\Count_Addr\ADDR_WIDTH=s32'00000000000000000000000000001000'.

33.4.20. Executing AST frontend in derive mode using pre-parsed AST for module `\Control_WS2812_Led_Array'.
Generating RTLIL representation for module `\Control_WS2812_Led_Array'.

33.4.21. Analyzing design hierarchy..
Top module:  \TOP_PROYECTO
Used module:     $paramod$deacaa106664fa186463d5896b2dcdde52a7739f\Pantalla_I2C
Used module:         $paramod$5847e4513510e8ea4783b81660155353fe4aec79\WS2812_Led_Array
Used module:             \WS2812_led
Used module:             $paramod\Led_Mem\ADDR_WIDTH=s32'00000000000000000000000000001000
Used module:             $paramod$5847e4513510e8ea4783b81660155353fe4aec79\Comp_Addr
Used module:             $paramod\Count_Addr\ADDR_WIDTH=s32'00000000000000000000000000001000
Used module:             \Control_WS2812_Led_Array
Used module:     $paramod$883779b11137cdd758f697b018082aebb916c78f\TOP_I2C
Used module:         \CONTROL_I2C
Used module:         \CONTADOR_BYTES
Used module:         \CONTADOR_BITS
Used module:         \SHIFT_REGISTER
Used module:         $paramod$883779b11137cdd758f697b018082aebb916c78f\I2C_CLOCK_GENERATOR
Used module:     $paramod$b5554af5f2b2d5062a1eae4b2ce4096b2a5d2757\ADS1115_TOP
Used module:         $paramod$ef89205ef5bbfd5a6a5ef3a21319a57bdeb38de3\TICK_GENERATOR
Used module:         \ADS1115_DATA
Used module:         $paramod$6700e42afe5a6ba64bba306c6c707497de39c349\ADS1115_CONTROL

33.4.22. Executing AST frontend in derive mode using pre-parsed AST for module `\Timer_WS2812'.
Generating RTLIL representation for module `\Timer_WS2812'.

33.4.23. Executing AST frontend in derive mode using pre-parsed AST for module `\Control_WS2812_LED'.
Generating RTLIL representation for module `\Control_WS2812_LED'.

33.4.24. Executing AST frontend in derive mode using pre-parsed AST for module `\Count_24'.
Generating RTLIL representation for module `\Count_24'.

33.4.25. Executing AST frontend in derive mode using pre-parsed AST for module `\LSR_RGB'.
Generating RTLIL representation for module `\LSR_RGB'.
Parameter \ADDR_WIDTH = 8

33.4.26. Executing AST frontend in derive mode using pre-parsed AST for module `\Image_4'.
Parameter \ADDR_WIDTH = 8
Generating RTLIL representation for module `$paramod\Image_4\ADDR_WIDTH=s32'00000000000000000000000000001000'.
Parameter \ADDR_WIDTH = 8

33.4.27. Executing AST frontend in derive mode using pre-parsed AST for module `\Image_3'.
Parameter \ADDR_WIDTH = 8
Generating RTLIL representation for module `$paramod\Image_3\ADDR_WIDTH=s32'00000000000000000000000000001000'.
Parameter \ADDR_WIDTH = 8

33.4.28. Executing AST frontend in derive mode using pre-parsed AST for module `\Image_2'.
Parameter \ADDR_WIDTH = 8
Generating RTLIL representation for module `$paramod\Image_2\ADDR_WIDTH=s32'00000000000000000000000000001000'.
Parameter \ADDR_WIDTH = 8

33.4.29. Executing AST frontend in derive mode using pre-parsed AST for module `\Image_1'.
Parameter \ADDR_WIDTH = 8
Generating RTLIL representation for module `$paramod\Image_1\ADDR_WIDTH=s32'00000000000000000000000000001000'.
Parameter \ADDR_WIDTH = 8

33.4.30. Executing AST frontend in derive mode using pre-parsed AST for module `\Image_0'.
Parameter \ADDR_WIDTH = 8
Generating RTLIL representation for module `$paramod\Image_0\ADDR_WIDTH=s32'00000000000000000000000000001000'.

33.4.31. Analyzing design hierarchy..
Top module:  \TOP_PROYECTO
Used module:     $paramod$deacaa106664fa186463d5896b2dcdde52a7739f\Pantalla_I2C
Used module:         $paramod$5847e4513510e8ea4783b81660155353fe4aec79\WS2812_Led_Array
Used module:             \WS2812_led
Used module:                 \Timer_WS2812
Used module:                 \Control_WS2812_LED
Used module:                 \Count_24
Used module:                 \LSR_RGB
Used module:             $paramod\Led_Mem\ADDR_WIDTH=s32'00000000000000000000000000001000
Used module:                 $paramod\Image_4\ADDR_WIDTH=s32'00000000000000000000000000001000
Used module:                 $paramod\Image_3\ADDR_WIDTH=s32'00000000000000000000000000001000
Used module:                 $paramod\Image_2\ADDR_WIDTH=s32'00000000000000000000000000001000
Used module:                 $paramod\Image_1\ADDR_WIDTH=s32'00000000000000000000000000001000
Used module:                 $paramod\Image_0\ADDR_WIDTH=s32'00000000000000000000000000001000
Used module:             $paramod$5847e4513510e8ea4783b81660155353fe4aec79\Comp_Addr
Used module:             $paramod\Count_Addr\ADDR_WIDTH=s32'00000000000000000000000000001000
Used module:             \Control_WS2812_Led_Array
Used module:     $paramod$883779b11137cdd758f697b018082aebb916c78f\TOP_I2C
Used module:         \CONTROL_I2C
Used module:         \CONTADOR_BYTES
Used module:         \CONTADOR_BITS
Used module:         \SHIFT_REGISTER
Used module:         $paramod$883779b11137cdd758f697b018082aebb916c78f\I2C_CLOCK_GENERATOR
Used module:     $paramod$b5554af5f2b2d5062a1eae4b2ce4096b2a5d2757\ADS1115_TOP
Used module:         $paramod$ef89205ef5bbfd5a6a5ef3a21319a57bdeb38de3\TICK_GENERATOR
Used module:         \ADS1115_DATA
Used module:         $paramod$6700e42afe5a6ba64bba306c6c707497de39c349\ADS1115_CONTROL

33.4.32. Executing AST frontend in derive mode using pre-parsed AST for module `\comp_timer_ws2812'.
Generating RTLIL representation for module `\comp_timer_ws2812'.

33.4.33. Executing AST frontend in derive mode using pre-parsed AST for module `\mux_timer_ws2812'.
Generating RTLIL representation for module `\mux_timer_ws2812'.

33.4.34. Executing AST frontend in derive mode using pre-parsed AST for module `\count_out'.
Generating RTLIL representation for module `\count_out'.

33.4.35. Executing AST frontend in derive mode using pre-parsed AST for module `\Control_Timer_WS2812'.
Generating RTLIL representation for module `\Control_Timer_WS2812'.

33.4.36. Analyzing design hierarchy..
Top module:  \TOP_PROYECTO
Used module:     $paramod$deacaa106664fa186463d5896b2dcdde52a7739f\Pantalla_I2C
Used module:         $paramod$5847e4513510e8ea4783b81660155353fe4aec79\WS2812_Led_Array
Used module:             \WS2812_led
Used module:                 \Timer_WS2812
Used module:                     \comp_timer_ws2812
Used module:                     \mux_timer_ws2812
Used module:                     \count_out
Used module:                     \Control_Timer_WS2812
Used module:                 \Control_WS2812_LED
Used module:                 \Count_24
Used module:                 \LSR_RGB
Used module:             $paramod\Led_Mem\ADDR_WIDTH=s32'00000000000000000000000000001000
Used module:                 $paramod\Image_4\ADDR_WIDTH=s32'00000000000000000000000000001000
Used module:                 $paramod\Image_3\ADDR_WIDTH=s32'00000000000000000000000000001000
Used module:                 $paramod\Image_2\ADDR_WIDTH=s32'00000000000000000000000000001000
Used module:                 $paramod\Image_1\ADDR_WIDTH=s32'00000000000000000000000000001000
Used module:                 $paramod\Image_0\ADDR_WIDTH=s32'00000000000000000000000000001000
Used module:             $paramod$5847e4513510e8ea4783b81660155353fe4aec79\Comp_Addr
Used module:             $paramod\Count_Addr\ADDR_WIDTH=s32'00000000000000000000000000001000
Used module:             \Control_WS2812_Led_Array
Used module:     $paramod$883779b11137cdd758f697b018082aebb916c78f\TOP_I2C
Used module:         \CONTROL_I2C
Used module:         \CONTADOR_BYTES
Used module:         \CONTADOR_BITS
Used module:         \SHIFT_REGISTER
Used module:         $paramod$883779b11137cdd758f697b018082aebb916c78f\I2C_CLOCK_GENERATOR
Used module:     $paramod$b5554af5f2b2d5062a1eae4b2ce4096b2a5d2757\ADS1115_TOP
Used module:         $paramod$ef89205ef5bbfd5a6a5ef3a21319a57bdeb38de3\TICK_GENERATOR
Used module:         \ADS1115_DATA
Used module:         $paramod$6700e42afe5a6ba64bba306c6c707497de39c349\ADS1115_CONTROL

33.4.37. Analyzing design hierarchy..
Top module:  \TOP_PROYECTO
Used module:     $paramod$deacaa106664fa186463d5896b2dcdde52a7739f\Pantalla_I2C
Used module:         $paramod$5847e4513510e8ea4783b81660155353fe4aec79\WS2812_Led_Array
Used module:             \WS2812_led
Used module:                 \Timer_WS2812
Used module:                     \comp_timer_ws2812
Used module:                     \mux_timer_ws2812
Used module:                     \count_out
Used module:                     \Control_Timer_WS2812
Used module:                 \Control_WS2812_LED
Used module:                 \Count_24
Used module:                 \LSR_RGB
Used module:             $paramod\Led_Mem\ADDR_WIDTH=s32'00000000000000000000000000001000
Used module:                 $paramod\Image_4\ADDR_WIDTH=s32'00000000000000000000000000001000
Used module:                 $paramod\Image_3\ADDR_WIDTH=s32'00000000000000000000000000001000
Used module:                 $paramod\Image_2\ADDR_WIDTH=s32'00000000000000000000000000001000
Used module:                 $paramod\Image_1\ADDR_WIDTH=s32'00000000000000000000000000001000
Used module:                 $paramod\Image_0\ADDR_WIDTH=s32'00000000000000000000000000001000
Used module:             $paramod$5847e4513510e8ea4783b81660155353fe4aec79\Comp_Addr
Used module:             $paramod\Count_Addr\ADDR_WIDTH=s32'00000000000000000000000000001000
Used module:             \Control_WS2812_Led_Array
Used module:     $paramod$883779b11137cdd758f697b018082aebb916c78f\TOP_I2C
Used module:         \CONTROL_I2C
Used module:         \CONTADOR_BYTES
Used module:         \CONTADOR_BITS
Used module:         \SHIFT_REGISTER
Used module:         $paramod$883779b11137cdd758f697b018082aebb916c78f\I2C_CLOCK_GENERATOR
Used module:     $paramod$b5554af5f2b2d5062a1eae4b2ce4096b2a5d2757\ADS1115_TOP
Used module:         $paramod$ef89205ef5bbfd5a6a5ef3a21319a57bdeb38de3\TICK_GENERATOR
Used module:         \ADS1115_DATA
Used module:         $paramod$6700e42afe5a6ba64bba306c6c707497de39c349\ADS1115_CONTROL
Removing unused module `$abstract\I2C_CLOCK_GENERATOR'.
Removing unused module `$abstract\CONTADOR_BYTES'.
Removing unused module `$abstract\CONTADOR_BITS'.
Removing unused module `$abstract\SHIFT_REGISTER'.
Removing unused module `$abstract\CONTROL_I2C'.
Removing unused module `$abstract\TOP_I2C'.
Removing unused module `$abstract\TICK_GENERATOR'.
Removing unused module `$abstract\ADS1115_TOP'.
Removing unused module `$abstract\ADS1115_DATA'.
Removing unused module `$abstract\ADS1115_CONTROL'.
Removing unused module `$abstract\WS2812_Led_Array'.
Removing unused module `$abstract\Led_Mem'.
Removing unused module `$abstract\Image_4'.
Removing unused module `$abstract\Image_3'.
Removing unused module `$abstract\Image_2'.
Removing unused module `$abstract\Image_1'.
Removing unused module `$abstract\Image_0'.
Removing unused module `$abstract\Count_Addr'.
Removing unused module `$abstract\Control_WS2812_Led_Array'.
Removing unused module `$abstract\Comp_Addr'.
Removing unused module `$abstract\WS2812_led'.
Removing unused module `$abstract\LSR_RGB'.
Removing unused module `$abstract\Count_24'.
Removing unused module `$abstract\Control_WS2812_LED'.
Removing unused module `$abstract\Timer_WS2812'.
Removing unused module `$abstract\mux_timer_ws2812'.
Removing unused module `$abstract\count_out'.
Removing unused module `$abstract\Control_Timer_WS2812'.
Removing unused module `$abstract\comp_timer_ws2812'.
Removing unused module `$abstract\Pantalla_I2C'.
Removing unused module `$abstract\TOP_PROYECTO'.
Removed 31 unused modules.

33.5. Executing PROC pass (convert processes to netlists).

33.5.1. Executing PROC_CLEAN pass (remove empty switches from decision trees).
Found and cleaned up 1 empty switch in `\TRELLIS_DPR16X4.$proc$/home/juan-diego/miniconda3/envs/digital/bin/../share/yosys/ecp5/cells_sim.v:213$117'.
Cleaned up 1 empty switch.

33.5.2. Executing PROC_RMDEAD pass (remove dead branches from decision trees).
Marked 1 switch rules as full_case in process $proc$/home/juan-diego/miniconda3/envs/digital/bin/../share/yosys/ecp5/cells_sim.v:350$224 in module TRELLIS_FF.
Marked 1 switch rules as full_case in process $proc$/home/juan-diego/miniconda3/envs/digital/bin/../share/yosys/ecp5/cells_sim.v:285$176 in module DPR16X4C.
Marked 1 switch rules as full_case in process $proc$/home/juan-diego/miniconda3/envs/digital/bin/../share/yosys/ecp5/cells_sim.v:221$118 in module TRELLIS_DPR16X4.
Marked 1 switch rules as full_case in process $proc$Codigo_Pantalla/Timer_ws2812/Control_Timer_WS2812.v:91$334 in module Control_Timer_WS2812.
Marked 8 switch rules as full_case in process $proc$Codigo_Pantalla/Timer_ws2812/Control_Timer_WS2812.v:33$332 in module Control_Timer_WS2812.
Marked 1 switch rules as full_case in process $proc$Codigo_Pantalla/Timer_ws2812/Control_Timer_WS2812.v:25$331 in module Control_Timer_WS2812.
Marked 3 switch rules as full_case in process $proc$Codigo_Pantalla/Timer_ws2812/count_out.v:9$329 in module count_out.
Removed 1 dead cases from process $proc$Codigo_Pantalla/Timer_ws2812/mux_timer_ws2812.v:11$328 in module mux_timer_ws2812.
Marked 1 switch rules as full_case in process $proc$Codigo_Pantalla/Timer_ws2812/mux_timer_ws2812.v:11$328 in module mux_timer_ws2812.
Marked 1 switch rules as full_case in process $proc$Codigo_Pantalla/WS2812_Led_Array/Image_0.v:8$324 in module $paramod\Image_0\ADDR_WIDTH=s32'00000000000000000000000000001000.
Marked 1 switch rules as full_case in process $proc$Codigo_Pantalla/WS2812_Led_Array/Image_1.v:8$323 in module $paramod\Image_1\ADDR_WIDTH=s32'00000000000000000000000000001000.
Marked 1 switch rules as full_case in process $proc$Codigo_Pantalla/WS2812_Led_Array/Image_2.v:8$322 in module $paramod\Image_2\ADDR_WIDTH=s32'00000000000000000000000000001000.
Marked 1 switch rules as full_case in process $proc$Codigo_Pantalla/WS2812_Led_Array/Image_3.v:8$321 in module $paramod\Image_3\ADDR_WIDTH=s32'00000000000000000000000000001000.
Marked 1 switch rules as full_case in process $proc$Codigo_Pantalla/WS2812_Led_Array/Image_4.v:8$320 in module $paramod\Image_4\ADDR_WIDTH=s32'00000000000000000000000000001000.
Marked 3 switch rules as full_case in process $proc$Codigo_Pantalla/WS2812_led/LSR_RGB.v:13$318 in module LSR_RGB.
Marked 4 switch rules as full_case in process $proc$Codigo_Pantalla/WS2812_led/Count_24.v:12$314 in module Count_24.
Marked 7 switch rules as full_case in process $proc$Codigo_Pantalla/WS2812_led/Control_WS2812_LED.v:90$313 in module Control_WS2812_LED.
Marked 6 switch rules as full_case in process $proc$Codigo_Pantalla/WS2812_led/Control_WS2812_LED.v:29$312 in module Control_WS2812_LED.
Marked 1 switch rules as full_case in process $proc$Codigo_Pantalla/WS2812_Led_Array/Control_WS2812_Led_Array.v:85$311 in module Control_WS2812_Led_Array.
Marked 4 switch rules as full_case in process $proc$Codigo_Pantalla/WS2812_Led_Array/Control_WS2812_Led_Array.v:37$310 in module Control_WS2812_Led_Array.
Marked 1 switch rules as full_case in process $proc$Codigo_Pantalla/WS2812_Led_Array/Control_WS2812_Led_Array.v:27$309 in module Control_WS2812_Led_Array.
Marked 3 switch rules as full_case in process $proc$Codigo_Pantalla/WS2812_Led_Array/Count_Addr.v:11$307 in module $paramod\Count_Addr\ADDR_WIDTH=s32'00000000000000000000000000001000.
Marked 1 switch rules as full_case in process $proc$Codigo_Pantalla/WS2812_Led_Array/Led_Mem.v:55$305 in module $paramod\Led_Mem\ADDR_WIDTH=s32'00000000000000000000000000001000.
Marked 3 switch rules as full_case in process $proc$controlador_ADS1115/I2C/I2C_CLOCK_GENERATOR.v:22$299 in module $paramod$883779b11137cdd758f697b018082aebb916c78f\I2C_CLOCK_GENERATOR.
Marked 1 switch rules as full_case in process $proc$controlador_ADS1115/I2C/SHIFT_REG.v:34$298 in module SHIFT_REGISTER.
Marked 3 switch rules as full_case in process $proc$controlador_ADS1115/I2C/SHIFT_REG.v:19$297 in module SHIFT_REGISTER.
Marked 2 switch rules as full_case in process $proc$controlador_ADS1115/I2C/CONTADOR_BITS.v:13$292 in module CONTADOR_BITS.
Marked 2 switch rules as full_case in process $proc$controlador_ADS1115/I2C/CONTADOR_BYTES.v:13$287 in module CONTADOR_BYTES.
Marked 1 switch rules as full_case in process $proc$controlador_ADS1115/I2C/CONTROL.v:113$280 in module CONTROL_I2C.
Marked 15 switch rules as full_case in process $proc$controlador_ADS1115/I2C/CONTROL.v:45$270 in module CONTROL_I2C.
Removed 1 dead cases from process $proc$controlador_ADS1115/ADS1115_CONTROLER/ADS1115_CONTROL.v:106$262 in module $paramod$6700e42afe5a6ba64bba306c6c707497de39c349\ADS1115_CONTROL.
Marked 4 switch rules as full_case in process $proc$controlador_ADS1115/ADS1115_CONTROLER/ADS1115_CONTROL.v:106$262 in module $paramod$6700e42afe5a6ba64bba306c6c707497de39c349\ADS1115_CONTROL.
Marked 9 switch rules as full_case in process $proc$controlador_ADS1115/ADS1115_CONTROLER/ADS1115_CONTROL.v:48$258 in module $paramod$6700e42afe5a6ba64bba306c6c707497de39c349\ADS1115_CONTROL.
Marked 2 switch rules as full_case in process $proc$controlador_ADS1115/ADS1115_CONTROLER/ADS1115_DATA.v:19$253 in module ADS1115_DATA.
Marked 3 switch rules as full_case in process $proc$controlador_ADS1115/ADS1115_CONTROLER/TICK_GENERATOR.v:17$249 in module $paramod$ef89205ef5bbfd5a6a5ef3a21319a57bdeb38de3\TICK_GENERATOR.
Marked 1 switch rules as full_case in process $proc$controlador_ADS1115/I2C/Top_I2C.v:54$244 in module $paramod$883779b11137cdd758f697b018082aebb916c78f\TOP_I2C.
Marked 1 switch rules as full_case in process $proc$Pantalla_I2C.v:52$235 in module $paramod$deacaa106664fa186463d5896b2dcdde52a7739f\Pantalla_I2C.
Removed a total of 2 dead cases.

33.5.3. Executing PROC_PRUNE pass (remove redundant assignments in processes).
Removed 19 redundant assignments.
Promoted 93 assignments to connections.

33.5.4. Executing PROC_INIT pass (extract init attributes).
Found init rule in `\TRELLIS_FF.$proc$/home/juan-diego/miniconda3/envs/digital/bin/../share/yosys/ecp5/cells_sim.v:0$225'.
  Set init value: \Q = 1'0
Found init rule in `$paramod$deacaa106664fa186463d5896b2dcdde52a7739f\Pantalla_I2C.$proc$Pantalla_I2C.v:36$243'.
  Set init value: \init_m = 1'0
Found init rule in `$paramod$deacaa106664fa186463d5896b2dcdde52a7739f\Pantalla_I2C.$proc$Pantalla_I2C.v:35$242'.
  Set init value: \core_busy = 1'0
Found init rule in `$paramod$deacaa106664fa186463d5896b2dcdde52a7739f\Pantalla_I2C.$proc$Pantalla_I2C.v:34$241'.
  Set init value: \request_send = 1'0
Found init rule in `$paramod$deacaa106664fa186463d5896b2dcdde52a7739f\Pantalla_I2C.$proc$Pantalla_I2C.v:32$240'.
  Set init value: \pending_img_sel = 4'0000
Found init rule in `$paramod$deacaa106664fa186463d5896b2dcdde52a7739f\Pantalla_I2C.$proc$Pantalla_I2C.v:31$239'.
  Set init value: \active_img_sel = 4'0000

33.5.5. Executing PROC_ARST pass (detect async resets in processes).
Found async reset \rst in `$paramod$883779b11137cdd758f697b018082aebb916c78f\I2C_CLOCK_GENERATOR.$proc$controlador_ADS1115/I2C/I2C_CLOCK_GENERATOR.v:22$299'.
Found async reset \rst in `\SHIFT_REGISTER.$proc$controlador_ADS1115/I2C/SHIFT_REG.v:34$298'.
Found async reset \rst in `\SHIFT_REGISTER.$proc$controlador_ADS1115/I2C/SHIFT_REG.v:19$297'.
Found async reset \rst in `\CONTADOR_BITS.$proc$controlador_ADS1115/I2C/CONTADOR_BITS.v:13$292'.
Found async reset \rst in `\CONTADOR_BYTES.$proc$controlador_ADS1115/I2C/CONTADOR_BYTES.v:13$287'.
Found async reset \rst in `\CONTROL_I2C.$proc$controlador_ADS1115/I2C/CONTROL.v:45$270'.
Found async reset \rst in `$paramod$6700e42afe5a6ba64bba306c6c707497de39c349\ADS1115_CONTROL.$proc$controlador_ADS1115/ADS1115_CONTROLER/ADS1115_CONTROL.v:48$258'.
Found async reset \rst in `\ADS1115_DATA.$proc$controlador_ADS1115/ADS1115_CONTROLER/ADS1115_DATA.v:19$253'.
Found async reset \rst in `$paramod$ef89205ef5bbfd5a6a5ef3a21319a57bdeb38de3\TICK_GENERATOR.$proc$controlador_ADS1115/ADS1115_CONTROLER/TICK_GENERATOR.v:17$249'.
Found async reset \rst in `$paramod$883779b11137cdd758f697b018082aebb916c78f\TOP_I2C.$proc$controlador_ADS1115/I2C/Top_I2C.v:54$244'.

33.5.6. Executing PROC_ROM pass (convert switches to ROMs).
Converted 5 switches.

33.5.7. Executing PROC_MUX pass (convert decision trees to multiplexers).
Creating decoders for process `\TRELLIS_FF.$proc$/home/juan-diego/miniconda3/envs/digital/bin/../share/yosys/ecp5/cells_sim.v:0$225'.
Creating decoders for process `\TRELLIS_FF.$proc$/home/juan-diego/miniconda3/envs/digital/bin/../share/yosys/ecp5/cells_sim.v:350$224'.
     1/1: $0\Q[0:0]
Creating decoders for process `\DPR16X4C.$proc$/home/juan-diego/miniconda3/envs/digital/bin/../share/yosys/ecp5/cells_sim.v:0$199'.
Creating decoders for process `\DPR16X4C.$proc$/home/juan-diego/miniconda3/envs/digital/bin/../share/yosys/ecp5/cells_sim.v:285$176'.
     1/3: $1$memwr$\ram$/home/juan-diego/miniconda3/envs/digital/bin/../share/yosys/ecp5/cells_sim.v:287$175_EN[3:0]$182
     2/3: $1$memwr$\ram$/home/juan-diego/miniconda3/envs/digital/bin/../share/yosys/ecp5/cells_sim.v:287$175_DATA[3:0]$181
     3/3: $1$memwr$\ram$/home/juan-diego/miniconda3/envs/digital/bin/../share/yosys/ecp5/cells_sim.v:287$175_ADDR[3:0]$180
Creating decoders for process `\TRELLIS_DPR16X4.$proc$/home/juan-diego/miniconda3/envs/digital/bin/../share/yosys/ecp5/cells_sim.v:0$142'.
Creating decoders for process `\TRELLIS_DPR16X4.$proc$/home/juan-diego/miniconda3/envs/digital/bin/../share/yosys/ecp5/cells_sim.v:221$118'.
     1/3: $1$memwr$\mem$/home/juan-diego/miniconda3/envs/digital/bin/../share/yosys/ecp5/cells_sim.v:223$116_EN[3:0]$124
     2/3: $1$memwr$\mem$/home/juan-diego/miniconda3/envs/digital/bin/../share/yosys/ecp5/cells_sim.v:223$116_DATA[3:0]$123
     3/3: $1$memwr$\mem$/home/juan-diego/miniconda3/envs/digital/bin/../share/yosys/ecp5/cells_sim.v:223$116_ADDR[3:0]$122
Creating decoders for process `\TRELLIS_DPR16X4.$proc$/home/juan-diego/miniconda3/envs/digital/bin/../share/yosys/ecp5/cells_sim.v:213$117'.
Creating decoders for process `\Control_Timer_WS2812.$proc$Codigo_Pantalla/Timer_ws2812/Control_Timer_WS2812.v:91$334'.
     1/5: $1\SEL_TIM[1:0]
     2/5: $1\INC[0:0]
     3/5: $1\RST[0:0]
     4/5: $1\DONE_T[0:0]
     5/5: $1\DOUT[0:0]
Creating decoders for process `\Control_Timer_WS2812.$proc$Codigo_Pantalla/Timer_ws2812/Control_Timer_WS2812.v:33$332'.
     1/8: $8\next_state[2:0]
     2/8: $7\next_state[2:0]
     3/8: $6\next_state[2:0]
     4/8: $5\next_state[2:0]
     5/8: $4\next_state[2:0]
     6/8: $3\next_state[2:0]
     7/8: $2\next_state[2:0]
     8/8: $1\next_state[2:0]
Creating decoders for process `\Control_Timer_WS2812.$proc$Codigo_Pantalla/Timer_ws2812/Control_Timer_WS2812.v:25$331'.
     1/1: $0\state[2:0]
Creating decoders for process `\count_out.$proc$Codigo_Pantalla/Timer_ws2812/count_out.v:9$329'.
     1/1: $0\count_out[10:0]
Creating decoders for process `\mux_timer_ws2812.$proc$Codigo_Pantalla/Timer_ws2812/mux_timer_ws2812.v:11$328'.
     1/1: $1\mux_out[10:0]
Creating decoders for process `$paramod\Image_0\ADDR_WIDTH=s32'00000000000000000000000000001000.$proc$Codigo_Pantalla/WS2812_Led_Array/Image_0.v:8$324'.
     1/1: $1\RGB[23:0]
Creating decoders for process `$paramod\Image_1\ADDR_WIDTH=s32'00000000000000000000000000001000.$proc$Codigo_Pantalla/WS2812_Led_Array/Image_1.v:8$323'.
     1/1: $1\RGB[23:0]
Creating decoders for process `$paramod\Image_2\ADDR_WIDTH=s32'00000000000000000000000000001000.$proc$Codigo_Pantalla/WS2812_Led_Array/Image_2.v:8$322'.
     1/1: $1\RGB[23:0]
Creating decoders for process `$paramod\Image_3\ADDR_WIDTH=s32'00000000000000000000000000001000.$proc$Codigo_Pantalla/WS2812_Led_Array/Image_3.v:8$321'.
     1/1: $1\RGB[23:0]
Creating decoders for process `$paramod\Image_4\ADDR_WIDTH=s32'00000000000000000000000000001000.$proc$Codigo_Pantalla/WS2812_Led_Array/Image_4.v:8$320'.
     1/1: $1\RGB[23:0]
Creating decoders for process `\LSR_RGB.$proc$Codigo_Pantalla/WS2812_led/LSR_RGB.v:13$318'.
     1/1: $0\RGB_reg[23:0]
Creating decoders for process `\Count_24.$proc$Codigo_Pantalla/WS2812_led/Count_24.v:12$314'.
     1/1: $0\count_reg[4:0]
Creating decoders for process `\Control_WS2812_LED.$proc$Codigo_Pantalla/WS2812_led/Control_WS2812_LED.v:90$313'.
     1/12: $7\SEL[1:0]
     2/12: $6\SEL[1:0]
     3/12: $5\SEL[1:0]
     4/12: $4\SEL[1:0]
     5/12: $3\SEL[1:0]
     6/12: $2\SEL[1:0]
     7/12: $1\SEL[1:0]
     8/12: $1\DONE[0:0]
     9/12: $1\LD[0:0]
    10/12: $1\DEC[0:0]
    11/12: $1\INIT_T[0:0]
    12/12: $1\SH[0:0]
Creating decoders for process `\Control_WS2812_LED.$proc$Codigo_Pantalla/WS2812_led/Control_WS2812_LED.v:29$312'.
     1/2: $0\state[2:0]
     2/2: $0\send_reset[0:0]
Creating decoders for process `\Control_WS2812_Led_Array.$proc$Codigo_Pantalla/WS2812_Led_Array/Control_WS2812_Led_Array.v:85$311'.
     1/4: $1\DONE_M[0:0]
     2/4: $1\INC[0:0]
     3/4: $1\RST[0:0]
     4/4: $1\INIT_LED[0:0]
Creating decoders for process `\Control_WS2812_Led_Array.$proc$Codigo_Pantalla/WS2812_Led_Array/Control_WS2812_Led_Array.v:37$310'.
     1/4: $4\next_state[2:0]
     2/4: $3\next_state[2:0]
     3/4: $2\next_state[2:0]
     4/4: $1\next_state[2:0]
Creating decoders for process `\Control_WS2812_Led_Array.$proc$Codigo_Pantalla/WS2812_Led_Array/Control_WS2812_Led_Array.v:27$309'.
     1/1: $0\state[2:0]
Creating decoders for process `$paramod\Count_Addr\ADDR_WIDTH=s32'00000000000000000000000000001000.$proc$Codigo_Pantalla/WS2812_Led_Array/Count_Addr.v:11$307'.
     1/1: $0\ADDR[7:0]
Creating decoders for process `$paramod\Led_Mem\ADDR_WIDTH=s32'00000000000000000000000000001000.$proc$Codigo_Pantalla/WS2812_Led_Array/Led_Mem.v:55$305'.
     1/1: $1\RGB[23:0]
Creating decoders for process `$paramod$883779b11137cdd758f697b018082aebb916c78f\I2C_CLOCK_GENERATOR.$proc$controlador_ADS1115/I2C/I2C_CLOCK_GENERATOR.v:22$299'.
     1/4: $0\scl_fall[0:0]
     2/4: $0\scl_rise[0:0]
     3/4: $0\counter[6:0]
     4/4: $0\scl[0:0]
Creating decoders for process `\SHIFT_REGISTER.$proc$controlador_ADS1115/I2C/SHIFT_REG.v:34$298'.
     1/1: $0\rx_reg[7:0]
Creating decoders for process `\SHIFT_REGISTER.$proc$controlador_ADS1115/I2C/SHIFT_REG.v:19$297'.
     1/1: $0\shift_reg[7:0]
Creating decoders for process `\CONTADOR_BITS.$proc$controlador_ADS1115/I2C/CONTADOR_BITS.v:13$292'.
     1/1: $0\count[2:0]
Creating decoders for process `\CONTADOR_BYTES.$proc$controlador_ADS1115/I2C/CONTADOR_BYTES.v:13$287'.
     1/1: $0\count[7:0]
Creating decoders for process `\CONTROL_I2C.$proc$controlador_ADS1115/I2C/CONTROL.v:113$280'.
     1/14: $1\byte_done[0:0]
     2/14: $1\store_rx[0:0]
     3/14: $1\done[0:0]
     4/14: $1\shift_rx[0:0]
     5/14: $1\busy[0:0]
     6/14: $1\shift_tx[0:0]
     7/14: $1\dec_byte_counter[0:0]
     8/14: $1\load_shift[0:0]
     9/14: $1\load_byte_counter[0:0]
    10/14: $1\sda_force_low[0:0]
    11/14: $1\dec_bit_counter[0:0]
    12/14: $1\sda_mux_sel[0:0]
    13/14: $1\load_bit_counter[0:0]
    14/14: $1\scl_enable[0:0]
Creating decoders for process `\CONTROL_I2C.$proc$controlador_ADS1115/I2C/CONTROL.v:45$270'.
     1/3: $0\NEXT_STATE[9:0]
     2/3: $0\delay_cnt[7:0]
     3/3: $0\ack_error[0:0]
Creating decoders for process `$paramod$6700e42afe5a6ba64bba306c6c707497de39c349\ADS1115_CONTROL.$proc$controlador_ADS1115/ADS1115_CONTROLER/ADS1115_CONTROL.v:106$262'.
     1/11: $4\tx_byte[7:0]
     2/11: $3\tx_byte[7:0]
     3/11: $2\tx_byte[7:0]
     4/11: $1\error_set[0:0]
     5/11: $1\capture_lsb[0:0]
     6/11: $1\capture_msb[0:0]
     7/11: $1\Ld_count_byte[0:0]
     8/11: $1\num_bytes[7:0]
     9/11: $1\tx_byte[7:0]
    10/11: $1\rw[0:0]
    11/11: $1\start[0:0]
Creating decoders for process `$paramod$6700e42afe5a6ba64bba306c6c707497de39c349\ADS1115_CONTROL.$proc$controlador_ADS1115/ADS1115_CONTROLER/ADS1115_CONTROL.v:48$258'.
     1/1: $0\NEXT_STATE[8:0]
Creating decoders for process `\ADS1115_DATA.$proc$controlador_ADS1115/ADS1115_CONTROLER/ADS1115_DATA.v:19$253'.
     1/5: $0\adc_valid[0:0]
     2/5: $0\msb_byte_reg[7:0]
     3/5: $0\count_byte[1:0]
     4/5: $0\error_alert[0:0]
     5/5: $0\adc_value[15:0]
Creating decoders for process `$paramod$ef89205ef5bbfd5a6a5ef3a21319a57bdeb38de3\TICK_GENERATOR.$proc$controlador_ADS1115/ADS1115_CONTROLER/TICK_GENERATOR.v:17$249'.
     1/2: $0\tick[0:0]
     2/2: $0\counter[23:0]
Creating decoders for process `$paramod$883779b11137cdd758f697b018082aebb916c78f\TOP_I2C.$proc$controlador_ADS1115/I2C/Top_I2C.v:54$244'.
     1/2: $0\sda_sync[0:0]
     2/2: $0\sda_meta[0:0]
Creating decoders for process `$paramod$deacaa106664fa186463d5896b2dcdde52a7739f\Pantalla_I2C.$proc$Pantalla_I2C.v:36$243'.
Creating decoders for process `$paramod$deacaa106664fa186463d5896b2dcdde52a7739f\Pantalla_I2C.$proc$Pantalla_I2C.v:35$242'.
Creating decoders for process `$paramod$deacaa106664fa186463d5896b2dcdde52a7739f\Pantalla_I2C.$proc$Pantalla_I2C.v:34$241'.
Creating decoders for process `$paramod$deacaa106664fa186463d5896b2dcdde52a7739f\Pantalla_I2C.$proc$Pantalla_I2C.v:32$240'.
Creating decoders for process `$paramod$deacaa106664fa186463d5896b2dcdde52a7739f\Pantalla_I2C.$proc$Pantalla_I2C.v:31$239'.
Creating decoders for process `$paramod$deacaa106664fa186463d5896b2dcdde52a7739f\Pantalla_I2C.$proc$Pantalla_I2C.v:52$235'.
     1/5: $0\init_m[0:0]
     2/5: $0\core_busy[0:0]
     3/5: $0\request_send[0:0]
     4/5: $0\pending_img_sel[3:0]
     5/5: $0\active_img_sel[3:0]

33.5.8. Executing PROC_DLATCH pass (convert process syncs to latches).
No latch inferred for signal `\Control_Timer_WS2812.\RST' from process `\Control_Timer_WS2812.$proc$Codigo_Pantalla/Timer_ws2812/Control_Timer_WS2812.v:91$334'.
No latch inferred for signal `\Control_Timer_WS2812.\DOUT' from process `\Control_Timer_WS2812.$proc$Codigo_Pantalla/Timer_ws2812/Control_Timer_WS2812.v:91$334'.
No latch inferred for signal `\Control_Timer_WS2812.\INC' from process `\Control_Timer_WS2812.$proc$Codigo_Pantalla/Timer_ws2812/Control_Timer_WS2812.v:91$334'.
No latch inferred for signal `\Control_Timer_WS2812.\DONE_T' from process `\Control_Timer_WS2812.$proc$Codigo_Pantalla/Timer_ws2812/Control_Timer_WS2812.v:91$334'.
No latch inferred for signal `\Control_Timer_WS2812.\SEL_TIM' from process `\Control_Timer_WS2812.$proc$Codigo_Pantalla/Timer_ws2812/Control_Timer_WS2812.v:91$334'.
No latch inferred for signal `\Control_Timer_WS2812.\next_state' from process `\Control_Timer_WS2812.$proc$Codigo_Pantalla/Timer_ws2812/Control_Timer_WS2812.v:33$332'.
No latch inferred for signal `\mux_timer_ws2812.\mux_out' from process `\mux_timer_ws2812.$proc$Codigo_Pantalla/Timer_ws2812/mux_timer_ws2812.v:11$328'.
No latch inferred for signal `$paramod\Image_0\ADDR_WIDTH=s32'00000000000000000000000000001000.\RGB' from process `$paramod\Image_0\ADDR_WIDTH=s32'00000000000000000000000000001000.$proc$Codigo_Pantalla/WS2812_Led_Array/Image_0.v:8$324'.
No latch inferred for signal `$paramod\Image_1\ADDR_WIDTH=s32'00000000000000000000000000001000.\RGB' from process `$paramod\Image_1\ADDR_WIDTH=s32'00000000000000000000000000001000.$proc$Codigo_Pantalla/WS2812_Led_Array/Image_1.v:8$323'.
No latch inferred for signal `$paramod\Image_2\ADDR_WIDTH=s32'00000000000000000000000000001000.\RGB' from process `$paramod\Image_2\ADDR_WIDTH=s32'00000000000000000000000000001000.$proc$Codigo_Pantalla/WS2812_Led_Array/Image_2.v:8$322'.
No latch inferred for signal `$paramod\Image_3\ADDR_WIDTH=s32'00000000000000000000000000001000.\RGB' from process `$paramod\Image_3\ADDR_WIDTH=s32'00000000000000000000000000001000.$proc$Codigo_Pantalla/WS2812_Led_Array/Image_3.v:8$321'.
No latch inferred for signal `$paramod\Image_4\ADDR_WIDTH=s32'00000000000000000000000000001000.\RGB' from process `$paramod\Image_4\ADDR_WIDTH=s32'00000000000000000000000000001000.$proc$Codigo_Pantalla/WS2812_Led_Array/Image_4.v:8$320'.
No latch inferred for signal `\Control_WS2812_LED.\SEL' from process `\Control_WS2812_LED.$proc$Codigo_Pantalla/WS2812_led/Control_WS2812_LED.v:90$313'.
No latch inferred for signal `\Control_WS2812_LED.\DONE' from process `\Control_WS2812_LED.$proc$Codigo_Pantalla/WS2812_led/Control_WS2812_LED.v:90$313'.
No latch inferred for signal `\Control_WS2812_LED.\LD' from process `\Control_WS2812_LED.$proc$Codigo_Pantalla/WS2812_led/Control_WS2812_LED.v:90$313'.
No latch inferred for signal `\Control_WS2812_LED.\SH' from process `\Control_WS2812_LED.$proc$Codigo_Pantalla/WS2812_led/Control_WS2812_LED.v:90$313'.
No latch inferred for signal `\Control_WS2812_LED.\DEC' from process `\Control_WS2812_LED.$proc$Codigo_Pantalla/WS2812_led/Control_WS2812_LED.v:90$313'.
No latch inferred for signal `\Control_WS2812_LED.\INIT_T' from process `\Control_WS2812_LED.$proc$Codigo_Pantalla/WS2812_led/Control_WS2812_LED.v:90$313'.
No latch inferred for signal `\Control_WS2812_Led_Array.\RST' from process `\Control_WS2812_Led_Array.$proc$Codigo_Pantalla/WS2812_Led_Array/Control_WS2812_Led_Array.v:85$311'.
No latch inferred for signal `\Control_WS2812_Led_Array.\DONE_M' from process `\Control_WS2812_Led_Array.$proc$Codigo_Pantalla/WS2812_Led_Array/Control_WS2812_Led_Array.v:85$311'.
No latch inferred for signal `\Control_WS2812_Led_Array.\INIT_LED' from process `\Control_WS2812_Led_Array.$proc$Codigo_Pantalla/WS2812_Led_Array/Control_WS2812_Led_Array.v:85$311'.
No latch inferred for signal `\Control_WS2812_Led_Array.\INC' from process `\Control_WS2812_Led_Array.$proc$Codigo_Pantalla/WS2812_Led_Array/Control_WS2812_Led_Array.v:85$311'.
No latch inferred for signal `\Control_WS2812_Led_Array.\next_state' from process `\Control_WS2812_Led_Array.$proc$Codigo_Pantalla/WS2812_Led_Array/Control_WS2812_Led_Array.v:37$310'.
No latch inferred for signal `$paramod\Led_Mem\ADDR_WIDTH=s32'00000000000000000000000000001000.\RGB' from process `$paramod\Led_Mem\ADDR_WIDTH=s32'00000000000000000000000000001000.$proc$Codigo_Pantalla/WS2812_Led_Array/Led_Mem.v:55$305'.
No latch inferred for signal `\CONTROL_I2C.\busy' from process `\CONTROL_I2C.$proc$controlador_ADS1115/I2C/CONTROL.v:113$280'.
No latch inferred for signal `\CONTROL_I2C.\done' from process `\CONTROL_I2C.$proc$controlador_ADS1115/I2C/CONTROL.v:113$280'.
No latch inferred for signal `\CONTROL_I2C.\byte_done' from process `\CONTROL_I2C.$proc$controlador_ADS1115/I2C/CONTROL.v:113$280'.
No latch inferred for signal `\CONTROL_I2C.\scl_enable' from process `\CONTROL_I2C.$proc$controlador_ADS1115/I2C/CONTROL.v:113$280'.
No latch inferred for signal `\CONTROL_I2C.\sda_mux_sel' from process `\CONTROL_I2C.$proc$controlador_ADS1115/I2C/CONTROL.v:113$280'.
No latch inferred for signal `\CONTROL_I2C.\sda_force_low' from process `\CONTROL_I2C.$proc$controlador_ADS1115/I2C/CONTROL.v:113$280'.
No latch inferred for signal `\CONTROL_I2C.\load_shift' from process `\CONTROL_I2C.$proc$controlador_ADS1115/I2C/CONTROL.v:113$280'.
No latch inferred for signal `\CONTROL_I2C.\shift_tx' from process `\CONTROL_I2C.$proc$controlador_ADS1115/I2C/CONTROL.v:113$280'.
No latch inferred for signal `\CONTROL_I2C.\shift_rx' from process `\CONTROL_I2C.$proc$controlador_ADS1115/I2C/CONTROL.v:113$280'.
No latch inferred for signal `\CONTROL_I2C.\store_rx' from process `\CONTROL_I2C.$proc$controlador_ADS1115/I2C/CONTROL.v:113$280'.
No latch inferred for signal `\CONTROL_I2C.\load_bit_counter' from process `\CONTROL_I2C.$proc$controlador_ADS1115/I2C/CONTROL.v:113$280'.
No latch inferred for signal `\CONTROL_I2C.\dec_bit_counter' from process `\CONTROL_I2C.$proc$controlador_ADS1115/I2C/CONTROL.v:113$280'.
No latch inferred for signal `\CONTROL_I2C.\load_byte_counter' from process `\CONTROL_I2C.$proc$controlador_ADS1115/I2C/CONTROL.v:113$280'.
No latch inferred for signal `\CONTROL_I2C.\dec_byte_counter' from process `\CONTROL_I2C.$proc$controlador_ADS1115/I2C/CONTROL.v:113$280'.
No latch inferred for signal `$paramod$6700e42afe5a6ba64bba306c6c707497de39c349\ADS1115_CONTROL.\start' from process `$paramod$6700e42afe5a6ba64bba306c6c707497de39c349\ADS1115_CONTROL.$proc$controlador_ADS1115/ADS1115_CONTROLER/ADS1115_CONTROL.v:106$262'.
No latch inferred for signal `$paramod$6700e42afe5a6ba64bba306c6c707497de39c349\ADS1115_CONTROL.\rw' from process `$paramod$6700e42afe5a6ba64bba306c6c707497de39c349\ADS1115_CONTROL.$proc$controlador_ADS1115/ADS1115_CONTROLER/ADS1115_CONTROL.v:106$262'.
No latch inferred for signal `$paramod$6700e42afe5a6ba64bba306c6c707497de39c349\ADS1115_CONTROL.\tx_byte' from process `$paramod$6700e42afe5a6ba64bba306c6c707497de39c349\ADS1115_CONTROL.$proc$controlador_ADS1115/ADS1115_CONTROLER/ADS1115_CONTROL.v:106$262'.
No latch inferred for signal `$paramod$6700e42afe5a6ba64bba306c6c707497de39c349\ADS1115_CONTROL.\num_bytes' from process `$paramod$6700e42afe5a6ba64bba306c6c707497de39c349\ADS1115_CONTROL.$proc$controlador_ADS1115/ADS1115_CONTROLER/ADS1115_CONTROL.v:106$262'.
No latch inferred for signal `$paramod$6700e42afe5a6ba64bba306c6c707497de39c349\ADS1115_CONTROL.\Ld_count_byte' from process `$paramod$6700e42afe5a6ba64bba306c6c707497de39c349\ADS1115_CONTROL.$proc$controlador_ADS1115/ADS1115_CONTROLER/ADS1115_CONTROL.v:106$262'.
No latch inferred for signal `$paramod$6700e42afe5a6ba64bba306c6c707497de39c349\ADS1115_CONTROL.\capture_msb' from process `$paramod$6700e42afe5a6ba64bba306c6c707497de39c349\ADS1115_CONTROL.$proc$controlador_ADS1115/ADS1115_CONTROLER/ADS1115_CONTROL.v:106$262'.
No latch inferred for signal `$paramod$6700e42afe5a6ba64bba306c6c707497de39c349\ADS1115_CONTROL.\capture_lsb' from process `$paramod$6700e42afe5a6ba64bba306c6c707497de39c349\ADS1115_CONTROL.$proc$controlador_ADS1115/ADS1115_CONTROLER/ADS1115_CONTROL.v:106$262'.
No latch inferred for signal `$paramod$6700e42afe5a6ba64bba306c6c707497de39c349\ADS1115_CONTROL.\error_set' from process `$paramod$6700e42afe5a6ba64bba306c6c707497de39c349\ADS1115_CONTROL.$proc$controlador_ADS1115/ADS1115_CONTROLER/ADS1115_CONTROL.v:106$262'.

33.5.9. Executing PROC_DFF pass (convert process syncs to FFs).
Creating register for signal `\TRELLIS_FF.\Q' using process `\TRELLIS_FF.$proc$/home/juan-diego/miniconda3/envs/digital/bin/../share/yosys/ecp5/cells_sim.v:350$224'.
  created $dff cell `$procdff$1158' with positive edge clock.
Creating register for signal `\DPR16X4C.\i' using process `\DPR16X4C.$proc$/home/juan-diego/miniconda3/envs/digital/bin/../share/yosys/ecp5/cells_sim.v:0$199'.
  created direct connection (no actual register cell created).
Creating register for signal `\DPR16X4C.$memwr$\ram$/home/juan-diego/miniconda3/envs/digital/bin/../share/yosys/ecp5/cells_sim.v:281$160_EN' using process `\DPR16X4C.$proc$/home/juan-diego/miniconda3/envs/digital/bin/../share/yosys/ecp5/cells_sim.v:0$199'.
  created direct connection (no actual register cell created).
Creating register for signal `\DPR16X4C.$memwr$\ram$/home/juan-diego/miniconda3/envs/digital/bin/../share/yosys/ecp5/cells_sim.v:281$161_EN' using process `\DPR16X4C.$proc$/home/juan-diego/miniconda3/envs/digital/bin/../share/yosys/ecp5/cells_sim.v:0$199'.
  created direct connection (no actual register cell created).
Creating register for signal `\DPR16X4C.$memwr$\ram$/home/juan-diego/miniconda3/envs/digital/bin/../share/yosys/ecp5/cells_sim.v:281$162_EN' using process `\DPR16X4C.$proc$/home/juan-diego/miniconda3/envs/digital/bin/../share/yosys/ecp5/cells_sim.v:0$199'.
  created direct connection (no actual register cell created).
Creating register for signal `\DPR16X4C.$memwr$\ram$/home/juan-diego/miniconda3/envs/digital/bin/../share/yosys/ecp5/cells_sim.v:281$163_EN' using process `\DPR16X4C.$proc$/home/juan-diego/miniconda3/envs/digital/bin/../share/yosys/ecp5/cells_sim.v:0$199'.
  created direct connection (no actual register cell created).
Creating register for signal `\DPR16X4C.$memwr$\ram$/home/juan-diego/miniconda3/envs/digital/bin/../share/yosys/ecp5/cells_sim.v:281$164_EN' using process `\DPR16X4C.$proc$/home/juan-diego/miniconda3/envs/digital/bin/../share/yosys/ecp5/cells_sim.v:0$199'.
  created direct connection (no actual register cell created).
Creating register for signal `\DPR16X4C.$memwr$\ram$/home/juan-diego/miniconda3/envs/digital/bin/../share/yosys/ecp5/cells_sim.v:281$165_EN' using process `\DPR16X4C.$proc$/home/juan-diego/miniconda3/envs/digital/bin/../share/yosys/ecp5/cells_sim.v:0$199'.
  created direct connection (no actual register cell created).
Creating register for signal `\DPR16X4C.$memwr$\ram$/home/juan-diego/miniconda3/envs/digital/bin/../share/yosys/ecp5/cells_sim.v:281$166_EN' using process `\DPR16X4C.$proc$/home/juan-diego/miniconda3/envs/digital/bin/../share/yosys/ecp5/cells_sim.v:0$199'.
  created direct connection (no actual register cell created).
Creating register for signal `\DPR16X4C.$memwr$\ram$/home/juan-diego/miniconda3/envs/digital/bin/../share/yosys/ecp5/cells_sim.v:281$167_EN' using process `\DPR16X4C.$proc$/home/juan-diego/miniconda3/envs/digital/bin/../share/yosys/ecp5/cells_sim.v:0$199'.
  created direct connection (no actual register cell created).
Creating register for signal `\DPR16X4C.$memwr$\ram$/home/juan-diego/miniconda3/envs/digital/bin/../share/yosys/ecp5/cells_sim.v:281$168_EN' using process `\DPR16X4C.$proc$/home/juan-diego/miniconda3/envs/digital/bin/../share/yosys/ecp5/cells_sim.v:0$199'.
  created direct connection (no actual register cell created).
Creating register for signal `\DPR16X4C.$memwr$\ram$/home/juan-diego/miniconda3/envs/digital/bin/../share/yosys/ecp5/cells_sim.v:281$169_EN' using process `\DPR16X4C.$proc$/home/juan-diego/miniconda3/envs/digital/bin/../share/yosys/ecp5/cells_sim.v:0$199'.
  created direct connection (no actual register cell created).
Creating register for signal `\DPR16X4C.$memwr$\ram$/home/juan-diego/miniconda3/envs/digital/bin/../share/yosys/ecp5/cells_sim.v:281$170_EN' using process `\DPR16X4C.$proc$/home/juan-diego/miniconda3/envs/digital/bin/../share/yosys/ecp5/cells_sim.v:0$199'.
  created direct connection (no actual register cell created).
Creating register for signal `\DPR16X4C.$memwr$\ram$/home/juan-diego/miniconda3/envs/digital/bin/../share/yosys/ecp5/cells_sim.v:281$171_EN' using process `\DPR16X4C.$proc$/home/juan-diego/miniconda3/envs/digital/bin/../share/yosys/ecp5/cells_sim.v:0$199'.
  created direct connection (no actual register cell created).
Creating register for signal `\DPR16X4C.$memwr$\ram$/home/juan-diego/miniconda3/envs/digital/bin/../share/yosys/ecp5/cells_sim.v:281$172_EN' using process `\DPR16X4C.$proc$/home/juan-diego/miniconda3/envs/digital/bin/../share/yosys/ecp5/cells_sim.v:0$199'.
  created direct connection (no actual register cell created).
Creating register for signal `\DPR16X4C.$memwr$\ram$/home/juan-diego/miniconda3/envs/digital/bin/../share/yosys/ecp5/cells_sim.v:281$173_EN' using process `\DPR16X4C.$proc$/home/juan-diego/miniconda3/envs/digital/bin/../share/yosys/ecp5/cells_sim.v:0$199'.
  created direct connection (no actual register cell created).
Creating register for signal `\DPR16X4C.$memwr$\ram$/home/juan-diego/miniconda3/envs/digital/bin/../share/yosys/ecp5/cells_sim.v:281$174_EN' using process `\DPR16X4C.$proc$/home/juan-diego/miniconda3/envs/digital/bin/../share/yosys/ecp5/cells_sim.v:0$199'.
  created direct connection (no actual register cell created).
Creating register for signal `\DPR16X4C.$memwr$\ram$/home/juan-diego/miniconda3/envs/digital/bin/../share/yosys/ecp5/cells_sim.v:287$175_ADDR' using process `\DPR16X4C.$proc$/home/juan-diego/miniconda3/envs/digital/bin/../share/yosys/ecp5/cells_sim.v:285$176'.
  created $dff cell `$procdff$1159' with positive edge clock.
Creating register for signal `\DPR16X4C.$memwr$\ram$/home/juan-diego/miniconda3/envs/digital/bin/../share/yosys/ecp5/cells_sim.v:287$175_DATA' using process `\DPR16X4C.$proc$/home/juan-diego/miniconda3/envs/digital/bin/../share/yosys/ecp5/cells_sim.v:285$176'.
  created $dff cell `$procdff$1160' with positive edge clock.
Creating register for signal `\DPR16X4C.$memwr$\ram$/home/juan-diego/miniconda3/envs/digital/bin/../share/yosys/ecp5/cells_sim.v:287$175_EN' using process `\DPR16X4C.$proc$/home/juan-diego/miniconda3/envs/digital/bin/../share/yosys/ecp5/cells_sim.v:285$176'.
  created $dff cell `$procdff$1161' with positive edge clock.
Creating register for signal `\TRELLIS_DPR16X4.\i' using process `\TRELLIS_DPR16X4.$proc$/home/juan-diego/miniconda3/envs/digital/bin/../share/yosys/ecp5/cells_sim.v:0$142'.
  created direct connection (no actual register cell created).
Creating register for signal `\TRELLIS_DPR16X4.$memwr$\mem$/home/juan-diego/miniconda3/envs/digital/bin/../share/yosys/ecp5/cells_sim.v:207$100_EN' using process `\TRELLIS_DPR16X4.$proc$/home/juan-diego/miniconda3/envs/digital/bin/../share/yosys/ecp5/cells_sim.v:0$142'.
  created direct connection (no actual register cell created).
Creating register for signal `\TRELLIS_DPR16X4.$memwr$\mem$/home/juan-diego/miniconda3/envs/digital/bin/../share/yosys/ecp5/cells_sim.v:207$101_EN' using process `\TRELLIS_DPR16X4.$proc$/home/juan-diego/miniconda3/envs/digital/bin/../share/yosys/ecp5/cells_sim.v:0$142'.
  created direct connection (no actual register cell created).
Creating register for signal `\TRELLIS_DPR16X4.$memwr$\mem$/home/juan-diego/miniconda3/envs/digital/bin/../share/yosys/ecp5/cells_sim.v:207$102_EN' using process `\TRELLIS_DPR16X4.$proc$/home/juan-diego/miniconda3/envs/digital/bin/../share/yosys/ecp5/cells_sim.v:0$142'.
  created direct connection (no actual register cell created).
Creating register for signal `\TRELLIS_DPR16X4.$memwr$\mem$/home/juan-diego/miniconda3/envs/digital/bin/../share/yosys/ecp5/cells_sim.v:207$103_EN' using process `\TRELLIS_DPR16X4.$proc$/home/juan-diego/miniconda3/envs/digital/bin/../share/yosys/ecp5/cells_sim.v:0$142'.
  created direct connection (no actual register cell created).
Creating register for signal `\TRELLIS_DPR16X4.$memwr$\mem$/home/juan-diego/miniconda3/envs/digital/bin/../share/yosys/ecp5/cells_sim.v:207$104_EN' using process `\TRELLIS_DPR16X4.$proc$/home/juan-diego/miniconda3/envs/digital/bin/../share/yosys/ecp5/cells_sim.v:0$142'.
  created direct connection (no actual register cell created).
Creating register for signal `\TRELLIS_DPR16X4.$memwr$\mem$/home/juan-diego/miniconda3/envs/digital/bin/../share/yosys/ecp5/cells_sim.v:207$105_EN' using process `\TRELLIS_DPR16X4.$proc$/home/juan-diego/miniconda3/envs/digital/bin/../share/yosys/ecp5/cells_sim.v:0$142'.
  created direct connection (no actual register cell created).
Creating register for signal `\TRELLIS_DPR16X4.$memwr$\mem$/home/juan-diego/miniconda3/envs/digital/bin/../share/yosys/ecp5/cells_sim.v:207$106_EN' using process `\TRELLIS_DPR16X4.$proc$/home/juan-diego/miniconda3/envs/digital/bin/../share/yosys/ecp5/cells_sim.v:0$142'.
  created direct connection (no actual register cell created).
Creating register for signal `\TRELLIS_DPR16X4.$memwr$\mem$/home/juan-diego/miniconda3/envs/digital/bin/../share/yosys/ecp5/cells_sim.v:207$107_EN' using process `\TRELLIS_DPR16X4.$proc$/home/juan-diego/miniconda3/envs/digital/bin/../share/yosys/ecp5/cells_sim.v:0$142'.
  created direct connection (no actual register cell created).
Creating register for signal `\TRELLIS_DPR16X4.$memwr$\mem$/home/juan-diego/miniconda3/envs/digital/bin/../share/yosys/ecp5/cells_sim.v:207$108_EN' using process `\TRELLIS_DPR16X4.$proc$/home/juan-diego/miniconda3/envs/digital/bin/../share/yosys/ecp5/cells_sim.v:0$142'.
  created direct connection (no actual register cell created).
Creating register for signal `\TRELLIS_DPR16X4.$memwr$\mem$/home/juan-diego/miniconda3/envs/digital/bin/../share/yosys/ecp5/cells_sim.v:207$109_EN' using process `\TRELLIS_DPR16X4.$proc$/home/juan-diego/miniconda3/envs/digital/bin/../share/yosys/ecp5/cells_sim.v:0$142'.
  created direct connection (no actual register cell created).
Creating register for signal `\TRELLIS_DPR16X4.$memwr$\mem$/home/juan-diego/miniconda3/envs/digital/bin/../share/yosys/ecp5/cells_sim.v:207$110_EN' using process `\TRELLIS_DPR16X4.$proc$/home/juan-diego/miniconda3/envs/digital/bin/../share/yosys/ecp5/cells_sim.v:0$142'.
  created direct connection (no actual register cell created).
Creating register for signal `\TRELLIS_DPR16X4.$memwr$\mem$/home/juan-diego/miniconda3/envs/digital/bin/../share/yosys/ecp5/cells_sim.v:207$111_EN' using process `\TRELLIS_DPR16X4.$proc$/home/juan-diego/miniconda3/envs/digital/bin/../share/yosys/ecp5/cells_sim.v:0$142'.
  created direct connection (no actual register cell created).
Creating register for signal `\TRELLIS_DPR16X4.$memwr$\mem$/home/juan-diego/miniconda3/envs/digital/bin/../share/yosys/ecp5/cells_sim.v:207$112_EN' using process `\TRELLIS_DPR16X4.$proc$/home/juan-diego/miniconda3/envs/digital/bin/../share/yosys/ecp5/cells_sim.v:0$142'.
  created direct connection (no actual register cell created).
Creating register for signal `\TRELLIS_DPR16X4.$memwr$\mem$/home/juan-diego/miniconda3/envs/digital/bin/../share/yosys/ecp5/cells_sim.v:207$113_EN' using process `\TRELLIS_DPR16X4.$proc$/home/juan-diego/miniconda3/envs/digital/bin/../share/yosys/ecp5/cells_sim.v:0$142'.
  created direct connection (no actual register cell created).
Creating register for signal `\TRELLIS_DPR16X4.$memwr$\mem$/home/juan-diego/miniconda3/envs/digital/bin/../share/yosys/ecp5/cells_sim.v:207$114_EN' using process `\TRELLIS_DPR16X4.$proc$/home/juan-diego/miniconda3/envs/digital/bin/../share/yosys/ecp5/cells_sim.v:0$142'.
  created direct connection (no actual register cell created).
Creating register for signal `\TRELLIS_DPR16X4.$memwr$\mem$/home/juan-diego/miniconda3/envs/digital/bin/../share/yosys/ecp5/cells_sim.v:207$115_EN' using process `\TRELLIS_DPR16X4.$proc$/home/juan-diego/miniconda3/envs/digital/bin/../share/yosys/ecp5/cells_sim.v:0$142'.
  created direct connection (no actual register cell created).
Creating register for signal `\TRELLIS_DPR16X4.$memwr$\mem$/home/juan-diego/miniconda3/envs/digital/bin/../share/yosys/ecp5/cells_sim.v:223$116_ADDR' using process `\TRELLIS_DPR16X4.$proc$/home/juan-diego/miniconda3/envs/digital/bin/../share/yosys/ecp5/cells_sim.v:221$118'.
  created $dff cell `$procdff$1162' with positive edge clock.
Creating register for signal `\TRELLIS_DPR16X4.$memwr$\mem$/home/juan-diego/miniconda3/envs/digital/bin/../share/yosys/ecp5/cells_sim.v:223$116_DATA' using process `\TRELLIS_DPR16X4.$proc$/home/juan-diego/miniconda3/envs/digital/bin/../share/yosys/ecp5/cells_sim.v:221$118'.
  created $dff cell `$procdff$1163' with positive edge clock.
Creating register for signal `\TRELLIS_DPR16X4.$memwr$\mem$/home/juan-diego/miniconda3/envs/digital/bin/../share/yosys/ecp5/cells_sim.v:223$116_EN' using process `\TRELLIS_DPR16X4.$proc$/home/juan-diego/miniconda3/envs/digital/bin/../share/yosys/ecp5/cells_sim.v:221$118'.
  created $dff cell `$procdff$1164' with positive edge clock.
Creating register for signal `\TRELLIS_DPR16X4.\muxwre' using process `\TRELLIS_DPR16X4.$proc$/home/juan-diego/miniconda3/envs/digital/bin/../share/yosys/ecp5/cells_sim.v:213$117'.
  created direct connection (no actual register cell created).
Creating register for signal `\Control_Timer_WS2812.\state' using process `\Control_Timer_WS2812.$proc$Codigo_Pantalla/Timer_ws2812/Control_Timer_WS2812.v:25$331'.
  created $dff cell `$procdff$1165' with positive edge clock.
Creating register for signal `\count_out.\count_out' using process `\count_out.$proc$Codigo_Pantalla/Timer_ws2812/count_out.v:9$329'.
  created $dff cell `$procdff$1166' with positive edge clock.
Creating register for signal `\LSR_RGB.\RGB_reg' using process `\LSR_RGB.$proc$Codigo_Pantalla/WS2812_led/LSR_RGB.v:13$318'.
  created $dff cell `$procdff$1167' with positive edge clock.
Creating register for signal `\Count_24.\count_reg' using process `\Count_24.$proc$Codigo_Pantalla/WS2812_led/Count_24.v:12$314'.
  created $dff cell `$procdff$1168' with positive edge clock.
Creating register for signal `\Control_WS2812_LED.\state' using process `\Control_WS2812_LED.$proc$Codigo_Pantalla/WS2812_led/Control_WS2812_LED.v:29$312'.
  created $dff cell `$procdff$1169' with positive edge clock.
Creating register for signal `\Control_WS2812_LED.\send_reset' using process `\Control_WS2812_LED.$proc$Codigo_Pantalla/WS2812_led/Control_WS2812_LED.v:29$312'.
  created $dff cell `$procdff$1170' with positive edge clock.
Creating register for signal `\Control_WS2812_Led_Array.\state' using process `\Control_WS2812_Led_Array.$proc$Codigo_Pantalla/WS2812_Led_Array/Control_WS2812_Led_Array.v:27$309'.
  created $dff cell `$procdff$1171' with positive edge clock.
Creating register for signal `$paramod\Count_Addr\ADDR_WIDTH=s32'00000000000000000000000000001000.\ADDR' using process `$paramod\Count_Addr\ADDR_WIDTH=s32'00000000000000000000000000001000.$proc$Codigo_Pantalla/WS2812_Led_Array/Count_Addr.v:11$307'.
  created $dff cell `$procdff$1172' with positive edge clock.
Creating register for signal `$paramod$883779b11137cdd758f697b018082aebb916c78f\I2C_CLOCK_GENERATOR.\scl_rise' using process `$paramod$883779b11137cdd758f697b018082aebb916c78f\I2C_CLOCK_GENERATOR.$proc$controlador_ADS1115/I2C/I2C_CLOCK_GENERATOR.v:22$299'.
  created $adff cell `$procdff$1173' with positive edge clock and positive level reset.
Creating register for signal `$paramod$883779b11137cdd758f697b018082aebb916c78f\I2C_CLOCK_GENERATOR.\scl_fall' using process `$paramod$883779b11137cdd758f697b018082aebb916c78f\I2C_CLOCK_GENERATOR.$proc$controlador_ADS1115/I2C/I2C_CLOCK_GENERATOR.v:22$299'.
  created $adff cell `$procdff$1174' with positive edge clock and positive level reset.
Creating register for signal `$paramod$883779b11137cdd758f697b018082aebb916c78f\I2C_CLOCK_GENERATOR.\scl' using process `$paramod$883779b11137cdd758f697b018082aebb916c78f\I2C_CLOCK_GENERATOR.$proc$controlador_ADS1115/I2C/I2C_CLOCK_GENERATOR.v:22$299'.
  created $adff cell `$procdff$1175' with positive edge clock and positive level reset.
Creating register for signal `$paramod$883779b11137cdd758f697b018082aebb916c78f\I2C_CLOCK_GENERATOR.\counter' using process `$paramod$883779b11137cdd758f697b018082aebb916c78f\I2C_CLOCK_GENERATOR.$proc$controlador_ADS1115/I2C/I2C_CLOCK_GENERATOR.v:22$299'.
  created $adff cell `$procdff$1176' with positive edge clock and positive level reset.
Creating register for signal `\SHIFT_REGISTER.\rx_reg' using process `\SHIFT_REGISTER.$proc$controlador_ADS1115/I2C/SHIFT_REG.v:34$298'.
  created $adff cell `$procdff$1177' with positive edge clock and positive level reset.
Creating register for signal `\SHIFT_REGISTER.\shift_reg' using process `\SHIFT_REGISTER.$proc$controlador_ADS1115/I2C/SHIFT_REG.v:19$297'.
  created $adff cell `$procdff$1178' with positive edge clock and positive level reset.
Creating register for signal `\CONTADOR_BITS.\count' using process `\CONTADOR_BITS.$proc$controlador_ADS1115/I2C/CONTADOR_BITS.v:13$292'.
  created $adff cell `$procdff$1179' with positive edge clock and positive level reset.
Creating register for signal `\CONTADOR_BYTES.\count' using process `\CONTADOR_BYTES.$proc$controlador_ADS1115/I2C/CONTADOR_BYTES.v:13$287'.
  created $adff cell `$procdff$1180' with positive edge clock and positive level reset.
Creating register for signal `\CONTROL_I2C.\ack_error' using process `\CONTROL_I2C.$proc$controlador_ADS1115/I2C/CONTROL.v:45$270'.
  created $adff cell `$procdff$1181' with positive edge clock and positive level reset.
Creating register for signal `\CONTROL_I2C.\delay_cnt' using process `\CONTROL_I2C.$proc$controlador_ADS1115/I2C/CONTROL.v:45$270'.
  created $adff cell `$procdff$1182' with positive edge clock and positive level reset.
Creating register for signal `\CONTROL_I2C.\NEXT_STATE' using process `\CONTROL_I2C.$proc$controlador_ADS1115/I2C/CONTROL.v:45$270'.
  created $adff cell `$procdff$1183' with positive edge clock and positive level reset.
Creating register for signal `$paramod$6700e42afe5a6ba64bba306c6c707497de39c349\ADS1115_CONTROL.\NEXT_STATE' using process `$paramod$6700e42afe5a6ba64bba306c6c707497de39c349\ADS1115_CONTROL.$proc$controlador_ADS1115/ADS1115_CONTROLER/ADS1115_CONTROL.v:48$258'.
  created $adff cell `$procdff$1184' with positive edge clock and positive level reset.
Creating register for signal `\ADS1115_DATA.\adc_value' using process `\ADS1115_DATA.$proc$controlador_ADS1115/ADS1115_CONTROLER/ADS1115_DATA.v:19$253'.
  created $adff cell `$procdff$1185' with positive edge clock and positive level reset.
Creating register for signal `\ADS1115_DATA.\adc_valid' using process `\ADS1115_DATA.$proc$controlador_ADS1115/ADS1115_CONTROLER/ADS1115_DATA.v:19$253'.
  created $adff cell `$procdff$1186' with positive edge clock and positive level reset.
Creating register for signal `\ADS1115_DATA.\error_alert' using process `\ADS1115_DATA.$proc$controlador_ADS1115/ADS1115_CONTROLER/ADS1115_DATA.v:19$253'.
  created $adff cell `$procdff$1187' with positive edge clock and positive level reset.
Creating register for signal `\ADS1115_DATA.\count_byte' using process `\ADS1115_DATA.$proc$controlador_ADS1115/ADS1115_CONTROLER/ADS1115_DATA.v:19$253'.
  created $adff cell `$procdff$1188' with positive edge clock and positive level reset.
Creating register for signal `\ADS1115_DATA.\msb_byte_reg' using process `\ADS1115_DATA.$proc$controlador_ADS1115/ADS1115_CONTROLER/ADS1115_DATA.v:19$253'.
  created $adff cell `$procdff$1189' with positive edge clock and positive level reset.
Creating register for signal `$paramod$ef89205ef5bbfd5a6a5ef3a21319a57bdeb38de3\TICK_GENERATOR.\tick' using process `$paramod$ef89205ef5bbfd5a6a5ef3a21319a57bdeb38de3\TICK_GENERATOR.$proc$controlador_ADS1115/ADS1115_CONTROLER/TICK_GENERATOR.v:17$249'.
  created $adff cell `$procdff$1190' with positive edge clock and positive level reset.
Creating register for signal `$paramod$ef89205ef5bbfd5a6a5ef3a21319a57bdeb38de3\TICK_GENERATOR.\counter' using process `$paramod$ef89205ef5bbfd5a6a5ef3a21319a57bdeb38de3\TICK_GENERATOR.$proc$controlador_ADS1115/ADS1115_CONTROLER/TICK_GENERATOR.v:17$249'.
  created $adff cell `$procdff$1191' with positive edge clock and positive level reset.
Creating register for signal `$paramod$883779b11137cdd758f697b018082aebb916c78f\TOP_I2C.\sda_meta' using process `$paramod$883779b11137cdd758f697b018082aebb916c78f\TOP_I2C.$proc$controlador_ADS1115/I2C/Top_I2C.v:54$244'.
  created $adff cell `$procdff$1192' with positive edge clock and positive level reset.
Creating register for signal `$paramod$883779b11137cdd758f697b018082aebb916c78f\TOP_I2C.\sda_sync' using process `$paramod$883779b11137cdd758f697b018082aebb916c78f\TOP_I2C.$proc$controlador_ADS1115/I2C/Top_I2C.v:54$244'.
  created $adff cell `$procdff$1193' with positive edge clock and positive level reset.
Creating register for signal `$paramod$deacaa106664fa186463d5896b2dcdde52a7739f\Pantalla_I2C.\active_img_sel' using process `$paramod$deacaa106664fa186463d5896b2dcdde52a7739f\Pantalla_I2C.$proc$Pantalla_I2C.v:52$235'.
  created $dff cell `$procdff$1194' with positive edge clock.
Creating register for signal `$paramod$deacaa106664fa186463d5896b2dcdde52a7739f\Pantalla_I2C.\pending_img_sel' using process `$paramod$deacaa106664fa186463d5896b2dcdde52a7739f\Pantalla_I2C.$proc$Pantalla_I2C.v:52$235'.
  created $dff cell `$procdff$1195' with positive edge clock.
Creating register for signal `$paramod$deacaa106664fa186463d5896b2dcdde52a7739f\Pantalla_I2C.\request_send' using process `$paramod$deacaa106664fa186463d5896b2dcdde52a7739f\Pantalla_I2C.$proc$Pantalla_I2C.v:52$235'.
  created $dff cell `$procdff$1196' with positive edge clock.
Creating register for signal `$paramod$deacaa106664fa186463d5896b2dcdde52a7739f\Pantalla_I2C.\core_busy' using process `$paramod$deacaa106664fa186463d5896b2dcdde52a7739f\Pantalla_I2C.$proc$Pantalla_I2C.v:52$235'.
  created $dff cell `$procdff$1197' with positive edge clock.
Creating register for signal `$paramod$deacaa106664fa186463d5896b2dcdde52a7739f\Pantalla_I2C.\init_m' using process `$paramod$deacaa106664fa186463d5896b2dcdde52a7739f\Pantalla_I2C.$proc$Pantalla_I2C.v:52$235'.
  created $dff cell `$procdff$1198' with positive edge clock.

33.5.10. Executing PROC_MEMWR pass (convert process memory writes to cells).

33.5.11. Executing PROC_CLEAN pass (remove empty switches from decision trees).
Removing empty process `TRELLIS_FF.$proc$/home/juan-diego/miniconda3/envs/digital/bin/../share/yosys/ecp5/cells_sim.v:0$225'.
Found and cleaned up 2 empty switches in `\TRELLIS_FF.$proc$/home/juan-diego/miniconda3/envs/digital/bin/../share/yosys/ecp5/cells_sim.v:350$224'.
Removing empty process `TRELLIS_FF.$proc$/home/juan-diego/miniconda3/envs/digital/bin/../share/yosys/ecp5/cells_sim.v:350$224'.
Removing empty process `DPR16X4C.$proc$/home/juan-diego/miniconda3/envs/digital/bin/../share/yosys/ecp5/cells_sim.v:0$199'.
Found and cleaned up 1 empty switch in `\DPR16X4C.$proc$/home/juan-diego/miniconda3/envs/digital/bin/../share/yosys/ecp5/cells_sim.v:285$176'.
Removing empty process `TRELLIS_DPR16X4.$proc$/home/juan-diego/miniconda3/envs/digital/bin/../share/yosys/ecp5/cells_sim.v:0$142'.
Found and cleaned up 1 empty switch in `\TRELLIS_DPR16X4.$proc$/home/juan-diego/miniconda3/envs/digital/bin/../share/yosys/ecp5/cells_sim.v:221$118'.
Removing empty process `TRELLIS_DPR16X4.$proc$/home/juan-diego/miniconda3/envs/digital/bin/../share/yosys/ecp5/cells_sim.v:213$117'.
Found and cleaned up 1 empty switch in `\Control_Timer_WS2812.$proc$Codigo_Pantalla/Timer_ws2812/Control_Timer_WS2812.v:91$334'.
Removing empty process `Control_Timer_WS2812.$proc$Codigo_Pantalla/Timer_ws2812/Control_Timer_WS2812.v:91$334'.
Found and cleaned up 8 empty switches in `\Control_Timer_WS2812.$proc$Codigo_Pantalla/Timer_ws2812/Control_Timer_WS2812.v:33$332'.
Removing empty process `Control_Timer_WS2812.$proc$Codigo_Pantalla/Timer_ws2812/Control_Timer_WS2812.v:33$332'.
Found and cleaned up 1 empty switch in `\Control_Timer_WS2812.$proc$Codigo_Pantalla/Timer_ws2812/Control_Timer_WS2812.v:25$331'.
Removing empty process `Control_Timer_WS2812.$proc$Codigo_Pantalla/Timer_ws2812/Control_Timer_WS2812.v:25$331'.
Found and cleaned up 3 empty switches in `\count_out.$proc$Codigo_Pantalla/Timer_ws2812/count_out.v:9$329'.
Removing empty process `count_out.$proc$Codigo_Pantalla/Timer_ws2812/count_out.v:9$329'.
Found and cleaned up 1 empty switch in `\mux_timer_ws2812.$proc$Codigo_Pantalla/Timer_ws2812/mux_timer_ws2812.v:11$328'.
Removing empty process `mux_timer_ws2812.$proc$Codigo_Pantalla/Timer_ws2812/mux_timer_ws2812.v:11$328'.
Found and cleaned up 1 empty switch in `$paramod\Image_0\ADDR_WIDTH=s32'00000000000000000000000000001000.$proc$Codigo_Pantalla/WS2812_Led_Array/Image_0.v:8$324'.
Removing empty process `$paramod\Image_0\ADDR_WIDTH=s32'00000000000000000000000000001000.$proc$Codigo_Pantalla/WS2812_Led_Array/Image_0.v:8$324'.
Found and cleaned up 1 empty switch in `$paramod\Image_1\ADDR_WIDTH=s32'00000000000000000000000000001000.$proc$Codigo_Pantalla/WS2812_Led_Array/Image_1.v:8$323'.
Removing empty process `$paramod\Image_1\ADDR_WIDTH=s32'00000000000000000000000000001000.$proc$Codigo_Pantalla/WS2812_Led_Array/Image_1.v:8$323'.
Found and cleaned up 1 empty switch in `$paramod\Image_2\ADDR_WIDTH=s32'00000000000000000000000000001000.$proc$Codigo_Pantalla/WS2812_Led_Array/Image_2.v:8$322'.
Removing empty process `$paramod\Image_2\ADDR_WIDTH=s32'00000000000000000000000000001000.$proc$Codigo_Pantalla/WS2812_Led_Array/Image_2.v:8$322'.
Found and cleaned up 1 empty switch in `$paramod\Image_3\ADDR_WIDTH=s32'00000000000000000000000000001000.$proc$Codigo_Pantalla/WS2812_Led_Array/Image_3.v:8$321'.
Removing empty process `$paramod\Image_3\ADDR_WIDTH=s32'00000000000000000000000000001000.$proc$Codigo_Pantalla/WS2812_Led_Array/Image_3.v:8$321'.
Found and cleaned up 1 empty switch in `$paramod\Image_4\ADDR_WIDTH=s32'00000000000000000000000000001000.$proc$Codigo_Pantalla/WS2812_Led_Array/Image_4.v:8$320'.
Removing empty process `$paramod\Image_4\ADDR_WIDTH=s32'00000000000000000000000000001000.$proc$Codigo_Pantalla/WS2812_Led_Array/Image_4.v:8$320'.
Found and cleaned up 3 empty switches in `\LSR_RGB.$proc$Codigo_Pantalla/WS2812_led/LSR_RGB.v:13$318'.
Removing empty process `LSR_RGB.$proc$Codigo_Pantalla/WS2812_led/LSR_RGB.v:13$318'.
Found and cleaned up 4 empty switches in `\Count_24.$proc$Codigo_Pantalla/WS2812_led/Count_24.v:12$314'.
Removing empty process `Count_24.$proc$Codigo_Pantalla/WS2812_led/Count_24.v:12$314'.
Found and cleaned up 7 empty switches in `\Control_WS2812_LED.$proc$Codigo_Pantalla/WS2812_led/Control_WS2812_LED.v:90$313'.
Removing empty process `Control_WS2812_LED.$proc$Codigo_Pantalla/WS2812_led/Control_WS2812_LED.v:90$313'.
Found and cleaned up 6 empty switches in `\Control_WS2812_LED.$proc$Codigo_Pantalla/WS2812_led/Control_WS2812_LED.v:29$312'.
Removing empty process `Control_WS2812_LED.$proc$Codigo_Pantalla/WS2812_led/Control_WS2812_LED.v:29$312'.
Found and cleaned up 1 empty switch in `\Control_WS2812_Led_Array.$proc$Codigo_Pantalla/WS2812_Led_Array/Control_WS2812_Led_Array.v:85$311'.
Removing empty process `Control_WS2812_Led_Array.$proc$Codigo_Pantalla/WS2812_Led_Array/Control_WS2812_Led_Array.v:85$311'.
Found and cleaned up 4 empty switches in `\Control_WS2812_Led_Array.$proc$Codigo_Pantalla/WS2812_Led_Array/Control_WS2812_Led_Array.v:37$310'.
Removing empty process `Control_WS2812_Led_Array.$proc$Codigo_Pantalla/WS2812_Led_Array/Control_WS2812_Led_Array.v:37$310'.
Found and cleaned up 1 empty switch in `\Control_WS2812_Led_Array.$proc$Codigo_Pantalla/WS2812_Led_Array/Control_WS2812_Led_Array.v:27$309'.
Removing empty process `Control_WS2812_Led_Array.$proc$Codigo_Pantalla/WS2812_Led_Array/Control_WS2812_Led_Array.v:27$309'.
Found and cleaned up 3 empty switches in `$paramod\Count_Addr\ADDR_WIDTH=s32'00000000000000000000000000001000.$proc$Codigo_Pantalla/WS2812_Led_Array/Count_Addr.v:11$307'.
Removing empty process `$paramod\Count_Addr\ADDR_WIDTH=s32'00000000000000000000000000001000.$proc$Codigo_Pantalla/WS2812_Led_Array/Count_Addr.v:11$307'.
Found and cleaned up 1 empty switch in `$paramod\Led_Mem\ADDR_WIDTH=s32'00000000000000000000000000001000.$proc$Codigo_Pantalla/WS2812_Led_Array/Led_Mem.v:55$305'.
Removing empty process `$paramod\Led_Mem\ADDR_WIDTH=s32'00000000000000000000000000001000.$proc$Codigo_Pantalla/WS2812_Led_Array/Led_Mem.v:55$305'.
Found and cleaned up 2 empty switches in `$paramod$883779b11137cdd758f697b018082aebb916c78f\I2C_CLOCK_GENERATOR.$proc$controlador_ADS1115/I2C/I2C_CLOCK_GENERATOR.v:22$299'.
Removing empty process `$paramod$883779b11137cdd758f697b018082aebb916c78f\I2C_CLOCK_GENERATOR.$proc$controlador_ADS1115/I2C/I2C_CLOCK_GENERATOR.v:22$299'.
Found and cleaned up 1 empty switch in `\SHIFT_REGISTER.$proc$controlador_ADS1115/I2C/SHIFT_REG.v:34$298'.
Removing empty process `SHIFT_REGISTER.$proc$controlador_ADS1115/I2C/SHIFT_REG.v:34$298'.
Found and cleaned up 3 empty switches in `\SHIFT_REGISTER.$proc$controlador_ADS1115/I2C/SHIFT_REG.v:19$297'.
Removing empty process `SHIFT_REGISTER.$proc$controlador_ADS1115/I2C/SHIFT_REG.v:19$297'.
Found and cleaned up 2 empty switches in `\CONTADOR_BITS.$proc$controlador_ADS1115/I2C/CONTADOR_BITS.v:13$292'.
Removing empty process `CONTADOR_BITS.$proc$controlador_ADS1115/I2C/CONTADOR_BITS.v:13$292'.
Found and cleaned up 2 empty switches in `\CONTADOR_BYTES.$proc$controlador_ADS1115/I2C/CONTADOR_BYTES.v:13$287'.
Removing empty process `CONTADOR_BYTES.$proc$controlador_ADS1115/I2C/CONTADOR_BYTES.v:13$287'.
Found and cleaned up 1 empty switch in `\CONTROL_I2C.$proc$controlador_ADS1115/I2C/CONTROL.v:113$280'.
Removing empty process `CONTROL_I2C.$proc$controlador_ADS1115/I2C/CONTROL.v:113$280'.
Found and cleaned up 15 empty switches in `\CONTROL_I2C.$proc$controlador_ADS1115/I2C/CONTROL.v:45$270'.
Removing empty process `CONTROL_I2C.$proc$controlador_ADS1115/I2C/CONTROL.v:45$270'.
Found and cleaned up 4 empty switches in `$paramod$6700e42afe5a6ba64bba306c6c707497de39c349\ADS1115_CONTROL.$proc$controlador_ADS1115/ADS1115_CONTROLER/ADS1115_CONTROL.v:106$262'.
Removing empty process `$paramod$6700e42afe5a6ba64bba306c6c707497de39c349\ADS1115_CONTROL.$proc$controlador_ADS1115/ADS1115_CONTROLER/ADS1115_CONTROL.v:106$262'.
Found and cleaned up 8 empty switches in `$paramod$6700e42afe5a6ba64bba306c6c707497de39c349\ADS1115_CONTROL.$proc$controlador_ADS1115/ADS1115_CONTROLER/ADS1115_CONTROL.v:48$258'.
Removing empty process `$paramod$6700e42afe5a6ba64bba306c6c707497de39c349\ADS1115_CONTROL.$proc$controlador_ADS1115/ADS1115_CONTROLER/ADS1115_CONTROL.v:48$258'.
Found and cleaned up 5 empty switches in `\ADS1115_DATA.$proc$controlador_ADS1115/ADS1115_CONTROLER/ADS1115_DATA.v:19$253'.
Removing empty process `ADS1115_DATA.$proc$controlador_ADS1115/ADS1115_CONTROLER/ADS1115_DATA.v:19$253'.
Found and cleaned up 2 empty switches in `$paramod$ef89205ef5bbfd5a6a5ef3a21319a57bdeb38de3\TICK_GENERATOR.$proc$controlador_ADS1115/ADS1115_CONTROLER/TICK_GENERATOR.v:17$249'.
Removing empty process `$paramod$ef89205ef5bbfd5a6a5ef3a21319a57bdeb38de3\TICK_GENERATOR.$proc$controlador_ADS1115/ADS1115_CONTROLER/TICK_GENERATOR.v:17$249'.
Removing empty process `$paramod$883779b11137cdd758f697b018082aebb916c78f\TOP_I2C.$proc$controlador_ADS1115/I2C/Top_I2C.v:54$244'.
Removing empty process `$paramod$deacaa106664fa186463d5896b2dcdde52a7739f\Pantalla_I2C.$proc$Pantalla_I2C.v:36$243'.
Removing empty process `$paramod$deacaa106664fa186463d5896b2dcdde52a7739f\Pantalla_I2C.$proc$Pantalla_I2C.v:35$242'.
Removing empty process `$paramod$deacaa106664fa186463d5896b2dcdde52a7739f\Pantalla_I2C.$proc$Pantalla_I2C.v:34$241'.
Removing empty process `$paramod$deacaa106664fa186463d5896b2dcdde52a7739f\Pantalla_I2C.$proc$Pantalla_I2C.v:32$240'.
Removing empty process `$paramod$deacaa106664fa186463d5896b2dcdde52a7739f\Pantalla_I2C.$proc$Pantalla_I2C.v:31$239'.
Found and cleaned up 4 empty switches in `$paramod$deacaa106664fa186463d5896b2dcdde52a7739f\Pantalla_I2C.$proc$Pantalla_I2C.v:52$235'.
Removing empty process `$paramod$deacaa106664fa186463d5896b2dcdde52a7739f\Pantalla_I2C.$proc$Pantalla_I2C.v:52$235'.
Cleaned up 102 empty switches.

33.5.12. Executing OPT_EXPR pass (perform const folding).
Optimizing module Control_Timer_WS2812.
Optimizing module count_out.
Optimizing module mux_timer_ws2812.
Optimizing module comp_timer_ws2812.
Optimizing module $paramod\Image_0\ADDR_WIDTH=s32'00000000000000000000000000001000.
Optimizing module $paramod\Image_1\ADDR_WIDTH=s32'00000000000000000000000000001000.
Optimizing module $paramod\Image_2\ADDR_WIDTH=s32'00000000000000000000000000001000.
Optimizing module $paramod\Image_3\ADDR_WIDTH=s32'00000000000000000000000000001000.
Optimizing module $paramod\Image_4\ADDR_WIDTH=s32'00000000000000000000000000001000.
Optimizing module LSR_RGB.
Optimizing module Count_24.
Optimizing module Control_WS2812_LED.
Optimizing module Timer_WS2812.
Optimizing module Control_WS2812_Led_Array.
Optimizing module $paramod\Count_Addr\ADDR_WIDTH=s32'00000000000000000000000000001000.
Optimizing module $paramod$5847e4513510e8ea4783b81660155353fe4aec79\Comp_Addr.
Optimizing module $paramod\Led_Mem\ADDR_WIDTH=s32'00000000000000000000000000001000.
Optimizing module WS2812_led.
Optimizing module $paramod$5847e4513510e8ea4783b81660155353fe4aec79\WS2812_Led_Array.
Optimizing module $paramod$883779b11137cdd758f697b018082aebb916c78f\I2C_CLOCK_GENERATOR.
Optimizing module SHIFT_REGISTER.
Optimizing module CONTADOR_BITS.
Optimizing module CONTADOR_BYTES.
Optimizing module CONTROL_I2C.
Optimizing module $paramod$6700e42afe5a6ba64bba306c6c707497de39c349\ADS1115_CONTROL.
Optimizing module ADS1115_DATA.
Optimizing module $paramod$ef89205ef5bbfd5a6a5ef3a21319a57bdeb38de3\TICK_GENERATOR.
Optimizing module $paramod$b5554af5f2b2d5062a1eae4b2ce4096b2a5d2757\ADS1115_TOP.
Optimizing module $paramod$883779b11137cdd758f697b018082aebb916c78f\TOP_I2C.
Optimizing module $paramod$deacaa106664fa186463d5896b2dcdde52a7739f\Pantalla_I2C.
Optimizing module TOP_PROYECTO.

33.6. Executing FLATTEN pass (flatten design).
Deleting now unused module Control_Timer_WS2812.
Deleting now unused module count_out.
Deleting now unused module mux_timer_ws2812.
Deleting now unused module comp_timer_ws2812.
Deleting now unused module $paramod\Image_0\ADDR_WIDTH=s32'00000000000000000000000000001000.
Deleting now unused module $paramod\Image_1\ADDR_WIDTH=s32'00000000000000000000000000001000.
Deleting now unused module $paramod\Image_2\ADDR_WIDTH=s32'00000000000000000000000000001000.
Deleting now unused module $paramod\Image_3\ADDR_WIDTH=s32'00000000000000000000000000001000.
Deleting now unused module $paramod\Image_4\ADDR_WIDTH=s32'00000000000000000000000000001000.
Deleting now unused module LSR_RGB.
Deleting now unused module Count_24.
Deleting now unused module Control_WS2812_LED.
Deleting now unused module Timer_WS2812.
Deleting now unused module Control_WS2812_Led_Array.
Deleting now unused module $paramod\Count_Addr\ADDR_WIDTH=s32'00000000000000000000000000001000.
Deleting now unused module $paramod$5847e4513510e8ea4783b81660155353fe4aec79\Comp_Addr.
Deleting now unused module $paramod\Led_Mem\ADDR_WIDTH=s32'00000000000000000000000000001000.
Deleting now unused module WS2812_led.
Deleting now unused module $paramod$5847e4513510e8ea4783b81660155353fe4aec79\WS2812_Led_Array.
Deleting now unused module $paramod$883779b11137cdd758f697b018082aebb916c78f\I2C_CLOCK_GENERATOR.
Deleting now unused module SHIFT_REGISTER.
Deleting now unused module CONTADOR_BITS.
Deleting now unused module CONTADOR_BYTES.
Deleting now unused module CONTROL_I2C.
Deleting now unused module $paramod$6700e42afe5a6ba64bba306c6c707497de39c349\ADS1115_CONTROL.
Deleting now unused module ADS1115_DATA.
Deleting now unused module $paramod$ef89205ef5bbfd5a6a5ef3a21319a57bdeb38de3\TICK_GENERATOR.
Deleting now unused module $paramod$b5554af5f2b2d5062a1eae4b2ce4096b2a5d2757\ADS1115_TOP.
Deleting now unused module $paramod$883779b11137cdd758f697b018082aebb916c78f\TOP_I2C.
Deleting now unused module $paramod$deacaa106664fa186463d5896b2dcdde52a7739f\Pantalla_I2C.

33.7. Executing TRIBUF pass.

33.8. Executing DEMINOUT pass (demote inout ports to input or output).

33.9. Executing OPT_EXPR pass (perform const folding).
Optimizing module TOP_PROYECTO.

33.10. Executing OPT_CLEAN pass (remove unused cells and wires).
Finding unused cells or wires in module \TOP_PROYECTO..
Removed 14 unused cells and 322 unused wires.

33.11. Executing CHECK pass (checking for obvious problems).
Checking module TOP_PROYECTO...
Found and reported 0 problems.

33.12. Executing OPT pass (performing simple optimizations).

33.12.1. Executing OPT_EXPR pass (perform const folding).
Optimizing module TOP_PROYECTO.

33.12.2. Executing OPT_MERGE pass (detect identical cells).
Finding identical cells in module `\TOP_PROYECTO'.
Removed a total of 124 cells.

33.12.3. Executing OPT_MUXTREE pass (detect dead branches in mux trees).
Running muxtree optimizer on module \TOP_PROYECTO..
  Creating internal representation of mux trees.
  Evaluating internal representation of mux trees.
  Analyzing evaluation results.
    dead port 2/2 on $mux $flatten\mi_pantalla.\core_pantalla.\control_array.$procmux$705.
    dead port 2/2 on $mux $flatten\mi_pantalla.\core_pantalla.\control_array.$procmux$714.
    dead port 2/2 on $mux $flatten\mi_pantalla.\core_pantalla.\control_array.$procmux$726.
    dead port 2/2 on $mux $flatten\mi_controlador.\CONTROL.$procmux$1011.
    dead port 2/2 on $mux $flatten\mi_controlador.\CONTROL.$procmux$986.
    dead port 2/2 on $mux $flatten\mi_controlador.\CONTROL.$procmux$997.
    dead port 1/2 on $mux $flatten\mi_pantalla.\core_pantalla.\ws2812_led_inst.\control0.$procmux$541.
    dead port 2/2 on $mux $flatten\mi_pantalla.\core_pantalla.\ws2812_led_inst.\control0.$procmux$543.
    dead port 2/2 on $mux $flatten\mi_pantalla.\core_pantalla.\ws2812_led_inst.\control0.$procmux$552.
    dead port 1/2 on $mux $flatten\mi_pantalla.\core_pantalla.\ws2812_led_inst.\control0.$procmux$563.
    dead port 2/2 on $mux $flatten\mi_pantalla.\core_pantalla.\ws2812_led_inst.\control0.$procmux$565.
    dead port 2/2 on $mux $flatten\mi_pantalla.\core_pantalla.\ws2812_led_inst.\control0.$procmux$575.
    dead port 2/2 on $mux $flatten\mi_pantalla.\core_pantalla.\ws2812_led_inst.\control0.$procmux$589.
    dead port 2/2 on $mux $flatten\mi_pantalla.\core_pantalla.\ws2812_led_inst.\control0.$procmux$600.
    dead port 2/2 on $mux $flatten\mi_pantalla.\core_pantalla.\ws2812_led_inst.\timer0.\control_timer.$procmux$409.
    dead port 2/2 on $mux $flatten\mi_pantalla.\core_pantalla.\ws2812_led_inst.\timer0.\control_timer.$procmux$416.
    dead port 2/2 on $mux $flatten\mi_pantalla.\core_pantalla.\ws2812_led_inst.\timer0.\control_timer.$procmux$424.
    dead port 2/2 on $mux $flatten\mi_pantalla.\core_pantalla.\ws2812_led_inst.\timer0.\control_timer.$procmux$433.
    dead port 2/2 on $mux $flatten\mi_pantalla.\core_pantalla.\ws2812_led_inst.\timer0.\control_timer.$procmux$443.
    dead port 2/2 on $mux $flatten\mi_pantalla.\core_pantalla.\ws2812_led_inst.\timer0.\control_timer.$procmux$457.
    dead port 2/2 on $mux $flatten\mi_pantalla.\core_pantalla.\ws2812_led_inst.\timer0.\control_timer.$procmux$459.
    dead port 2/2 on $mux $flatten\mi_pantalla.\core_pantalla.\ws2812_led_inst.\timer0.\control_timer.$procmux$470.
Removed 22 multiplexer ports.

33.12.4. Executing OPT_REDUCE pass (consolidate $*mux and $reduce_* inputs).
  Optimizing cells in module \TOP_PROYECTO.
    New ctrl vector for $pmux cell $flatten\mi_i2c_driver.\CONTROL.$procmux$850: $auto$opt_reduce.cc:134:opt_pmux$1202
    New ctrl vector for $pmux cell $flatten\mi_controlador.\CONTROL.$procmux$1034: $auto$opt_reduce.cc:134:opt_pmux$1204
    New ctrl vector for $pmux cell $flatten\mi_i2c_driver.\CONTROL.$procmux$873: { $flatten\mi_i2c_driver.\CONTROL.$procmux$812_CMP $auto$opt_reduce.cc:134:opt_pmux$1206 }
    New ctrl vector for $pmux cell $flatten\mi_controlador.\CONTROL.$procmux$1041: { $auto$opt_reduce.cc:134:opt_pmux$1212 $auto$opt_reduce.cc:134:opt_pmux$1210 $auto$opt_reduce.cc:134:opt_pmux$1208 }
    New ctrl vector for $pmux cell $flatten\mi_i2c_driver.\CONTROL.$procmux$885: $auto$opt_reduce.cc:134:opt_pmux$1214
    New ctrl vector for $pmux cell $flatten\mi_i2c_driver.\CONTROL.$procmux$889: $auto$opt_reduce.cc:134:opt_pmux$1216
    New ctrl vector for $pmux cell $flatten\mi_controlador.\CONTROL.$procmux$1051: { $flatten\mi_controlador.\CONTROL.$procmux$1012_CMP $auto$opt_reduce.cc:134:opt_pmux$1218 $flatten\mi_controlador.\CONTROL.$procmux$1018_CMP $flatten\mi_controlador.\CONTROL.$procmux$1035_CMP $flatten\mi_controlador.\CONTROL.$procmux$1017_CMP }
    New ctrl vector for $pmux cell $flatten\mi_i2c_driver.\CONTROL.$procmux$903: $auto$opt_reduce.cc:134:opt_pmux$1220
    New ctrl vector for $pmux cell $flatten\mi_controlador.\CONTROL.$procmux$1061: $auto$opt_reduce.cc:134:opt_pmux$1222
    New ctrl vector for $pmux cell $flatten\mi_i2c_driver.\CONTROL.$procmux$908: $auto$opt_reduce.cc:134:opt_pmux$1224
    New ctrl vector for $pmux cell $flatten\mi_controlador.\CONTROL.$procmux$1068: $auto$opt_reduce.cc:134:opt_pmux$1226
    New ctrl vector for $pmux cell $flatten\mi_controlador.\CONTROL.$procmux$1016: $auto$opt_reduce.cc:134:opt_pmux$1228
    New ctrl vector for $pmux cell $flatten\mi_pantalla.\core_pantalla.\ws2812_led_inst.\control0.$procmux$669: $auto$opt_reduce.cc:134:opt_pmux$1230
    New ctrl vector for $pmux cell $flatten\mi_pantalla.\core_pantalla.\ws2812_led_inst.\timer0.\control_timer.$procmux$386: $auto$opt_reduce.cc:134:opt_pmux$1232
    New ctrl vector for $pmux cell $flatten\mi_pantalla.\core_pantalla.\ws2812_led_inst.\timer0.\control_timer.$procmux$392: $auto$opt_reduce.cc:134:opt_pmux$1234
    New ctrl vector for $pmux cell $flatten\mi_pantalla.\core_pantalla.\ws2812_led_inst.\timer0.\control_timer.$procmux$402: $auto$opt_reduce.cc:134:opt_pmux$1236
  Optimizing cells in module \TOP_PROYECTO.
Performed a total of 16 changes.

33.12.5. Executing OPT_MERGE pass (detect identical cells).
Finding identical cells in module `\TOP_PROYECTO'.
Removed a total of 7 cells.

33.12.6. Executing OPT_DFF pass (perform DFF optimizations).

33.12.7. Executing OPT_CLEAN pass (remove unused cells and wires).
Finding unused cells or wires in module \TOP_PROYECTO..
Removed 0 unused cells and 151 unused wires.

33.12.8. Executing OPT_EXPR pass (perform const folding).
Optimizing module TOP_PROYECTO.

33.12.9. Rerunning OPT passes. (Maybe there is more to do..)

33.12.10. Executing OPT_MUXTREE pass (detect dead branches in mux trees).
Running muxtree optimizer on module \TOP_PROYECTO..
  Creating internal representation of mux trees.
  Evaluating internal representation of mux trees.
  Analyzing evaluation results.
Removed 0 multiplexer ports.

33.12.11. Executing OPT_REDUCE pass (consolidate $*mux and $reduce_* inputs).
  Optimizing cells in module \TOP_PROYECTO.
    New ctrl vector for $pmux cell $flatten\mi_pantalla.\core_pantalla.\ws2812_led_inst.\control0.$procmux$606: { $flatten\mi_pantalla.\core_pantalla.\ws2812_led_inst.\control0.$procmux$590_CMP $auto$opt_reduce.cc:134:opt_pmux$1238 }
  Optimizing cells in module \TOP_PROYECTO.
Performed a total of 1 changes.

33.12.12. Executing OPT_MERGE pass (detect identical cells).
Finding identical cells in module `\TOP_PROYECTO'.
Removed a total of 0 cells.

33.12.13. Executing OPT_DFF pass (perform DFF optimizations).

33.12.14. Executing OPT_CLEAN pass (remove unused cells and wires).
Finding unused cells or wires in module \TOP_PROYECTO..

33.12.15. Executing OPT_EXPR pass (perform const folding).
Optimizing module TOP_PROYECTO.

33.12.16. Rerunning OPT passes. (Maybe there is more to do..)

33.12.17. Executing OPT_MUXTREE pass (detect dead branches in mux trees).
Running muxtree optimizer on module \TOP_PROYECTO..
  Creating internal representation of mux trees.
  Evaluating internal representation of mux trees.
  Analyzing evaluation results.
Removed 0 multiplexer ports.

33.12.18. Executing OPT_REDUCE pass (consolidate $*mux and $reduce_* inputs).
  Optimizing cells in module \TOP_PROYECTO.
Performed a total of 0 changes.

33.12.19. Executing OPT_MERGE pass (detect identical cells).
Finding identical cells in module `\TOP_PROYECTO'.
Removed a total of 0 cells.

33.12.20. Executing OPT_DFF pass (perform DFF optimizations).

33.12.21. Executing OPT_CLEAN pass (remove unused cells and wires).
Finding unused cells or wires in module \TOP_PROYECTO..

33.12.22. Executing OPT_EXPR pass (perform const folding).
Optimizing module TOP_PROYECTO.

33.12.23. Finished OPT passes. (There is nothing left to do.)

33.13. Executing FSM pass (extract and optimize FSM).

33.13.1. Executing FSM_DETECT pass (finding FSMs in design).
Not marking TOP_PROYECTO.mi_controlador.CONTROL.NEXT_STATE as FSM state register:
    Circuit seems to be self-resetting.
Not marking TOP_PROYECTO.mi_i2c_driver.CONTROL.NEXT_STATE as FSM state register:
    Circuit seems to be self-resetting.
Found FSM state register TOP_PROYECTO.mi_pantalla.core_pantalla.control_array.state.
Found FSM state register TOP_PROYECTO.mi_pantalla.core_pantalla.ws2812_led_inst.control0.state.
Found FSM state register TOP_PROYECTO.mi_pantalla.core_pantalla.ws2812_led_inst.timer0.control_timer.state.
Not marking TOP_PROYECTO.mi_pantalla.pending_img_sel as FSM state register:
    Users of register don't seem to benefit from recoding.
    Register has an initialization value.

33.13.2. Executing FSM_EXTRACT pass (extracting FSM from design).
Extracting FSM `\mi_pantalla.core_pantalla.control_array.state' from module `\TOP_PROYECTO'.
  found $dff cell for state register: $flatten\mi_pantalla.\core_pantalla.\control_array.$procdff$1171
  root of input selection tree: $flatten\mi_pantalla.\core_pantalla.\control_array.$0\state[2:0]
  found reset state: 3'000 (guessed from mux tree)
  found ctrl input: \reset
  found ctrl input: $flatten\mi_pantalla.\core_pantalla.\control_array.$procmux$706_CMP
  found ctrl input: $flatten\mi_pantalla.\core_pantalla.\control_array.$procmux$682_CMP
  found ctrl input: $flatten\mi_pantalla.\core_pantalla.\control_array.$procmux$715_CMP
  found ctrl input: $flatten\mi_pantalla.\core_pantalla.\control_array.$procmux$734_CMP
  found ctrl input: $flatten\mi_pantalla.\core_pantalla.\control_array.$procmux$699_CMP
  found ctrl input: $flatten\mi_pantalla.\core_pantalla.\control_array.$procmux$691_CMP
  found state code: 3'000
  found ctrl input: \mi_pantalla.core_pantalla.Z
  found state code: 3'001
  found state code: 3'110
  found state code: 3'101
  found ctrl input: \mi_pantalla.core_pantalla.DONE_LED
  found state code: 3'011
  found state code: 3'100
  found state code: 3'010
  found ctrl input: \mi_pantalla.init_m
  found ctrl output: $flatten\mi_pantalla.\core_pantalla.\control_array.$procmux$734_CMP
  found ctrl output: $flatten\mi_pantalla.\core_pantalla.\control_array.$procmux$715_CMP
  found ctrl output: $flatten\mi_pantalla.\core_pantalla.\control_array.$procmux$706_CMP
  found ctrl output: $flatten\mi_pantalla.\core_pantalla.\control_array.$procmux$699_CMP
  found ctrl output: $flatten\mi_pantalla.\core_pantalla.\control_array.$procmux$691_CMP
  found ctrl output: $flatten\mi_pantalla.\core_pantalla.\control_array.$procmux$682_CMP
  found ctrl output: $flatten\mi_pantalla.\core_pantalla.\control_array.$procmux$677_CMP
  ctrl inputs: { \mi_pantalla.init_m \mi_pantalla.core_pantalla.DONE_LED \mi_pantalla.core_pantalla.Z \reset }
  ctrl outputs: { $flatten\mi_pantalla.\core_pantalla.\control_array.$0\state[2:0] $flatten\mi_pantalla.\core_pantalla.\control_array.$procmux$677_CMP $flatten\mi_pantalla.\core_pantalla.\control_array.$procmux$682_CMP $flatten\mi_pantalla.\core_pantalla.\control_array.$procmux$691_CMP $flatten\mi_pantalla.\core_pantalla.\control_array.$procmux$699_CMP $flatten\mi_pantalla.\core_pantalla.\control_array.$procmux$706_CMP $flatten\mi_pantalla.\core_pantalla.\control_array.$procmux$715_CMP $flatten\mi_pantalla.\core_pantalla.\control_array.$procmux$734_CMP }
  transition:      3'000 4'0--0 ->      3'000 10'0000010000
  transition:      3'000 4'1--0 ->      3'001 10'0010010000
  transition:      3'000 4'---1 ->      3'000 10'0000010000
  transition:      3'100 4'---0 ->      3'101 10'1010100000
  transition:      3'100 4'---1 ->      3'000 10'0000100000
  transition:      3'010 4'---0 ->      3'011 10'0110000001
  transition:      3'010 4'---1 ->      3'000 10'0000000001
  transition:      3'110 4'---0 ->      3'000 10'0001000000
  transition:      3'110 4'---1 ->      3'000 10'0001000000
  transition:      3'001 4'---0 ->      3'010 10'0100001000
  transition:      3'001 4'---1 ->      3'000 10'0000001000
  transition:      3'101 4'--00 ->      3'001 10'0010000100
  transition:      3'101 4'--10 ->      3'110 10'1100000100
  transition:      3'101 4'---1 ->      3'000 10'0000000100
  transition:      3'011 4'-0-0 ->      3'011 10'0110000010
  transition:      3'011 4'-1-0 ->      3'100 10'1000000010
  transition:      3'011 4'---1 ->      3'000 10'0000000010
Extracting FSM `\mi_pantalla.core_pantalla.ws2812_led_inst.control0.state' from module `\TOP_PROYECTO'.
  found $dff cell for state register: $flatten\mi_pantalla.\core_pantalla.\ws2812_led_inst.\control0.$procdff$1169
  root of input selection tree: $flatten\mi_pantalla.\core_pantalla.\ws2812_led_inst.\control0.$0\state[2:0]
  found reset state: 3'000 (guessed from mux tree)
  found ctrl input: \reset
  found ctrl input: $flatten\mi_pantalla.\core_pantalla.\ws2812_led_inst.\control0.$procmux$645_CMP
  found ctrl input: $flatten\mi_pantalla.\core_pantalla.\ws2812_led_inst.\control0.$procmux$626_CMP
  found ctrl input: $flatten\mi_pantalla.\core_pantalla.\ws2812_led_inst.\control0.$procmux$544_CMP
  found ctrl input: $flatten\mi_pantalla.\core_pantalla.\ws2812_led_inst.\control0.$procmux$566_CMP
  found ctrl input: $flatten\mi_pantalla.\core_pantalla.\ws2812_led_inst.\control0.$procmux$590_CMP
  found ctrl input: $flatten\mi_pantalla.\core_pantalla.\ws2812_led_inst.\control0.$procmux$621_CMP
  found state code: 3'000
  found ctrl input: \mi_pantalla.core_pantalla.ws2812_led_inst.control0.Z
  found state code: 3'001
  found state code: 3'110
  found state code: 3'101
  found ctrl input: \mi_pantalla.core_pantalla.ws2812_led_inst.control0.DONE_T
  found state code: 3'011
  found ctrl input: \mi_pantalla.core_pantalla.ws2812_led_inst.control0.send_reset
  found state code: 3'100
  found state code: 3'010
  found ctrl input: \mi_pantalla.core_pantalla.INIT_LED
  found ctrl output: $flatten\mi_pantalla.\core_pantalla.\ws2812_led_inst.\control0.$procmux$544_CMP
  found ctrl output: $flatten\mi_pantalla.\core_pantalla.\ws2812_led_inst.\control0.$procmux$566_CMP
  found ctrl output: $flatten\mi_pantalla.\core_pantalla.\ws2812_led_inst.\control0.$procmux$590_CMP
  found ctrl output: $flatten\mi_pantalla.\core_pantalla.\ws2812_led_inst.\control0.$procmux$612_CMP
  found ctrl output: $flatten\mi_pantalla.\core_pantalla.\ws2812_led_inst.\control0.$procmux$621_CMP
  found ctrl output: $flatten\mi_pantalla.\core_pantalla.\ws2812_led_inst.\control0.$procmux$626_CMP
  found ctrl output: $flatten\mi_pantalla.\core_pantalla.\ws2812_led_inst.\control0.$procmux$645_CMP
  ctrl inputs: { \mi_pantalla.core_pantalla.ws2812_led_inst.control0.send_reset \mi_pantalla.core_pantalla.ws2812_led_inst.control0.Z \mi_pantalla.core_pantalla.ws2812_led_inst.control0.DONE_T \mi_pantalla.core_pantalla.INIT_LED \reset }
  ctrl outputs: { $flatten\mi_pantalla.\core_pantalla.\ws2812_led_inst.\control0.$procmux$645_CMP $flatten\mi_pantalla.\core_pantalla.\ws2812_led_inst.\control0.$procmux$626_CMP $flatten\mi_pantalla.\core_pantalla.\ws2812_led_inst.\control0.$procmux$621_CMP $flatten\mi_pantalla.\core_pantalla.\ws2812_led_inst.\control0.$procmux$612_CMP $flatten\mi_pantalla.\core_pantalla.\ws2812_led_inst.\control0.$procmux$590_CMP $flatten\mi_pantalla.\core_pantalla.\ws2812_led_inst.\control0.$procmux$566_CMP $flatten\mi_pantalla.\core_pantalla.\ws2812_led_inst.\control0.$procmux$544_CMP $flatten\mi_pantalla.\core_pantalla.\ws2812_led_inst.\control0.$0\state[2:0] }
  transition:      3'000 5'---00 ->      3'000 10'0010000000
  transition:      3'000 5'---10 ->      3'001 10'0010000001
  transition:      3'000 5'----1 ->      3'000 10'0010000000
  transition:      3'100 5'----0 ->      3'101 10'0100000101
  transition:      3'100 5'----1 ->      3'000 10'0100000000
  transition:      3'010 5'----0 ->      3'011 10'0000010011
  transition:      3'010 5'----1 ->      3'000 10'0000010000
  transition:      3'110 5'----0 ->      3'000 10'0001000000
  transition:      3'110 5'----1 ->      3'000 10'0001000000
  transition:      3'001 5'----0 ->      3'010 10'0000100010
  transition:      3'001 5'----1 ->      3'000 10'0000100000
  transition:      3'101 5'-0--0 ->      3'001 10'1000000001
  transition:      3'101 5'-1--0 ->      3'110 10'1000000110
  transition:      3'101 5'----1 ->      3'000 10'1000000000
  transition:      3'011 5'--0-0 ->      3'011 10'0000001011
  transition:      3'011 5'0-1-0 ->      3'100 10'0000001100
  transition:      3'011 5'1-1-0 ->      3'110 10'0000001110
  transition:      3'011 5'----1 ->      3'000 10'0000001000
Extracting FSM `\mi_pantalla.core_pantalla.ws2812_led_inst.timer0.control_timer.state' from module `\TOP_PROYECTO'.
  found $dff cell for state register: $flatten\mi_pantalla.\core_pantalla.\ws2812_led_inst.\timer0.\control_timer.$procdff$1165
  root of input selection tree: $flatten\mi_pantalla.\core_pantalla.\ws2812_led_inst.\timer0.\control_timer.$0\state[2:0]
  found reset state: 3'000 (guessed from mux tree)
  found ctrl input: \reset
  found ctrl input: $flatten\mi_pantalla.\core_pantalla.\ws2812_led_inst.\timer0.\control_timer.$procmux$393_CMP
  found ctrl input: $flatten\mi_pantalla.\core_pantalla.\ws2812_led_inst.\timer0.\control_timer.$procmux$381_CMP
  found ctrl input: $flatten\mi_pantalla.\core_pantalla.\ws2812_led_inst.\timer0.\control_timer.$procmux$382_CMP
  found ctrl input: $flatten\mi_pantalla.\core_pantalla.\ws2812_led_inst.\timer0.\control_timer.$procmux$383_CMP
  found ctrl input: $flatten\mi_pantalla.\core_pantalla.\ws2812_led_inst.\timer0.\control_timer.$procmux$390_CMP
  found ctrl input: $flatten\mi_pantalla.\core_pantalla.\ws2812_led_inst.\timer0.\control_timer.$procmux$394_CMP
  found state code: 3'000
  found ctrl input: \mi_pantalla.core_pantalla.ws2812_led_inst.timer0.control_timer.INIT_T
  found state code: 3'101
  found ctrl input: \mi_pantalla.core_pantalla.ws2812_led_inst.timer0.comparador_timer.Z
  found state code: 3'011
  found state code: 3'100
  found state code: 3'010
  found state code: 3'001
  found ctrl input: $flatten\mi_pantalla.\core_pantalla.\ws2812_led_inst.\timer0.\control_timer.$procmux$455_CMP
  found ctrl input: $flatten\mi_pantalla.\core_pantalla.\ws2812_led_inst.\timer0.\control_timer.$procmux$456_CMP
  found ctrl output: $flatten\mi_pantalla.\core_pantalla.\ws2812_led_inst.\timer0.\control_timer.$procmux$394_CMP
  found ctrl output: $flatten\mi_pantalla.\core_pantalla.\ws2812_led_inst.\timer0.\control_timer.$procmux$393_CMP
  found ctrl output: $flatten\mi_pantalla.\core_pantalla.\ws2812_led_inst.\timer0.\control_timer.$procmux$390_CMP
  found ctrl output: $flatten\mi_pantalla.\core_pantalla.\ws2812_led_inst.\timer0.\control_timer.$procmux$383_CMP
  found ctrl output: $flatten\mi_pantalla.\core_pantalla.\ws2812_led_inst.\timer0.\control_timer.$procmux$382_CMP
  found ctrl output: $flatten\mi_pantalla.\core_pantalla.\ws2812_led_inst.\timer0.\control_timer.$procmux$381_CMP
  ctrl inputs: { \mi_pantalla.core_pantalla.ws2812_led_inst.timer0.comparador_timer.Z \mi_pantalla.core_pantalla.ws2812_led_inst.timer0.control_timer.INIT_T $flatten\mi_pantalla.\core_pantalla.\ws2812_led_inst.\timer0.\control_timer.$procmux$455_CMP $flatten\mi_pantalla.\core_pantalla.\ws2812_led_inst.\timer0.\control_timer.$procmux$456_CMP \reset }
  ctrl outputs: { $flatten\mi_pantalla.\core_pantalla.\ws2812_led_inst.\timer0.\control_timer.$0\state[2:0] $flatten\mi_pantalla.\core_pantalla.\ws2812_led_inst.\timer0.\control_timer.$procmux$381_CMP $flatten\mi_pantalla.\core_pantalla.\ws2812_led_inst.\timer0.\control_timer.$procmux$382_CMP $flatten\mi_pantalla.\core_pantalla.\ws2812_led_inst.\timer0.\control_timer.$procmux$383_CMP $flatten\mi_pantalla.\core_pantalla.\ws2812_led_inst.\timer0.\control_timer.$procmux$390_CMP $flatten\mi_pantalla.\core_pantalla.\ws2812_led_inst.\timer0.\control_timer.$procmux$393_CMP $flatten\mi_pantalla.\core_pantalla.\ws2812_led_inst.\timer0.\control_timer.$procmux$394_CMP }
  transition:      3'000 5'-0--0 ->      3'000 9'000000001
  transition:      3'000 5'-1000 ->      3'011 9'011000001
  transition:      3'000 5'-1-10 ->      3'001 9'001000001
  transition:      3'000 5'-11-0 ->      3'010 9'010000001
  transition:      3'000 5'----1 ->      3'000 9'000000001
  transition:      3'100 5'0---0 ->      3'100 9'100010000
  transition:      3'100 5'1---0 ->      3'101 9'101010000
  transition:      3'100 5'----1 ->      3'000 9'000010000
  transition:      3'010 5'0---0 ->      3'010 9'010001000
  transition:      3'010 5'1---0 ->      3'100 9'100001000
  transition:      3'010 5'----1 ->      3'000 9'000001000
  transition:      3'001 5'0---0 ->      3'001 9'001000100
  transition:      3'001 5'1---0 ->      3'100 9'100000100
  transition:      3'001 5'----1 ->      3'000 9'000000100
  transition:      3'101 5'-0--0 ->      3'000 9'000000010
  transition:      3'101 5'-1--0 ->      3'101 9'101000010
  transition:      3'101 5'----1 ->      3'000 9'000000010
  transition:      3'011 5'0---0 ->      3'011 9'011100000
  transition:      3'011 5'1---0 ->      3'101 9'101100000
  transition:      3'011 5'----1 ->      3'000 9'000100000

33.13.3. Executing FSM_OPT pass (simple optimizations of FSMs).
Optimizing FSM `$fsm$\mi_pantalla.core_pantalla.ws2812_led_inst.timer0.control_timer.state$1257' from module `\TOP_PROYECTO'.
Optimizing FSM `$fsm$\mi_pantalla.core_pantalla.ws2812_led_inst.control0.state$1248' from module `\TOP_PROYECTO'.
  Merging pattern 5'----0 and 5'----1 from group (3 0 10'0001000000).
  Merging pattern 5'----1 and 5'----0 from group (3 0 10'0001000000).
Optimizing FSM `$fsm$\mi_pantalla.core_pantalla.control_array.state$1239' from module `\TOP_PROYECTO'.
  Merging pattern 4'---0 and 4'---1 from group (3 0 10'0001000000).
  Merging pattern 4'---1 and 4'---0 from group (3 0 10'0001000000).

33.13.4. Executing OPT_CLEAN pass (remove unused cells and wires).
Finding unused cells or wires in module \TOP_PROYECTO..
Removed 43 unused cells and 43 unused wires.

33.13.5. Executing FSM_OPT pass (simple optimizations of FSMs).
Optimizing FSM `$fsm$\mi_pantalla.core_pantalla.control_array.state$1239' from module `\TOP_PROYECTO'.
  Removing unused output signal $flatten\mi_pantalla.\core_pantalla.\control_array.$procmux$734_CMP.
  Removing unused output signal $flatten\mi_pantalla.\core_pantalla.\control_array.$procmux$715_CMP.
  Removing unused output signal $flatten\mi_pantalla.\core_pantalla.\control_array.$procmux$706_CMP.
  Removing unused output signal $flatten\mi_pantalla.\core_pantalla.\control_array.$0\state[2:0] [0].
  Removing unused output signal $flatten\mi_pantalla.\core_pantalla.\control_array.$0\state[2:0] [1].
  Removing unused output signal $flatten\mi_pantalla.\core_pantalla.\control_array.$0\state[2:0] [2].
Optimizing FSM `$fsm$\mi_pantalla.core_pantalla.ws2812_led_inst.control0.state$1248' from module `\TOP_PROYECTO'.
  Removing unused output signal $flatten\mi_pantalla.\core_pantalla.\ws2812_led_inst.\control0.$0\state[2:0] [0].
  Removing unused output signal $flatten\mi_pantalla.\core_pantalla.\ws2812_led_inst.\control0.$0\state[2:0] [1].
  Removing unused output signal $flatten\mi_pantalla.\core_pantalla.\ws2812_led_inst.\control0.$0\state[2:0] [2].
  Removing unused output signal $flatten\mi_pantalla.\core_pantalla.\ws2812_led_inst.\control0.$procmux$645_CMP.
Optimizing FSM `$fsm$\mi_pantalla.core_pantalla.ws2812_led_inst.timer0.control_timer.state$1257' from module `\TOP_PROYECTO'.
  Removing unused output signal $flatten\mi_pantalla.\core_pantalla.\ws2812_led_inst.\timer0.\control_timer.$0\state[2:0] [0].
  Removing unused output signal $flatten\mi_pantalla.\core_pantalla.\ws2812_led_inst.\timer0.\control_timer.$0\state[2:0] [1].
  Removing unused output signal $flatten\mi_pantalla.\core_pantalla.\ws2812_led_inst.\timer0.\control_timer.$0\state[2:0] [2].

33.13.6. Executing FSM_RECODE pass (re-assigning FSM state encoding).
Recoding FSM `$fsm$\mi_pantalla.core_pantalla.control_array.state$1239' from module `\TOP_PROYECTO' using `auto' encoding:
  mapping auto encoding to `one-hot` for this FSM.
  000 -> ------1
  100 -> -----1-
  010 -> ----1--
  110 -> ---1---
  001 -> --1----
  101 -> -1-----
  011 -> 1------
Recoding FSM `$fsm$\mi_pantalla.core_pantalla.ws2812_led_inst.control0.state$1248' from module `\TOP_PROYECTO' using `auto' encoding:
  mapping auto encoding to `one-hot` for this FSM.
  000 -> ------1
  100 -> -----1-
  010 -> ----1--
  110 -> ---1---
  001 -> --1----
  101 -> -1-----
  011 -> 1------
Recoding FSM `$fsm$\mi_pantalla.core_pantalla.ws2812_led_inst.timer0.control_timer.state$1257' from module `\TOP_PROYECTO' using `auto' encoding:
  mapping auto encoding to `one-hot` for this FSM.
  000 -> -----1
  100 -> ----1-
  010 -> ---1--
  001 -> --1---
  101 -> -1----
  011 -> 1-----

33.13.7. Executing FSM_INFO pass (dumping all available information on FSM cells).

FSM `$fsm$\mi_pantalla.core_pantalla.control_array.state$1239' from module `TOP_PROYECTO':
-------------------------------------

  Information on FSM $fsm$\mi_pantalla.core_pantalla.control_array.state$1239 (\mi_pantalla.core_pantalla.control_array.state):

  Number of input signals:    4
  Number of output signals:   4
  Number of state bits:       7

  Input signals:
    0: \reset
    1: \mi_pantalla.core_pantalla.Z
    2: \mi_pantalla.core_pantalla.DONE_LED
    3: \mi_pantalla.init_m

  Output signals:
    0: $flatten\mi_pantalla.\core_pantalla.\control_array.$procmux$699_CMP
    1: $flatten\mi_pantalla.\core_pantalla.\control_array.$procmux$691_CMP
    2: $flatten\mi_pantalla.\core_pantalla.\control_array.$procmux$682_CMP
    3: $flatten\mi_pantalla.\core_pantalla.\control_array.$procmux$677_CMP

  State encoding:
    0:  7'------1  <RESET STATE>
    1:  7'-----1-
    2:  7'----1--
    3:  7'---1---
    4:  7'--1----
    5:  7'-1-----
    6:  7'1------

  Transition Table (state_in, ctrl_in, state_out, ctrl_out):
      0:     0 4'0--0   ->     0 4'0010
      1:     0 4'---1   ->     0 4'0010
      2:     0 4'1--0   ->     4 4'0010
      3:     1 4'---1   ->     0 4'0100
      4:     1 4'---0   ->     5 4'0100
      5:     2 4'---1   ->     0 4'0000
      6:     2 4'---0   ->     6 4'0000
      7:     3 4'----   ->     0 4'1000
      8:     4 4'---1   ->     0 4'0001
      9:     4 4'---0   ->     2 4'0001
     10:     5 4'---1   ->     0 4'0000
     11:     5 4'--10   ->     3 4'0000
     12:     5 4'--00   ->     4 4'0000
     13:     6 4'---1   ->     0 4'0000
     14:     6 4'-1-0   ->     1 4'0000
     15:     6 4'-0-0   ->     6 4'0000

-------------------------------------

FSM `$fsm$\mi_pantalla.core_pantalla.ws2812_led_inst.control0.state$1248' from module `TOP_PROYECTO':
-------------------------------------

  Information on FSM $fsm$\mi_pantalla.core_pantalla.ws2812_led_inst.control0.state$1248 (\mi_pantalla.core_pantalla.ws2812_led_inst.control0.state):

  Number of input signals:    5
  Number of output signals:   6
  Number of state bits:       7

  Input signals:
    0: \reset
    1: \mi_pantalla.core_pantalla.INIT_LED
    2: \mi_pantalla.core_pantalla.ws2812_led_inst.control0.DONE_T
    3: \mi_pantalla.core_pantalla.ws2812_led_inst.control0.Z
    4: \mi_pantalla.core_pantalla.ws2812_led_inst.control0.send_reset

  Output signals:
    0: $flatten\mi_pantalla.\core_pantalla.\ws2812_led_inst.\control0.$procmux$544_CMP
    1: $flatten\mi_pantalla.\core_pantalla.\ws2812_led_inst.\control0.$procmux$566_CMP
    2: $flatten\mi_pantalla.\core_pantalla.\ws2812_led_inst.\control0.$procmux$590_CMP
    3: $flatten\mi_pantalla.\core_pantalla.\ws2812_led_inst.\control0.$procmux$612_CMP
    4: $flatten\mi_pantalla.\core_pantalla.\ws2812_led_inst.\control0.$procmux$621_CMP
    5: $flatten\mi_pantalla.\core_pantalla.\ws2812_led_inst.\control0.$procmux$626_CMP

  State encoding:
    0:  7'------1  <RESET STATE>
    1:  7'-----1-
    2:  7'----1--
    3:  7'---1---
    4:  7'--1----
    5:  7'-1-----
    6:  7'1------

  Transition Table (state_in, ctrl_in, state_out, ctrl_out):
      0:     0 5'---00   ->     0 6'010000
      1:     0 5'----1   ->     0 6'010000
      2:     0 5'---10   ->     4 6'010000
      3:     1 5'----1   ->     0 6'100000
      4:     1 5'----0   ->     5 6'100000
      5:     2 5'----1   ->     0 6'000010
      6:     2 5'----0   ->     6 6'000010
      7:     3 5'-----   ->     0 6'001000
      8:     4 5'----1   ->     0 6'000100
      9:     4 5'----0   ->     2 6'000100
     10:     5 5'----1   ->     0 6'000000
     11:     5 5'-1--0   ->     3 6'000000
     12:     5 5'-0--0   ->     4 6'000000
     13:     6 5'----1   ->     0 6'000001
     14:     6 5'0-1-0   ->     1 6'000001
     15:     6 5'1-1-0   ->     3 6'000001
     16:     6 5'--0-0   ->     6 6'000001

-------------------------------------

FSM `$fsm$\mi_pantalla.core_pantalla.ws2812_led_inst.timer0.control_timer.state$1257' from module `TOP_PROYECTO':
-------------------------------------

  Information on FSM $fsm$\mi_pantalla.core_pantalla.ws2812_led_inst.timer0.control_timer.state$1257 (\mi_pantalla.core_pantalla.ws2812_led_inst.timer0.control_timer.state):

  Number of input signals:    5
  Number of output signals:   6
  Number of state bits:       6

  Input signals:
    0: \reset
    1: $flatten\mi_pantalla.\core_pantalla.\ws2812_led_inst.\timer0.\control_timer.$procmux$456_CMP
    2: $flatten\mi_pantalla.\core_pantalla.\ws2812_led_inst.\timer0.\control_timer.$procmux$455_CMP
    3: \mi_pantalla.core_pantalla.ws2812_led_inst.timer0.control_timer.INIT_T
    4: \mi_pantalla.core_pantalla.ws2812_led_inst.timer0.comparador_timer.Z

  Output signals:
    0: $flatten\mi_pantalla.\core_pantalla.\ws2812_led_inst.\timer0.\control_timer.$procmux$394_CMP
    1: $flatten\mi_pantalla.\core_pantalla.\ws2812_led_inst.\timer0.\control_timer.$procmux$393_CMP
    2: $flatten\mi_pantalla.\core_pantalla.\ws2812_led_inst.\timer0.\control_timer.$procmux$390_CMP
    3: $flatten\mi_pantalla.\core_pantalla.\ws2812_led_inst.\timer0.\control_timer.$procmux$383_CMP
    4: $flatten\mi_pantalla.\core_pantalla.\ws2812_led_inst.\timer0.\control_timer.$procmux$382_CMP
    5: $flatten\mi_pantalla.\core_pantalla.\ws2812_led_inst.\timer0.\control_timer.$procmux$381_CMP

  State encoding:
    0:   6'-----1  <RESET STATE>
    1:   6'----1-
    2:   6'---1--
    3:   6'--1---
    4:   6'-1----
    5:   6'1-----

  Transition Table (state_in, ctrl_in, state_out, ctrl_out):
      0:     0 5'-0--0   ->     0 6'000001
      1:     0 5'----1   ->     0 6'000001
      2:     0 5'-11-0   ->     2 6'000001
      3:     0 5'-1-10   ->     3 6'000001
      4:     0 5'-1000   ->     5 6'000001
      5:     1 5'----1   ->     0 6'010000
      6:     1 5'0---0   ->     1 6'010000
      7:     1 5'1---0   ->     4 6'010000
      8:     2 5'----1   ->     0 6'001000
      9:     2 5'1---0   ->     1 6'001000
     10:     2 5'0---0   ->     2 6'001000
     11:     3 5'----1   ->     0 6'000100
     12:     3 5'1---0   ->     1 6'000100
     13:     3 5'0---0   ->     3 6'000100
     14:     4 5'-0--0   ->     0 6'000010
     15:     4 5'----1   ->     0 6'000010
     16:     4 5'-1--0   ->     4 6'000010
     17:     5 5'----1   ->     0 6'100000
     18:     5 5'1---0   ->     4 6'100000
     19:     5 5'0---0   ->     5 6'100000

-------------------------------------

33.13.8. Executing FSM_MAP pass (mapping FSMs to basic logic).
Mapping FSM `$fsm$\mi_pantalla.core_pantalla.control_array.state$1239' from module `\TOP_PROYECTO'.
Mapping FSM `$fsm$\mi_pantalla.core_pantalla.ws2812_led_inst.control0.state$1248' from module `\TOP_PROYECTO'.
Mapping FSM `$fsm$\mi_pantalla.core_pantalla.ws2812_led_inst.timer0.control_timer.state$1257' from module `\TOP_PROYECTO'.

33.14. Executing OPT pass (performing simple optimizations).

33.14.1. Executing OPT_EXPR pass (perform const folding).
Optimizing module TOP_PROYECTO.

33.14.2. Executing OPT_MERGE pass (detect identical cells).
Finding identical cells in module `\TOP_PROYECTO'.
Removed a total of 11 cells.

33.14.3. Executing OPT_MUXTREE pass (detect dead branches in mux trees).
Running muxtree optimizer on module \TOP_PROYECTO..
  Creating internal representation of mux trees.
  Evaluating internal representation of mux trees.
  Analyzing evaluation results.
Removed 0 multiplexer ports.

33.14.4. Executing OPT_REDUCE pass (consolidate $*mux and $reduce_* inputs).
  Optimizing cells in module \TOP_PROYECTO.
Performed a total of 0 changes.

33.14.5. Executing OPT_MERGE pass (detect identical cells).
Finding identical cells in module `\TOP_PROYECTO'.
Removed a total of 0 cells.

33.14.6. Executing OPT_DFF pass (perform DFF optimizations).
Adding SRST signal on $flatten\mi_pantalla.\core_pantalla.\ws2812_led_inst.\timer0.\contador_timer.$procdff$1166 ($dff) from module TOP_PROYECTO (D = $flatten\mi_pantalla.\core_pantalla.\ws2812_led_inst.\timer0.\contador_timer.$procmux$484_Y, Q = \mi_pantalla.core_pantalla.ws2812_led_inst.timer0.contador_timer.count_out, rval = 11'00000000000).
Adding EN signal on $auto$ff.cc:266:slice$1422 ($sdff) from module TOP_PROYECTO (D = $flatten\mi_pantalla.\core_pantalla.\ws2812_led_inst.\timer0.\contador_timer.$add$Codigo_Pantalla/Timer_ws2812/count_out.v:17$330_Y, Q = \mi_pantalla.core_pantalla.ws2812_led_inst.timer0.contador_timer.count_out).
Adding SRST signal on $flatten\mi_pantalla.\core_pantalla.\ws2812_led_inst.\lsr_rgb0.$procdff$1167 ($dff) from module TOP_PROYECTO (D = $flatten\mi_pantalla.\core_pantalla.\ws2812_led_inst.\lsr_rgb0.$procmux$516_Y, Q = \mi_pantalla.core_pantalla.ws2812_led_inst.lsr_rgb0.RGB_reg, rval = 24'000000000000000000000000).
Adding EN signal on $auto$ff.cc:266:slice$1426 ($sdff) from module TOP_PROYECTO (D = $flatten\mi_pantalla.\core_pantalla.\ws2812_led_inst.\lsr_rgb0.$procmux$516_Y, Q = \mi_pantalla.core_pantalla.ws2812_led_inst.lsr_rgb0.RGB_reg).
Adding SRST signal on $flatten\mi_pantalla.\core_pantalla.\ws2812_led_inst.\count_24_0.$procdff$1168 ($dff) from module TOP_PROYECTO (D = $flatten\mi_pantalla.\core_pantalla.\ws2812_led_inst.\count_24_0.$procmux$528_Y [4:3], Q = \mi_pantalla.core_pantalla.ws2812_led_inst.count_24_0.count_reg [4:3], rval = 2'00).
Adding SRST signal on $flatten\mi_pantalla.\core_pantalla.\ws2812_led_inst.\count_24_0.$procdff$1168 ($dff) from module TOP_PROYECTO (D = $flatten\mi_pantalla.\core_pantalla.\ws2812_led_inst.\count_24_0.$procmux$525_Y [2:0], Q = \mi_pantalla.core_pantalla.ws2812_led_inst.count_24_0.count_reg [2:0], rval = 3'000).
Adding EN signal on $auto$ff.cc:266:slice$1431 ($sdff) from module TOP_PROYECTO (D = $flatten\mi_pantalla.\core_pantalla.\ws2812_led_inst.\count_24_0.$sub$Codigo_Pantalla/WS2812_led/Count_24.v:22$316_Y [2:0], Q = \mi_pantalla.core_pantalla.ws2812_led_inst.count_24_0.count_reg [2:0]).
Adding EN signal on $auto$ff.cc:266:slice$1430 ($sdff) from module TOP_PROYECTO (D = $flatten\mi_pantalla.\core_pantalla.\ws2812_led_inst.\count_24_0.$procmux$528_Y [4:3], Q = \mi_pantalla.core_pantalla.ws2812_led_inst.count_24_0.count_reg [4:3]).
Adding SRST signal on $flatten\mi_pantalla.\core_pantalla.\ws2812_led_inst.\control0.$procdff$1170 ($dff) from module TOP_PROYECTO (D = $flatten\mi_pantalla.\core_pantalla.\ws2812_led_inst.\control0.$procmux$669_Y, Q = \mi_pantalla.core_pantalla.ws2812_led_inst.control0.send_reset, rval = 1'0).
Adding EN signal on $auto$ff.cc:266:slice$1444 ($sdff) from module TOP_PROYECTO (D = 1'0, Q = \mi_pantalla.core_pantalla.ws2812_led_inst.control0.send_reset).
Adding SRST signal on $flatten\mi_pantalla.\core_pantalla.\count_addr.$procdff$1172 ($dff) from module TOP_PROYECTO (D = $flatten\mi_pantalla.\core_pantalla.\count_addr.$procmux$741_Y, Q = \mi_pantalla.core_pantalla.count_addr.ADDR, rval = 8'00000000).
Adding EN signal on $auto$ff.cc:266:slice$1446 ($sdff) from module TOP_PROYECTO (D = $flatten\mi_pantalla.\core_pantalla.\count_addr.$add$Codigo_Pantalla/WS2812_Led_Array/Count_Addr.v:20$308_Y, Q = \mi_pantalla.core_pantalla.count_addr.ADDR).
Adding SRST signal on $flatten\mi_pantalla.$procdff$1198 ($dff) from module TOP_PROYECTO (D = $flatten\mi_pantalla.$procmux$1129_Y, Q = \mi_pantalla.init_m, rval = 1'0).
Adding SRST signal on $flatten\mi_pantalla.$procdff$1197 ($dff) from module TOP_PROYECTO (D = $flatten\mi_pantalla.$procmux$1136_Y, Q = \mi_pantalla.core_busy, rval = 1'0).
Adding EN signal on $auto$ff.cc:266:slice$1451 ($sdff) from module TOP_PROYECTO (D = $flatten\mi_pantalla.$procmux$1136_Y, Q = \mi_pantalla.core_busy).
Adding SRST signal on $flatten\mi_pantalla.$procdff$1196 ($dff) from module TOP_PROYECTO (D = $flatten\mi_pantalla.$procmux$1141_Y, Q = \mi_pantalla.request_send, rval = 1'0).
Adding EN signal on $auto$ff.cc:266:slice$1455 ($sdff) from module TOP_PROYECTO (D = 1'1, Q = \mi_pantalla.request_send).
Adding SRST signal on $flatten\mi_pantalla.$procdff$1195 ($dff) from module TOP_PROYECTO (D = $flatten\mi_pantalla.$procmux$1148_Y, Q = \mi_pantalla.pending_img_sel, rval = 4'0000).
Adding EN signal on $auto$ff.cc:266:slice$1459 ($sdff) from module TOP_PROYECTO (D = \mi_pantalla.img_sel_actual, Q = \mi_pantalla.pending_img_sel).
Adding SRST signal on $flatten\mi_pantalla.$procdff$1194 ($dff) from module TOP_PROYECTO (D = $flatten\mi_pantalla.$procmux$1153_Y, Q = \mi_pantalla.active_img_sel, rval = 4'0000).
Adding EN signal on $auto$ff.cc:266:slice$1461 ($sdff) from module TOP_PROYECTO (D = \mi_pantalla.pending_img_sel, Q = \mi_pantalla.active_img_sel).
Adding EN signal on $flatten\mi_i2c_driver.\SHIFT.$procdff$1178 ($adff) from module TOP_PROYECTO (D = $flatten\mi_i2c_driver.\SHIFT.$0\shift_reg[7:0], Q = \mi_i2c_driver.SHIFT.shift_reg).
Adding EN signal on $flatten\mi_i2c_driver.\SHIFT.$procdff$1177 ($adff) from module TOP_PROYECTO (D = \mi_i2c_driver.SHIFT.shift_reg, Q = \mi_i2c_driver.SHIFT.rx_reg).
Adding EN signal on $flatten\mi_i2c_driver.\CONTROL.$procdff$1181 ($adff) from module TOP_PROYECTO (D = $flatten\mi_i2c_driver.\CONTROL.$0\ack_error[0:0], Q = \mi_i2c_driver.CONTROL.ack_error).
Adding EN signal on $flatten\mi_i2c_driver.\CLOCK_GEN.$procdff$1175 ($adff) from module TOP_PROYECTO (D = $flatten\mi_i2c_driver.\CLOCK_GEN.$0\scl[0:0], Q = \mi_i2c_driver.CLOCK_GEN.scl).
Adding EN signal on $flatten\mi_i2c_driver.\BYTE_COUNTER.$procdff$1180 ($adff) from module TOP_PROYECTO (D = $flatten\mi_i2c_driver.\BYTE_COUNTER.$0\count[7:0], Q = \mi_i2c_driver.BYTE_COUNTER.count).
Adding EN signal on $flatten\mi_i2c_driver.\BIT_COUNTER.$procdff$1179 ($adff) from module TOP_PROYECTO (D = $flatten\mi_i2c_driver.\BIT_COUNTER.$0\count[2:0], Q = \mi_i2c_driver.BIT_COUNTER.count).
Adding EN signal on $flatten\mi_controlador.\ADS1115_DATA1.$procdff$1189 ($adff) from module TOP_PROYECTO (D = \mi_i2c_driver.SHIFT.rx_reg, Q = \mi_controlador.ADS1115_DATA1.msb_byte_reg).
Adding EN signal on $flatten\mi_controlador.\ADS1115_DATA1.$procdff$1188 ($adff) from module TOP_PROYECTO (D = $flatten\mi_controlador.\ADS1115_DATA1.$0\count_byte[1:0], Q = \mi_controlador.ADS1115_DATA1.count_byte).
Adding EN signal on $flatten\mi_controlador.\ADS1115_DATA1.$procdff$1187 ($adff) from module TOP_PROYECTO (D = 1'1, Q = \mi_controlador.ADS1115_DATA1.error_alert).
Adding EN signal on $flatten\mi_controlador.\ADS1115_DATA1.$procdff$1185 ($adff) from module TOP_PROYECTO (D = { \mi_controlador.ADS1115_DATA1.msb_byte_reg \mi_i2c_driver.SHIFT.rx_reg }, Q = \mi_controlador.ADS1115_DATA1.adc_value).
Setting constant 0-bit at position 0 on $auto$ff.cc:266:slice$1445 ($sdffe) from module TOP_PROYECTO.

33.14.7. Executing OPT_CLEAN pass (remove unused cells and wires).
Finding unused cells or wires in module \TOP_PROYECTO..
Removed 24 unused cells and 67 unused wires.

33.14.8. Executing OPT_EXPR pass (perform const folding).
Optimizing module TOP_PROYECTO.

33.14.9. Rerunning OPT passes. (Maybe there is more to do..)

33.14.10. Executing OPT_MUXTREE pass (detect dead branches in mux trees).
Running muxtree optimizer on module \TOP_PROYECTO..
  Creating internal representation of mux trees.
  Evaluating internal representation of mux trees.
  Analyzing evaluation results.
Removed 0 multiplexer ports.

33.14.11. Executing OPT_REDUCE pass (consolidate $*mux and $reduce_* inputs).
  Optimizing cells in module \TOP_PROYECTO.
    New ctrl vector for $pmux cell $flatten\mi_pantalla.\core_pantalla.\ws2812_led_inst.\control0.$procmux$606: $auto$opt_reduce.cc:134:opt_pmux$1490
    New input vector for $reduce_or cell $auto$opt_reduce.cc:128:opt_pmux$1489: { \mi_pantalla.core_pantalla.ws2812_led_inst.control0.state [6] \mi_pantalla.core_pantalla.ws2812_led_inst.control0.state [4] \mi_pantalla.core_pantalla.ws2812_led_inst.control0.state [2] }
  Optimizing cells in module \TOP_PROYECTO.
Performed a total of 2 changes.

33.14.12. Executing OPT_MERGE pass (detect identical cells).
Finding identical cells in module `\TOP_PROYECTO'.
Removed a total of 1 cells.

33.14.13. Executing OPT_DFF pass (perform DFF optimizations).

33.14.14. Executing OPT_CLEAN pass (remove unused cells and wires).
Finding unused cells or wires in module \TOP_PROYECTO..
Removed 1 unused cells and 5 unused wires.

33.14.15. Executing OPT_EXPR pass (perform const folding).
Optimizing module TOP_PROYECTO.

33.14.16. Rerunning OPT passes. (Maybe there is more to do..)

33.14.17. Executing OPT_MUXTREE pass (detect dead branches in mux trees).
Running muxtree optimizer on module \TOP_PROYECTO..
  Creating internal representation of mux trees.
  Evaluating internal representation of mux trees.
  Analyzing evaluation results.
Removed 0 multiplexer ports.

33.14.18. Executing OPT_REDUCE pass (consolidate $*mux and $reduce_* inputs).
  Optimizing cells in module \TOP_PROYECTO.
Performed a total of 0 changes.

33.14.19. Executing OPT_MERGE pass (detect identical cells).
Finding identical cells in module `\TOP_PROYECTO'.
Removed a total of 0 cells.

33.14.20. Executing OPT_DFF pass (perform DFF optimizations).

33.14.21. Executing OPT_CLEAN pass (remove unused cells and wires).
Finding unused cells or wires in module \TOP_PROYECTO..

33.14.22. Executing OPT_EXPR pass (perform const folding).
Optimizing module TOP_PROYECTO.

33.14.23. Finished OPT passes. (There is nothing left to do.)

33.15. Executing WREDUCE pass (reducing word size of cells).
Removed top 26 address bits (of 32) from memory init port TOP_PROYECTO.$flatten\mi_pantalla.\core_pantalla.\led_mem.\image_0_inst.$auto$mem.cc:319:emit$338 ($flatten\mi_pantalla.\core_pantalla.\led_mem.\image_0_inst.$auto$proc_rom.cc:150:do_switch$336).
Removed top 26 address bits (of 32) from memory init port TOP_PROYECTO.$flatten\mi_pantalla.\core_pantalla.\led_mem.\image_1_inst.$auto$mem.cc:319:emit$342 ($flatten\mi_pantalla.\core_pantalla.\led_mem.\image_1_inst.$auto$proc_rom.cc:150:do_switch$340).
Removed top 26 address bits (of 32) from memory init port TOP_PROYECTO.$flatten\mi_pantalla.\core_pantalla.\led_mem.\image_2_inst.$auto$mem.cc:319:emit$346 ($flatten\mi_pantalla.\core_pantalla.\led_mem.\image_2_inst.$auto$proc_rom.cc:150:do_switch$344).
Removed top 26 address bits (of 32) from memory init port TOP_PROYECTO.$flatten\mi_pantalla.\core_pantalla.\led_mem.\image_3_inst.$auto$mem.cc:319:emit$350 ($flatten\mi_pantalla.\core_pantalla.\led_mem.\image_3_inst.$auto$proc_rom.cc:150:do_switch$348).
Removed top 26 address bits (of 32) from memory init port TOP_PROYECTO.$flatten\mi_pantalla.\core_pantalla.\led_mem.\image_4_inst.$auto$mem.cc:319:emit$354 ($flatten\mi_pantalla.\core_pantalla.\led_mem.\image_4_inst.$auto$proc_rom.cc:150:do_switch$352).
Removed top 2 bits (of 3) from port B of cell TOP_PROYECTO.$auto$opt_dff.cc:195:make_patterns_logic$1441 ($ne).
Removed top 1 bits (of 2) from mux cell TOP_PROYECTO.$flatten\mi_controlador.\CONTROL.$ternary$controlador_ADS1115/ADS1115_CONTROLER/ADS1115_CONTROL.v:45$256 ($mux).
Removed top 1 bits (of 2) from port B of cell TOP_PROYECTO.$flatten\mi_controlador.\CONTROL.$add$controlador_ADS1115/ADS1115_CONTROLER/ADS1115_CONTROL.v:45$257 ($add).
Removed top 1 bits (of 2) from port B of cell TOP_PROYECTO.$flatten\mi_controlador.\CONTROL.$eq$controlador_ADS1115/ADS1115_CONTROLER/ADS1115_CONTROL.v:192$265 ($eq).
Removed top 1 bits (of 2) from port B of cell TOP_PROYECTO.$flatten\mi_controlador.\CONTROL.$procmux$1009_CMP0 ($eq).
Removed top 6 bits (of 9) from port B of cell TOP_PROYECTO.$flatten\mi_controlador.\CONTROL.$procmux$1012_CMP0 ($eq).
Removed top 2 bits (of 9) from port B of cell TOP_PROYECTO.$flatten\mi_controlador.\CONTROL.$procmux$1017_CMP0 ($eq).
Removed top 4 bits (of 9) from port B of cell TOP_PROYECTO.$flatten\mi_controlador.\CONTROL.$procmux$1018_CMP0 ($eq).
Removed top 3 bits (of 9) from port B of cell TOP_PROYECTO.$flatten\mi_controlador.\CONTROL.$procmux$1035_CMP0 ($eq).
Removed top 5 bits (of 9) from port B of cell TOP_PROYECTO.$flatten\mi_controlador.\CONTROL.$procmux$1036_CMP0 ($eq).
Removed top 7 bits (of 9) from port B of cell TOP_PROYECTO.$flatten\mi_controlador.\CONTROL.$procmux$1037_CMP0 ($eq).
Removed top 5 bits (of 8) from mux cell TOP_PROYECTO.$flatten\mi_controlador.\CONTROL.$procmux$1041 ($pmux).
Removed top 1 bits (of 9) from mux cell TOP_PROYECTO.$flatten\mi_controlador.\CONTROL.$procmux$1076 ($mux).
Removed top 1 bits (of 9) from mux cell TOP_PROYECTO.$flatten\mi_controlador.\CONTROL.$procmux$1080 ($mux).
Removed top 3 bits (of 9) from mux cell TOP_PROYECTO.$flatten\mi_controlador.\CONTROL.$procmux$1088 ($mux).
Removed top 5 bits (of 9) from mux cell TOP_PROYECTO.$flatten\mi_controlador.\CONTROL.$procmux$1096 ($mux).
Removed top 8 bits (of 9) from port B of cell TOP_PROYECTO.$flatten\mi_controlador.\CONTROL.$procmux$1103_CMP0 ($eq).
Removed top 1 bits (of 2) from port B of cell TOP_PROYECTO.$flatten\mi_controlador.\ADS1115_DATA1.$add$controlador_ADS1115/ADS1115_CONTROLER/ADS1115_DATA.v:46$254 ($add).
Removed top 1 bits (of 9) from port B of cell TOP_PROYECTO.$flatten\mi_controlador.\CONTROL.$eq$controlador_ADS1115/ADS1115_CONTROLER/ADS1115_CONTROL.v:44$255 ($eq).
Removed top 1 bits (of 8) from port B of cell TOP_PROYECTO.$flatten\mi_i2c_driver.\CONTROL.$ge$controlador_ADS1115/I2C/CONTROL.v:99$278 ($ge).
Removed top 7 bits (of 8) from port B of cell TOP_PROYECTO.$flatten\mi_i2c_driver.\CONTROL.$eq$controlador_ADS1115/I2C/CONTROL.v:163$281 ($eq).
Removed top 3 bits (of 10) from port B of cell TOP_PROYECTO.$flatten\mi_i2c_driver.\CONTROL.$procmux$805_CMP0 ($eq).
Removed top 4 bits (of 10) from port B of cell TOP_PROYECTO.$flatten\mi_i2c_driver.\CONTROL.$procmux$812_CMP0 ($eq).
Removed top 5 bits (of 10) from port B of cell TOP_PROYECTO.$flatten\mi_i2c_driver.\CONTROL.$procmux$823_CMP0 ($eq).
Removed top 7 bits (of 10) from port B of cell TOP_PROYECTO.$flatten\mi_i2c_driver.\CONTROL.$procmux$844_CMP0 ($eq).
Removed top 6 bits (of 10) from port B of cell TOP_PROYECTO.$flatten\mi_i2c_driver.\CONTROL.$procmux$852_CMP0 ($eq).
Removed top 8 bits (of 10) from port B of cell TOP_PROYECTO.$flatten\mi_i2c_driver.\CONTROL.$procmux$859_CMP0 ($eq).
Removed top 2 bits (of 10) from port B of cell TOP_PROYECTO.$flatten\mi_i2c_driver.\CONTROL.$procmux$875_CMP0 ($eq).
Removed top 9 bits (of 10) from port B of cell TOP_PROYECTO.$flatten\mi_i2c_driver.\CONTROL.$procmux$898_CMP0 ($eq).
Removed top 1 bits (of 10) from mux cell TOP_PROYECTO.$flatten\mi_i2c_driver.\CONTROL.$procmux$928 ($mux).
Removed top 5 bits (of 10) from mux cell TOP_PROYECTO.$flatten\mi_i2c_driver.\CONTROL.$procmux$932 ($mux).
Removed top 2 bits (of 10) from mux cell TOP_PROYECTO.$flatten\mi_i2c_driver.\CONTROL.$procmux$935 ($mux).
Removed top 2 bits (of 10) from mux cell TOP_PROYECTO.$flatten\mi_i2c_driver.\CONTROL.$procmux$938 ($mux).
Removed top 3 bits (of 10) from mux cell TOP_PROYECTO.$flatten\mi_i2c_driver.\CONTROL.$procmux$942 ($mux).
Removed top 4 bits (of 10) from mux cell TOP_PROYECTO.$flatten\mi_i2c_driver.\CONTROL.$procmux$946 ($mux).
Removed top 3 bits (of 10) from mux cell TOP_PROYECTO.$flatten\mi_i2c_driver.\CONTROL.$procmux$950 ($mux).
Removed top 6 bits (of 10) from mux cell TOP_PROYECTO.$flatten\mi_i2c_driver.\CONTROL.$procmux$954 ($mux).
Removed top 7 bits (of 10) from mux cell TOP_PROYECTO.$flatten\mi_i2c_driver.\CONTROL.$procmux$958 ($mux).
Removed top 8 bits (of 10) from mux cell TOP_PROYECTO.$flatten\mi_i2c_driver.\CONTROL.$procmux$962 ($mux).
Removed top 7 bits (of 8) from port B of cell TOP_PROYECTO.$flatten\mi_i2c_driver.\BYTE_COUNTER.$sub$controlador_ADS1115/I2C/CONTADOR_BYTES.v:21$290 ($sub).
Removed top 2 bits (of 3) from port B of cell TOP_PROYECTO.$flatten\mi_i2c_driver.\BIT_COUNTER.$sub$controlador_ADS1115/I2C/CONTADOR_BITS.v:22$295 ($sub).
Removed top 1 bits (of 10) from port B of cell TOP_PROYECTO.$flatten\mi_i2c_driver.\CONTROL.$eq$controlador_ADS1115/I2C/CONTROL.v:53$271 ($eq).
Removed top 1 bits (of 2) from port B of cell TOP_PROYECTO.$auto$opt_dff.cc:195:make_patterns_logic$1476 ($ne).
Removed top 1 bits (of 8) from port B of cell TOP_PROYECTO.$flatten\mi_pantalla.\core_pantalla.\comp_addr.$eq$Codigo_Pantalla/WS2812_Led_Array/Comp_Addr.v:9$306 ($eq).
Removed top 3 bits (of 4) from port B of cell TOP_PROYECTO.$flatten\mi_pantalla.\core_pantalla.\led_mem.$procmux$754_CMP0 ($eq).
Removed top 2 bits (of 4) from port B of cell TOP_PROYECTO.$flatten\mi_pantalla.\core_pantalla.\led_mem.$procmux$753_CMP0 ($eq).
Removed top 2 bits (of 4) from port B of cell TOP_PROYECTO.$flatten\mi_pantalla.\core_pantalla.\led_mem.$procmux$752_CMP0 ($eq).
Removed top 1 bits (of 4) from port B of cell TOP_PROYECTO.$flatten\mi_pantalla.\core_pantalla.\led_mem.$procmux$751_CMP0 ($eq).
Removed top 10 bits (of 11) from port B of cell TOP_PROYECTO.$flatten\mi_pantalla.\core_pantalla.\ws2812_led_inst.\timer0.\contador_timer.$add$Codigo_Pantalla/Timer_ws2812/count_out.v:17$330 ($add).
Removed top 10 bits (of 11) from port B of cell TOP_PROYECTO.$flatten\mi_pantalla.\core_pantalla.\ws2812_led_inst.\timer0.\comparador_timer.$sub$Codigo_Pantalla/Timer_ws2812/comp_timer_ws2812.v:7$325 ($sub).
Removed top 1 bits (of 2) from port B of cell TOP_PROYECTO.$flatten\mi_pantalla.\core_pantalla.\ws2812_led_inst.\timer0.\control_timer.$procmux$455_CMP0 ($eq).
Removed top 1 bits (of 2) from port B of cell TOP_PROYECTO.$flatten\mi_pantalla.\core_pantalla.\ws2812_led_inst.\timer0.\mux_timer.$procmux$495_CMP0 ($eq).
Removed top 4 bits (of 5) from port B of cell TOP_PROYECTO.$flatten\mi_pantalla.\core_pantalla.\ws2812_led_inst.\count_24_0.$sub$Codigo_Pantalla/WS2812_led/Count_24.v:22$316 ($sub).
Removed top 1 bits (of 2) from mux cell TOP_PROYECTO.$flatten\mi_pantalla.\core_pantalla.\ws2812_led_inst.\control0.$procmux$538 ($mux).
Removed top 3 bits (of 4) from mux cell TOP_PROYECTO.$flatten\mi_pantalla.$ternary$Pantalla_I2C.v:49$230 ($mux).
Removed top 3 bits (of 16) from port B of cell TOP_PROYECTO.$flatten\mi_pantalla.$gt$Pantalla_I2C.v:49$229 ($gt).
Removed top 2 bits (of 16) from port B of cell TOP_PROYECTO.$flatten\mi_pantalla.$gt$Pantalla_I2C.v:48$228 ($gt).
Removed top 1 bits (of 16) from port B of cell TOP_PROYECTO.$flatten\mi_pantalla.$gt$Pantalla_I2C.v:47$227 ($gt).
Removed top 1 bits (of 9) from wire TOP_PROYECTO.$flatten\mi_controlador.\CONTROL.$procmux$1076_Y.
Removed top 1 bits (of 9) from wire TOP_PROYECTO.$flatten\mi_controlador.\CONTROL.$procmux$1080_Y.
Removed top 3 bits (of 9) from wire TOP_PROYECTO.$flatten\mi_controlador.\CONTROL.$procmux$1088_Y.
Removed top 5 bits (of 9) from wire TOP_PROYECTO.$flatten\mi_controlador.\CONTROL.$procmux$1096_Y.
Removed top 1 bits (of 2) from wire TOP_PROYECTO.$flatten\mi_controlador.\CONTROL.$ternary$controlador_ADS1115/ADS1115_CONTROLER/ADS1115_CONTROL.v:45$256_Y.
Removed top 1 bits (of 10) from wire TOP_PROYECTO.$flatten\mi_i2c_driver.\CONTROL.$procmux$928_Y.
Removed top 5 bits (of 10) from wire TOP_PROYECTO.$flatten\mi_i2c_driver.\CONTROL.$procmux$932_Y.
Removed top 3 bits (of 10) from wire TOP_PROYECTO.$flatten\mi_i2c_driver.\CONTROL.$procmux$942_Y.
Removed top 3 bits (of 4) from wire TOP_PROYECTO.$flatten\mi_pantalla.$ternary$Pantalla_I2C.v:49$230_Y.
Removed top 1 bits (of 2) from wire TOP_PROYECTO.$flatten\mi_pantalla.\core_pantalla.\ws2812_led_inst.\control0.$2\SEL[1:0].

33.16. Executing PEEPOPT pass (run peephole optimizers).

33.17. Executing OPT_CLEAN pass (remove unused cells and wires).
Finding unused cells or wires in module \TOP_PROYECTO..
Removed 0 unused cells and 10 unused wires.

33.18. Executing SHARE pass (SAT-based resource sharing).
Found 5 cells in module TOP_PROYECTO that may be considered for resource sharing.
  Analyzing resource sharing options for $flatten\mi_pantalla.\core_pantalla.\led_mem.\image_4_inst.$auto$mem.cc:273:emit$353 ($memrd_v2):
    Found 1 activation_patterns using ctrl signal { \mi_pantalla.core_pantalla.ws2812_led_inst.control0.LD $flatten\mi_pantalla.\core_pantalla.\led_mem.$procmux$751_CMP $flatten\mi_pantalla.\core_pantalla.\led_mem.\image_0_inst.$procmux$499_CMP }.
    No candidates found.
  Analyzing resource sharing options for $flatten\mi_pantalla.\core_pantalla.\led_mem.\image_3_inst.$auto$mem.cc:273:emit$349 ($memrd_v2):
    Found 1 activation_patterns using ctrl signal { \mi_pantalla.core_pantalla.ws2812_led_inst.control0.LD $flatten\mi_pantalla.\core_pantalla.\led_mem.$procmux$752_CMP $flatten\mi_pantalla.\core_pantalla.\led_mem.\image_0_inst.$procmux$499_CMP }.
    No candidates found.
  Analyzing resource sharing options for $flatten\mi_pantalla.\core_pantalla.\led_mem.\image_2_inst.$auto$mem.cc:273:emit$345 ($memrd_v2):
    Found 1 activation_patterns using ctrl signal { \mi_pantalla.core_pantalla.ws2812_led_inst.control0.LD $flatten\mi_pantalla.\core_pantalla.\led_mem.$procmux$753_CMP $flatten\mi_pantalla.\core_pantalla.\led_mem.\image_0_inst.$procmux$499_CMP }.
    No candidates found.
  Analyzing resource sharing options for $flatten\mi_pantalla.\core_pantalla.\led_mem.\image_1_inst.$auto$mem.cc:273:emit$341 ($memrd_v2):
    Found 1 activation_patterns using ctrl signal { \mi_pantalla.core_pantalla.ws2812_led_inst.control0.LD $flatten\mi_pantalla.\core_pantalla.\led_mem.$procmux$754_CMP $flatten\mi_pantalla.\core_pantalla.\led_mem.\image_0_inst.$procmux$499_CMP }.
    No candidates found.
  Analyzing resource sharing options for $flatten\mi_pantalla.\core_pantalla.\led_mem.\image_0_inst.$auto$mem.cc:273:emit$337 ($memrd_v2):
    Found 1 activation_patterns using ctrl signal { \mi_pantalla.core_pantalla.ws2812_led_inst.control0.LD $flatten\mi_pantalla.\core_pantalla.\led_mem.$procmux$755_CMP $flatten\mi_pantalla.\core_pantalla.\led_mem.\image_0_inst.$procmux$499_CMP }.
    No candidates found.

33.19. Executing TECHMAP pass (map to technology primitives).

33.19.1. Executing Verilog-2005 frontend: /home/juan-diego/miniconda3/envs/digital/bin/../share/yosys/cmp2lut.v
Parsing Verilog input from `/home/juan-diego/miniconda3/envs/digital/bin/../share/yosys/cmp2lut.v' to AST representation.
Generating RTLIL representation for module `\_90_lut_cmp_'.
Successfully finished Verilog frontend.

33.19.2. Continuing TECHMAP pass.
No more expansions possible.

33.20. Executing OPT_EXPR pass (perform const folding).
Optimizing module TOP_PROYECTO.

33.21. Executing OPT_CLEAN pass (remove unused cells and wires).
Finding unused cells or wires in module \TOP_PROYECTO..

33.22. Executing TECHMAP pass (map to technology primitives).

33.22.1. Executing Verilog-2005 frontend: /home/juan-diego/miniconda3/envs/digital/bin/../share/yosys/mul2dsp.v
Parsing Verilog input from `/home/juan-diego/miniconda3/envs/digital/bin/../share/yosys/mul2dsp.v' to AST representation.
Generating RTLIL representation for module `\_80_mul'.
Generating RTLIL representation for module `\_90_soft_mul'.
Successfully finished Verilog frontend.

33.22.2. Executing Verilog-2005 frontend: /home/juan-diego/miniconda3/envs/digital/bin/../share/yosys/ecp5/dsp_map.v
Parsing Verilog input from `/home/juan-diego/miniconda3/envs/digital/bin/../share/yosys/ecp5/dsp_map.v' to AST representation.
Generating RTLIL representation for module `\$__MUL18X18'.
Successfully finished Verilog frontend.

33.22.3. Continuing TECHMAP pass.
No more expansions possible.

33.23. Executing ALUMACC pass (create $alu and $macc cells).
Extracting $alu and $macc cells in module TOP_PROYECTO:
  creating $macc model for $flatten\mi_controlador.\ADS1115_DATA1.$add$controlador_ADS1115/ADS1115_CONTROLER/ADS1115_DATA.v:46$254 ($add).
  creating $macc model for $flatten\mi_controlador.\CONTROL.$add$controlador_ADS1115/ADS1115_CONTROLER/ADS1115_CONTROL.v:45$257 ($add).
  creating $macc model for $flatten\mi_controlador.\TICK.$add$controlador_ADS1115/ADS1115_CONTROLER/TICK_GENERATOR.v:28$252 ($add).
  creating $macc model for $flatten\mi_i2c_driver.\BIT_COUNTER.$sub$controlador_ADS1115/I2C/CONTADOR_BITS.v:22$295 ($sub).
  creating $macc model for $flatten\mi_i2c_driver.\BYTE_COUNTER.$sub$controlador_ADS1115/I2C/CONTADOR_BYTES.v:21$290 ($sub).
  creating $macc model for $flatten\mi_i2c_driver.\CLOCK_GEN.$add$controlador_ADS1115/I2C/I2C_CLOCK_GENERATOR.v:42$304 ($add).
  creating $macc model for $flatten\mi_i2c_driver.\CONTROL.$add$controlador_ADS1115/I2C/CONTROL.v:54$274 ($add).
  creating $macc model for $flatten\mi_pantalla.\core_pantalla.\count_addr.$add$Codigo_Pantalla/WS2812_Led_Array/Count_Addr.v:20$308 ($add).
  creating $macc model for $flatten\mi_pantalla.\core_pantalla.\ws2812_led_inst.\count_24_0.$sub$Codigo_Pantalla/WS2812_led/Count_24.v:22$316 ($sub).
  creating $macc model for $flatten\mi_pantalla.\core_pantalla.\ws2812_led_inst.\timer0.\comparador_timer.$sub$Codigo_Pantalla/Timer_ws2812/comp_timer_ws2812.v:7$325 ($sub).
  creating $macc model for $flatten\mi_pantalla.\core_pantalla.\ws2812_led_inst.\timer0.\contador_timer.$add$Codigo_Pantalla/Timer_ws2812/count_out.v:17$330 ($add).
  creating $alu model for $macc $flatten\mi_pantalla.\core_pantalla.\ws2812_led_inst.\timer0.\contador_timer.$add$Codigo_Pantalla/Timer_ws2812/count_out.v:17$330.
  creating $alu model for $macc $flatten\mi_pantalla.\core_pantalla.\ws2812_led_inst.\timer0.\comparador_timer.$sub$Codigo_Pantalla/Timer_ws2812/comp_timer_ws2812.v:7$325.
  creating $alu model for $macc $flatten\mi_pantalla.\core_pantalla.\ws2812_led_inst.\count_24_0.$sub$Codigo_Pantalla/WS2812_led/Count_24.v:22$316.
  creating $alu model for $macc $flatten\mi_pantalla.\core_pantalla.\count_addr.$add$Codigo_Pantalla/WS2812_Led_Array/Count_Addr.v:20$308.
  creating $alu model for $macc $flatten\mi_i2c_driver.\CONTROL.$add$controlador_ADS1115/I2C/CONTROL.v:54$274.
  creating $alu model for $macc $flatten\mi_i2c_driver.\CLOCK_GEN.$add$controlador_ADS1115/I2C/I2C_CLOCK_GENERATOR.v:42$304.
  creating $alu model for $macc $flatten\mi_i2c_driver.\BYTE_COUNTER.$sub$controlador_ADS1115/I2C/CONTADOR_BYTES.v:21$290.
  creating $alu model for $macc $flatten\mi_i2c_driver.\BIT_COUNTER.$sub$controlador_ADS1115/I2C/CONTADOR_BITS.v:22$295.
  creating $alu model for $macc $flatten\mi_controlador.\TICK.$add$controlador_ADS1115/ADS1115_CONTROLER/TICK_GENERATOR.v:28$252.
  creating $alu model for $macc $flatten\mi_controlador.\CONTROL.$add$controlador_ADS1115/ADS1115_CONTROLER/ADS1115_CONTROL.v:45$257.
  creating $alu model for $macc $flatten\mi_controlador.\ADS1115_DATA1.$add$controlador_ADS1115/ADS1115_CONTROLER/ADS1115_DATA.v:46$254.
  creating $alu model for $flatten\mi_i2c_driver.\CONTROL.$ge$controlador_ADS1115/I2C/CONTROL.v:104$279 ($ge): new $alu
  creating $alu model for $flatten\mi_i2c_driver.\CONTROL.$ge$controlador_ADS1115/I2C/CONTROL.v:99$278 ($ge): new $alu
  creating $alu model for $flatten\mi_pantalla.$gt$Pantalla_I2C.v:47$227 ($gt): new $alu
  creating $alu model for $flatten\mi_pantalla.$gt$Pantalla_I2C.v:48$228 ($gt): new $alu
  creating $alu model for $flatten\mi_pantalla.$gt$Pantalla_I2C.v:49$229 ($gt): new $alu
  creating $alu cell for $flatten\mi_pantalla.$gt$Pantalla_I2C.v:49$229: $auto$alumacc.cc:485:replace_alu$1507
  creating $alu cell for $flatten\mi_pantalla.$gt$Pantalla_I2C.v:48$228: $auto$alumacc.cc:485:replace_alu$1512
  creating $alu cell for $flatten\mi_pantalla.$gt$Pantalla_I2C.v:47$227: $auto$alumacc.cc:485:replace_alu$1517
  creating $alu cell for $flatten\mi_i2c_driver.\CONTROL.$ge$controlador_ADS1115/I2C/CONTROL.v:99$278: $auto$alumacc.cc:485:replace_alu$1522
  creating $alu cell for $flatten\mi_i2c_driver.\CONTROL.$ge$controlador_ADS1115/I2C/CONTROL.v:104$279: $auto$alumacc.cc:485:replace_alu$1531
  creating $alu cell for $flatten\mi_controlador.\ADS1115_DATA1.$add$controlador_ADS1115/ADS1115_CONTROLER/ADS1115_DATA.v:46$254: $auto$alumacc.cc:485:replace_alu$1544
  creating $alu cell for $flatten\mi_controlador.\CONTROL.$add$controlador_ADS1115/ADS1115_CONTROLER/ADS1115_CONTROL.v:45$257: $auto$alumacc.cc:485:replace_alu$1547
  creating $alu cell for $flatten\mi_controlador.\TICK.$add$controlador_ADS1115/ADS1115_CONTROLER/TICK_GENERATOR.v:28$252: $auto$alumacc.cc:485:replace_alu$1550
  creating $alu cell for $flatten\mi_i2c_driver.\BIT_COUNTER.$sub$controlador_ADS1115/I2C/CONTADOR_BITS.v:22$295: $auto$alumacc.cc:485:replace_alu$1553
  creating $alu cell for $flatten\mi_i2c_driver.\BYTE_COUNTER.$sub$controlador_ADS1115/I2C/CONTADOR_BYTES.v:21$290: $auto$alumacc.cc:485:replace_alu$1556
  creating $alu cell for $flatten\mi_i2c_driver.\CLOCK_GEN.$add$controlador_ADS1115/I2C/I2C_CLOCK_GENERATOR.v:42$304: $auto$alumacc.cc:485:replace_alu$1559
  creating $alu cell for $flatten\mi_i2c_driver.\CONTROL.$add$controlador_ADS1115/I2C/CONTROL.v:54$274: $auto$alumacc.cc:485:replace_alu$1562
  creating $alu cell for $flatten\mi_pantalla.\core_pantalla.\count_addr.$add$Codigo_Pantalla/WS2812_Led_Array/Count_Addr.v:20$308: $auto$alumacc.cc:485:replace_alu$1565
  creating $alu cell for $flatten\mi_pantalla.\core_pantalla.\ws2812_led_inst.\count_24_0.$sub$Codigo_Pantalla/WS2812_led/Count_24.v:22$316: $auto$alumacc.cc:485:replace_alu$1568
  creating $alu cell for $flatten\mi_pantalla.\core_pantalla.\ws2812_led_inst.\timer0.\comparador_timer.$sub$Codigo_Pantalla/Timer_ws2812/comp_timer_ws2812.v:7$325: $auto$alumacc.cc:485:replace_alu$1571
  creating $alu cell for $flatten\mi_pantalla.\core_pantalla.\ws2812_led_inst.\timer0.\contador_timer.$add$Codigo_Pantalla/Timer_ws2812/count_out.v:17$330: $auto$alumacc.cc:485:replace_alu$1574
  created 16 $alu and 0 $macc cells.

33.24. Executing OPT pass (performing simple optimizations).

33.24.1. Executing OPT_EXPR pass (perform const folding).
Optimizing module TOP_PROYECTO.

33.24.2. Executing OPT_MERGE pass (detect identical cells).
Finding identical cells in module `\TOP_PROYECTO'.
Removed a total of 0 cells.

33.24.3. Executing OPT_MUXTREE pass (detect dead branches in mux trees).
Running muxtree optimizer on module \TOP_PROYECTO..
  Creating internal representation of mux trees.
  Evaluating internal representation of mux trees.
  Analyzing evaluation results.
Removed 0 multiplexer ports.

33.24.4. Executing OPT_REDUCE pass (consolidate $*mux and $reduce_* inputs).
  Optimizing cells in module \TOP_PROYECTO.
Performed a total of 0 changes.

33.24.5. Executing OPT_MERGE pass (detect identical cells).
Finding identical cells in module `\TOP_PROYECTO'.
Removed a total of 0 cells.

33.24.6. Executing OPT_DFF pass (perform DFF optimizations).

33.24.7. Executing OPT_CLEAN pass (remove unused cells and wires).
Finding unused cells or wires in module \TOP_PROYECTO..
Removed 3 unused cells and 8 unused wires.

33.24.8. Executing OPT_EXPR pass (perform const folding).
Optimizing module TOP_PROYECTO.

33.24.9. Rerunning OPT passes. (Maybe there is more to do..)

33.24.10. Executing OPT_MUXTREE pass (detect dead branches in mux trees).
Running muxtree optimizer on module \TOP_PROYECTO..
  Creating internal representation of mux trees.
  Evaluating internal representation of mux trees.
  Analyzing evaluation results.
Removed 0 multiplexer ports.

33.24.11. Executing OPT_REDUCE pass (consolidate $*mux and $reduce_* inputs).
  Optimizing cells in module \TOP_PROYECTO.
Performed a total of 0 changes.

33.24.12. Executing OPT_MERGE pass (detect identical cells).
Finding identical cells in module `\TOP_PROYECTO'.
Removed a total of 0 cells.

33.24.13. Executing OPT_DFF pass (perform DFF optimizations).

33.24.14. Executing OPT_CLEAN pass (remove unused cells and wires).
Finding unused cells or wires in module \TOP_PROYECTO..

33.24.15. Executing OPT_EXPR pass (perform const folding).
Optimizing module TOP_PROYECTO.

33.24.16. Finished OPT passes. (There is nothing left to do.)

33.25. Executing MEMORY pass.

33.25.1. Executing OPT_MEM pass (optimize memories).
TOP_PROYECTO.$flatten\mi_pantalla.\core_pantalla.\led_mem.\image_0_inst.$auto$proc_rom.cc:150:do_switch$336: removing const-1 lane 0
TOP_PROYECTO.$flatten\mi_pantalla.\core_pantalla.\led_mem.\image_0_inst.$auto$proc_rom.cc:150:do_switch$336: removing const-1 lane 1
TOP_PROYECTO.$flatten\mi_pantalla.\core_pantalla.\led_mem.\image_0_inst.$auto$proc_rom.cc:150:do_switch$336: removing const-1 lane 2
TOP_PROYECTO.$flatten\mi_pantalla.\core_pantalla.\led_mem.\image_0_inst.$auto$proc_rom.cc:150:do_switch$336: removing const-1 lane 3
TOP_PROYECTO.$flatten\mi_pantalla.\core_pantalla.\led_mem.\image_0_inst.$auto$proc_rom.cc:150:do_switch$336: removing const-1 lane 4
TOP_PROYECTO.$flatten\mi_pantalla.\core_pantalla.\led_mem.\image_0_inst.$auto$proc_rom.cc:150:do_switch$336: removing const-1 lane 5
TOP_PROYECTO.$flatten\mi_pantalla.\core_pantalla.\led_mem.\image_0_inst.$auto$proc_rom.cc:150:do_switch$336: removing const-1 lane 6
TOP_PROYECTO.$flatten\mi_pantalla.\core_pantalla.\led_mem.\image_0_inst.$auto$proc_rom.cc:150:do_switch$336: removing const-1 lane 7
TOP_PROYECTO.$flatten\mi_pantalla.\core_pantalla.\led_mem.\image_0_inst.$auto$proc_rom.cc:150:do_switch$336: removing const-0 lane 8
TOP_PROYECTO.$flatten\mi_pantalla.\core_pantalla.\led_mem.\image_0_inst.$auto$proc_rom.cc:150:do_switch$336: removing const-0 lane 9
TOP_PROYECTO.$flatten\mi_pantalla.\core_pantalla.\led_mem.\image_0_inst.$auto$proc_rom.cc:150:do_switch$336: removing const-0 lane 10
TOP_PROYECTO.$flatten\mi_pantalla.\core_pantalla.\led_mem.\image_0_inst.$auto$proc_rom.cc:150:do_switch$336: removing const-0 lane 11
TOP_PROYECTO.$flatten\mi_pantalla.\core_pantalla.\led_mem.\image_0_inst.$auto$proc_rom.cc:150:do_switch$336: removing const-0 lane 12
TOP_PROYECTO.$flatten\mi_pantalla.\core_pantalla.\led_mem.\image_0_inst.$auto$proc_rom.cc:150:do_switch$336: removing const-0 lane 13
TOP_PROYECTO.$flatten\mi_pantalla.\core_pantalla.\led_mem.\image_0_inst.$auto$proc_rom.cc:150:do_switch$336: removing const-0 lane 14
TOP_PROYECTO.$flatten\mi_pantalla.\core_pantalla.\led_mem.\image_0_inst.$auto$proc_rom.cc:150:do_switch$336: removing const-0 lane 15
TOP_PROYECTO.$flatten\mi_pantalla.\core_pantalla.\led_mem.\image_0_inst.$auto$proc_rom.cc:150:do_switch$336: removing const-1 lane 16
TOP_PROYECTO.$flatten\mi_pantalla.\core_pantalla.\led_mem.\image_0_inst.$auto$proc_rom.cc:150:do_switch$336: removing const-1 lane 17
TOP_PROYECTO.$flatten\mi_pantalla.\core_pantalla.\led_mem.\image_0_inst.$auto$proc_rom.cc:150:do_switch$336: removing const-1 lane 18
TOP_PROYECTO.$flatten\mi_pantalla.\core_pantalla.\led_mem.\image_0_inst.$auto$proc_rom.cc:150:do_switch$336: removing const-1 lane 19
TOP_PROYECTO.$flatten\mi_pantalla.\core_pantalla.\led_mem.\image_0_inst.$auto$proc_rom.cc:150:do_switch$336: removing const-1 lane 20
TOP_PROYECTO.$flatten\mi_pantalla.\core_pantalla.\led_mem.\image_0_inst.$auto$proc_rom.cc:150:do_switch$336: removing const-1 lane 21
TOP_PROYECTO.$flatten\mi_pantalla.\core_pantalla.\led_mem.\image_0_inst.$auto$proc_rom.cc:150:do_switch$336: removing const-1 lane 22
TOP_PROYECTO.$flatten\mi_pantalla.\core_pantalla.\led_mem.\image_0_inst.$auto$proc_rom.cc:150:do_switch$336: removing const-1 lane 23
TOP_PROYECTO.$flatten\mi_pantalla.\core_pantalla.\led_mem.\image_1_inst.$auto$proc_rom.cc:150:do_switch$340: removing const-0 lane 0
TOP_PROYECTO.$flatten\mi_pantalla.\core_pantalla.\led_mem.\image_1_inst.$auto$proc_rom.cc:150:do_switch$340: removing const-0 lane 1
TOP_PROYECTO.$flatten\mi_pantalla.\core_pantalla.\led_mem.\image_1_inst.$auto$proc_rom.cc:150:do_switch$340: removing const-0 lane 2
TOP_PROYECTO.$flatten\mi_pantalla.\core_pantalla.\led_mem.\image_1_inst.$auto$proc_rom.cc:150:do_switch$340: removing const-0 lane 3
TOP_PROYECTO.$flatten\mi_pantalla.\core_pantalla.\led_mem.\image_1_inst.$auto$proc_rom.cc:150:do_switch$340: removing const-0 lane 4
TOP_PROYECTO.$flatten\mi_pantalla.\core_pantalla.\led_mem.\image_1_inst.$auto$proc_rom.cc:150:do_switch$340: removing const-0 lane 5
TOP_PROYECTO.$flatten\mi_pantalla.\core_pantalla.\led_mem.\image_1_inst.$auto$proc_rom.cc:150:do_switch$340: removing const-0 lane 6
TOP_PROYECTO.$flatten\mi_pantalla.\core_pantalla.\led_mem.\image_1_inst.$auto$proc_rom.cc:150:do_switch$340: removing const-0 lane 7
TOP_PROYECTO.$flatten\mi_pantalla.\core_pantalla.\led_mem.\image_1_inst.$auto$proc_rom.cc:150:do_switch$340: removing const-0 lane 8
TOP_PROYECTO.$flatten\mi_pantalla.\core_pantalla.\led_mem.\image_1_inst.$auto$proc_rom.cc:150:do_switch$340: removing const-0 lane 9
TOP_PROYECTO.$flatten\mi_pantalla.\core_pantalla.\led_mem.\image_1_inst.$auto$proc_rom.cc:150:do_switch$340: removing const-0 lane 10
TOP_PROYECTO.$flatten\mi_pantalla.\core_pantalla.\led_mem.\image_1_inst.$auto$proc_rom.cc:150:do_switch$340: removing const-0 lane 11
TOP_PROYECTO.$flatten\mi_pantalla.\core_pantalla.\led_mem.\image_1_inst.$auto$proc_rom.cc:150:do_switch$340: removing const-0 lane 13
TOP_PROYECTO.$flatten\mi_pantalla.\core_pantalla.\led_mem.\image_1_inst.$auto$proc_rom.cc:150:do_switch$340: removing const-0 lane 15
TOP_PROYECTO.$flatten\mi_pantalla.\core_pantalla.\led_mem.\image_1_inst.$auto$proc_rom.cc:150:do_switch$340: removing const-0 lane 19
TOP_PROYECTO.$flatten\mi_pantalla.\core_pantalla.\led_mem.\image_1_inst.$auto$proc_rom.cc:150:do_switch$340: removing const-0 lane 20
TOP_PROYECTO.$flatten\mi_pantalla.\core_pantalla.\led_mem.\image_1_inst.$auto$proc_rom.cc:150:do_switch$340: removing const-0 lane 21
TOP_PROYECTO.$flatten\mi_pantalla.\core_pantalla.\led_mem.\image_2_inst.$auto$proc_rom.cc:150:do_switch$344: removing const-0 lane 0
TOP_PROYECTO.$flatten\mi_pantalla.\core_pantalla.\led_mem.\image_2_inst.$auto$proc_rom.cc:150:do_switch$344: removing const-0 lane 1
TOP_PROYECTO.$flatten\mi_pantalla.\core_pantalla.\led_mem.\image_2_inst.$auto$proc_rom.cc:150:do_switch$344: removing const-0 lane 2
TOP_PROYECTO.$flatten\mi_pantalla.\core_pantalla.\led_mem.\image_2_inst.$auto$proc_rom.cc:150:do_switch$344: removing const-0 lane 3
TOP_PROYECTO.$flatten\mi_pantalla.\core_pantalla.\led_mem.\image_2_inst.$auto$proc_rom.cc:150:do_switch$344: removing const-0 lane 4
TOP_PROYECTO.$flatten\mi_pantalla.\core_pantalla.\led_mem.\image_2_inst.$auto$proc_rom.cc:150:do_switch$344: removing const-0 lane 5
TOP_PROYECTO.$flatten\mi_pantalla.\core_pantalla.\led_mem.\image_2_inst.$auto$proc_rom.cc:150:do_switch$344: removing const-0 lane 6
TOP_PROYECTO.$flatten\mi_pantalla.\core_pantalla.\led_mem.\image_2_inst.$auto$proc_rom.cc:150:do_switch$344: removing const-0 lane 7
TOP_PROYECTO.$flatten\mi_pantalla.\core_pantalla.\led_mem.\image_2_inst.$auto$proc_rom.cc:150:do_switch$344: removing const-0 lane 16
TOP_PROYECTO.$flatten\mi_pantalla.\core_pantalla.\led_mem.\image_2_inst.$auto$proc_rom.cc:150:do_switch$344: removing const-0 lane 17
TOP_PROYECTO.$flatten\mi_pantalla.\core_pantalla.\led_mem.\image_2_inst.$auto$proc_rom.cc:150:do_switch$344: removing const-0 lane 18
TOP_PROYECTO.$flatten\mi_pantalla.\core_pantalla.\led_mem.\image_2_inst.$auto$proc_rom.cc:150:do_switch$344: removing const-0 lane 19
TOP_PROYECTO.$flatten\mi_pantalla.\core_pantalla.\led_mem.\image_2_inst.$auto$proc_rom.cc:150:do_switch$344: removing const-0 lane 20
TOP_PROYECTO.$flatten\mi_pantalla.\core_pantalla.\led_mem.\image_2_inst.$auto$proc_rom.cc:150:do_switch$344: removing const-0 lane 21
TOP_PROYECTO.$flatten\mi_pantalla.\core_pantalla.\led_mem.\image_2_inst.$auto$proc_rom.cc:150:do_switch$344: removing const-0 lane 22
TOP_PROYECTO.$flatten\mi_pantalla.\core_pantalla.\led_mem.\image_3_inst.$auto$proc_rom.cc:150:do_switch$348: removing const-0 lane 0
TOP_PROYECTO.$flatten\mi_pantalla.\core_pantalla.\led_mem.\image_3_inst.$auto$proc_rom.cc:150:do_switch$348: removing const-0 lane 1
TOP_PROYECTO.$flatten\mi_pantalla.\core_pantalla.\led_mem.\image_3_inst.$auto$proc_rom.cc:150:do_switch$348: removing const-0 lane 2
TOP_PROYECTO.$flatten\mi_pantalla.\core_pantalla.\led_mem.\image_3_inst.$auto$proc_rom.cc:150:do_switch$348: removing const-0 lane 3
TOP_PROYECTO.$flatten\mi_pantalla.\core_pantalla.\led_mem.\image_3_inst.$auto$proc_rom.cc:150:do_switch$348: removing const-0 lane 4
TOP_PROYECTO.$flatten\mi_pantalla.\core_pantalla.\led_mem.\image_3_inst.$auto$proc_rom.cc:150:do_switch$348: removing const-0 lane 5
TOP_PROYECTO.$flatten\mi_pantalla.\core_pantalla.\led_mem.\image_3_inst.$auto$proc_rom.cc:150:do_switch$348: removing const-0 lane 6
TOP_PROYECTO.$flatten\mi_pantalla.\core_pantalla.\led_mem.\image_3_inst.$auto$proc_rom.cc:150:do_switch$348: removing const-0 lane 7
TOP_PROYECTO.$flatten\mi_pantalla.\core_pantalla.\led_mem.\image_3_inst.$auto$proc_rom.cc:150:do_switch$348: removing const-0 lane 16
TOP_PROYECTO.$flatten\mi_pantalla.\core_pantalla.\led_mem.\image_3_inst.$auto$proc_rom.cc:150:do_switch$348: removing const-0 lane 17
TOP_PROYECTO.$flatten\mi_pantalla.\core_pantalla.\led_mem.\image_3_inst.$auto$proc_rom.cc:150:do_switch$348: removing const-0 lane 18
TOP_PROYECTO.$flatten\mi_pantalla.\core_pantalla.\led_mem.\image_3_inst.$auto$proc_rom.cc:150:do_switch$348: removing const-0 lane 19
TOP_PROYECTO.$flatten\mi_pantalla.\core_pantalla.\led_mem.\image_3_inst.$auto$proc_rom.cc:150:do_switch$348: removing const-0 lane 20
TOP_PROYECTO.$flatten\mi_pantalla.\core_pantalla.\led_mem.\image_3_inst.$auto$proc_rom.cc:150:do_switch$348: removing const-0 lane 21
TOP_PROYECTO.$flatten\mi_pantalla.\core_pantalla.\led_mem.\image_3_inst.$auto$proc_rom.cc:150:do_switch$348: removing const-0 lane 22
TOP_PROYECTO.$flatten\mi_pantalla.\core_pantalla.\led_mem.\image_3_inst.$auto$proc_rom.cc:150:do_switch$348: removing const-0 lane 23
TOP_PROYECTO.$flatten\mi_pantalla.\core_pantalla.\led_mem.\image_4_inst.$auto$proc_rom.cc:150:do_switch$352: removing const-0 lane 0
TOP_PROYECTO.$flatten\mi_pantalla.\core_pantalla.\led_mem.\image_4_inst.$auto$proc_rom.cc:150:do_switch$352: removing const-0 lane 1
TOP_PROYECTO.$flatten\mi_pantalla.\core_pantalla.\led_mem.\image_4_inst.$auto$proc_rom.cc:150:do_switch$352: removing const-0 lane 2
TOP_PROYECTO.$flatten\mi_pantalla.\core_pantalla.\led_mem.\image_4_inst.$auto$proc_rom.cc:150:do_switch$352: removing const-0 lane 3
TOP_PROYECTO.$flatten\mi_pantalla.\core_pantalla.\led_mem.\image_4_inst.$auto$proc_rom.cc:150:do_switch$352: removing const-0 lane 4
TOP_PROYECTO.$flatten\mi_pantalla.\core_pantalla.\led_mem.\image_4_inst.$auto$proc_rom.cc:150:do_switch$352: removing const-0 lane 5
TOP_PROYECTO.$flatten\mi_pantalla.\core_pantalla.\led_mem.\image_4_inst.$auto$proc_rom.cc:150:do_switch$352: removing const-0 lane 6
TOP_PROYECTO.$flatten\mi_pantalla.\core_pantalla.\led_mem.\image_4_inst.$auto$proc_rom.cc:150:do_switch$352: removing const-0 lane 7
TOP_PROYECTO.$flatten\mi_pantalla.\core_pantalla.\led_mem.\image_4_inst.$auto$proc_rom.cc:150:do_switch$352: removing const-0 lane 16
TOP_PROYECTO.$flatten\mi_pantalla.\core_pantalla.\led_mem.\image_4_inst.$auto$proc_rom.cc:150:do_switch$352: removing const-0 lane 17
TOP_PROYECTO.$flatten\mi_pantalla.\core_pantalla.\led_mem.\image_4_inst.$auto$proc_rom.cc:150:do_switch$352: removing const-0 lane 18
TOP_PROYECTO.$flatten\mi_pantalla.\core_pantalla.\led_mem.\image_4_inst.$auto$proc_rom.cc:150:do_switch$352: removing const-0 lane 19
TOP_PROYECTO.$flatten\mi_pantalla.\core_pantalla.\led_mem.\image_4_inst.$auto$proc_rom.cc:150:do_switch$352: removing const-0 lane 20
TOP_PROYECTO.$flatten\mi_pantalla.\core_pantalla.\led_mem.\image_4_inst.$auto$proc_rom.cc:150:do_switch$352: removing const-0 lane 21
TOP_PROYECTO.$flatten\mi_pantalla.\core_pantalla.\led_mem.\image_4_inst.$auto$proc_rom.cc:150:do_switch$352: removing const-0 lane 22
TOP_PROYECTO.$flatten\mi_pantalla.\core_pantalla.\led_mem.\image_4_inst.$auto$proc_rom.cc:150:do_switch$352: removing const-0 lane 23
Performed a total of 5 transformations.

33.25.2. Executing OPT_MEM_PRIORITY pass (removing unnecessary memory write priority relations).
Performed a total of 0 transformations.

33.25.3. Executing OPT_MEM_FEEDBACK pass (finding memory read-to-write feedback paths).

33.25.4. Executing MEMORY_BMUX2ROM pass (converting muxes to ROMs).

33.25.5. Executing MEMORY_DFF pass (merging $dff cells to $memrd).
Checking read port `$flatten\mi_pantalla.\core_pantalla.\led_mem.\image_1_inst.$auto$proc_rom.cc:150:do_switch$340'[0] in module `\TOP_PROYECTO': no output FF found.
Checking read port `$flatten\mi_pantalla.\core_pantalla.\led_mem.\image_2_inst.$auto$proc_rom.cc:150:do_switch$344'[0] in module `\TOP_PROYECTO': no output FF found.
Checking read port `$flatten\mi_pantalla.\core_pantalla.\led_mem.\image_3_inst.$auto$proc_rom.cc:150:do_switch$348'[0] in module `\TOP_PROYECTO': no output FF found.
Checking read port `$flatten\mi_pantalla.\core_pantalla.\led_mem.\image_4_inst.$auto$proc_rom.cc:150:do_switch$352'[0] in module `\TOP_PROYECTO': no output FF found.
Checking read port address `$flatten\mi_pantalla.\core_pantalla.\led_mem.\image_1_inst.$auto$proc_rom.cc:150:do_switch$340'[0] in module `\TOP_PROYECTO': merged address FF to cell.
Checking read port address `$flatten\mi_pantalla.\core_pantalla.\led_mem.\image_2_inst.$auto$proc_rom.cc:150:do_switch$344'[0] in module `\TOP_PROYECTO': merged address FF to cell.
Checking read port address `$flatten\mi_pantalla.\core_pantalla.\led_mem.\image_3_inst.$auto$proc_rom.cc:150:do_switch$348'[0] in module `\TOP_PROYECTO': merged address FF to cell.
Checking read port address `$flatten\mi_pantalla.\core_pantalla.\led_mem.\image_4_inst.$auto$proc_rom.cc:150:do_switch$352'[0] in module `\TOP_PROYECTO': merged address FF to cell.

33.25.6. Executing OPT_CLEAN pass (remove unused cells and wires).
Finding unused cells or wires in module \TOP_PROYECTO..
Removed 0 unused cells and 1 unused wires.

33.25.7. Executing MEMORY_SHARE pass (consolidating $memrd/$memwr cells).

33.25.8. Executing OPT_MEM_WIDEN pass (optimize memories where all ports are wide).
Performed a total of 0 transformations.

33.25.9. Executing OPT_CLEAN pass (remove unused cells and wires).
Finding unused cells or wires in module \TOP_PROYECTO..

33.25.10. Executing MEMORY_COLLECT pass (generating $mem cells).

33.26. Executing OPT_CLEAN pass (remove unused cells and wires).
Finding unused cells or wires in module \TOP_PROYECTO..

33.27. Executing MEMORY_LIBMAP pass (mapping memories to cells).
using FF mapping for memory TOP_PROYECTO.$flatten\mi_pantalla.\core_pantalla.\led_mem.\image_1_inst.$auto$proc_rom.cc:150:do_switch$340
using FF mapping for memory TOP_PROYECTO.$flatten\mi_pantalla.\core_pantalla.\led_mem.\image_2_inst.$auto$proc_rom.cc:150:do_switch$344
using FF mapping for memory TOP_PROYECTO.$flatten\mi_pantalla.\core_pantalla.\led_mem.\image_3_inst.$auto$proc_rom.cc:150:do_switch$348
using FF mapping for memory TOP_PROYECTO.$flatten\mi_pantalla.\core_pantalla.\led_mem.\image_4_inst.$auto$proc_rom.cc:150:do_switch$352

33.28. Executing TECHMAP pass (map to technology primitives).

33.28.1. Executing Verilog-2005 frontend: /home/juan-diego/miniconda3/envs/digital/bin/../share/yosys/ecp5/lutrams_map.v
Parsing Verilog input from `/home/juan-diego/miniconda3/envs/digital/bin/../share/yosys/ecp5/lutrams_map.v' to AST representation.
Generating RTLIL representation for module `\$__TRELLIS_DPR16X4_'.
Successfully finished Verilog frontend.

33.28.2. Executing Verilog-2005 frontend: /home/juan-diego/miniconda3/envs/digital/bin/../share/yosys/ecp5/brams_map.v
Parsing Verilog input from `/home/juan-diego/miniconda3/envs/digital/bin/../share/yosys/ecp5/brams_map.v' to AST representation.
Generating RTLIL representation for module `\$__ECP5_DP16KD_'.
Generating RTLIL representation for module `\$__ECP5_PDPW16KD_'.
Successfully finished Verilog frontend.

33.28.3. Continuing TECHMAP pass.
No more expansions possible.

33.29. Executing OPT pass (performing simple optimizations).

33.29.1. Executing OPT_EXPR pass (perform const folding).
Optimizing module TOP_PROYECTO.

33.29.2. Executing OPT_MERGE pass (detect identical cells).
Finding identical cells in module `\TOP_PROYECTO'.
Removed a total of 7 cells.

33.29.3. Executing OPT_DFF pass (perform DFF optimizations).

33.29.4. Executing OPT_CLEAN pass (remove unused cells and wires).
Finding unused cells or wires in module \TOP_PROYECTO..
Removed 1 unused cells and 33 unused wires.

33.29.5. Finished fast OPT passes.

33.30. Executing MEMORY_MAP pass (converting memories to logic and flip-flops).
Mapping memory $flatten\mi_pantalla.\core_pantalla.\led_mem.\image_1_inst.$auto$proc_rom.cc:150:do_switch$340 in module \TOP_PROYECTO:
  created 64 $dff cells and 0 static cells of width 7.
Extracted data FF from read port 0 of TOP_PROYECTO.$flatten\mi_pantalla.\core_pantalla.\led_mem.\image_1_inst.$auto$proc_rom.cc:150:do_switch$340: $$flatten\mi_pantalla.\core_pantalla.\led_mem.\image_1_inst.$auto$proc_rom.cc:150:do_switch$340$rdreg[0]
  read interface: 1 $dff and 63 $mux cells.
  write interface: 0 write mux blocks.
Mapping memory $flatten\mi_pantalla.\core_pantalla.\led_mem.\image_2_inst.$auto$proc_rom.cc:150:do_switch$344 in module \TOP_PROYECTO:
  created 64 $dff cells and 0 static cells of width 9.
Extracted data FF from read port 0 of TOP_PROYECTO.$flatten\mi_pantalla.\core_pantalla.\led_mem.\image_2_inst.$auto$proc_rom.cc:150:do_switch$344: $$flatten\mi_pantalla.\core_pantalla.\led_mem.\image_2_inst.$auto$proc_rom.cc:150:do_switch$344$rdreg[0]
  read interface: 1 $dff and 63 $mux cells.
  write interface: 0 write mux blocks.
Mapping memory $flatten\mi_pantalla.\core_pantalla.\led_mem.\image_3_inst.$auto$proc_rom.cc:150:do_switch$348 in module \TOP_PROYECTO:
  created 64 $dff cells and 0 static cells of width 8.
Extracted data FF from read port 0 of TOP_PROYECTO.$flatten\mi_pantalla.\core_pantalla.\led_mem.\image_3_inst.$auto$proc_rom.cc:150:do_switch$348: $$flatten\mi_pantalla.\core_pantalla.\led_mem.\image_3_inst.$auto$proc_rom.cc:150:do_switch$348$rdreg[0]
  read interface: 1 $dff and 63 $mux cells.
  write interface: 0 write mux blocks.
Mapping memory $flatten\mi_pantalla.\core_pantalla.\led_mem.\image_4_inst.$auto$proc_rom.cc:150:do_switch$352 in module \TOP_PROYECTO:
  created 64 $dff cells and 0 static cells of width 8.
Extracted data FF from read port 0 of TOP_PROYECTO.$flatten\mi_pantalla.\core_pantalla.\led_mem.\image_4_inst.$auto$proc_rom.cc:150:do_switch$352: $$flatten\mi_pantalla.\core_pantalla.\led_mem.\image_4_inst.$auto$proc_rom.cc:150:do_switch$352$rdreg[0]
  read interface: 1 $dff and 63 $mux cells.
  write interface: 0 write mux blocks.

33.31. Executing OPT pass (performing simple optimizations).

33.31.1. Executing OPT_EXPR pass (perform const folding).
Optimizing module TOP_PROYECTO.

33.31.2. Executing OPT_MERGE pass (detect identical cells).
Finding identical cells in module `\TOP_PROYECTO'.
Removed a total of 0 cells.

33.31.3. Executing OPT_MUXTREE pass (detect dead branches in mux trees).
Running muxtree optimizer on module \TOP_PROYECTO..
  Creating internal representation of mux trees.
  Evaluating internal representation of mux trees.
  Analyzing evaluation results.
Removed 0 multiplexer ports.

33.31.4. Executing OPT_REDUCE pass (consolidate $*mux and $reduce_* inputs).
  Optimizing cells in module \TOP_PROYECTO.
    New input vector for $reduce_or cell $auto$opt_dff.cc:254:combine_resets$1424: { \mi_pantalla.core_pantalla.ws2812_led_inst.timer0.control_timer.state [4] \mi_pantalla.core_pantalla.ws2812_led_inst.timer0.control_timer.state [0] \reset }
    Consolidated identical input bits for $mux cell $memory$flatten\mi_pantalla.\core_pantalla.\led_mem.\image_3_inst.$auto$proc_rom.cc:150:do_switch$348$rdmux[0][4][3]$2167:
      Old ports: A=8'11111111, B=8'00000000, Y=$memory$flatten\mi_pantalla.\core_pantalla.\led_mem.\image_3_inst.$auto$proc_rom.cc:150:do_switch$348$rdmux[0][3][1]$b$2139
      New ports: A=1'1, B=1'0, Y=$memory$flatten\mi_pantalla.\core_pantalla.\led_mem.\image_3_inst.$auto$proc_rom.cc:150:do_switch$348$rdmux[0][3][1]$b$2139 [0]
      New connections: $memory$flatten\mi_pantalla.\core_pantalla.\led_mem.\image_3_inst.$auto$proc_rom.cc:150:do_switch$348$rdmux[0][3][1]$b$2139 [7:1] = { $memory$flatten\mi_pantalla.\core_pantalla.\led_mem.\image_3_inst.$auto$proc_rom.cc:150:do_switch$348$rdmux[0][3][1]$b$2139 [0] $memory$flatten\mi_pantalla.\core_pantalla.\led_mem.\image_3_inst.$auto$proc_rom.cc:150:do_switch$348$rdmux[0][3][1]$b$2139 [0] $memory$flatten\mi_pantalla.\core_pantalla.\led_mem.\image_3_inst.$auto$proc_rom.cc:150:do_switch$348$rdmux[0][3][1]$b$2139 [0] $memory$flatten\mi_pantalla.\core_pantalla.\led_mem.\image_3_inst.$auto$proc_rom.cc:150:do_switch$348$rdmux[0][3][1]$b$2139 [0] $memory$flatten\mi_pantalla.\core_pantalla.\led_mem.\image_3_inst.$auto$proc_rom.cc:150:do_switch$348$rdmux[0][3][1]$b$2139 [0] $memory$flatten\mi_pantalla.\core_pantalla.\led_mem.\image_3_inst.$auto$proc_rom.cc:150:do_switch$348$rdmux[0][3][1]$b$2139 [0] $memory$flatten\mi_pantalla.\core_pantalla.\led_mem.\image_3_inst.$auto$proc_rom.cc:150:do_switch$348$rdmux[0][3][1]$b$2139 [0] }
    Consolidated identical input bits for $mux cell $memory$flatten\mi_pantalla.\core_pantalla.\led_mem.\image_3_inst.$auto$proc_rom.cc:150:do_switch$348$rdmux[0][4][2]$2164:
      Old ports: A=8'00000000, B=8'11111111, Y=$memory$flatten\mi_pantalla.\core_pantalla.\led_mem.\image_3_inst.$auto$proc_rom.cc:150:do_switch$348$rdmux[0][3][1]$a$2138
      New ports: A=1'0, B=1'1, Y=$memory$flatten\mi_pantalla.\core_pantalla.\led_mem.\image_3_inst.$auto$proc_rom.cc:150:do_switch$348$rdmux[0][3][1]$a$2138 [0]
      New connections: $memory$flatten\mi_pantalla.\core_pantalla.\led_mem.\image_3_inst.$auto$proc_rom.cc:150:do_switch$348$rdmux[0][3][1]$a$2138 [7:1] = { $memory$flatten\mi_pantalla.\core_pantalla.\led_mem.\image_3_inst.$auto$proc_rom.cc:150:do_switch$348$rdmux[0][3][1]$a$2138 [0] $memory$flatten\mi_pantalla.\core_pantalla.\led_mem.\image_3_inst.$auto$proc_rom.cc:150:do_switch$348$rdmux[0][3][1]$a$2138 [0] $memory$flatten\mi_pantalla.\core_pantalla.\led_mem.\image_3_inst.$auto$proc_rom.cc:150:do_switch$348$rdmux[0][3][1]$a$2138 [0] $memory$flatten\mi_pantalla.\core_pantalla.\led_mem.\image_3_inst.$auto$proc_rom.cc:150:do_switch$348$rdmux[0][3][1]$a$2138 [0] $memory$flatten\mi_pantalla.\core_pantalla.\led_mem.\image_3_inst.$auto$proc_rom.cc:150:do_switch$348$rdmux[0][3][1]$a$2138 [0] $memory$flatten\mi_pantalla.\core_pantalla.\led_mem.\image_3_inst.$auto$proc_rom.cc:150:do_switch$348$rdmux[0][3][1]$a$2138 [0] $memory$flatten\mi_pantalla.\core_pantalla.\led_mem.\image_3_inst.$auto$proc_rom.cc:150:do_switch$348$rdmux[0][3][1]$a$2138 [0] }
    Consolidated identical input bits for $mux cell $memory$flatten\mi_pantalla.\core_pantalla.\led_mem.\image_2_inst.$auto$proc_rom.cc:150:do_switch$344$rdmux[0][5][27]$2098:
      Old ports: A=9'111111111, B=9'000000000, Y=$memory$flatten\mi_pantalla.\core_pantalla.\led_mem.\image_2_inst.$auto$proc_rom.cc:150:do_switch$344$rdmux[0][4][13]$b$2010
      New ports: A=1'1, B=1'0, Y=$memory$flatten\mi_pantalla.\core_pantalla.\led_mem.\image_2_inst.$auto$proc_rom.cc:150:do_switch$344$rdmux[0][4][13]$b$2010 [0]
      New connections: $memory$flatten\mi_pantalla.\core_pantalla.\led_mem.\image_2_inst.$auto$proc_rom.cc:150:do_switch$344$rdmux[0][4][13]$b$2010 [8:1] = { $memory$flatten\mi_pantalla.\core_pantalla.\led_mem.\image_2_inst.$auto$proc_rom.cc:150:do_switch$344$rdmux[0][4][13]$b$2010 [0] $memory$flatten\mi_pantalla.\core_pantalla.\led_mem.\image_2_inst.$auto$proc_rom.cc:150:do_switch$344$rdmux[0][4][13]$b$2010 [0] $memory$flatten\mi_pantalla.\core_pantalla.\led_mem.\image_2_inst.$auto$proc_rom.cc:150:do_switch$344$rdmux[0][4][13]$b$2010 [0] $memory$flatten\mi_pantalla.\core_pantalla.\led_mem.\image_2_inst.$auto$proc_rom.cc:150:do_switch$344$rdmux[0][4][13]$b$2010 [0] $memory$flatten\mi_pantalla.\core_pantalla.\led_mem.\image_2_inst.$auto$proc_rom.cc:150:do_switch$344$rdmux[0][4][13]$b$2010 [0] $memory$flatten\mi_pantalla.\core_pantalla.\led_mem.\image_2_inst.$auto$proc_rom.cc:150:do_switch$344$rdmux[0][4][13]$b$2010 [0] $memory$flatten\mi_pantalla.\core_pantalla.\led_mem.\image_2_inst.$auto$proc_rom.cc:150:do_switch$344$rdmux[0][4][13]$b$2010 [0] $memory$flatten\mi_pantalla.\core_pantalla.\led_mem.\image_2_inst.$auto$proc_rom.cc:150:do_switch$344$rdmux[0][4][13]$b$2010 [0] }
    Consolidated identical input bits for $mux cell $memory$flatten\mi_pantalla.\core_pantalla.\led_mem.\image_2_inst.$auto$proc_rom.cc:150:do_switch$344$rdmux[0][5][26]$2095:
      Old ports: A=9'000000000, B=9'111111111, Y=$memory$flatten\mi_pantalla.\core_pantalla.\led_mem.\image_2_inst.$auto$proc_rom.cc:150:do_switch$344$rdmux[0][4][13]$a$2009
      New ports: A=1'0, B=1'1, Y=$memory$flatten\mi_pantalla.\core_pantalla.\led_mem.\image_2_inst.$auto$proc_rom.cc:150:do_switch$344$rdmux[0][4][13]$a$2009 [0]
      New connections: $memory$flatten\mi_pantalla.\core_pantalla.\led_mem.\image_2_inst.$auto$proc_rom.cc:150:do_switch$344$rdmux[0][4][13]$a$2009 [8:1] = { $memory$flatten\mi_pantalla.\core_pantalla.\led_mem.\image_2_inst.$auto$proc_rom.cc:150:do_switch$344$rdmux[0][4][13]$a$2009 [0] $memory$flatten\mi_pantalla.\core_pantalla.\led_mem.\image_2_inst.$auto$proc_rom.cc:150:do_switch$344$rdmux[0][4][13]$a$2009 [0] $memory$flatten\mi_pantalla.\core_pantalla.\led_mem.\image_2_inst.$auto$proc_rom.cc:150:do_switch$344$rdmux[0][4][13]$a$2009 [0] $memory$flatten\mi_pantalla.\core_pantalla.\led_mem.\image_2_inst.$auto$proc_rom.cc:150:do_switch$344$rdmux[0][4][13]$a$2009 [0] $memory$flatten\mi_pantalla.\core_pantalla.\led_mem.\image_2_inst.$auto$proc_rom.cc:150:do_switch$344$rdmux[0][4][13]$a$2009 [0] $memory$flatten\mi_pantalla.\core_pantalla.\led_mem.\image_2_inst.$auto$proc_rom.cc:150:do_switch$344$rdmux[0][4][13]$a$2009 [0] $memory$flatten\mi_pantalla.\core_pantalla.\led_mem.\image_2_inst.$auto$proc_rom.cc:150:do_switch$344$rdmux[0][4][13]$a$2009 [0] $memory$flatten\mi_pantalla.\core_pantalla.\led_mem.\image_2_inst.$auto$proc_rom.cc:150:do_switch$344$rdmux[0][4][13]$a$2009 [0] }
    Consolidated identical input bits for $mux cell $memory$flatten\mi_pantalla.\core_pantalla.\led_mem.\image_2_inst.$auto$proc_rom.cc:150:do_switch$344$rdmux[0][5][25]$2092:
      Old ports: A=9'111111111, B=9'000000000, Y=$memory$flatten\mi_pantalla.\core_pantalla.\led_mem.\image_2_inst.$auto$proc_rom.cc:150:do_switch$344$rdmux[0][4][12]$b$2007
      New ports: A=1'1, B=1'0, Y=$memory$flatten\mi_pantalla.\core_pantalla.\led_mem.\image_2_inst.$auto$proc_rom.cc:150:do_switch$344$rdmux[0][4][12]$b$2007 [0]
      New connections: $memory$flatten\mi_pantalla.\core_pantalla.\led_mem.\image_2_inst.$auto$proc_rom.cc:150:do_switch$344$rdmux[0][4][12]$b$2007 [8:1] = { $memory$flatten\mi_pantalla.\core_pantalla.\led_mem.\image_2_inst.$auto$proc_rom.cc:150:do_switch$344$rdmux[0][4][12]$b$2007 [0] $memory$flatten\mi_pantalla.\core_pantalla.\led_mem.\image_2_inst.$auto$proc_rom.cc:150:do_switch$344$rdmux[0][4][12]$b$2007 [0] $memory$flatten\mi_pantalla.\core_pantalla.\led_mem.\image_2_inst.$auto$proc_rom.cc:150:do_switch$344$rdmux[0][4][12]$b$2007 [0] $memory$flatten\mi_pantalla.\core_pantalla.\led_mem.\image_2_inst.$auto$proc_rom.cc:150:do_switch$344$rdmux[0][4][12]$b$2007 [0] $memory$flatten\mi_pantalla.\core_pantalla.\led_mem.\image_2_inst.$auto$proc_rom.cc:150:do_switch$344$rdmux[0][4][12]$b$2007 [0] $memory$flatten\mi_pantalla.\core_pantalla.\led_mem.\image_2_inst.$auto$proc_rom.cc:150:do_switch$344$rdmux[0][4][12]$b$2007 [0] $memory$flatten\mi_pantalla.\core_pantalla.\led_mem.\image_2_inst.$auto$proc_rom.cc:150:do_switch$344$rdmux[0][4][12]$b$2007 [0] $memory$flatten\mi_pantalla.\core_pantalla.\led_mem.\image_2_inst.$auto$proc_rom.cc:150:do_switch$344$rdmux[0][4][12]$b$2007 [0] }
    Consolidated identical input bits for $mux cell $memory$flatten\mi_pantalla.\core_pantalla.\led_mem.\image_2_inst.$auto$proc_rom.cc:150:do_switch$344$rdmux[0][5][24]$2089:
      Old ports: A=9'000000000, B=9'111111111, Y=$memory$flatten\mi_pantalla.\core_pantalla.\led_mem.\image_2_inst.$auto$proc_rom.cc:150:do_switch$344$rdmux[0][4][12]$a$2006
      New ports: A=1'0, B=1'1, Y=$memory$flatten\mi_pantalla.\core_pantalla.\led_mem.\image_2_inst.$auto$proc_rom.cc:150:do_switch$344$rdmux[0][4][12]$a$2006 [0]
      New connections: $memory$flatten\mi_pantalla.\core_pantalla.\led_mem.\image_2_inst.$auto$proc_rom.cc:150:do_switch$344$rdmux[0][4][12]$a$2006 [8:1] = { $memory$flatten\mi_pantalla.\core_pantalla.\led_mem.\image_2_inst.$auto$proc_rom.cc:150:do_switch$344$rdmux[0][4][12]$a$2006 [0] $memory$flatten\mi_pantalla.\core_pantalla.\led_mem.\image_2_inst.$auto$proc_rom.cc:150:do_switch$344$rdmux[0][4][12]$a$2006 [0] $memory$flatten\mi_pantalla.\core_pantalla.\led_mem.\image_2_inst.$auto$proc_rom.cc:150:do_switch$344$rdmux[0][4][12]$a$2006 [0] $memory$flatten\mi_pantalla.\core_pantalla.\led_mem.\image_2_inst.$auto$proc_rom.cc:150:do_switch$344$rdmux[0][4][12]$a$2006 [0] $memory$flatten\mi_pantalla.\core_pantalla.\led_mem.\image_2_inst.$auto$proc_rom.cc:150:do_switch$344$rdmux[0][4][12]$a$2006 [0] $memory$flatten\mi_pantalla.\core_pantalla.\led_mem.\image_2_inst.$auto$proc_rom.cc:150:do_switch$344$rdmux[0][4][12]$a$2006 [0] $memory$flatten\mi_pantalla.\core_pantalla.\led_mem.\image_2_inst.$auto$proc_rom.cc:150:do_switch$344$rdmux[0][4][12]$a$2006 [0] $memory$flatten\mi_pantalla.\core_pantalla.\led_mem.\image_2_inst.$auto$proc_rom.cc:150:do_switch$344$rdmux[0][4][12]$a$2006 [0] }
    Consolidated identical input bits for $mux cell $memory$flatten\mi_pantalla.\core_pantalla.\led_mem.\image_2_inst.$auto$proc_rom.cc:150:do_switch$344$rdmux[0][5][23]$2086:
      Old ports: A=9'111111111, B=9'000000000, Y=$memory$flatten\mi_pantalla.\core_pantalla.\led_mem.\image_2_inst.$auto$proc_rom.cc:150:do_switch$344$rdmux[0][4][11]$b$2004
      New ports: A=1'1, B=1'0, Y=$memory$flatten\mi_pantalla.\core_pantalla.\led_mem.\image_2_inst.$auto$proc_rom.cc:150:do_switch$344$rdmux[0][4][11]$b$2004 [0]
      New connections: $memory$flatten\mi_pantalla.\core_pantalla.\led_mem.\image_2_inst.$auto$proc_rom.cc:150:do_switch$344$rdmux[0][4][11]$b$2004 [8:1] = { $memory$flatten\mi_pantalla.\core_pantalla.\led_mem.\image_2_inst.$auto$proc_rom.cc:150:do_switch$344$rdmux[0][4][11]$b$2004 [0] $memory$flatten\mi_pantalla.\core_pantalla.\led_mem.\image_2_inst.$auto$proc_rom.cc:150:do_switch$344$rdmux[0][4][11]$b$2004 [0] $memory$flatten\mi_pantalla.\core_pantalla.\led_mem.\image_2_inst.$auto$proc_rom.cc:150:do_switch$344$rdmux[0][4][11]$b$2004 [0] $memory$flatten\mi_pantalla.\core_pantalla.\led_mem.\image_2_inst.$auto$proc_rom.cc:150:do_switch$344$rdmux[0][4][11]$b$2004 [0] $memory$flatten\mi_pantalla.\core_pantalla.\led_mem.\image_2_inst.$auto$proc_rom.cc:150:do_switch$344$rdmux[0][4][11]$b$2004 [0] $memory$flatten\mi_pantalla.\core_pantalla.\led_mem.\image_2_inst.$auto$proc_rom.cc:150:do_switch$344$rdmux[0][4][11]$b$2004 [0] $memory$flatten\mi_pantalla.\core_pantalla.\led_mem.\image_2_inst.$auto$proc_rom.cc:150:do_switch$344$rdmux[0][4][11]$b$2004 [0] $memory$flatten\mi_pantalla.\core_pantalla.\led_mem.\image_2_inst.$auto$proc_rom.cc:150:do_switch$344$rdmux[0][4][11]$b$2004 [0] }
    Consolidated identical input bits for $mux cell $memory$flatten\mi_pantalla.\core_pantalla.\led_mem.\image_2_inst.$auto$proc_rom.cc:150:do_switch$344$rdmux[0][5][22]$2083:
      Old ports: A=9'000000000, B=9'111111111, Y=$memory$flatten\mi_pantalla.\core_pantalla.\led_mem.\image_2_inst.$auto$proc_rom.cc:150:do_switch$344$rdmux[0][4][11]$a$2003
      New ports: A=1'0, B=1'1, Y=$memory$flatten\mi_pantalla.\core_pantalla.\led_mem.\image_2_inst.$auto$proc_rom.cc:150:do_switch$344$rdmux[0][4][11]$a$2003 [0]
      New connections: $memory$flatten\mi_pantalla.\core_pantalla.\led_mem.\image_2_inst.$auto$proc_rom.cc:150:do_switch$344$rdmux[0][4][11]$a$2003 [8:1] = { $memory$flatten\mi_pantalla.\core_pantalla.\led_mem.\image_2_inst.$auto$proc_rom.cc:150:do_switch$344$rdmux[0][4][11]$a$2003 [0] $memory$flatten\mi_pantalla.\core_pantalla.\led_mem.\image_2_inst.$auto$proc_rom.cc:150:do_switch$344$rdmux[0][4][11]$a$2003 [0] $memory$flatten\mi_pantalla.\core_pantalla.\led_mem.\image_2_inst.$auto$proc_rom.cc:150:do_switch$344$rdmux[0][4][11]$a$2003 [0] $memory$flatten\mi_pantalla.\core_pantalla.\led_mem.\image_2_inst.$auto$proc_rom.cc:150:do_switch$344$rdmux[0][4][11]$a$2003 [0] $memory$flatten\mi_pantalla.\core_pantalla.\led_mem.\image_2_inst.$auto$proc_rom.cc:150:do_switch$344$rdmux[0][4][11]$a$2003 [0] $memory$flatten\mi_pantalla.\core_pantalla.\led_mem.\image_2_inst.$auto$proc_rom.cc:150:do_switch$344$rdmux[0][4][11]$a$2003 [0] $memory$flatten\mi_pantalla.\core_pantalla.\led_mem.\image_2_inst.$auto$proc_rom.cc:150:do_switch$344$rdmux[0][4][11]$a$2003 [0] $memory$flatten\mi_pantalla.\core_pantalla.\led_mem.\image_2_inst.$auto$proc_rom.cc:150:do_switch$344$rdmux[0][4][11]$a$2003 [0] }
    Consolidated identical input bits for $mux cell $memory$flatten\mi_pantalla.\core_pantalla.\led_mem.\image_2_inst.$auto$proc_rom.cc:150:do_switch$344$rdmux[0][5][21]$2080:
      Old ports: A=9'111111111, B=9'000000000, Y=$memory$flatten\mi_pantalla.\core_pantalla.\led_mem.\image_2_inst.$auto$proc_rom.cc:150:do_switch$344$rdmux[0][4][10]$b$2001
      New ports: A=1'1, B=1'0, Y=$memory$flatten\mi_pantalla.\core_pantalla.\led_mem.\image_2_inst.$auto$proc_rom.cc:150:do_switch$344$rdmux[0][4][10]$b$2001 [0]
      New connections: $memory$flatten\mi_pantalla.\core_pantalla.\led_mem.\image_2_inst.$auto$proc_rom.cc:150:do_switch$344$rdmux[0][4][10]$b$2001 [8:1] = { $memory$flatten\mi_pantalla.\core_pantalla.\led_mem.\image_2_inst.$auto$proc_rom.cc:150:do_switch$344$rdmux[0][4][10]$b$2001 [0] $memory$flatten\mi_pantalla.\core_pantalla.\led_mem.\image_2_inst.$auto$proc_rom.cc:150:do_switch$344$rdmux[0][4][10]$b$2001 [0] $memory$flatten\mi_pantalla.\core_pantalla.\led_mem.\image_2_inst.$auto$proc_rom.cc:150:do_switch$344$rdmux[0][4][10]$b$2001 [0] $memory$flatten\mi_pantalla.\core_pantalla.\led_mem.\image_2_inst.$auto$proc_rom.cc:150:do_switch$344$rdmux[0][4][10]$b$2001 [0] $memory$flatten\mi_pantalla.\core_pantalla.\led_mem.\image_2_inst.$auto$proc_rom.cc:150:do_switch$344$rdmux[0][4][10]$b$2001 [0] $memory$flatten\mi_pantalla.\core_pantalla.\led_mem.\image_2_inst.$auto$proc_rom.cc:150:do_switch$344$rdmux[0][4][10]$b$2001 [0] $memory$flatten\mi_pantalla.\core_pantalla.\led_mem.\image_2_inst.$auto$proc_rom.cc:150:do_switch$344$rdmux[0][4][10]$b$2001 [0] $memory$flatten\mi_pantalla.\core_pantalla.\led_mem.\image_2_inst.$auto$proc_rom.cc:150:do_switch$344$rdmux[0][4][10]$b$2001 [0] }
    Consolidated identical input bits for $mux cell $memory$flatten\mi_pantalla.\core_pantalla.\led_mem.\image_2_inst.$auto$proc_rom.cc:150:do_switch$344$rdmux[0][5][20]$2077:
      Old ports: A=9'000000000, B=9'111111111, Y=$memory$flatten\mi_pantalla.\core_pantalla.\led_mem.\image_2_inst.$auto$proc_rom.cc:150:do_switch$344$rdmux[0][4][10]$a$2000
      New ports: A=1'0, B=1'1, Y=$memory$flatten\mi_pantalla.\core_pantalla.\led_mem.\image_2_inst.$auto$proc_rom.cc:150:do_switch$344$rdmux[0][4][10]$a$2000 [0]
      New connections: $memory$flatten\mi_pantalla.\core_pantalla.\led_mem.\image_2_inst.$auto$proc_rom.cc:150:do_switch$344$rdmux[0][4][10]$a$2000 [8:1] = { $memory$flatten\mi_pantalla.\core_pantalla.\led_mem.\image_2_inst.$auto$proc_rom.cc:150:do_switch$344$rdmux[0][4][10]$a$2000 [0] $memory$flatten\mi_pantalla.\core_pantalla.\led_mem.\image_2_inst.$auto$proc_rom.cc:150:do_switch$344$rdmux[0][4][10]$a$2000 [0] $memory$flatten\mi_pantalla.\core_pantalla.\led_mem.\image_2_inst.$auto$proc_rom.cc:150:do_switch$344$rdmux[0][4][10]$a$2000 [0] $memory$flatten\mi_pantalla.\core_pantalla.\led_mem.\image_2_inst.$auto$proc_rom.cc:150:do_switch$344$rdmux[0][4][10]$a$2000 [0] $memory$flatten\mi_pantalla.\core_pantalla.\led_mem.\image_2_inst.$auto$proc_rom.cc:150:do_switch$344$rdmux[0][4][10]$a$2000 [0] $memory$flatten\mi_pantalla.\core_pantalla.\led_mem.\image_2_inst.$auto$proc_rom.cc:150:do_switch$344$rdmux[0][4][10]$a$2000 [0] $memory$flatten\mi_pantalla.\core_pantalla.\led_mem.\image_2_inst.$auto$proc_rom.cc:150:do_switch$344$rdmux[0][4][10]$a$2000 [0] $memory$flatten\mi_pantalla.\core_pantalla.\led_mem.\image_2_inst.$auto$proc_rom.cc:150:do_switch$344$rdmux[0][4][10]$a$2000 [0] }
    Consolidated identical input bits for $mux cell $memory$flatten\mi_pantalla.\core_pantalla.\led_mem.\image_2_inst.$auto$proc_rom.cc:150:do_switch$344$rdmux[0][5][18]$2071:
      Old ports: A=9'000000000, B=9'111111111, Y=$memory$flatten\mi_pantalla.\core_pantalla.\led_mem.\image_2_inst.$auto$proc_rom.cc:150:do_switch$344$rdmux[0][4][9]$a$1997
      New ports: A=1'0, B=1'1, Y=$memory$flatten\mi_pantalla.\core_pantalla.\led_mem.\image_2_inst.$auto$proc_rom.cc:150:do_switch$344$rdmux[0][4][9]$a$1997 [0]
      New connections: $memory$flatten\mi_pantalla.\core_pantalla.\led_mem.\image_2_inst.$auto$proc_rom.cc:150:do_switch$344$rdmux[0][4][9]$a$1997 [8:1] = { $memory$flatten\mi_pantalla.\core_pantalla.\led_mem.\image_2_inst.$auto$proc_rom.cc:150:do_switch$344$rdmux[0][4][9]$a$1997 [0] $memory$flatten\mi_pantalla.\core_pantalla.\led_mem.\image_2_inst.$auto$proc_rom.cc:150:do_switch$344$rdmux[0][4][9]$a$1997 [0] $memory$flatten\mi_pantalla.\core_pantalla.\led_mem.\image_2_inst.$auto$proc_rom.cc:150:do_switch$344$rdmux[0][4][9]$a$1997 [0] $memory$flatten\mi_pantalla.\core_pantalla.\led_mem.\image_2_inst.$auto$proc_rom.cc:150:do_switch$344$rdmux[0][4][9]$a$1997 [0] $memory$flatten\mi_pantalla.\core_pantalla.\led_mem.\image_2_inst.$auto$proc_rom.cc:150:do_switch$344$rdmux[0][4][9]$a$1997 [0] $memory$flatten\mi_pantalla.\core_pantalla.\led_mem.\image_2_inst.$auto$proc_rom.cc:150:do_switch$344$rdmux[0][4][9]$a$1997 [0] $memory$flatten\mi_pantalla.\core_pantalla.\led_mem.\image_2_inst.$auto$proc_rom.cc:150:do_switch$344$rdmux[0][4][9]$a$1997 [0] $memory$flatten\mi_pantalla.\core_pantalla.\led_mem.\image_2_inst.$auto$proc_rom.cc:150:do_switch$344$rdmux[0][4][9]$a$1997 [0] }
    Consolidated identical input bits for $mux cell $memory$flatten\mi_pantalla.\core_pantalla.\led_mem.\image_2_inst.$auto$proc_rom.cc:150:do_switch$344$rdmux[0][5][17]$2068:
      Old ports: A=9'111111111, B=9'000000000, Y=$memory$flatten\mi_pantalla.\core_pantalla.\led_mem.\image_2_inst.$auto$proc_rom.cc:150:do_switch$344$rdmux[0][4][8]$b$1995
      New ports: A=1'1, B=1'0, Y=$memory$flatten\mi_pantalla.\core_pantalla.\led_mem.\image_2_inst.$auto$proc_rom.cc:150:do_switch$344$rdmux[0][4][8]$b$1995 [0]
      New connections: $memory$flatten\mi_pantalla.\core_pantalla.\led_mem.\image_2_inst.$auto$proc_rom.cc:150:do_switch$344$rdmux[0][4][8]$b$1995 [8:1] = { $memory$flatten\mi_pantalla.\core_pantalla.\led_mem.\image_2_inst.$auto$proc_rom.cc:150:do_switch$344$rdmux[0][4][8]$b$1995 [0] $memory$flatten\mi_pantalla.\core_pantalla.\led_mem.\image_2_inst.$auto$proc_rom.cc:150:do_switch$344$rdmux[0][4][8]$b$1995 [0] $memory$flatten\mi_pantalla.\core_pantalla.\led_mem.\image_2_inst.$auto$proc_rom.cc:150:do_switch$344$rdmux[0][4][8]$b$1995 [0] $memory$flatten\mi_pantalla.\core_pantalla.\led_mem.\image_2_inst.$auto$proc_rom.cc:150:do_switch$344$rdmux[0][4][8]$b$1995 [0] $memory$flatten\mi_pantalla.\core_pantalla.\led_mem.\image_2_inst.$auto$proc_rom.cc:150:do_switch$344$rdmux[0][4][8]$b$1995 [0] $memory$flatten\mi_pantalla.\core_pantalla.\led_mem.\image_2_inst.$auto$proc_rom.cc:150:do_switch$344$rdmux[0][4][8]$b$1995 [0] $memory$flatten\mi_pantalla.\core_pantalla.\led_mem.\image_2_inst.$auto$proc_rom.cc:150:do_switch$344$rdmux[0][4][8]$b$1995 [0] $memory$flatten\mi_pantalla.\core_pantalla.\led_mem.\image_2_inst.$auto$proc_rom.cc:150:do_switch$344$rdmux[0][4][8]$b$1995 [0] }
    Consolidated identical input bits for $mux cell $memory$flatten\mi_pantalla.\core_pantalla.\led_mem.\image_2_inst.$auto$proc_rom.cc:150:do_switch$344$rdmux[0][5][7]$2038:
      Old ports: A=9'111111111, B=9'000000000, Y=$memory$flatten\mi_pantalla.\core_pantalla.\led_mem.\image_2_inst.$auto$proc_rom.cc:150:do_switch$344$rdmux[0][4][3]$b$1980
      New ports: A=1'1, B=1'0, Y=$memory$flatten\mi_pantalla.\core_pantalla.\led_mem.\image_2_inst.$auto$proc_rom.cc:150:do_switch$344$rdmux[0][4][3]$b$1980 [0]
      New connections: $memory$flatten\mi_pantalla.\core_pantalla.\led_mem.\image_2_inst.$auto$proc_rom.cc:150:do_switch$344$rdmux[0][4][3]$b$1980 [8:1] = { $memory$flatten\mi_pantalla.\core_pantalla.\led_mem.\image_2_inst.$auto$proc_rom.cc:150:do_switch$344$rdmux[0][4][3]$b$1980 [0] $memory$flatten\mi_pantalla.\core_pantalla.\led_mem.\image_2_inst.$auto$proc_rom.cc:150:do_switch$344$rdmux[0][4][3]$b$1980 [0] $memory$flatten\mi_pantalla.\core_pantalla.\led_mem.\image_2_inst.$auto$proc_rom.cc:150:do_switch$344$rdmux[0][4][3]$b$1980 [0] $memory$flatten\mi_pantalla.\core_pantalla.\led_mem.\image_2_inst.$auto$proc_rom.cc:150:do_switch$344$rdmux[0][4][3]$b$1980 [0] $memory$flatten\mi_pantalla.\core_pantalla.\led_mem.\image_2_inst.$auto$proc_rom.cc:150:do_switch$344$rdmux[0][4][3]$b$1980 [0] $memory$flatten\mi_pantalla.\core_pantalla.\led_mem.\image_2_inst.$auto$proc_rom.cc:150:do_switch$344$rdmux[0][4][3]$b$1980 [0] $memory$flatten\mi_pantalla.\core_pantalla.\led_mem.\image_2_inst.$auto$proc_rom.cc:150:do_switch$344$rdmux[0][4][3]$b$1980 [0] $memory$flatten\mi_pantalla.\core_pantalla.\led_mem.\image_2_inst.$auto$proc_rom.cc:150:do_switch$344$rdmux[0][4][3]$b$1980 [0] }
    Consolidated identical input bits for $mux cell $memory$flatten\mi_pantalla.\core_pantalla.\led_mem.\image_2_inst.$auto$proc_rom.cc:150:do_switch$344$rdmux[0][5][4]$2029:
      Old ports: A=9'000000000, B=9'111111111, Y=$memory$flatten\mi_pantalla.\core_pantalla.\led_mem.\image_2_inst.$auto$proc_rom.cc:150:do_switch$344$rdmux[0][4][2]$a$1976
      New ports: A=1'0, B=1'1, Y=$memory$flatten\mi_pantalla.\core_pantalla.\led_mem.\image_2_inst.$auto$proc_rom.cc:150:do_switch$344$rdmux[0][4][2]$a$1976 [0]
      New connections: $memory$flatten\mi_pantalla.\core_pantalla.\led_mem.\image_2_inst.$auto$proc_rom.cc:150:do_switch$344$rdmux[0][4][2]$a$1976 [8:1] = { $memory$flatten\mi_pantalla.\core_pantalla.\led_mem.\image_2_inst.$auto$proc_rom.cc:150:do_switch$344$rdmux[0][4][2]$a$1976 [0] $memory$flatten\mi_pantalla.\core_pantalla.\led_mem.\image_2_inst.$auto$proc_rom.cc:150:do_switch$344$rdmux[0][4][2]$a$1976 [0] $memory$flatten\mi_pantalla.\core_pantalla.\led_mem.\image_2_inst.$auto$proc_rom.cc:150:do_switch$344$rdmux[0][4][2]$a$1976 [0] $memory$flatten\mi_pantalla.\core_pantalla.\led_mem.\image_2_inst.$auto$proc_rom.cc:150:do_switch$344$rdmux[0][4][2]$a$1976 [0] $memory$flatten\mi_pantalla.\core_pantalla.\led_mem.\image_2_inst.$auto$proc_rom.cc:150:do_switch$344$rdmux[0][4][2]$a$1976 [0] $memory$flatten\mi_pantalla.\core_pantalla.\led_mem.\image_2_inst.$auto$proc_rom.cc:150:do_switch$344$rdmux[0][4][2]$a$1976 [0] $memory$flatten\mi_pantalla.\core_pantalla.\led_mem.\image_2_inst.$auto$proc_rom.cc:150:do_switch$344$rdmux[0][4][2]$a$1976 [0] $memory$flatten\mi_pantalla.\core_pantalla.\led_mem.\image_2_inst.$auto$proc_rom.cc:150:do_switch$344$rdmux[0][4][2]$a$1976 [0] }
    Consolidated identical input bits for $mux cell $memory$flatten\mi_pantalla.\core_pantalla.\led_mem.\image_3_inst.$auto$proc_rom.cc:150:do_switch$348$rdmux[0][5][0]$2206:
      Old ports: A=8'00000000, B=8'11111111, Y=$memory$flatten\mi_pantalla.\core_pantalla.\led_mem.\image_3_inst.$auto$proc_rom.cc:150:do_switch$348$rdmux[0][4][0]$a$2159
      New ports: A=1'0, B=1'1, Y=$memory$flatten\mi_pantalla.\core_pantalla.\led_mem.\image_3_inst.$auto$proc_rom.cc:150:do_switch$348$rdmux[0][4][0]$a$2159 [0]
      New connections: $memory$flatten\mi_pantalla.\core_pantalla.\led_mem.\image_3_inst.$auto$proc_rom.cc:150:do_switch$348$rdmux[0][4][0]$a$2159 [7:1] = { $memory$flatten\mi_pantalla.\core_pantalla.\led_mem.\image_3_inst.$auto$proc_rom.cc:150:do_switch$348$rdmux[0][4][0]$a$2159 [0] $memory$flatten\mi_pantalla.\core_pantalla.\led_mem.\image_3_inst.$auto$proc_rom.cc:150:do_switch$348$rdmux[0][4][0]$a$2159 [0] $memory$flatten\mi_pantalla.\core_pantalla.\led_mem.\image_3_inst.$auto$proc_rom.cc:150:do_switch$348$rdmux[0][4][0]$a$2159 [0] $memory$flatten\mi_pantalla.\core_pantalla.\led_mem.\image_3_inst.$auto$proc_rom.cc:150:do_switch$348$rdmux[0][4][0]$a$2159 [0] $memory$flatten\mi_pantalla.\core_pantalla.\led_mem.\image_3_inst.$auto$proc_rom.cc:150:do_switch$348$rdmux[0][4][0]$a$2159 [0] $memory$flatten\mi_pantalla.\core_pantalla.\led_mem.\image_3_inst.$auto$proc_rom.cc:150:do_switch$348$rdmux[0][4][0]$a$2159 [0] $memory$flatten\mi_pantalla.\core_pantalla.\led_mem.\image_3_inst.$auto$proc_rom.cc:150:do_switch$348$rdmux[0][4][0]$a$2159 [0] }
    Consolidated identical input bits for $mux cell $memory$flatten\mi_pantalla.\core_pantalla.\led_mem.\image_4_inst.$auto$proc_rom.cc:150:do_switch$352$rdmux[0][5][13]$2434:
      Old ports: A=8'00000000, B=8'11111111, Y=$memory$flatten\mi_pantalla.\core_pantalla.\led_mem.\image_4_inst.$auto$proc_rom.cc:150:do_switch$352$rdmux[0][4][6]$b$2367
      New ports: A=1'0, B=1'1, Y=$memory$flatten\mi_pantalla.\core_pantalla.\led_mem.\image_4_inst.$auto$proc_rom.cc:150:do_switch$352$rdmux[0][4][6]$b$2367 [0]
      New connections: $memory$flatten\mi_pantalla.\core_pantalla.\led_mem.\image_4_inst.$auto$proc_rom.cc:150:do_switch$352$rdmux[0][4][6]$b$2367 [7:1] = { $memory$flatten\mi_pantalla.\core_pantalla.\led_mem.\image_4_inst.$auto$proc_rom.cc:150:do_switch$352$rdmux[0][4][6]$b$2367 [0] $memory$flatten\mi_pantalla.\core_pantalla.\led_mem.\image_4_inst.$auto$proc_rom.cc:150:do_switch$352$rdmux[0][4][6]$b$2367 [0] $memory$flatten\mi_pantalla.\core_pantalla.\led_mem.\image_4_inst.$auto$proc_rom.cc:150:do_switch$352$rdmux[0][4][6]$b$2367 [0] $memory$flatten\mi_pantalla.\core_pantalla.\led_mem.\image_4_inst.$auto$proc_rom.cc:150:do_switch$352$rdmux[0][4][6]$b$2367 [0] $memory$flatten\mi_pantalla.\core_pantalla.\led_mem.\image_4_inst.$auto$proc_rom.cc:150:do_switch$352$rdmux[0][4][6]$b$2367 [0] $memory$flatten\mi_pantalla.\core_pantalla.\led_mem.\image_4_inst.$auto$proc_rom.cc:150:do_switch$352$rdmux[0][4][6]$b$2367 [0] $memory$flatten\mi_pantalla.\core_pantalla.\led_mem.\image_4_inst.$auto$proc_rom.cc:150:do_switch$352$rdmux[0][4][6]$b$2367 [0] }
    Consolidated identical input bits for $mux cell $memory$flatten\mi_pantalla.\core_pantalla.\led_mem.\image_4_inst.$auto$proc_rom.cc:150:do_switch$352$rdmux[0][5][10]$2425:
      Old ports: A=8'00000000, B=8'11111111, Y=$memory$flatten\mi_pantalla.\core_pantalla.\led_mem.\image_4_inst.$auto$proc_rom.cc:150:do_switch$352$rdmux[0][4][5]$a$2363
      New ports: A=1'0, B=1'1, Y=$memory$flatten\mi_pantalla.\core_pantalla.\led_mem.\image_4_inst.$auto$proc_rom.cc:150:do_switch$352$rdmux[0][4][5]$a$2363 [0]
      New connections: $memory$flatten\mi_pantalla.\core_pantalla.\led_mem.\image_4_inst.$auto$proc_rom.cc:150:do_switch$352$rdmux[0][4][5]$a$2363 [7:1] = { $memory$flatten\mi_pantalla.\core_pantalla.\led_mem.\image_4_inst.$auto$proc_rom.cc:150:do_switch$352$rdmux[0][4][5]$a$2363 [0] $memory$flatten\mi_pantalla.\core_pantalla.\led_mem.\image_4_inst.$auto$proc_rom.cc:150:do_switch$352$rdmux[0][4][5]$a$2363 [0] $memory$flatten\mi_pantalla.\core_pantalla.\led_mem.\image_4_inst.$auto$proc_rom.cc:150:do_switch$352$rdmux[0][4][5]$a$2363 [0] $memory$flatten\mi_pantalla.\core_pantalla.\led_mem.\image_4_inst.$auto$proc_rom.cc:150:do_switch$352$rdmux[0][4][5]$a$2363 [0] $memory$flatten\mi_pantalla.\core_pantalla.\led_mem.\image_4_inst.$auto$proc_rom.cc:150:do_switch$352$rdmux[0][4][5]$a$2363 [0] $memory$flatten\mi_pantalla.\core_pantalla.\led_mem.\image_4_inst.$auto$proc_rom.cc:150:do_switch$352$rdmux[0][4][5]$a$2363 [0] $memory$flatten\mi_pantalla.\core_pantalla.\led_mem.\image_4_inst.$auto$proc_rom.cc:150:do_switch$352$rdmux[0][4][5]$a$2363 [0] }
    Consolidated identical input bits for $mux cell $memory$flatten\mi_pantalla.\core_pantalla.\led_mem.\image_4_inst.$auto$proc_rom.cc:150:do_switch$352$rdmux[0][5][27]$2476:
      Old ports: A=8'11111111, B=8'00000000, Y=$memory$flatten\mi_pantalla.\core_pantalla.\led_mem.\image_4_inst.$auto$proc_rom.cc:150:do_switch$352$rdmux[0][4][13]$b$2388
      New ports: A=1'1, B=1'0, Y=$memory$flatten\mi_pantalla.\core_pantalla.\led_mem.\image_4_inst.$auto$proc_rom.cc:150:do_switch$352$rdmux[0][4][13]$b$2388 [0]
      New connections: $memory$flatten\mi_pantalla.\core_pantalla.\led_mem.\image_4_inst.$auto$proc_rom.cc:150:do_switch$352$rdmux[0][4][13]$b$2388 [7:1] = { $memory$flatten\mi_pantalla.\core_pantalla.\led_mem.\image_4_inst.$auto$proc_rom.cc:150:do_switch$352$rdmux[0][4][13]$b$2388 [0] $memory$flatten\mi_pantalla.\core_pantalla.\led_mem.\image_4_inst.$auto$proc_rom.cc:150:do_switch$352$rdmux[0][4][13]$b$2388 [0] $memory$flatten\mi_pantalla.\core_pantalla.\led_mem.\image_4_inst.$auto$proc_rom.cc:150:do_switch$352$rdmux[0][4][13]$b$2388 [0] $memory$flatten\mi_pantalla.\core_pantalla.\led_mem.\image_4_inst.$auto$proc_rom.cc:150:do_switch$352$rdmux[0][4][13]$b$2388 [0] $memory$flatten\mi_pantalla.\core_pantalla.\led_mem.\image_4_inst.$auto$proc_rom.cc:150:do_switch$352$rdmux[0][4][13]$b$2388 [0] $memory$flatten\mi_pantalla.\core_pantalla.\led_mem.\image_4_inst.$auto$proc_rom.cc:150:do_switch$352$rdmux[0][4][13]$b$2388 [0] $memory$flatten\mi_pantalla.\core_pantalla.\led_mem.\image_4_inst.$auto$proc_rom.cc:150:do_switch$352$rdmux[0][4][13]$b$2388 [0] }
    Consolidated identical input bits for $mux cell $memory$flatten\mi_pantalla.\core_pantalla.\led_mem.\image_1_inst.$auto$proc_rom.cc:150:do_switch$340$rdmux[0][5][27]$1909:
      Old ports: A=7'1111111, B=7'0000000, Y=$memory$flatten\mi_pantalla.\core_pantalla.\led_mem.\image_1_inst.$auto$proc_rom.cc:150:do_switch$340$rdmux[0][4][13]$b$1821
      New ports: A=1'1, B=1'0, Y=$memory$flatten\mi_pantalla.\core_pantalla.\led_mem.\image_1_inst.$auto$proc_rom.cc:150:do_switch$340$rdmux[0][4][13]$b$1821 [0]
      New connections: $memory$flatten\mi_pantalla.\core_pantalla.\led_mem.\image_1_inst.$auto$proc_rom.cc:150:do_switch$340$rdmux[0][4][13]$b$1821 [6:1] = { $memory$flatten\mi_pantalla.\core_pantalla.\led_mem.\image_1_inst.$auto$proc_rom.cc:150:do_switch$340$rdmux[0][4][13]$b$1821 [0] $memory$flatten\mi_pantalla.\core_pantalla.\led_mem.\image_1_inst.$auto$proc_rom.cc:150:do_switch$340$rdmux[0][4][13]$b$1821 [0] $memory$flatten\mi_pantalla.\core_pantalla.\led_mem.\image_1_inst.$auto$proc_rom.cc:150:do_switch$340$rdmux[0][4][13]$b$1821 [0] $memory$flatten\mi_pantalla.\core_pantalla.\led_mem.\image_1_inst.$auto$proc_rom.cc:150:do_switch$340$rdmux[0][4][13]$b$1821 [0] $memory$flatten\mi_pantalla.\core_pantalla.\led_mem.\image_1_inst.$auto$proc_rom.cc:150:do_switch$340$rdmux[0][4][13]$b$1821 [0] $memory$flatten\mi_pantalla.\core_pantalla.\led_mem.\image_1_inst.$auto$proc_rom.cc:150:do_switch$340$rdmux[0][4][13]$b$1821 [0] }
    Consolidated identical input bits for $mux cell $memory$flatten\mi_pantalla.\core_pantalla.\led_mem.\image_1_inst.$auto$proc_rom.cc:150:do_switch$340$rdmux[0][5][26]$1906:
      Old ports: A=7'0000000, B=7'1111111, Y=$memory$flatten\mi_pantalla.\core_pantalla.\led_mem.\image_1_inst.$auto$proc_rom.cc:150:do_switch$340$rdmux[0][4][13]$a$1820
      New ports: A=1'0, B=1'1, Y=$memory$flatten\mi_pantalla.\core_pantalla.\led_mem.\image_1_inst.$auto$proc_rom.cc:150:do_switch$340$rdmux[0][4][13]$a$1820 [0]
      New connections: $memory$flatten\mi_pantalla.\core_pantalla.\led_mem.\image_1_inst.$auto$proc_rom.cc:150:do_switch$340$rdmux[0][4][13]$a$1820 [6:1] = { $memory$flatten\mi_pantalla.\core_pantalla.\led_mem.\image_1_inst.$auto$proc_rom.cc:150:do_switch$340$rdmux[0][4][13]$a$1820 [0] $memory$flatten\mi_pantalla.\core_pantalla.\led_mem.\image_1_inst.$auto$proc_rom.cc:150:do_switch$340$rdmux[0][4][13]$a$1820 [0] $memory$flatten\mi_pantalla.\core_pantalla.\led_mem.\image_1_inst.$auto$proc_rom.cc:150:do_switch$340$rdmux[0][4][13]$a$1820 [0] $memory$flatten\mi_pantalla.\core_pantalla.\led_mem.\image_1_inst.$auto$proc_rom.cc:150:do_switch$340$rdmux[0][4][13]$a$1820 [0] $memory$flatten\mi_pantalla.\core_pantalla.\led_mem.\image_1_inst.$auto$proc_rom.cc:150:do_switch$340$rdmux[0][4][13]$a$1820 [0] $memory$flatten\mi_pantalla.\core_pantalla.\led_mem.\image_1_inst.$auto$proc_rom.cc:150:do_switch$340$rdmux[0][4][13]$a$1820 [0] }
    Consolidated identical input bits for $mux cell $memory$flatten\mi_pantalla.\core_pantalla.\led_mem.\image_1_inst.$auto$proc_rom.cc:150:do_switch$340$rdmux[0][5][25]$1903:
      Old ports: A=7'1111111, B=7'0000000, Y=$memory$flatten\mi_pantalla.\core_pantalla.\led_mem.\image_1_inst.$auto$proc_rom.cc:150:do_switch$340$rdmux[0][4][12]$b$1818
      New ports: A=1'1, B=1'0, Y=$memory$flatten\mi_pantalla.\core_pantalla.\led_mem.\image_1_inst.$auto$proc_rom.cc:150:do_switch$340$rdmux[0][4][12]$b$1818 [0]
      New connections: $memory$flatten\mi_pantalla.\core_pantalla.\led_mem.\image_1_inst.$auto$proc_rom.cc:150:do_switch$340$rdmux[0][4][12]$b$1818 [6:1] = { $memory$flatten\mi_pantalla.\core_pantalla.\led_mem.\image_1_inst.$auto$proc_rom.cc:150:do_switch$340$rdmux[0][4][12]$b$1818 [0] $memory$flatten\mi_pantalla.\core_pantalla.\led_mem.\image_1_inst.$auto$proc_rom.cc:150:do_switch$340$rdmux[0][4][12]$b$1818 [0] $memory$flatten\mi_pantalla.\core_pantalla.\led_mem.\image_1_inst.$auto$proc_rom.cc:150:do_switch$340$rdmux[0][4][12]$b$1818 [0] $memory$flatten\mi_pantalla.\core_pantalla.\led_mem.\image_1_inst.$auto$proc_rom.cc:150:do_switch$340$rdmux[0][4][12]$b$1818 [0] $memory$flatten\mi_pantalla.\core_pantalla.\led_mem.\image_1_inst.$auto$proc_rom.cc:150:do_switch$340$rdmux[0][4][12]$b$1818 [0] $memory$flatten\mi_pantalla.\core_pantalla.\led_mem.\image_1_inst.$auto$proc_rom.cc:150:do_switch$340$rdmux[0][4][12]$b$1818 [0] }
    Consolidated identical input bits for $mux cell $memory$flatten\mi_pantalla.\core_pantalla.\led_mem.\image_1_inst.$auto$proc_rom.cc:150:do_switch$340$rdmux[0][5][24]$1900:
      Old ports: A=7'0000000, B=7'1111111, Y=$memory$flatten\mi_pantalla.\core_pantalla.\led_mem.\image_1_inst.$auto$proc_rom.cc:150:do_switch$340$rdmux[0][4][12]$a$1817
      New ports: A=1'0, B=1'1, Y=$memory$flatten\mi_pantalla.\core_pantalla.\led_mem.\image_1_inst.$auto$proc_rom.cc:150:do_switch$340$rdmux[0][4][12]$a$1817 [0]
      New connections: $memory$flatten\mi_pantalla.\core_pantalla.\led_mem.\image_1_inst.$auto$proc_rom.cc:150:do_switch$340$rdmux[0][4][12]$a$1817 [6:1] = { $memory$flatten\mi_pantalla.\core_pantalla.\led_mem.\image_1_inst.$auto$proc_rom.cc:150:do_switch$340$rdmux[0][4][12]$a$1817 [0] $memory$flatten\mi_pantalla.\core_pantalla.\led_mem.\image_1_inst.$auto$proc_rom.cc:150:do_switch$340$rdmux[0][4][12]$a$1817 [0] $memory$flatten\mi_pantalla.\core_pantalla.\led_mem.\image_1_inst.$auto$proc_rom.cc:150:do_switch$340$rdmux[0][4][12]$a$1817 [0] $memory$flatten\mi_pantalla.\core_pantalla.\led_mem.\image_1_inst.$auto$proc_rom.cc:150:do_switch$340$rdmux[0][4][12]$a$1817 [0] $memory$flatten\mi_pantalla.\core_pantalla.\led_mem.\image_1_inst.$auto$proc_rom.cc:150:do_switch$340$rdmux[0][4][12]$a$1817 [0] $memory$flatten\mi_pantalla.\core_pantalla.\led_mem.\image_1_inst.$auto$proc_rom.cc:150:do_switch$340$rdmux[0][4][12]$a$1817 [0] }
    Consolidated identical input bits for $mux cell $memory$flatten\mi_pantalla.\core_pantalla.\led_mem.\image_1_inst.$auto$proc_rom.cc:150:do_switch$340$rdmux[0][5][23]$1897:
      Old ports: A=7'1111111, B=7'0000000, Y=$memory$flatten\mi_pantalla.\core_pantalla.\led_mem.\image_1_inst.$auto$proc_rom.cc:150:do_switch$340$rdmux[0][4][11]$b$1815
      New ports: A=1'1, B=1'0, Y=$memory$flatten\mi_pantalla.\core_pantalla.\led_mem.\image_1_inst.$auto$proc_rom.cc:150:do_switch$340$rdmux[0][4][11]$b$1815 [0]
      New connections: $memory$flatten\mi_pantalla.\core_pantalla.\led_mem.\image_1_inst.$auto$proc_rom.cc:150:do_switch$340$rdmux[0][4][11]$b$1815 [6:1] = { $memory$flatten\mi_pantalla.\core_pantalla.\led_mem.\image_1_inst.$auto$proc_rom.cc:150:do_switch$340$rdmux[0][4][11]$b$1815 [0] $memory$flatten\mi_pantalla.\core_pantalla.\led_mem.\image_1_inst.$auto$proc_rom.cc:150:do_switch$340$rdmux[0][4][11]$b$1815 [0] $memory$flatten\mi_pantalla.\core_pantalla.\led_mem.\image_1_inst.$auto$proc_rom.cc:150:do_switch$340$rdmux[0][4][11]$b$1815 [0] $memory$flatten\mi_pantalla.\core_pantalla.\led_mem.\image_1_inst.$auto$proc_rom.cc:150:do_switch$340$rdmux[0][4][11]$b$1815 [0] $memory$flatten\mi_pantalla.\core_pantalla.\led_mem.\image_1_inst.$auto$proc_rom.cc:150:do_switch$340$rdmux[0][4][11]$b$1815 [0] $memory$flatten\mi_pantalla.\core_pantalla.\led_mem.\image_1_inst.$auto$proc_rom.cc:150:do_switch$340$rdmux[0][4][11]$b$1815 [0] }
    Consolidated identical input bits for $mux cell $memory$flatten\mi_pantalla.\core_pantalla.\led_mem.\image_1_inst.$auto$proc_rom.cc:150:do_switch$340$rdmux[0][5][22]$1894:
      Old ports: A=7'0000000, B=7'1111111, Y=$memory$flatten\mi_pantalla.\core_pantalla.\led_mem.\image_1_inst.$auto$proc_rom.cc:150:do_switch$340$rdmux[0][4][11]$a$1814
      New ports: A=1'0, B=1'1, Y=$memory$flatten\mi_pantalla.\core_pantalla.\led_mem.\image_1_inst.$auto$proc_rom.cc:150:do_switch$340$rdmux[0][4][11]$a$1814 [0]
      New connections: $memory$flatten\mi_pantalla.\core_pantalla.\led_mem.\image_1_inst.$auto$proc_rom.cc:150:do_switch$340$rdmux[0][4][11]$a$1814 [6:1] = { $memory$flatten\mi_pantalla.\core_pantalla.\led_mem.\image_1_inst.$auto$proc_rom.cc:150:do_switch$340$rdmux[0][4][11]$a$1814 [0] $memory$flatten\mi_pantalla.\core_pantalla.\led_mem.\image_1_inst.$auto$proc_rom.cc:150:do_switch$340$rdmux[0][4][11]$a$1814 [0] $memory$flatten\mi_pantalla.\core_pantalla.\led_mem.\image_1_inst.$auto$proc_rom.cc:150:do_switch$340$rdmux[0][4][11]$a$1814 [0] $memory$flatten\mi_pantalla.\core_pantalla.\led_mem.\image_1_inst.$auto$proc_rom.cc:150:do_switch$340$rdmux[0][4][11]$a$1814 [0] $memory$flatten\mi_pantalla.\core_pantalla.\led_mem.\image_1_inst.$auto$proc_rom.cc:150:do_switch$340$rdmux[0][4][11]$a$1814 [0] $memory$flatten\mi_pantalla.\core_pantalla.\led_mem.\image_1_inst.$auto$proc_rom.cc:150:do_switch$340$rdmux[0][4][11]$a$1814 [0] }
    Consolidated identical input bits for $mux cell $memory$flatten\mi_pantalla.\core_pantalla.\led_mem.\image_1_inst.$auto$proc_rom.cc:150:do_switch$340$rdmux[0][5][21]$1891:
      Old ports: A=7'1111111, B=7'0000000, Y=$memory$flatten\mi_pantalla.\core_pantalla.\led_mem.\image_1_inst.$auto$proc_rom.cc:150:do_switch$340$rdmux[0][4][10]$b$1812
      New ports: A=1'1, B=1'0, Y=$memory$flatten\mi_pantalla.\core_pantalla.\led_mem.\image_1_inst.$auto$proc_rom.cc:150:do_switch$340$rdmux[0][4][10]$b$1812 [0]
      New connections: $memory$flatten\mi_pantalla.\core_pantalla.\led_mem.\image_1_inst.$auto$proc_rom.cc:150:do_switch$340$rdmux[0][4][10]$b$1812 [6:1] = { $memory$flatten\mi_pantalla.\core_pantalla.\led_mem.\image_1_inst.$auto$proc_rom.cc:150:do_switch$340$rdmux[0][4][10]$b$1812 [0] $memory$flatten\mi_pantalla.\core_pantalla.\led_mem.\image_1_inst.$auto$proc_rom.cc:150:do_switch$340$rdmux[0][4][10]$b$1812 [0] $memory$flatten\mi_pantalla.\core_pantalla.\led_mem.\image_1_inst.$auto$proc_rom.cc:150:do_switch$340$rdmux[0][4][10]$b$1812 [0] $memory$flatten\mi_pantalla.\core_pantalla.\led_mem.\image_1_inst.$auto$proc_rom.cc:150:do_switch$340$rdmux[0][4][10]$b$1812 [0] $memory$flatten\mi_pantalla.\core_pantalla.\led_mem.\image_1_inst.$auto$proc_rom.cc:150:do_switch$340$rdmux[0][4][10]$b$1812 [0] $memory$flatten\mi_pantalla.\core_pantalla.\led_mem.\image_1_inst.$auto$proc_rom.cc:150:do_switch$340$rdmux[0][4][10]$b$1812 [0] }
    Consolidated identical input bits for $mux cell $memory$flatten\mi_pantalla.\core_pantalla.\led_mem.\image_1_inst.$auto$proc_rom.cc:150:do_switch$340$rdmux[0][5][20]$1888:
      Old ports: A=7'0000000, B=7'1111111, Y=$memory$flatten\mi_pantalla.\core_pantalla.\led_mem.\image_1_inst.$auto$proc_rom.cc:150:do_switch$340$rdmux[0][4][10]$a$1811
      New ports: A=1'0, B=1'1, Y=$memory$flatten\mi_pantalla.\core_pantalla.\led_mem.\image_1_inst.$auto$proc_rom.cc:150:do_switch$340$rdmux[0][4][10]$a$1811 [0]
      New connections: $memory$flatten\mi_pantalla.\core_pantalla.\led_mem.\image_1_inst.$auto$proc_rom.cc:150:do_switch$340$rdmux[0][4][10]$a$1811 [6:1] = { $memory$flatten\mi_pantalla.\core_pantalla.\led_mem.\image_1_inst.$auto$proc_rom.cc:150:do_switch$340$rdmux[0][4][10]$a$1811 [0] $memory$flatten\mi_pantalla.\core_pantalla.\led_mem.\image_1_inst.$auto$proc_rom.cc:150:do_switch$340$rdmux[0][4][10]$a$1811 [0] $memory$flatten\mi_pantalla.\core_pantalla.\led_mem.\image_1_inst.$auto$proc_rom.cc:150:do_switch$340$rdmux[0][4][10]$a$1811 [0] $memory$flatten\mi_pantalla.\core_pantalla.\led_mem.\image_1_inst.$auto$proc_rom.cc:150:do_switch$340$rdmux[0][4][10]$a$1811 [0] $memory$flatten\mi_pantalla.\core_pantalla.\led_mem.\image_1_inst.$auto$proc_rom.cc:150:do_switch$340$rdmux[0][4][10]$a$1811 [0] $memory$flatten\mi_pantalla.\core_pantalla.\led_mem.\image_1_inst.$auto$proc_rom.cc:150:do_switch$340$rdmux[0][4][10]$a$1811 [0] }
    Consolidated identical input bits for $mux cell $memory$flatten\mi_pantalla.\core_pantalla.\led_mem.\image_1_inst.$auto$proc_rom.cc:150:do_switch$340$rdmux[0][5][18]$1882:
      Old ports: A=7'0000000, B=7'1111111, Y=$memory$flatten\mi_pantalla.\core_pantalla.\led_mem.\image_1_inst.$auto$proc_rom.cc:150:do_switch$340$rdmux[0][4][9]$a$1808
      New ports: A=1'0, B=1'1, Y=$memory$flatten\mi_pantalla.\core_pantalla.\led_mem.\image_1_inst.$auto$proc_rom.cc:150:do_switch$340$rdmux[0][4][9]$a$1808 [0]
      New connections: $memory$flatten\mi_pantalla.\core_pantalla.\led_mem.\image_1_inst.$auto$proc_rom.cc:150:do_switch$340$rdmux[0][4][9]$a$1808 [6:1] = { $memory$flatten\mi_pantalla.\core_pantalla.\led_mem.\image_1_inst.$auto$proc_rom.cc:150:do_switch$340$rdmux[0][4][9]$a$1808 [0] $memory$flatten\mi_pantalla.\core_pantalla.\led_mem.\image_1_inst.$auto$proc_rom.cc:150:do_switch$340$rdmux[0][4][9]$a$1808 [0] $memory$flatten\mi_pantalla.\core_pantalla.\led_mem.\image_1_inst.$auto$proc_rom.cc:150:do_switch$340$rdmux[0][4][9]$a$1808 [0] $memory$flatten\mi_pantalla.\core_pantalla.\led_mem.\image_1_inst.$auto$proc_rom.cc:150:do_switch$340$rdmux[0][4][9]$a$1808 [0] $memory$flatten\mi_pantalla.\core_pantalla.\led_mem.\image_1_inst.$auto$proc_rom.cc:150:do_switch$340$rdmux[0][4][9]$a$1808 [0] $memory$flatten\mi_pantalla.\core_pantalla.\led_mem.\image_1_inst.$auto$proc_rom.cc:150:do_switch$340$rdmux[0][4][9]$a$1808 [0] }
    Consolidated identical input bits for $mux cell $memory$flatten\mi_pantalla.\core_pantalla.\led_mem.\image_1_inst.$auto$proc_rom.cc:150:do_switch$340$rdmux[0][5][17]$1879:
      Old ports: A=7'1111111, B=7'0000000, Y=$memory$flatten\mi_pantalla.\core_pantalla.\led_mem.\image_1_inst.$auto$proc_rom.cc:150:do_switch$340$rdmux[0][4][8]$b$1806
      New ports: A=1'1, B=1'0, Y=$memory$flatten\mi_pantalla.\core_pantalla.\led_mem.\image_1_inst.$auto$proc_rom.cc:150:do_switch$340$rdmux[0][4][8]$b$1806 [0]
      New connections: $memory$flatten\mi_pantalla.\core_pantalla.\led_mem.\image_1_inst.$auto$proc_rom.cc:150:do_switch$340$rdmux[0][4][8]$b$1806 [6:1] = { $memory$flatten\mi_pantalla.\core_pantalla.\led_mem.\image_1_inst.$auto$proc_rom.cc:150:do_switch$340$rdmux[0][4][8]$b$1806 [0] $memory$flatten\mi_pantalla.\core_pantalla.\led_mem.\image_1_inst.$auto$proc_rom.cc:150:do_switch$340$rdmux[0][4][8]$b$1806 [0] $memory$flatten\mi_pantalla.\core_pantalla.\led_mem.\image_1_inst.$auto$proc_rom.cc:150:do_switch$340$rdmux[0][4][8]$b$1806 [0] $memory$flatten\mi_pantalla.\core_pantalla.\led_mem.\image_1_inst.$auto$proc_rom.cc:150:do_switch$340$rdmux[0][4][8]$b$1806 [0] $memory$flatten\mi_pantalla.\core_pantalla.\led_mem.\image_1_inst.$auto$proc_rom.cc:150:do_switch$340$rdmux[0][4][8]$b$1806 [0] $memory$flatten\mi_pantalla.\core_pantalla.\led_mem.\image_1_inst.$auto$proc_rom.cc:150:do_switch$340$rdmux[0][4][8]$b$1806 [0] }
    Consolidated identical input bits for $mux cell $memory$flatten\mi_pantalla.\core_pantalla.\led_mem.\image_4_inst.$auto$proc_rom.cc:150:do_switch$352$rdmux[0][5][3]$2404:
      Old ports: A=8'00000000, B=8'11111111, Y=$memory$flatten\mi_pantalla.\core_pantalla.\led_mem.\image_4_inst.$auto$proc_rom.cc:150:do_switch$352$rdmux[0][4][1]$b$2352
      New ports: A=1'0, B=1'1, Y=$memory$flatten\mi_pantalla.\core_pantalla.\led_mem.\image_4_inst.$auto$proc_rom.cc:150:do_switch$352$rdmux[0][4][1]$b$2352 [0]
      New connections: $memory$flatten\mi_pantalla.\core_pantalla.\led_mem.\image_4_inst.$auto$proc_rom.cc:150:do_switch$352$rdmux[0][4][1]$b$2352 [7:1] = { $memory$flatten\mi_pantalla.\core_pantalla.\led_mem.\image_4_inst.$auto$proc_rom.cc:150:do_switch$352$rdmux[0][4][1]$b$2352 [0] $memory$flatten\mi_pantalla.\core_pantalla.\led_mem.\image_4_inst.$auto$proc_rom.cc:150:do_switch$352$rdmux[0][4][1]$b$2352 [0] $memory$flatten\mi_pantalla.\core_pantalla.\led_mem.\image_4_inst.$auto$proc_rom.cc:150:do_switch$352$rdmux[0][4][1]$b$2352 [0] $memory$flatten\mi_pantalla.\core_pantalla.\led_mem.\image_4_inst.$auto$proc_rom.cc:150:do_switch$352$rdmux[0][4][1]$b$2352 [0] $memory$flatten\mi_pantalla.\core_pantalla.\led_mem.\image_4_inst.$auto$proc_rom.cc:150:do_switch$352$rdmux[0][4][1]$b$2352 [0] $memory$flatten\mi_pantalla.\core_pantalla.\led_mem.\image_4_inst.$auto$proc_rom.cc:150:do_switch$352$rdmux[0][4][1]$b$2352 [0] $memory$flatten\mi_pantalla.\core_pantalla.\led_mem.\image_4_inst.$auto$proc_rom.cc:150:do_switch$352$rdmux[0][4][1]$b$2352 [0] }
    Consolidated identical input bits for $mux cell $memory$flatten\mi_pantalla.\core_pantalla.\led_mem.\image_3_inst.$auto$proc_rom.cc:150:do_switch$348$rdmux[0][5][18]$2260:
      Old ports: A=8'00000000, B=8'11111111, Y=$memory$flatten\mi_pantalla.\core_pantalla.\led_mem.\image_3_inst.$auto$proc_rom.cc:150:do_switch$348$rdmux[0][4][9]$a$2186
      New ports: A=1'0, B=1'1, Y=$memory$flatten\mi_pantalla.\core_pantalla.\led_mem.\image_3_inst.$auto$proc_rom.cc:150:do_switch$348$rdmux[0][4][9]$a$2186 [0]
      New connections: $memory$flatten\mi_pantalla.\core_pantalla.\led_mem.\image_3_inst.$auto$proc_rom.cc:150:do_switch$348$rdmux[0][4][9]$a$2186 [7:1] = { $memory$flatten\mi_pantalla.\core_pantalla.\led_mem.\image_3_inst.$auto$proc_rom.cc:150:do_switch$348$rdmux[0][4][9]$a$2186 [0] $memory$flatten\mi_pantalla.\core_pantalla.\led_mem.\image_3_inst.$auto$proc_rom.cc:150:do_switch$348$rdmux[0][4][9]$a$2186 [0] $memory$flatten\mi_pantalla.\core_pantalla.\led_mem.\image_3_inst.$auto$proc_rom.cc:150:do_switch$348$rdmux[0][4][9]$a$2186 [0] $memory$flatten\mi_pantalla.\core_pantalla.\led_mem.\image_3_inst.$auto$proc_rom.cc:150:do_switch$348$rdmux[0][4][9]$a$2186 [0] $memory$flatten\mi_pantalla.\core_pantalla.\led_mem.\image_3_inst.$auto$proc_rom.cc:150:do_switch$348$rdmux[0][4][9]$a$2186 [0] $memory$flatten\mi_pantalla.\core_pantalla.\led_mem.\image_3_inst.$auto$proc_rom.cc:150:do_switch$348$rdmux[0][4][9]$a$2186 [0] $memory$flatten\mi_pantalla.\core_pantalla.\led_mem.\image_3_inst.$auto$proc_rom.cc:150:do_switch$348$rdmux[0][4][9]$a$2186 [0] }
    Consolidated identical input bits for $mux cell $memory$flatten\mi_pantalla.\core_pantalla.\led_mem.\image_4_inst.$auto$proc_rom.cc:150:do_switch$352$rdmux[0][5][28]$2479:
      Old ports: A=8'11111111, B=8'00000000, Y=$memory$flatten\mi_pantalla.\core_pantalla.\led_mem.\image_4_inst.$auto$proc_rom.cc:150:do_switch$352$rdmux[0][4][14]$a$2390
      New ports: A=1'1, B=1'0, Y=$memory$flatten\mi_pantalla.\core_pantalla.\led_mem.\image_4_inst.$auto$proc_rom.cc:150:do_switch$352$rdmux[0][4][14]$a$2390 [0]
      New connections: $memory$flatten\mi_pantalla.\core_pantalla.\led_mem.\image_4_inst.$auto$proc_rom.cc:150:do_switch$352$rdmux[0][4][14]$a$2390 [7:1] = { $memory$flatten\mi_pantalla.\core_pantalla.\led_mem.\image_4_inst.$auto$proc_rom.cc:150:do_switch$352$rdmux[0][4][14]$a$2390 [0] $memory$flatten\mi_pantalla.\core_pantalla.\led_mem.\image_4_inst.$auto$proc_rom.cc:150:do_switch$352$rdmux[0][4][14]$a$2390 [0] $memory$flatten\mi_pantalla.\core_pantalla.\led_mem.\image_4_inst.$auto$proc_rom.cc:150:do_switch$352$rdmux[0][4][14]$a$2390 [0] $memory$flatten\mi_pantalla.\core_pantalla.\led_mem.\image_4_inst.$auto$proc_rom.cc:150:do_switch$352$rdmux[0][4][14]$a$2390 [0] $memory$flatten\mi_pantalla.\core_pantalla.\led_mem.\image_4_inst.$auto$proc_rom.cc:150:do_switch$352$rdmux[0][4][14]$a$2390 [0] $memory$flatten\mi_pantalla.\core_pantalla.\led_mem.\image_4_inst.$auto$proc_rom.cc:150:do_switch$352$rdmux[0][4][14]$a$2390 [0] $memory$flatten\mi_pantalla.\core_pantalla.\led_mem.\image_4_inst.$auto$proc_rom.cc:150:do_switch$352$rdmux[0][4][14]$a$2390 [0] }
    Consolidated identical input bits for $mux cell $memory$flatten\mi_pantalla.\core_pantalla.\led_mem.\image_4_inst.$auto$proc_rom.cc:150:do_switch$352$rdmux[0][5][22]$2461:
      Old ports: A=8'00000000, B=8'11111111, Y=$memory$flatten\mi_pantalla.\core_pantalla.\led_mem.\image_4_inst.$auto$proc_rom.cc:150:do_switch$352$rdmux[0][4][11]$a$2381
      New ports: A=1'0, B=1'1, Y=$memory$flatten\mi_pantalla.\core_pantalla.\led_mem.\image_4_inst.$auto$proc_rom.cc:150:do_switch$352$rdmux[0][4][11]$a$2381 [0]
      New connections: $memory$flatten\mi_pantalla.\core_pantalla.\led_mem.\image_4_inst.$auto$proc_rom.cc:150:do_switch$352$rdmux[0][4][11]$a$2381 [7:1] = { $memory$flatten\mi_pantalla.\core_pantalla.\led_mem.\image_4_inst.$auto$proc_rom.cc:150:do_switch$352$rdmux[0][4][11]$a$2381 [0] $memory$flatten\mi_pantalla.\core_pantalla.\led_mem.\image_4_inst.$auto$proc_rom.cc:150:do_switch$352$rdmux[0][4][11]$a$2381 [0] $memory$flatten\mi_pantalla.\core_pantalla.\led_mem.\image_4_inst.$auto$proc_rom.cc:150:do_switch$352$rdmux[0][4][11]$a$2381 [0] $memory$flatten\mi_pantalla.\core_pantalla.\led_mem.\image_4_inst.$auto$proc_rom.cc:150:do_switch$352$rdmux[0][4][11]$a$2381 [0] $memory$flatten\mi_pantalla.\core_pantalla.\led_mem.\image_4_inst.$auto$proc_rom.cc:150:do_switch$352$rdmux[0][4][11]$a$2381 [0] $memory$flatten\mi_pantalla.\core_pantalla.\led_mem.\image_4_inst.$auto$proc_rom.cc:150:do_switch$352$rdmux[0][4][11]$a$2381 [0] $memory$flatten\mi_pantalla.\core_pantalla.\led_mem.\image_4_inst.$auto$proc_rom.cc:150:do_switch$352$rdmux[0][4][11]$a$2381 [0] }
    Consolidated identical input bits for $mux cell $memory$flatten\mi_pantalla.\core_pantalla.\led_mem.\image_1_inst.$auto$proc_rom.cc:150:do_switch$340$rdmux[0][5][11]$1861:
      Old ports: A=7'1111111, B=7'0000000, Y=$memory$flatten\mi_pantalla.\core_pantalla.\led_mem.\image_1_inst.$auto$proc_rom.cc:150:do_switch$340$rdmux[0][4][5]$b$1797
      New ports: A=1'1, B=1'0, Y=$memory$flatten\mi_pantalla.\core_pantalla.\led_mem.\image_1_inst.$auto$proc_rom.cc:150:do_switch$340$rdmux[0][4][5]$b$1797 [0]
      New connections: $memory$flatten\mi_pantalla.\core_pantalla.\led_mem.\image_1_inst.$auto$proc_rom.cc:150:do_switch$340$rdmux[0][4][5]$b$1797 [6:1] = { $memory$flatten\mi_pantalla.\core_pantalla.\led_mem.\image_1_inst.$auto$proc_rom.cc:150:do_switch$340$rdmux[0][4][5]$b$1797 [0] $memory$flatten\mi_pantalla.\core_pantalla.\led_mem.\image_1_inst.$auto$proc_rom.cc:150:do_switch$340$rdmux[0][4][5]$b$1797 [0] $memory$flatten\mi_pantalla.\core_pantalla.\led_mem.\image_1_inst.$auto$proc_rom.cc:150:do_switch$340$rdmux[0][4][5]$b$1797 [0] $memory$flatten\mi_pantalla.\core_pantalla.\led_mem.\image_1_inst.$auto$proc_rom.cc:150:do_switch$340$rdmux[0][4][5]$b$1797 [0] $memory$flatten\mi_pantalla.\core_pantalla.\led_mem.\image_1_inst.$auto$proc_rom.cc:150:do_switch$340$rdmux[0][4][5]$b$1797 [0] $memory$flatten\mi_pantalla.\core_pantalla.\led_mem.\image_1_inst.$auto$proc_rom.cc:150:do_switch$340$rdmux[0][4][5]$b$1797 [0] }
    Consolidated identical input bits for $mux cell $memory$flatten\mi_pantalla.\core_pantalla.\led_mem.\image_1_inst.$auto$proc_rom.cc:150:do_switch$340$rdmux[0][5][8]$1852:
      Old ports: A=7'0000000, B=7'1111111, Y=$memory$flatten\mi_pantalla.\core_pantalla.\led_mem.\image_1_inst.$auto$proc_rom.cc:150:do_switch$340$rdmux[0][4][4]$a$1793
      New ports: A=1'0, B=1'1, Y=$memory$flatten\mi_pantalla.\core_pantalla.\led_mem.\image_1_inst.$auto$proc_rom.cc:150:do_switch$340$rdmux[0][4][4]$a$1793 [0]
      New connections: $memory$flatten\mi_pantalla.\core_pantalla.\led_mem.\image_1_inst.$auto$proc_rom.cc:150:do_switch$340$rdmux[0][4][4]$a$1793 [6:1] = { $memory$flatten\mi_pantalla.\core_pantalla.\led_mem.\image_1_inst.$auto$proc_rom.cc:150:do_switch$340$rdmux[0][4][4]$a$1793 [0] $memory$flatten\mi_pantalla.\core_pantalla.\led_mem.\image_1_inst.$auto$proc_rom.cc:150:do_switch$340$rdmux[0][4][4]$a$1793 [0] $memory$flatten\mi_pantalla.\core_pantalla.\led_mem.\image_1_inst.$auto$proc_rom.cc:150:do_switch$340$rdmux[0][4][4]$a$1793 [0] $memory$flatten\mi_pantalla.\core_pantalla.\led_mem.\image_1_inst.$auto$proc_rom.cc:150:do_switch$340$rdmux[0][4][4]$a$1793 [0] $memory$flatten\mi_pantalla.\core_pantalla.\led_mem.\image_1_inst.$auto$proc_rom.cc:150:do_switch$340$rdmux[0][4][4]$a$1793 [0] $memory$flatten\mi_pantalla.\core_pantalla.\led_mem.\image_1_inst.$auto$proc_rom.cc:150:do_switch$340$rdmux[0][4][4]$a$1793 [0] }
    Consolidated identical input bits for $mux cell $memory$flatten\mi_pantalla.\core_pantalla.\led_mem.\image_4_inst.$auto$proc_rom.cc:150:do_switch$352$rdmux[0][5][18]$2449:
      Old ports: A=8'11111111, B=8'00000000, Y=$memory$flatten\mi_pantalla.\core_pantalla.\led_mem.\image_4_inst.$auto$proc_rom.cc:150:do_switch$352$rdmux[0][4][9]$a$2375
      New ports: A=1'1, B=1'0, Y=$memory$flatten\mi_pantalla.\core_pantalla.\led_mem.\image_4_inst.$auto$proc_rom.cc:150:do_switch$352$rdmux[0][4][9]$a$2375 [0]
      New connections: $memory$flatten\mi_pantalla.\core_pantalla.\led_mem.\image_4_inst.$auto$proc_rom.cc:150:do_switch$352$rdmux[0][4][9]$a$2375 [7:1] = { $memory$flatten\mi_pantalla.\core_pantalla.\led_mem.\image_4_inst.$auto$proc_rom.cc:150:do_switch$352$rdmux[0][4][9]$a$2375 [0] $memory$flatten\mi_pantalla.\core_pantalla.\led_mem.\image_4_inst.$auto$proc_rom.cc:150:do_switch$352$rdmux[0][4][9]$a$2375 [0] $memory$flatten\mi_pantalla.\core_pantalla.\led_mem.\image_4_inst.$auto$proc_rom.cc:150:do_switch$352$rdmux[0][4][9]$a$2375 [0] $memory$flatten\mi_pantalla.\core_pantalla.\led_mem.\image_4_inst.$auto$proc_rom.cc:150:do_switch$352$rdmux[0][4][9]$a$2375 [0] $memory$flatten\mi_pantalla.\core_pantalla.\led_mem.\image_4_inst.$auto$proc_rom.cc:150:do_switch$352$rdmux[0][4][9]$a$2375 [0] $memory$flatten\mi_pantalla.\core_pantalla.\led_mem.\image_4_inst.$auto$proc_rom.cc:150:do_switch$352$rdmux[0][4][9]$a$2375 [0] $memory$flatten\mi_pantalla.\core_pantalla.\led_mem.\image_4_inst.$auto$proc_rom.cc:150:do_switch$352$rdmux[0][4][9]$a$2375 [0] }
    Consolidated identical input bits for $mux cell $memory$flatten\mi_pantalla.\core_pantalla.\led_mem.\image_4_inst.$auto$proc_rom.cc:150:do_switch$352$rdmux[0][5][17]$2446:
      Old ports: A=8'00000000, B=8'11111111, Y=$memory$flatten\mi_pantalla.\core_pantalla.\led_mem.\image_4_inst.$auto$proc_rom.cc:150:do_switch$352$rdmux[0][4][8]$b$2373
      New ports: A=1'0, B=1'1, Y=$memory$flatten\mi_pantalla.\core_pantalla.\led_mem.\image_4_inst.$auto$proc_rom.cc:150:do_switch$352$rdmux[0][4][8]$b$2373 [0]
      New connections: $memory$flatten\mi_pantalla.\core_pantalla.\led_mem.\image_4_inst.$auto$proc_rom.cc:150:do_switch$352$rdmux[0][4][8]$b$2373 [7:1] = { $memory$flatten\mi_pantalla.\core_pantalla.\led_mem.\image_4_inst.$auto$proc_rom.cc:150:do_switch$352$rdmux[0][4][8]$b$2373 [0] $memory$flatten\mi_pantalla.\core_pantalla.\led_mem.\image_4_inst.$auto$proc_rom.cc:150:do_switch$352$rdmux[0][4][8]$b$2373 [0] $memory$flatten\mi_pantalla.\core_pantalla.\led_mem.\image_4_inst.$auto$proc_rom.cc:150:do_switch$352$rdmux[0][4][8]$b$2373 [0] $memory$flatten\mi_pantalla.\core_pantalla.\led_mem.\image_4_inst.$auto$proc_rom.cc:150:do_switch$352$rdmux[0][4][8]$b$2373 [0] $memory$flatten\mi_pantalla.\core_pantalla.\led_mem.\image_4_inst.$auto$proc_rom.cc:150:do_switch$352$rdmux[0][4][8]$b$2373 [0] $memory$flatten\mi_pantalla.\core_pantalla.\led_mem.\image_4_inst.$auto$proc_rom.cc:150:do_switch$352$rdmux[0][4][8]$b$2373 [0] $memory$flatten\mi_pantalla.\core_pantalla.\led_mem.\image_4_inst.$auto$proc_rom.cc:150:do_switch$352$rdmux[0][4][8]$b$2373 [0] }
    Consolidated identical input bits for $mux cell $memory$flatten\mi_pantalla.\core_pantalla.\led_mem.\image_3_inst.$auto$proc_rom.cc:150:do_switch$348$rdmux[0][5][27]$2287:
      Old ports: A=8'11111111, B=8'00000000, Y=$memory$flatten\mi_pantalla.\core_pantalla.\led_mem.\image_3_inst.$auto$proc_rom.cc:150:do_switch$348$rdmux[0][4][13]$b$2199
      New ports: A=1'1, B=1'0, Y=$memory$flatten\mi_pantalla.\core_pantalla.\led_mem.\image_3_inst.$auto$proc_rom.cc:150:do_switch$348$rdmux[0][4][13]$b$2199 [0]
      New connections: $memory$flatten\mi_pantalla.\core_pantalla.\led_mem.\image_3_inst.$auto$proc_rom.cc:150:do_switch$348$rdmux[0][4][13]$b$2199 [7:1] = { $memory$flatten\mi_pantalla.\core_pantalla.\led_mem.\image_3_inst.$auto$proc_rom.cc:150:do_switch$348$rdmux[0][4][13]$b$2199 [0] $memory$flatten\mi_pantalla.\core_pantalla.\led_mem.\image_3_inst.$auto$proc_rom.cc:150:do_switch$348$rdmux[0][4][13]$b$2199 [0] $memory$flatten\mi_pantalla.\core_pantalla.\led_mem.\image_3_inst.$auto$proc_rom.cc:150:do_switch$348$rdmux[0][4][13]$b$2199 [0] $memory$flatten\mi_pantalla.\core_pantalla.\led_mem.\image_3_inst.$auto$proc_rom.cc:150:do_switch$348$rdmux[0][4][13]$b$2199 [0] $memory$flatten\mi_pantalla.\core_pantalla.\led_mem.\image_3_inst.$auto$proc_rom.cc:150:do_switch$348$rdmux[0][4][13]$b$2199 [0] $memory$flatten\mi_pantalla.\core_pantalla.\led_mem.\image_3_inst.$auto$proc_rom.cc:150:do_switch$348$rdmux[0][4][13]$b$2199 [0] $memory$flatten\mi_pantalla.\core_pantalla.\led_mem.\image_3_inst.$auto$proc_rom.cc:150:do_switch$348$rdmux[0][4][13]$b$2199 [0] }
    Consolidated identical input bits for $mux cell $memory$flatten\mi_pantalla.\core_pantalla.\led_mem.\image_4_inst.$auto$proc_rom.cc:150:do_switch$352$rdmux[0][5][4]$2407:
      Old ports: A=8'00000000, B=8'11111111, Y=$memory$flatten\mi_pantalla.\core_pantalla.\led_mem.\image_4_inst.$auto$proc_rom.cc:150:do_switch$352$rdmux[0][4][2]$a$2354
      New ports: A=1'0, B=1'1, Y=$memory$flatten\mi_pantalla.\core_pantalla.\led_mem.\image_4_inst.$auto$proc_rom.cc:150:do_switch$352$rdmux[0][4][2]$a$2354 [0]
      New connections: $memory$flatten\mi_pantalla.\core_pantalla.\led_mem.\image_4_inst.$auto$proc_rom.cc:150:do_switch$352$rdmux[0][4][2]$a$2354 [7:1] = { $memory$flatten\mi_pantalla.\core_pantalla.\led_mem.\image_4_inst.$auto$proc_rom.cc:150:do_switch$352$rdmux[0][4][2]$a$2354 [0] $memory$flatten\mi_pantalla.\core_pantalla.\led_mem.\image_4_inst.$auto$proc_rom.cc:150:do_switch$352$rdmux[0][4][2]$a$2354 [0] $memory$flatten\mi_pantalla.\core_pantalla.\led_mem.\image_4_inst.$auto$proc_rom.cc:150:do_switch$352$rdmux[0][4][2]$a$2354 [0] $memory$flatten\mi_pantalla.\core_pantalla.\led_mem.\image_4_inst.$auto$proc_rom.cc:150:do_switch$352$rdmux[0][4][2]$a$2354 [0] $memory$flatten\mi_pantalla.\core_pantalla.\led_mem.\image_4_inst.$auto$proc_rom.cc:150:do_switch$352$rdmux[0][4][2]$a$2354 [0] $memory$flatten\mi_pantalla.\core_pantalla.\led_mem.\image_4_inst.$auto$proc_rom.cc:150:do_switch$352$rdmux[0][4][2]$a$2354 [0] $memory$flatten\mi_pantalla.\core_pantalla.\led_mem.\image_4_inst.$auto$proc_rom.cc:150:do_switch$352$rdmux[0][4][2]$a$2354 [0] }
    Consolidated identical input bits for $mux cell $memory$flatten\mi_pantalla.\core_pantalla.\led_mem.\image_3_inst.$auto$proc_rom.cc:150:do_switch$348$rdmux[0][5][26]$2284:
      Old ports: A=8'00000000, B=8'11111111, Y=$memory$flatten\mi_pantalla.\core_pantalla.\led_mem.\image_3_inst.$auto$proc_rom.cc:150:do_switch$348$rdmux[0][4][13]$a$2198
      New ports: A=1'0, B=1'1, Y=$memory$flatten\mi_pantalla.\core_pantalla.\led_mem.\image_3_inst.$auto$proc_rom.cc:150:do_switch$348$rdmux[0][4][13]$a$2198 [0]
      New connections: $memory$flatten\mi_pantalla.\core_pantalla.\led_mem.\image_3_inst.$auto$proc_rom.cc:150:do_switch$348$rdmux[0][4][13]$a$2198 [7:1] = { $memory$flatten\mi_pantalla.\core_pantalla.\led_mem.\image_3_inst.$auto$proc_rom.cc:150:do_switch$348$rdmux[0][4][13]$a$2198 [0] $memory$flatten\mi_pantalla.\core_pantalla.\led_mem.\image_3_inst.$auto$proc_rom.cc:150:do_switch$348$rdmux[0][4][13]$a$2198 [0] $memory$flatten\mi_pantalla.\core_pantalla.\led_mem.\image_3_inst.$auto$proc_rom.cc:150:do_switch$348$rdmux[0][4][13]$a$2198 [0] $memory$flatten\mi_pantalla.\core_pantalla.\led_mem.\image_3_inst.$auto$proc_rom.cc:150:do_switch$348$rdmux[0][4][13]$a$2198 [0] $memory$flatten\mi_pantalla.\core_pantalla.\led_mem.\image_3_inst.$auto$proc_rom.cc:150:do_switch$348$rdmux[0][4][13]$a$2198 [0] $memory$flatten\mi_pantalla.\core_pantalla.\led_mem.\image_3_inst.$auto$proc_rom.cc:150:do_switch$348$rdmux[0][4][13]$a$2198 [0] $memory$flatten\mi_pantalla.\core_pantalla.\led_mem.\image_3_inst.$auto$proc_rom.cc:150:do_switch$348$rdmux[0][4][13]$a$2198 [0] }
    Consolidated identical input bits for $mux cell $memory$flatten\mi_pantalla.\core_pantalla.\led_mem.\image_3_inst.$auto$proc_rom.cc:150:do_switch$348$rdmux[0][5][25]$2281:
      Old ports: A=8'11111111, B=8'00000000, Y=$memory$flatten\mi_pantalla.\core_pantalla.\led_mem.\image_3_inst.$auto$proc_rom.cc:150:do_switch$348$rdmux[0][4][12]$b$2196
      New ports: A=1'1, B=1'0, Y=$memory$flatten\mi_pantalla.\core_pantalla.\led_mem.\image_3_inst.$auto$proc_rom.cc:150:do_switch$348$rdmux[0][4][12]$b$2196 [0]
      New connections: $memory$flatten\mi_pantalla.\core_pantalla.\led_mem.\image_3_inst.$auto$proc_rom.cc:150:do_switch$348$rdmux[0][4][12]$b$2196 [7:1] = { $memory$flatten\mi_pantalla.\core_pantalla.\led_mem.\image_3_inst.$auto$proc_rom.cc:150:do_switch$348$rdmux[0][4][12]$b$2196 [0] $memory$flatten\mi_pantalla.\core_pantalla.\led_mem.\image_3_inst.$auto$proc_rom.cc:150:do_switch$348$rdmux[0][4][12]$b$2196 [0] $memory$flatten\mi_pantalla.\core_pantalla.\led_mem.\image_3_inst.$auto$proc_rom.cc:150:do_switch$348$rdmux[0][4][12]$b$2196 [0] $memory$flatten\mi_pantalla.\core_pantalla.\led_mem.\image_3_inst.$auto$proc_rom.cc:150:do_switch$348$rdmux[0][4][12]$b$2196 [0] $memory$flatten\mi_pantalla.\core_pantalla.\led_mem.\image_3_inst.$auto$proc_rom.cc:150:do_switch$348$rdmux[0][4][12]$b$2196 [0] $memory$flatten\mi_pantalla.\core_pantalla.\led_mem.\image_3_inst.$auto$proc_rom.cc:150:do_switch$348$rdmux[0][4][12]$b$2196 [0] $memory$flatten\mi_pantalla.\core_pantalla.\led_mem.\image_3_inst.$auto$proc_rom.cc:150:do_switch$348$rdmux[0][4][12]$b$2196 [0] }
    Consolidated identical input bits for $mux cell $memory$flatten\mi_pantalla.\core_pantalla.\led_mem.\image_3_inst.$auto$proc_rom.cc:150:do_switch$348$rdmux[0][5][22]$2272:
      Old ports: A=8'00000000, B=8'11111111, Y=$memory$flatten\mi_pantalla.\core_pantalla.\led_mem.\image_3_inst.$auto$proc_rom.cc:150:do_switch$348$rdmux[0][4][11]$a$2192
      New ports: A=1'0, B=1'1, Y=$memory$flatten\mi_pantalla.\core_pantalla.\led_mem.\image_3_inst.$auto$proc_rom.cc:150:do_switch$348$rdmux[0][4][11]$a$2192 [0]
      New connections: $memory$flatten\mi_pantalla.\core_pantalla.\led_mem.\image_3_inst.$auto$proc_rom.cc:150:do_switch$348$rdmux[0][4][11]$a$2192 [7:1] = { $memory$flatten\mi_pantalla.\core_pantalla.\led_mem.\image_3_inst.$auto$proc_rom.cc:150:do_switch$348$rdmux[0][4][11]$a$2192 [0] $memory$flatten\mi_pantalla.\core_pantalla.\led_mem.\image_3_inst.$auto$proc_rom.cc:150:do_switch$348$rdmux[0][4][11]$a$2192 [0] $memory$flatten\mi_pantalla.\core_pantalla.\led_mem.\image_3_inst.$auto$proc_rom.cc:150:do_switch$348$rdmux[0][4][11]$a$2192 [0] $memory$flatten\mi_pantalla.\core_pantalla.\led_mem.\image_3_inst.$auto$proc_rom.cc:150:do_switch$348$rdmux[0][4][11]$a$2192 [0] $memory$flatten\mi_pantalla.\core_pantalla.\led_mem.\image_3_inst.$auto$proc_rom.cc:150:do_switch$348$rdmux[0][4][11]$a$2192 [0] $memory$flatten\mi_pantalla.\core_pantalla.\led_mem.\image_3_inst.$auto$proc_rom.cc:150:do_switch$348$rdmux[0][4][11]$a$2192 [0] $memory$flatten\mi_pantalla.\core_pantalla.\led_mem.\image_3_inst.$auto$proc_rom.cc:150:do_switch$348$rdmux[0][4][11]$a$2192 [0] }
    Consolidated identical input bits for $mux cell $memory$flatten\mi_pantalla.\core_pantalla.\led_mem.\image_3_inst.$auto$proc_rom.cc:150:do_switch$348$rdmux[0][5][23]$2275:
      Old ports: A=8'11111111, B=8'00000000, Y=$memory$flatten\mi_pantalla.\core_pantalla.\led_mem.\image_3_inst.$auto$proc_rom.cc:150:do_switch$348$rdmux[0][4][11]$b$2193
      New ports: A=1'1, B=1'0, Y=$memory$flatten\mi_pantalla.\core_pantalla.\led_mem.\image_3_inst.$auto$proc_rom.cc:150:do_switch$348$rdmux[0][4][11]$b$2193 [0]
      New connections: $memory$flatten\mi_pantalla.\core_pantalla.\led_mem.\image_3_inst.$auto$proc_rom.cc:150:do_switch$348$rdmux[0][4][11]$b$2193 [7:1] = { $memory$flatten\mi_pantalla.\core_pantalla.\led_mem.\image_3_inst.$auto$proc_rom.cc:150:do_switch$348$rdmux[0][4][11]$b$2193 [0] $memory$flatten\mi_pantalla.\core_pantalla.\led_mem.\image_3_inst.$auto$proc_rom.cc:150:do_switch$348$rdmux[0][4][11]$b$2193 [0] $memory$flatten\mi_pantalla.\core_pantalla.\led_mem.\image_3_inst.$auto$proc_rom.cc:150:do_switch$348$rdmux[0][4][11]$b$2193 [0] $memory$flatten\mi_pantalla.\core_pantalla.\led_mem.\image_3_inst.$auto$proc_rom.cc:150:do_switch$348$rdmux[0][4][11]$b$2193 [0] $memory$flatten\mi_pantalla.\core_pantalla.\led_mem.\image_3_inst.$auto$proc_rom.cc:150:do_switch$348$rdmux[0][4][11]$b$2193 [0] $memory$flatten\mi_pantalla.\core_pantalla.\led_mem.\image_3_inst.$auto$proc_rom.cc:150:do_switch$348$rdmux[0][4][11]$b$2193 [0] $memory$flatten\mi_pantalla.\core_pantalla.\led_mem.\image_3_inst.$auto$proc_rom.cc:150:do_switch$348$rdmux[0][4][11]$b$2193 [0] }
    Consolidated identical input bits for $mux cell $memory$flatten\mi_pantalla.\core_pantalla.\led_mem.\image_4_inst.$auto$proc_rom.cc:150:do_switch$352$rdmux[0][5][21]$2458:
      Old ports: A=8'11111111, B=8'00000000, Y=$memory$flatten\mi_pantalla.\core_pantalla.\led_mem.\image_4_inst.$auto$proc_rom.cc:150:do_switch$352$rdmux[0][4][10]$b$2379
      New ports: A=1'1, B=1'0, Y=$memory$flatten\mi_pantalla.\core_pantalla.\led_mem.\image_4_inst.$auto$proc_rom.cc:150:do_switch$352$rdmux[0][4][10]$b$2379 [0]
      New connections: $memory$flatten\mi_pantalla.\core_pantalla.\led_mem.\image_4_inst.$auto$proc_rom.cc:150:do_switch$352$rdmux[0][4][10]$b$2379 [7:1] = { $memory$flatten\mi_pantalla.\core_pantalla.\led_mem.\image_4_inst.$auto$proc_rom.cc:150:do_switch$352$rdmux[0][4][10]$b$2379 [0] $memory$flatten\mi_pantalla.\core_pantalla.\led_mem.\image_4_inst.$auto$proc_rom.cc:150:do_switch$352$rdmux[0][4][10]$b$2379 [0] $memory$flatten\mi_pantalla.\core_pantalla.\led_mem.\image_4_inst.$auto$proc_rom.cc:150:do_switch$352$rdmux[0][4][10]$b$2379 [0] $memory$flatten\mi_pantalla.\core_pantalla.\led_mem.\image_4_inst.$auto$proc_rom.cc:150:do_switch$352$rdmux[0][4][10]$b$2379 [0] $memory$flatten\mi_pantalla.\core_pantalla.\led_mem.\image_4_inst.$auto$proc_rom.cc:150:do_switch$352$rdmux[0][4][10]$b$2379 [0] $memory$flatten\mi_pantalla.\core_pantalla.\led_mem.\image_4_inst.$auto$proc_rom.cc:150:do_switch$352$rdmux[0][4][10]$b$2379 [0] $memory$flatten\mi_pantalla.\core_pantalla.\led_mem.\image_4_inst.$auto$proc_rom.cc:150:do_switch$352$rdmux[0][4][10]$b$2379 [0] }
    Consolidated identical input bits for $mux cell $memory$flatten\mi_pantalla.\core_pantalla.\led_mem.\image_4_inst.$auto$proc_rom.cc:150:do_switch$352$rdmux[0][5][9]$2422:
      Old ports: A=8'11111111, B=8'00000000, Y=$memory$flatten\mi_pantalla.\core_pantalla.\led_mem.\image_4_inst.$auto$proc_rom.cc:150:do_switch$352$rdmux[0][4][4]$b$2361
      New ports: A=1'1, B=1'0, Y=$memory$flatten\mi_pantalla.\core_pantalla.\led_mem.\image_4_inst.$auto$proc_rom.cc:150:do_switch$352$rdmux[0][4][4]$b$2361 [0]
      New connections: $memory$flatten\mi_pantalla.\core_pantalla.\led_mem.\image_4_inst.$auto$proc_rom.cc:150:do_switch$352$rdmux[0][4][4]$b$2361 [7:1] = { $memory$flatten\mi_pantalla.\core_pantalla.\led_mem.\image_4_inst.$auto$proc_rom.cc:150:do_switch$352$rdmux[0][4][4]$b$2361 [0] $memory$flatten\mi_pantalla.\core_pantalla.\led_mem.\image_4_inst.$auto$proc_rom.cc:150:do_switch$352$rdmux[0][4][4]$b$2361 [0] $memory$flatten\mi_pantalla.\core_pantalla.\led_mem.\image_4_inst.$auto$proc_rom.cc:150:do_switch$352$rdmux[0][4][4]$b$2361 [0] $memory$flatten\mi_pantalla.\core_pantalla.\led_mem.\image_4_inst.$auto$proc_rom.cc:150:do_switch$352$rdmux[0][4][4]$b$2361 [0] $memory$flatten\mi_pantalla.\core_pantalla.\led_mem.\image_4_inst.$auto$proc_rom.cc:150:do_switch$352$rdmux[0][4][4]$b$2361 [0] $memory$flatten\mi_pantalla.\core_pantalla.\led_mem.\image_4_inst.$auto$proc_rom.cc:150:do_switch$352$rdmux[0][4][4]$b$2361 [0] $memory$flatten\mi_pantalla.\core_pantalla.\led_mem.\image_4_inst.$auto$proc_rom.cc:150:do_switch$352$rdmux[0][4][4]$b$2361 [0] }
    Consolidated identical input bits for $mux cell $memory$flatten\mi_pantalla.\core_pantalla.\led_mem.\image_3_inst.$auto$proc_rom.cc:150:do_switch$348$rdmux[0][5][17]$2257:
      Old ports: A=8'11111111, B=8'00000000, Y=$memory$flatten\mi_pantalla.\core_pantalla.\led_mem.\image_3_inst.$auto$proc_rom.cc:150:do_switch$348$rdmux[0][4][8]$b$2184
      New ports: A=1'1, B=1'0, Y=$memory$flatten\mi_pantalla.\core_pantalla.\led_mem.\image_3_inst.$auto$proc_rom.cc:150:do_switch$348$rdmux[0][4][8]$b$2184 [0]
      New connections: $memory$flatten\mi_pantalla.\core_pantalla.\led_mem.\image_3_inst.$auto$proc_rom.cc:150:do_switch$348$rdmux[0][4][8]$b$2184 [7:1] = { $memory$flatten\mi_pantalla.\core_pantalla.\led_mem.\image_3_inst.$auto$proc_rom.cc:150:do_switch$348$rdmux[0][4][8]$b$2184 [0] $memory$flatten\mi_pantalla.\core_pantalla.\led_mem.\image_3_inst.$auto$proc_rom.cc:150:do_switch$348$rdmux[0][4][8]$b$2184 [0] $memory$flatten\mi_pantalla.\core_pantalla.\led_mem.\image_3_inst.$auto$proc_rom.cc:150:do_switch$348$rdmux[0][4][8]$b$2184 [0] $memory$flatten\mi_pantalla.\core_pantalla.\led_mem.\image_3_inst.$auto$proc_rom.cc:150:do_switch$348$rdmux[0][4][8]$b$2184 [0] $memory$flatten\mi_pantalla.\core_pantalla.\led_mem.\image_3_inst.$auto$proc_rom.cc:150:do_switch$348$rdmux[0][4][8]$b$2184 [0] $memory$flatten\mi_pantalla.\core_pantalla.\led_mem.\image_3_inst.$auto$proc_rom.cc:150:do_switch$348$rdmux[0][4][8]$b$2184 [0] $memory$flatten\mi_pantalla.\core_pantalla.\led_mem.\image_3_inst.$auto$proc_rom.cc:150:do_switch$348$rdmux[0][4][8]$b$2184 [0] }
    Consolidated identical input bits for $mux cell $memory$flatten\mi_pantalla.\core_pantalla.\led_mem.\image_4_inst.$auto$proc_rom.cc:150:do_switch$352$rdmux[0][5][0]$2395:
      Old ports: A=8'11111111, B=8'00000000, Y=$memory$flatten\mi_pantalla.\core_pantalla.\led_mem.\image_4_inst.$auto$proc_rom.cc:150:do_switch$352$rdmux[0][4][0]$a$2348
      New ports: A=1'1, B=1'0, Y=$memory$flatten\mi_pantalla.\core_pantalla.\led_mem.\image_4_inst.$auto$proc_rom.cc:150:do_switch$352$rdmux[0][4][0]$a$2348 [0]
      New connections: $memory$flatten\mi_pantalla.\core_pantalla.\led_mem.\image_4_inst.$auto$proc_rom.cc:150:do_switch$352$rdmux[0][4][0]$a$2348 [7:1] = { $memory$flatten\mi_pantalla.\core_pantalla.\led_mem.\image_4_inst.$auto$proc_rom.cc:150:do_switch$352$rdmux[0][4][0]$a$2348 [0] $memory$flatten\mi_pantalla.\core_pantalla.\led_mem.\image_4_inst.$auto$proc_rom.cc:150:do_switch$352$rdmux[0][4][0]$a$2348 [0] $memory$flatten\mi_pantalla.\core_pantalla.\led_mem.\image_4_inst.$auto$proc_rom.cc:150:do_switch$352$rdmux[0][4][0]$a$2348 [0] $memory$flatten\mi_pantalla.\core_pantalla.\led_mem.\image_4_inst.$auto$proc_rom.cc:150:do_switch$352$rdmux[0][4][0]$a$2348 [0] $memory$flatten\mi_pantalla.\core_pantalla.\led_mem.\image_4_inst.$auto$proc_rom.cc:150:do_switch$352$rdmux[0][4][0]$a$2348 [0] $memory$flatten\mi_pantalla.\core_pantalla.\led_mem.\image_4_inst.$auto$proc_rom.cc:150:do_switch$352$rdmux[0][4][0]$a$2348 [0] $memory$flatten\mi_pantalla.\core_pantalla.\led_mem.\image_4_inst.$auto$proc_rom.cc:150:do_switch$352$rdmux[0][4][0]$a$2348 [0] }
    Consolidated identical input bits for $mux cell $memory$flatten\mi_pantalla.\core_pantalla.\led_mem.\image_1_inst.$auto$proc_rom.cc:150:do_switch$340$rdmux[0][4][3]$1789:
      Old ports: A=7'1111111, B=7'0000000, Y=$memory$flatten\mi_pantalla.\core_pantalla.\led_mem.\image_1_inst.$auto$proc_rom.cc:150:do_switch$340$rdmux[0][3][1]$b$1761
      New ports: A=1'1, B=1'0, Y=$memory$flatten\mi_pantalla.\core_pantalla.\led_mem.\image_1_inst.$auto$proc_rom.cc:150:do_switch$340$rdmux[0][3][1]$b$1761 [0]
      New connections: $memory$flatten\mi_pantalla.\core_pantalla.\led_mem.\image_1_inst.$auto$proc_rom.cc:150:do_switch$340$rdmux[0][3][1]$b$1761 [6:1] = { $memory$flatten\mi_pantalla.\core_pantalla.\led_mem.\image_1_inst.$auto$proc_rom.cc:150:do_switch$340$rdmux[0][3][1]$b$1761 [0] $memory$flatten\mi_pantalla.\core_pantalla.\led_mem.\image_1_inst.$auto$proc_rom.cc:150:do_switch$340$rdmux[0][3][1]$b$1761 [0] $memory$flatten\mi_pantalla.\core_pantalla.\led_mem.\image_1_inst.$auto$proc_rom.cc:150:do_switch$340$rdmux[0][3][1]$b$1761 [0] $memory$flatten\mi_pantalla.\core_pantalla.\led_mem.\image_1_inst.$auto$proc_rom.cc:150:do_switch$340$rdmux[0][3][1]$b$1761 [0] $memory$flatten\mi_pantalla.\core_pantalla.\led_mem.\image_1_inst.$auto$proc_rom.cc:150:do_switch$340$rdmux[0][3][1]$b$1761 [0] $memory$flatten\mi_pantalla.\core_pantalla.\led_mem.\image_1_inst.$auto$proc_rom.cc:150:do_switch$340$rdmux[0][3][1]$b$1761 [0] }
    Consolidated identical input bits for $mux cell $memory$flatten\mi_pantalla.\core_pantalla.\led_mem.\image_1_inst.$auto$proc_rom.cc:150:do_switch$340$rdmux[0][4][2]$1786:
      Old ports: A=7'0000000, B=7'1111111, Y=$memory$flatten\mi_pantalla.\core_pantalla.\led_mem.\image_1_inst.$auto$proc_rom.cc:150:do_switch$340$rdmux[0][3][1]$a$1760
      New ports: A=1'0, B=1'1, Y=$memory$flatten\mi_pantalla.\core_pantalla.\led_mem.\image_1_inst.$auto$proc_rom.cc:150:do_switch$340$rdmux[0][3][1]$a$1760 [0]
      New connections: $memory$flatten\mi_pantalla.\core_pantalla.\led_mem.\image_1_inst.$auto$proc_rom.cc:150:do_switch$340$rdmux[0][3][1]$a$1760 [6:1] = { $memory$flatten\mi_pantalla.\core_pantalla.\led_mem.\image_1_inst.$auto$proc_rom.cc:150:do_switch$340$rdmux[0][3][1]$a$1760 [0] $memory$flatten\mi_pantalla.\core_pantalla.\led_mem.\image_1_inst.$auto$proc_rom.cc:150:do_switch$340$rdmux[0][3][1]$a$1760 [0] $memory$flatten\mi_pantalla.\core_pantalla.\led_mem.\image_1_inst.$auto$proc_rom.cc:150:do_switch$340$rdmux[0][3][1]$a$1760 [0] $memory$flatten\mi_pantalla.\core_pantalla.\led_mem.\image_1_inst.$auto$proc_rom.cc:150:do_switch$340$rdmux[0][3][1]$a$1760 [0] $memory$flatten\mi_pantalla.\core_pantalla.\led_mem.\image_1_inst.$auto$proc_rom.cc:150:do_switch$340$rdmux[0][3][1]$a$1760 [0] $memory$flatten\mi_pantalla.\core_pantalla.\led_mem.\image_1_inst.$auto$proc_rom.cc:150:do_switch$340$rdmux[0][3][1]$a$1760 [0] }
    Consolidated identical input bits for $mux cell $memory$flatten\mi_pantalla.\core_pantalla.\led_mem.\image_3_inst.$auto$proc_rom.cc:150:do_switch$348$rdmux[0][5][24]$2278:
      Old ports: A=8'00000000, B=8'11111111, Y=$memory$flatten\mi_pantalla.\core_pantalla.\led_mem.\image_3_inst.$auto$proc_rom.cc:150:do_switch$348$rdmux[0][4][12]$a$2195
      New ports: A=1'0, B=1'1, Y=$memory$flatten\mi_pantalla.\core_pantalla.\led_mem.\image_3_inst.$auto$proc_rom.cc:150:do_switch$348$rdmux[0][4][12]$a$2195 [0]
      New connections: $memory$flatten\mi_pantalla.\core_pantalla.\led_mem.\image_3_inst.$auto$proc_rom.cc:150:do_switch$348$rdmux[0][4][12]$a$2195 [7:1] = { $memory$flatten\mi_pantalla.\core_pantalla.\led_mem.\image_3_inst.$auto$proc_rom.cc:150:do_switch$348$rdmux[0][4][12]$a$2195 [0] $memory$flatten\mi_pantalla.\core_pantalla.\led_mem.\image_3_inst.$auto$proc_rom.cc:150:do_switch$348$rdmux[0][4][12]$a$2195 [0] $memory$flatten\mi_pantalla.\core_pantalla.\led_mem.\image_3_inst.$auto$proc_rom.cc:150:do_switch$348$rdmux[0][4][12]$a$2195 [0] $memory$flatten\mi_pantalla.\core_pantalla.\led_mem.\image_3_inst.$auto$proc_rom.cc:150:do_switch$348$rdmux[0][4][12]$a$2195 [0] $memory$flatten\mi_pantalla.\core_pantalla.\led_mem.\image_3_inst.$auto$proc_rom.cc:150:do_switch$348$rdmux[0][4][12]$a$2195 [0] $memory$flatten\mi_pantalla.\core_pantalla.\led_mem.\image_3_inst.$auto$proc_rom.cc:150:do_switch$348$rdmux[0][4][12]$a$2195 [0] $memory$flatten\mi_pantalla.\core_pantalla.\led_mem.\image_3_inst.$auto$proc_rom.cc:150:do_switch$348$rdmux[0][4][12]$a$2195 [0] }
    Consolidated identical input bits for $mux cell $memory$flatten\mi_pantalla.\core_pantalla.\led_mem.\image_3_inst.$auto$proc_rom.cc:150:do_switch$348$rdmux[0][5][21]$2269:
      Old ports: A=8'11111111, B=8'00000000, Y=$memory$flatten\mi_pantalla.\core_pantalla.\led_mem.\image_3_inst.$auto$proc_rom.cc:150:do_switch$348$rdmux[0][4][10]$b$2190
      New ports: A=1'1, B=1'0, Y=$memory$flatten\mi_pantalla.\core_pantalla.\led_mem.\image_3_inst.$auto$proc_rom.cc:150:do_switch$348$rdmux[0][4][10]$b$2190 [0]
      New connections: $memory$flatten\mi_pantalla.\core_pantalla.\led_mem.\image_3_inst.$auto$proc_rom.cc:150:do_switch$348$rdmux[0][4][10]$b$2190 [7:1] = { $memory$flatten\mi_pantalla.\core_pantalla.\led_mem.\image_3_inst.$auto$proc_rom.cc:150:do_switch$348$rdmux[0][4][10]$b$2190 [0] $memory$flatten\mi_pantalla.\core_pantalla.\led_mem.\image_3_inst.$auto$proc_rom.cc:150:do_switch$348$rdmux[0][4][10]$b$2190 [0] $memory$flatten\mi_pantalla.\core_pantalla.\led_mem.\image_3_inst.$auto$proc_rom.cc:150:do_switch$348$rdmux[0][4][10]$b$2190 [0] $memory$flatten\mi_pantalla.\core_pantalla.\led_mem.\image_3_inst.$auto$proc_rom.cc:150:do_switch$348$rdmux[0][4][10]$b$2190 [0] $memory$flatten\mi_pantalla.\core_pantalla.\led_mem.\image_3_inst.$auto$proc_rom.cc:150:do_switch$348$rdmux[0][4][10]$b$2190 [0] $memory$flatten\mi_pantalla.\core_pantalla.\led_mem.\image_3_inst.$auto$proc_rom.cc:150:do_switch$348$rdmux[0][4][10]$b$2190 [0] $memory$flatten\mi_pantalla.\core_pantalla.\led_mem.\image_3_inst.$auto$proc_rom.cc:150:do_switch$348$rdmux[0][4][10]$b$2190 [0] }
    Consolidated identical input bits for $mux cell $memory$flatten\mi_pantalla.\core_pantalla.\led_mem.\image_4_inst.$auto$proc_rom.cc:150:do_switch$352$rdmux[0][5][24]$2467:
      Old ports: A=8'00000000, B=8'11111111, Y=$memory$flatten\mi_pantalla.\core_pantalla.\led_mem.\image_4_inst.$auto$proc_rom.cc:150:do_switch$352$rdmux[0][4][12]$a$2384
      New ports: A=1'0, B=1'1, Y=$memory$flatten\mi_pantalla.\core_pantalla.\led_mem.\image_4_inst.$auto$proc_rom.cc:150:do_switch$352$rdmux[0][4][12]$a$2384 [0]
      New connections: $memory$flatten\mi_pantalla.\core_pantalla.\led_mem.\image_4_inst.$auto$proc_rom.cc:150:do_switch$352$rdmux[0][4][12]$a$2384 [7:1] = { $memory$flatten\mi_pantalla.\core_pantalla.\led_mem.\image_4_inst.$auto$proc_rom.cc:150:do_switch$352$rdmux[0][4][12]$a$2384 [0] $memory$flatten\mi_pantalla.\core_pantalla.\led_mem.\image_4_inst.$auto$proc_rom.cc:150:do_switch$352$rdmux[0][4][12]$a$2384 [0] $memory$flatten\mi_pantalla.\core_pantalla.\led_mem.\image_4_inst.$auto$proc_rom.cc:150:do_switch$352$rdmux[0][4][12]$a$2384 [0] $memory$flatten\mi_pantalla.\core_pantalla.\led_mem.\image_4_inst.$auto$proc_rom.cc:150:do_switch$352$rdmux[0][4][12]$a$2384 [0] $memory$flatten\mi_pantalla.\core_pantalla.\led_mem.\image_4_inst.$auto$proc_rom.cc:150:do_switch$352$rdmux[0][4][12]$a$2384 [0] $memory$flatten\mi_pantalla.\core_pantalla.\led_mem.\image_4_inst.$auto$proc_rom.cc:150:do_switch$352$rdmux[0][4][12]$a$2384 [0] $memory$flatten\mi_pantalla.\core_pantalla.\led_mem.\image_4_inst.$auto$proc_rom.cc:150:do_switch$352$rdmux[0][4][12]$a$2384 [0] }
    Consolidated identical input bits for $mux cell $memory$flatten\mi_pantalla.\core_pantalla.\led_mem.\image_3_inst.$auto$proc_rom.cc:150:do_switch$348$rdmux[0][5][3]$2215:
      Old ports: A=8'11111111, B=8'00000000, Y=$memory$flatten\mi_pantalla.\core_pantalla.\led_mem.\image_3_inst.$auto$proc_rom.cc:150:do_switch$348$rdmux[0][4][1]$b$2163
      New ports: A=1'1, B=1'0, Y=$memory$flatten\mi_pantalla.\core_pantalla.\led_mem.\image_3_inst.$auto$proc_rom.cc:150:do_switch$348$rdmux[0][4][1]$b$2163 [0]
      New connections: $memory$flatten\mi_pantalla.\core_pantalla.\led_mem.\image_3_inst.$auto$proc_rom.cc:150:do_switch$348$rdmux[0][4][1]$b$2163 [7:1] = { $memory$flatten\mi_pantalla.\core_pantalla.\led_mem.\image_3_inst.$auto$proc_rom.cc:150:do_switch$348$rdmux[0][4][1]$b$2163 [0] $memory$flatten\mi_pantalla.\core_pantalla.\led_mem.\image_3_inst.$auto$proc_rom.cc:150:do_switch$348$rdmux[0][4][1]$b$2163 [0] $memory$flatten\mi_pantalla.\core_pantalla.\led_mem.\image_3_inst.$auto$proc_rom.cc:150:do_switch$348$rdmux[0][4][1]$b$2163 [0] $memory$flatten\mi_pantalla.\core_pantalla.\led_mem.\image_3_inst.$auto$proc_rom.cc:150:do_switch$348$rdmux[0][4][1]$b$2163 [0] $memory$flatten\mi_pantalla.\core_pantalla.\led_mem.\image_3_inst.$auto$proc_rom.cc:150:do_switch$348$rdmux[0][4][1]$b$2163 [0] $memory$flatten\mi_pantalla.\core_pantalla.\led_mem.\image_3_inst.$auto$proc_rom.cc:150:do_switch$348$rdmux[0][4][1]$b$2163 [0] $memory$flatten\mi_pantalla.\core_pantalla.\led_mem.\image_3_inst.$auto$proc_rom.cc:150:do_switch$348$rdmux[0][4][1]$b$2163 [0] }
    Consolidated identical input bits for $mux cell $memory$flatten\mi_pantalla.\core_pantalla.\led_mem.\image_3_inst.$auto$proc_rom.cc:150:do_switch$348$rdmux[0][5][20]$2266:
      Old ports: A=8'00000000, B=8'11111111, Y=$memory$flatten\mi_pantalla.\core_pantalla.\led_mem.\image_3_inst.$auto$proc_rom.cc:150:do_switch$348$rdmux[0][4][10]$a$2189
      New ports: A=1'0, B=1'1, Y=$memory$flatten\mi_pantalla.\core_pantalla.\led_mem.\image_3_inst.$auto$proc_rom.cc:150:do_switch$348$rdmux[0][4][10]$a$2189 [0]
      New connections: $memory$flatten\mi_pantalla.\core_pantalla.\led_mem.\image_3_inst.$auto$proc_rom.cc:150:do_switch$348$rdmux[0][4][10]$a$2189 [7:1] = { $memory$flatten\mi_pantalla.\core_pantalla.\led_mem.\image_3_inst.$auto$proc_rom.cc:150:do_switch$348$rdmux[0][4][10]$a$2189 [0] $memory$flatten\mi_pantalla.\core_pantalla.\led_mem.\image_3_inst.$auto$proc_rom.cc:150:do_switch$348$rdmux[0][4][10]$a$2189 [0] $memory$flatten\mi_pantalla.\core_pantalla.\led_mem.\image_3_inst.$auto$proc_rom.cc:150:do_switch$348$rdmux[0][4][10]$a$2189 [0] $memory$flatten\mi_pantalla.\core_pantalla.\led_mem.\image_3_inst.$auto$proc_rom.cc:150:do_switch$348$rdmux[0][4][10]$a$2189 [0] $memory$flatten\mi_pantalla.\core_pantalla.\led_mem.\image_3_inst.$auto$proc_rom.cc:150:do_switch$348$rdmux[0][4][10]$a$2189 [0] $memory$flatten\mi_pantalla.\core_pantalla.\led_mem.\image_3_inst.$auto$proc_rom.cc:150:do_switch$348$rdmux[0][4][10]$a$2189 [0] $memory$flatten\mi_pantalla.\core_pantalla.\led_mem.\image_3_inst.$auto$proc_rom.cc:150:do_switch$348$rdmux[0][4][10]$a$2189 [0] }
    Consolidated identical input bits for $pmux cell $flatten\mi_controlador.\CONTROL.$procmux$1006:
      Old ports: A=8'10010000, B=24'000000011100001000000011, Y=$flatten\mi_controlador.\CONTROL.$2\tx_byte[7:0]
      New ports: A=5'10100, B=15'000011101000011, Y={ $flatten\mi_controlador.\CONTROL.$2\tx_byte[7:0] [7:6] $flatten\mi_controlador.\CONTROL.$2\tx_byte[7:0] [4] $flatten\mi_controlador.\CONTROL.$2\tx_byte[7:0] [1:0] }
      New connections: { $flatten\mi_controlador.\CONTROL.$2\tx_byte[7:0] [5] $flatten\mi_controlador.\CONTROL.$2\tx_byte[7:0] [3:2] } = 3'000
    Consolidated identical input bits for $mux cell $flatten\mi_controlador.\CONTROL.$procmux$1076:
      Old ports: A=8'10000000, B=8'00001000, Y=$auto$wreduce.cc:461:run$1491 [7:0]
      New ports: A=2'10, B=2'01, Y={ $auto$wreduce.cc:461:run$1491 [7] $auto$wreduce.cc:461:run$1491 [3] }
      New connections: { $auto$wreduce.cc:461:run$1491 [6:4] $auto$wreduce.cc:461:run$1491 [2:0] } = 6'000000
    Consolidated identical input bits for $mux cell $flatten\mi_controlador.\CONTROL.$procmux$1080:
      Old ports: A=8'01000000, B=8'10000000, Y=$auto$wreduce.cc:461:run$1492 [7:0]
      New ports: A=2'01, B=2'10, Y=$auto$wreduce.cc:461:run$1492 [7:6]
      New connections: $auto$wreduce.cc:461:run$1492 [5:0] = 6'000000
    Consolidated identical input bits for $mux cell $flatten\mi_controlador.\CONTROL.$procmux$1088:
      Old ports: A=6'010000, B=6'100000, Y=$auto$wreduce.cc:461:run$1493 [5:0]
      New ports: A=2'01, B=2'10, Y=$auto$wreduce.cc:461:run$1493 [5:4]
      New connections: $auto$wreduce.cc:461:run$1493 [3:0] = 4'0000
    Consolidated identical input bits for $mux cell $flatten\mi_controlador.\CONTROL.$procmux$1091:
      Old ports: A={ 3'000 $auto$wreduce.cc:461:run$1493 [5:0] }, B=9'100000000, Y=$flatten\mi_controlador.\CONTROL.$procmux$1091_Y
      New ports: A={ 1'0 $auto$wreduce.cc:461:run$1493 [5:0] }, B=7'1000000, Y={ $flatten\mi_controlador.\CONTROL.$procmux$1091_Y [8] $flatten\mi_controlador.\CONTROL.$procmux$1091_Y [5:0] }
      New connections: $flatten\mi_controlador.\CONTROL.$procmux$1091_Y [7:6] = 2'00
    Consolidated identical input bits for $mux cell $flatten\mi_controlador.\CONTROL.$procmux$1096:
      Old ports: A=4'0100, B=4'1000, Y=$auto$wreduce.cc:461:run$1494 [3:0]
      New ports: A=2'01, B=2'10, Y=$auto$wreduce.cc:461:run$1494 [3:2]
      New connections: $auto$wreduce.cc:461:run$1494 [1:0] = 2'00
    Consolidated identical input bits for $mux cell $flatten\mi_controlador.\CONTROL.$procmux$1099:
      Old ports: A={ 5'00000 $auto$wreduce.cc:461:run$1494 [3:0] }, B=9'100000000, Y=$flatten\mi_controlador.\CONTROL.$procmux$1099_Y
      New ports: A={ 1'0 $auto$wreduce.cc:461:run$1494 [3:0] }, B=5'10000, Y={ $flatten\mi_controlador.\CONTROL.$procmux$1099_Y [8] $flatten\mi_controlador.\CONTROL.$procmux$1099_Y [3:0] }
      New connections: $flatten\mi_controlador.\CONTROL.$procmux$1099_Y [7:4] = 4'0000
    Consolidated identical input bits for $mux cell $flatten\mi_controlador.\CONTROL.$procmux$984:
      Old ports: A=8'00000000, B=8'10010001, Y=$flatten\mi_controlador.\CONTROL.$4\tx_byte[7:0]
      New ports: A=1'0, B=1'1, Y=$flatten\mi_controlador.\CONTROL.$4\tx_byte[7:0] [0]
      New connections: $flatten\mi_controlador.\CONTROL.$4\tx_byte[7:0] [7:1] = { $flatten\mi_controlador.\CONTROL.$4\tx_byte[7:0] [0] 2'00 $flatten\mi_controlador.\CONTROL.$4\tx_byte[7:0] [0] 3'000 }
    Consolidated identical input bits for $mux cell $flatten\mi_controlador.\CONTROL.$procmux$995:
      Old ports: A=8'00000000, B=8'10010000, Y=$flatten\mi_controlador.\CONTROL.$3\tx_byte[7:0]
      New ports: A=1'0, B=1'1, Y=$flatten\mi_controlador.\CONTROL.$3\tx_byte[7:0] [4]
      New connections: { $flatten\mi_controlador.\CONTROL.$3\tx_byte[7:0] [7:5] $flatten\mi_controlador.\CONTROL.$3\tx_byte[7:0] [3:0] } = { $flatten\mi_controlador.\CONTROL.$3\tx_byte[7:0] [4] 6'000000 }
    Consolidated identical input bits for $mux cell $flatten\mi_i2c_driver.\CONTROL.$procmux$919:
      Old ports: A=10'1000000000, B=10'0000000001, Y=$flatten\mi_i2c_driver.\CONTROL.$procmux$919_Y
      New ports: A=2'10, B=2'01, Y={ $flatten\mi_i2c_driver.\CONTROL.$procmux$919_Y [9] $flatten\mi_i2c_driver.\CONTROL.$procmux$919_Y [0] }
      New connections: $flatten\mi_i2c_driver.\CONTROL.$procmux$919_Y [8:1] = 8'00000000
    Consolidated identical input bits for $mux cell $flatten\mi_i2c_driver.\CONTROL.$procmux$924:
      Old ports: A=10'0100000000, B=10'1000000000, Y=$flatten\mi_i2c_driver.\CONTROL.$procmux$924_Y
      New ports: A=2'01, B=2'10, Y=$flatten\mi_i2c_driver.\CONTROL.$procmux$924_Y [9:8]
      New connections: $flatten\mi_i2c_driver.\CONTROL.$procmux$924_Y [7:0] = 8'00000000
    Consolidated identical input bits for $mux cell $flatten\mi_i2c_driver.\CONTROL.$procmux$928:
      Old ports: A=9'010000000, B=9'100000000, Y=$auto$wreduce.cc:461:run$1496 [8:0]
      New ports: A=2'01, B=2'10, Y=$auto$wreduce.cc:461:run$1496 [8:7]
      New connections: $auto$wreduce.cc:461:run$1496 [6:0] = 7'0000000
    Consolidated identical input bits for $mux cell $flatten\mi_i2c_driver.\CONTROL.$procmux$932:
      Old ports: A=5'00100, B=5'10000, Y=$auto$wreduce.cc:461:run$1497 [4:0]
      New ports: A=2'01, B=2'10, Y={ $auto$wreduce.cc:461:run$1497 [4] $auto$wreduce.cc:461:run$1497 [2] }
      New connections: { $auto$wreduce.cc:461:run$1497 [3] $auto$wreduce.cc:461:run$1497 [1:0] } = 3'000
    Consolidated identical input bits for $mux cell $flatten\mi_i2c_driver.\CONTROL.$procmux$935:
      Old ports: A={ 3'000 $auto$wreduce.cc:461:run$1497 [4:0] }, B=8'10000000, Y=$flatten\mi_i2c_driver.\CONTROL.$procmux$935_Y [7:0]
      New ports: A={ 1'0 $auto$wreduce.cc:461:run$1497 [4:0] }, B=6'100000, Y={ $flatten\mi_i2c_driver.\CONTROL.$procmux$935_Y [7] $flatten\mi_i2c_driver.\CONTROL.$procmux$935_Y [4:0] }
      New connections: $flatten\mi_i2c_driver.\CONTROL.$procmux$935_Y [6:5] = 2'00
    Consolidated identical input bits for $mux cell $flatten\mi_i2c_driver.\CONTROL.$procmux$942:
      Old ports: A=7'0100000, B=7'1000000, Y=$auto$wreduce.cc:461:run$1498 [6:0]
      New ports: A=2'01, B=2'10, Y=$auto$wreduce.cc:461:run$1498 [6:5]
      New connections: $auto$wreduce.cc:461:run$1498 [4:0] = 5'00000
    Consolidated identical input bits for $mux cell $flatten\mi_i2c_driver.\CONTROL.$procmux$946:
      Old ports: A=6'010000, B=6'100000, Y=$flatten\mi_i2c_driver.\CONTROL.$procmux$946_Y [5:0]
      New ports: A=2'01, B=2'10, Y=$flatten\mi_i2c_driver.\CONTROL.$procmux$946_Y [5:4]
      New connections: $flatten\mi_i2c_driver.\CONTROL.$procmux$946_Y [3:0] = 4'0000
    Consolidated identical input bits for $mux cell $flatten\mi_i2c_driver.\CONTROL.$procmux$950:
      Old ports: A=7'0001000, B=7'1000000, Y=$flatten\mi_i2c_driver.\CONTROL.$procmux$950_Y [6:0]
      New ports: A=2'01, B=2'10, Y={ $flatten\mi_i2c_driver.\CONTROL.$procmux$950_Y [6] $flatten\mi_i2c_driver.\CONTROL.$procmux$950_Y [3] }
      New connections: { $flatten\mi_i2c_driver.\CONTROL.$procmux$950_Y [5:4] $flatten\mi_i2c_driver.\CONTROL.$procmux$950_Y [2:0] } = 5'00000
    Consolidated identical input bits for $mux cell $flatten\mi_i2c_driver.\CONTROL.$procmux$954:
      Old ports: A=4'0100, B=4'1000, Y=$flatten\mi_i2c_driver.\CONTROL.$procmux$954_Y [3:0]
      New ports: A=2'01, B=2'10, Y=$flatten\mi_i2c_driver.\CONTROL.$procmux$954_Y [3:2]
      New connections: $flatten\mi_i2c_driver.\CONTROL.$procmux$954_Y [1:0] = 2'00
    Consolidated identical input bits for $mux cell $flatten\mi_i2c_driver.\CONTROL.$procmux$958:
      Old ports: A=3'010, B=3'100, Y=$flatten\mi_i2c_driver.\CONTROL.$procmux$958_Y [2:0]
      New ports: A=2'01, B=2'10, Y=$flatten\mi_i2c_driver.\CONTROL.$procmux$958_Y [2:1]
      New connections: $flatten\mi_i2c_driver.\CONTROL.$procmux$958_Y [0] = 1'0
    Consolidated identical input bits for $mux cell $flatten\mi_i2c_driver.\SHIFT.$procmux$785:
      Old ports: A={ \mi_i2c_driver.SHIFT.shift_reg [6:0] \mi_i2c_driver.sda_sync }, B={ \mi_i2c_driver.SHIFT.shift_reg [6:0] 1'0 }, Y=$flatten\mi_i2c_driver.\SHIFT.$procmux$785_Y
      New ports: A=\mi_i2c_driver.sda_sync, B=1'0, Y=$flatten\mi_i2c_driver.\SHIFT.$procmux$785_Y [0]
      New connections: $flatten\mi_i2c_driver.\SHIFT.$procmux$785_Y [7:1] = \mi_i2c_driver.SHIFT.shift_reg [6:0]
    Consolidated identical input bits for $mux cell $flatten\mi_pantalla.$ternary$Pantalla_I2C.v:48$231:
      Old ports: A=4'0010, B={ 3'000 $auto$wreduce.cc:461:run$1499 [0] }, Y=$flatten\mi_pantalla.$ternary$Pantalla_I2C.v:48$231_Y
      New ports: A=2'10, B={ 1'0 $auto$wreduce.cc:461:run$1499 [0] }, Y=$flatten\mi_pantalla.$ternary$Pantalla_I2C.v:48$231_Y [1:0]
      New connections: $flatten\mi_pantalla.$ternary$Pantalla_I2C.v:48$231_Y [3:2] = 2'00
    Consolidated identical input bits for $mux cell $flatten\mi_pantalla.\core_pantalla.\led_mem.\image_0_inst.$procmux$498:
      Old ports: A=24'000000000000000000000000, B=24'111111110000000011111111, Y=\mi_pantalla.core_pantalla.led_mem.RGB_IMG_0
      New ports: A=1'0, B=1'1, Y=\mi_pantalla.core_pantalla.led_mem.RGB_IMG_0 [0]
      New connections: \mi_pantalla.core_pantalla.led_mem.RGB_IMG_0 [23:1] = { \mi_pantalla.core_pantalla.led_mem.RGB_IMG_0 [0] \mi_pantalla.core_pantalla.led_mem.RGB_IMG_0 [0] \mi_pantalla.core_pantalla.led_mem.RGB_IMG_0 [0] \mi_pantalla.core_pantalla.led_mem.RGB_IMG_0 [0] \mi_pantalla.core_pantalla.led_mem.RGB_IMG_0 [0] \mi_pantalla.core_pantalla.led_mem.RGB_IMG_0 [0] \mi_pantalla.core_pantalla.led_mem.RGB_IMG_0 [0] \mi_pantalla.core_pantalla.led_mem.RGB_IMG_0 [0] 8'00000000 \mi_pantalla.core_pantalla.led_mem.RGB_IMG_0 [0] \mi_pantalla.core_pantalla.led_mem.RGB_IMG_0 [0] \mi_pantalla.core_pantalla.led_mem.RGB_IMG_0 [0] \mi_pantalla.core_pantalla.led_mem.RGB_IMG_0 [0] \mi_pantalla.core_pantalla.led_mem.RGB_IMG_0 [0] \mi_pantalla.core_pantalla.led_mem.RGB_IMG_0 [0] \mi_pantalla.core_pantalla.led_mem.RGB_IMG_0 [0] }
    Consolidated identical input bits for $mux cell $memory$flatten\mi_pantalla.\core_pantalla.\led_mem.\image_4_inst.$auto$proc_rom.cc:150:do_switch$352$rdmux[0][5][14]$2437:
      Old ports: A=8'11111111, B=8'00000000, Y=$memory$flatten\mi_pantalla.\core_pantalla.\led_mem.\image_4_inst.$auto$proc_rom.cc:150:do_switch$352$rdmux[0][4][7]$a$2369
      New ports: A=1'1, B=1'0, Y=$memory$flatten\mi_pantalla.\core_pantalla.\led_mem.\image_4_inst.$auto$proc_rom.cc:150:do_switch$352$rdmux[0][4][7]$a$2369 [0]
      New connections: $memory$flatten\mi_pantalla.\core_pantalla.\led_mem.\image_4_inst.$auto$proc_rom.cc:150:do_switch$352$rdmux[0][4][7]$a$2369 [7:1] = { $memory$flatten\mi_pantalla.\core_pantalla.\led_mem.\image_4_inst.$auto$proc_rom.cc:150:do_switch$352$rdmux[0][4][7]$a$2369 [0] $memory$flatten\mi_pantalla.\core_pantalla.\led_mem.\image_4_inst.$auto$proc_rom.cc:150:do_switch$352$rdmux[0][4][7]$a$2369 [0] $memory$flatten\mi_pantalla.\core_pantalla.\led_mem.\image_4_inst.$auto$proc_rom.cc:150:do_switch$352$rdmux[0][4][7]$a$2369 [0] $memory$flatten\mi_pantalla.\core_pantalla.\led_mem.\image_4_inst.$auto$proc_rom.cc:150:do_switch$352$rdmux[0][4][7]$a$2369 [0] $memory$flatten\mi_pantalla.\core_pantalla.\led_mem.\image_4_inst.$auto$proc_rom.cc:150:do_switch$352$rdmux[0][4][7]$a$2369 [0] $memory$flatten\mi_pantalla.\core_pantalla.\led_mem.\image_4_inst.$auto$proc_rom.cc:150:do_switch$352$rdmux[0][4][7]$a$2369 [0] $memory$flatten\mi_pantalla.\core_pantalla.\led_mem.\image_4_inst.$auto$proc_rom.cc:150:do_switch$352$rdmux[0][4][7]$a$2369 [0] }
    Consolidated identical input bits for $mux cell $flatten\mi_pantalla.\core_pantalla.\led_mem.\image_1_inst.$procmux$501:
      Old ports: A=24'000000000000000000000000, B={ $flatten\mi_pantalla.\core_pantalla.\led_mem.\image_1_inst.$auto$proc_rom.cc:149:do_switch$339 [23:22] 3'000 $flatten\mi_pantalla.\core_pantalla.\led_mem.\image_1_inst.$auto$proc_rom.cc:149:do_switch$339 [18:16] 1'0 $flatten\mi_pantalla.\core_pantalla.\led_mem.\image_1_inst.$auto$proc_rom.cc:149:do_switch$339 [14] 1'0 $flatten\mi_pantalla.\core_pantalla.\led_mem.\image_1_inst.$auto$proc_rom.cc:149:do_switch$339 [12] 12'000000000000 }, Y=\mi_pantalla.core_pantalla.led_mem.RGB_IMG_1
      New ports: A=7'0000000, B={ $flatten\mi_pantalla.\core_pantalla.\led_mem.\image_1_inst.$auto$proc_rom.cc:149:do_switch$339 [23:22] $flatten\mi_pantalla.\core_pantalla.\led_mem.\image_1_inst.$auto$proc_rom.cc:149:do_switch$339 [18:16] $flatten\mi_pantalla.\core_pantalla.\led_mem.\image_1_inst.$auto$proc_rom.cc:149:do_switch$339 [14] $flatten\mi_pantalla.\core_pantalla.\led_mem.\image_1_inst.$auto$proc_rom.cc:149:do_switch$339 [12] }, Y={ \mi_pantalla.core_pantalla.led_mem.RGB_IMG_1 [23:22] \mi_pantalla.core_pantalla.led_mem.RGB_IMG_1 [18:16] \mi_pantalla.core_pantalla.led_mem.RGB_IMG_1 [14] \mi_pantalla.core_pantalla.led_mem.RGB_IMG_1 [12] }
      New connections: { \mi_pantalla.core_pantalla.led_mem.RGB_IMG_1 [21:19] \mi_pantalla.core_pantalla.led_mem.RGB_IMG_1 [15] \mi_pantalla.core_pantalla.led_mem.RGB_IMG_1 [13] \mi_pantalla.core_pantalla.led_mem.RGB_IMG_1 [11:0] } = 17'00000000000000000
    Consolidated identical input bits for $mux cell $flatten\mi_pantalla.\core_pantalla.\led_mem.\image_2_inst.$procmux$504:
      Old ports: A=24'000000000000000000000000, B={ $flatten\mi_pantalla.\core_pantalla.\led_mem.\image_2_inst.$auto$proc_rom.cc:149:do_switch$343 [23] 7'0000000 $flatten\mi_pantalla.\core_pantalla.\led_mem.\image_2_inst.$auto$proc_rom.cc:149:do_switch$343 [15:8] 8'00000000 }, Y=\mi_pantalla.core_pantalla.led_mem.RGB_IMG_2
      New ports: A=9'000000000, B={ $flatten\mi_pantalla.\core_pantalla.\led_mem.\image_2_inst.$auto$proc_rom.cc:149:do_switch$343 [23] $flatten\mi_pantalla.\core_pantalla.\led_mem.\image_2_inst.$auto$proc_rom.cc:149:do_switch$343 [15:8] }, Y={ \mi_pantalla.core_pantalla.led_mem.RGB_IMG_2 [23] \mi_pantalla.core_pantalla.led_mem.RGB_IMG_2 [15:8] }
      New connections: { \mi_pantalla.core_pantalla.led_mem.RGB_IMG_2 [22:16] \mi_pantalla.core_pantalla.led_mem.RGB_IMG_2 [7:0] } = 15'000000000000000
    Consolidated identical input bits for $mux cell $memory$flatten\mi_pantalla.\core_pantalla.\led_mem.\image_4_inst.$auto$proc_rom.cc:150:do_switch$352$rdmux[0][5][7]$2416:
      Old ports: A=8'11111111, B=8'00000000, Y=$memory$flatten\mi_pantalla.\core_pantalla.\led_mem.\image_4_inst.$auto$proc_rom.cc:150:do_switch$352$rdmux[0][4][3]$b$2358
      New ports: A=1'1, B=1'0, Y=$memory$flatten\mi_pantalla.\core_pantalla.\led_mem.\image_4_inst.$auto$proc_rom.cc:150:do_switch$352$rdmux[0][4][3]$b$2358 [0]
      New connections: $memory$flatten\mi_pantalla.\core_pantalla.\led_mem.\image_4_inst.$auto$proc_rom.cc:150:do_switch$352$rdmux[0][4][3]$b$2358 [7:1] = { $memory$flatten\mi_pantalla.\core_pantalla.\led_mem.\image_4_inst.$auto$proc_rom.cc:150:do_switch$352$rdmux[0][4][3]$b$2358 [0] $memory$flatten\mi_pantalla.\core_pantalla.\led_mem.\image_4_inst.$auto$proc_rom.cc:150:do_switch$352$rdmux[0][4][3]$b$2358 [0] $memory$flatten\mi_pantalla.\core_pantalla.\led_mem.\image_4_inst.$auto$proc_rom.cc:150:do_switch$352$rdmux[0][4][3]$b$2358 [0] $memory$flatten\mi_pantalla.\core_pantalla.\led_mem.\image_4_inst.$auto$proc_rom.cc:150:do_switch$352$rdmux[0][4][3]$b$2358 [0] $memory$flatten\mi_pantalla.\core_pantalla.\led_mem.\image_4_inst.$auto$proc_rom.cc:150:do_switch$352$rdmux[0][4][3]$b$2358 [0] $memory$flatten\mi_pantalla.\core_pantalla.\led_mem.\image_4_inst.$auto$proc_rom.cc:150:do_switch$352$rdmux[0][4][3]$b$2358 [0] $memory$flatten\mi_pantalla.\core_pantalla.\led_mem.\image_4_inst.$auto$proc_rom.cc:150:do_switch$352$rdmux[0][4][3]$b$2358 [0] }
    Consolidated identical input bits for $mux cell $flatten\mi_pantalla.\core_pantalla.\led_mem.\image_3_inst.$procmux$507:
      Old ports: A=24'000000000000000000000000, B={ 8'00000000 $flatten\mi_pantalla.\core_pantalla.\led_mem.\image_3_inst.$auto$proc_rom.cc:149:do_switch$347 [15:8] 8'00000000 }, Y=\mi_pantalla.core_pantalla.led_mem.RGB_IMG_3
      New ports: A=8'00000000, B=$flatten\mi_pantalla.\core_pantalla.\led_mem.\image_3_inst.$auto$proc_rom.cc:149:do_switch$347 [15:8], Y=\mi_pantalla.core_pantalla.led_mem.RGB_IMG_3 [15:8]
      New connections: { \mi_pantalla.core_pantalla.led_mem.RGB_IMG_3 [23:16] \mi_pantalla.core_pantalla.led_mem.RGB_IMG_3 [7:0] } = 16'0000000000000000
    Consolidated identical input bits for $mux cell $memory$flatten\mi_pantalla.\core_pantalla.\led_mem.\image_4_inst.$auto$proc_rom.cc:150:do_switch$352$rdmux[0][5][31]$2488:
      Old ports: A=8'00000000, B=8'11111111, Y=$memory$flatten\mi_pantalla.\core_pantalla.\led_mem.\image_4_inst.$auto$proc_rom.cc:150:do_switch$352$rdmux[0][4][15]$b$2394
      New ports: A=1'0, B=1'1, Y=$memory$flatten\mi_pantalla.\core_pantalla.\led_mem.\image_4_inst.$auto$proc_rom.cc:150:do_switch$352$rdmux[0][4][15]$b$2394 [0]
      New connections: $memory$flatten\mi_pantalla.\core_pantalla.\led_mem.\image_4_inst.$auto$proc_rom.cc:150:do_switch$352$rdmux[0][4][15]$b$2394 [7:1] = { $memory$flatten\mi_pantalla.\core_pantalla.\led_mem.\image_4_inst.$auto$proc_rom.cc:150:do_switch$352$rdmux[0][4][15]$b$2394 [0] $memory$flatten\mi_pantalla.\core_pantalla.\led_mem.\image_4_inst.$auto$proc_rom.cc:150:do_switch$352$rdmux[0][4][15]$b$2394 [0] $memory$flatten\mi_pantalla.\core_pantalla.\led_mem.\image_4_inst.$auto$proc_rom.cc:150:do_switch$352$rdmux[0][4][15]$b$2394 [0] $memory$flatten\mi_pantalla.\core_pantalla.\led_mem.\image_4_inst.$auto$proc_rom.cc:150:do_switch$352$rdmux[0][4][15]$b$2394 [0] $memory$flatten\mi_pantalla.\core_pantalla.\led_mem.\image_4_inst.$auto$proc_rom.cc:150:do_switch$352$rdmux[0][4][15]$b$2394 [0] $memory$flatten\mi_pantalla.\core_pantalla.\led_mem.\image_4_inst.$auto$proc_rom.cc:150:do_switch$352$rdmux[0][4][15]$b$2394 [0] $memory$flatten\mi_pantalla.\core_pantalla.\led_mem.\image_4_inst.$auto$proc_rom.cc:150:do_switch$352$rdmux[0][4][15]$b$2394 [0] }
    Consolidated identical input bits for $mux cell $flatten\mi_pantalla.\core_pantalla.\led_mem.\image_4_inst.$procmux$510:
      Old ports: A=24'000000000000000000000000, B={ 8'00000000 $flatten\mi_pantalla.\core_pantalla.\led_mem.\image_4_inst.$auto$proc_rom.cc:149:do_switch$351 [15:8] 8'00000000 }, Y=\mi_pantalla.core_pantalla.led_mem.RGB_IMG_4
      New ports: A=8'00000000, B=$flatten\mi_pantalla.\core_pantalla.\led_mem.\image_4_inst.$auto$proc_rom.cc:149:do_switch$351 [15:8], Y=\mi_pantalla.core_pantalla.led_mem.RGB_IMG_4 [15:8]
      New connections: { \mi_pantalla.core_pantalla.led_mem.RGB_IMG_4 [23:16] \mi_pantalla.core_pantalla.led_mem.RGB_IMG_4 [7:0] } = 16'0000000000000000
    Consolidated identical input bits for $mux cell $flatten\mi_pantalla.\core_pantalla.\ws2812_led_inst.\control0.$procmux$606:
      Old ports: A=2'00, B={ 1'0 \mi_pantalla.core_pantalla.ws2812_led_inst.lsr_rgb0.RGB_reg [23] }, Y=\mi_pantalla.core_pantalla.ws2812_led_inst.timer0.control_timer.SEL
      New ports: A=1'0, B=\mi_pantalla.core_pantalla.ws2812_led_inst.lsr_rgb0.RGB_reg [23], Y=\mi_pantalla.core_pantalla.ws2812_led_inst.timer0.control_timer.SEL [0]
      New connections: \mi_pantalla.core_pantalla.ws2812_led_inst.timer0.control_timer.SEL [1] = 1'0
    Consolidated identical input bits for $pmux cell $flatten\mi_pantalla.\core_pantalla.\ws2812_led_inst.\timer0.\mux_timer.$procmux$492:
      Old ports: A=11'00000001010, B=33'000000101001001110001000000011111, Y=\mi_pantalla.core_pantalla.ws2812_led_inst.timer0.comparador_timer.mux_out
      New ports: A=5'01010, B=15'001001001001111, Y={ \mi_pantalla.core_pantalla.ws2812_led_inst.timer0.comparador_timer.mux_out [5] \mi_pantalla.core_pantalla.ws2812_led_inst.timer0.comparador_timer.mux_out [3:0] }
      New connections: { \mi_pantalla.core_pantalla.ws2812_led_inst.timer0.comparador_timer.mux_out [10:6] \mi_pantalla.core_pantalla.ws2812_led_inst.timer0.comparador_timer.mux_out [4] } = { \mi_pantalla.core_pantalla.ws2812_led_inst.timer0.comparador_timer.mux_out [5] 2'00 \mi_pantalla.core_pantalla.ws2812_led_inst.timer0.comparador_timer.mux_out [5] \mi_pantalla.core_pantalla.ws2812_led_inst.timer0.comparador_timer.mux_out [5] \mi_pantalla.core_pantalla.ws2812_led_inst.timer0.comparador_timer.mux_out [2] }
  Optimizing cells in module \TOP_PROYECTO.
    Consolidated identical input bits for $mux cell $memory$flatten\mi_pantalla.\core_pantalla.\led_mem.\image_3_inst.$auto$proc_rom.cc:150:do_switch$348$rdmux[0][4][1]$2161:
      Old ports: A=8'00000000, B=$memory$flatten\mi_pantalla.\core_pantalla.\led_mem.\image_3_inst.$auto$proc_rom.cc:150:do_switch$348$rdmux[0][4][1]$b$2163, Y=$memory$flatten\mi_pantalla.\core_pantalla.\led_mem.\image_3_inst.$auto$proc_rom.cc:150:do_switch$348$rdmux[0][3][0]$b$2136
      New ports: A=1'0, B=$memory$flatten\mi_pantalla.\core_pantalla.\led_mem.\image_3_inst.$auto$proc_rom.cc:150:do_switch$348$rdmux[0][4][1]$b$2163 [0], Y=$memory$flatten\mi_pantalla.\core_pantalla.\led_mem.\image_3_inst.$auto$proc_rom.cc:150:do_switch$348$rdmux[0][3][0]$b$2136 [0]
      New connections: $memory$flatten\mi_pantalla.\core_pantalla.\led_mem.\image_3_inst.$auto$proc_rom.cc:150:do_switch$348$rdmux[0][3][0]$b$2136 [7:1] = { $memory$flatten\mi_pantalla.\core_pantalla.\led_mem.\image_3_inst.$auto$proc_rom.cc:150:do_switch$348$rdmux[0][3][0]$b$2136 [0] $memory$flatten\mi_pantalla.\core_pantalla.\led_mem.\image_3_inst.$auto$proc_rom.cc:150:do_switch$348$rdmux[0][3][0]$b$2136 [0] $memory$flatten\mi_pantalla.\core_pantalla.\led_mem.\image_3_inst.$auto$proc_rom.cc:150:do_switch$348$rdmux[0][3][0]$b$2136 [0] $memory$flatten\mi_pantalla.\core_pantalla.\led_mem.\image_3_inst.$auto$proc_rom.cc:150:do_switch$348$rdmux[0][3][0]$b$2136 [0] $memory$flatten\mi_pantalla.\core_pantalla.\led_mem.\image_3_inst.$auto$proc_rom.cc:150:do_switch$348$rdmux[0][3][0]$b$2136 [0] $memory$flatten\mi_pantalla.\core_pantalla.\led_mem.\image_3_inst.$auto$proc_rom.cc:150:do_switch$348$rdmux[0][3][0]$b$2136 [0] $memory$flatten\mi_pantalla.\core_pantalla.\led_mem.\image_3_inst.$auto$proc_rom.cc:150:do_switch$348$rdmux[0][3][0]$b$2136 [0] }
    Consolidated identical input bits for $mux cell $memory$flatten\mi_pantalla.\core_pantalla.\led_mem.\image_3_inst.$auto$proc_rom.cc:150:do_switch$348$rdmux[0][4][0]$2158:
      Old ports: A=$memory$flatten\mi_pantalla.\core_pantalla.\led_mem.\image_3_inst.$auto$proc_rom.cc:150:do_switch$348$rdmux[0][4][0]$a$2159, B=8'00000000, Y=$memory$flatten\mi_pantalla.\core_pantalla.\led_mem.\image_3_inst.$auto$proc_rom.cc:150:do_switch$348$rdmux[0][3][0]$a$2135
      New ports: A=$memory$flatten\mi_pantalla.\core_pantalla.\led_mem.\image_3_inst.$auto$proc_rom.cc:150:do_switch$348$rdmux[0][4][0]$a$2159 [0], B=1'0, Y=$memory$flatten\mi_pantalla.\core_pantalla.\led_mem.\image_3_inst.$auto$proc_rom.cc:150:do_switch$348$rdmux[0][3][0]$a$2135 [0]
      New connections: $memory$flatten\mi_pantalla.\core_pantalla.\led_mem.\image_3_inst.$auto$proc_rom.cc:150:do_switch$348$rdmux[0][3][0]$a$2135 [7:1] = { $memory$flatten\mi_pantalla.\core_pantalla.\led_mem.\image_3_inst.$auto$proc_rom.cc:150:do_switch$348$rdmux[0][3][0]$a$2135 [0] $memory$flatten\mi_pantalla.\core_pantalla.\led_mem.\image_3_inst.$auto$proc_rom.cc:150:do_switch$348$rdmux[0][3][0]$a$2135 [0] $memory$flatten\mi_pantalla.\core_pantalla.\led_mem.\image_3_inst.$auto$proc_rom.cc:150:do_switch$348$rdmux[0][3][0]$a$2135 [0] $memory$flatten\mi_pantalla.\core_pantalla.\led_mem.\image_3_inst.$auto$proc_rom.cc:150:do_switch$348$rdmux[0][3][0]$a$2135 [0] $memory$flatten\mi_pantalla.\core_pantalla.\led_mem.\image_3_inst.$auto$proc_rom.cc:150:do_switch$348$rdmux[0][3][0]$a$2135 [0] $memory$flatten\mi_pantalla.\core_pantalla.\led_mem.\image_3_inst.$auto$proc_rom.cc:150:do_switch$348$rdmux[0][3][0]$a$2135 [0] $memory$flatten\mi_pantalla.\core_pantalla.\led_mem.\image_3_inst.$auto$proc_rom.cc:150:do_switch$348$rdmux[0][3][0]$a$2135 [0] }
    Consolidated identical input bits for $mux cell $memory$flatten\mi_pantalla.\core_pantalla.\led_mem.\image_3_inst.$auto$proc_rom.cc:150:do_switch$348$rdmux[0][4][12]$2194:
      Old ports: A=$memory$flatten\mi_pantalla.\core_pantalla.\led_mem.\image_3_inst.$auto$proc_rom.cc:150:do_switch$348$rdmux[0][4][12]$a$2195, B=$memory$flatten\mi_pantalla.\core_pantalla.\led_mem.\image_3_inst.$auto$proc_rom.cc:150:do_switch$348$rdmux[0][4][12]$b$2196, Y=$memory$flatten\mi_pantalla.\core_pantalla.\led_mem.\image_3_inst.$auto$proc_rom.cc:150:do_switch$348$rdmux[0][3][6]$a$2153
      New ports: A=$memory$flatten\mi_pantalla.\core_pantalla.\led_mem.\image_3_inst.$auto$proc_rom.cc:150:do_switch$348$rdmux[0][4][12]$a$2195 [0], B=$memory$flatten\mi_pantalla.\core_pantalla.\led_mem.\image_3_inst.$auto$proc_rom.cc:150:do_switch$348$rdmux[0][4][12]$b$2196 [0], Y=$memory$flatten\mi_pantalla.\core_pantalla.\led_mem.\image_3_inst.$auto$proc_rom.cc:150:do_switch$348$rdmux[0][3][6]$a$2153 [0]
      New connections: $memory$flatten\mi_pantalla.\core_pantalla.\led_mem.\image_3_inst.$auto$proc_rom.cc:150:do_switch$348$rdmux[0][3][6]$a$2153 [7:1] = { $memory$flatten\mi_pantalla.\core_pantalla.\led_mem.\image_3_inst.$auto$proc_rom.cc:150:do_switch$348$rdmux[0][3][6]$a$2153 [0] $memory$flatten\mi_pantalla.\core_pantalla.\led_mem.\image_3_inst.$auto$proc_rom.cc:150:do_switch$348$rdmux[0][3][6]$a$2153 [0] $memory$flatten\mi_pantalla.\core_pantalla.\led_mem.\image_3_inst.$auto$proc_rom.cc:150:do_switch$348$rdmux[0][3][6]$a$2153 [0] $memory$flatten\mi_pantalla.\core_pantalla.\led_mem.\image_3_inst.$auto$proc_rom.cc:150:do_switch$348$rdmux[0][3][6]$a$2153 [0] $memory$flatten\mi_pantalla.\core_pantalla.\led_mem.\image_3_inst.$auto$proc_rom.cc:150:do_switch$348$rdmux[0][3][6]$a$2153 [0] $memory$flatten\mi_pantalla.\core_pantalla.\led_mem.\image_3_inst.$auto$proc_rom.cc:150:do_switch$348$rdmux[0][3][6]$a$2153 [0] $memory$flatten\mi_pantalla.\core_pantalla.\led_mem.\image_3_inst.$auto$proc_rom.cc:150:do_switch$348$rdmux[0][3][6]$a$2153 [0] }
    Consolidated identical input bits for $mux cell $memory$flatten\mi_pantalla.\core_pantalla.\led_mem.\image_3_inst.$auto$proc_rom.cc:150:do_switch$348$rdmux[0][4][11]$2191:
      Old ports: A=$memory$flatten\mi_pantalla.\core_pantalla.\led_mem.\image_3_inst.$auto$proc_rom.cc:150:do_switch$348$rdmux[0][4][11]$a$2192, B=$memory$flatten\mi_pantalla.\core_pantalla.\led_mem.\image_3_inst.$auto$proc_rom.cc:150:do_switch$348$rdmux[0][4][11]$b$2193, Y=$memory$flatten\mi_pantalla.\core_pantalla.\led_mem.\image_3_inst.$auto$proc_rom.cc:150:do_switch$348$rdmux[0][3][5]$b$2151
      New ports: A=$memory$flatten\mi_pantalla.\core_pantalla.\led_mem.\image_3_inst.$auto$proc_rom.cc:150:do_switch$348$rdmux[0][4][11]$a$2192 [0], B=$memory$flatten\mi_pantalla.\core_pantalla.\led_mem.\image_3_inst.$auto$proc_rom.cc:150:do_switch$348$rdmux[0][4][11]$b$2193 [0], Y=$memory$flatten\mi_pantalla.\core_pantalla.\led_mem.\image_3_inst.$auto$proc_rom.cc:150:do_switch$348$rdmux[0][3][5]$b$2151 [0]
      New connections: $memory$flatten\mi_pantalla.\core_pantalla.\led_mem.\image_3_inst.$auto$proc_rom.cc:150:do_switch$348$rdmux[0][3][5]$b$2151 [7:1] = { $memory$flatten\mi_pantalla.\core_pantalla.\led_mem.\image_3_inst.$auto$proc_rom.cc:150:do_switch$348$rdmux[0][3][5]$b$2151 [0] $memory$flatten\mi_pantalla.\core_pantalla.\led_mem.\image_3_inst.$auto$proc_rom.cc:150:do_switch$348$rdmux[0][3][5]$b$2151 [0] $memory$flatten\mi_pantalla.\core_pantalla.\led_mem.\image_3_inst.$auto$proc_rom.cc:150:do_switch$348$rdmux[0][3][5]$b$2151 [0] $memory$flatten\mi_pantalla.\core_pantalla.\led_mem.\image_3_inst.$auto$proc_rom.cc:150:do_switch$348$rdmux[0][3][5]$b$2151 [0] $memory$flatten\mi_pantalla.\core_pantalla.\led_mem.\image_3_inst.$auto$proc_rom.cc:150:do_switch$348$rdmux[0][3][5]$b$2151 [0] $memory$flatten\mi_pantalla.\core_pantalla.\led_mem.\image_3_inst.$auto$proc_rom.cc:150:do_switch$348$rdmux[0][3][5]$b$2151 [0] $memory$flatten\mi_pantalla.\core_pantalla.\led_mem.\image_3_inst.$auto$proc_rom.cc:150:do_switch$348$rdmux[0][3][5]$b$2151 [0] }
    Consolidated identical input bits for $mux cell $memory$flatten\mi_pantalla.\core_pantalla.\led_mem.\image_3_inst.$auto$proc_rom.cc:150:do_switch$348$rdmux[0][3][1]$2137:
      Old ports: A=$memory$flatten\mi_pantalla.\core_pantalla.\led_mem.\image_3_inst.$auto$proc_rom.cc:150:do_switch$348$rdmux[0][3][1]$a$2138, B=$memory$flatten\mi_pantalla.\core_pantalla.\led_mem.\image_3_inst.$auto$proc_rom.cc:150:do_switch$348$rdmux[0][3][1]$b$2139, Y=$memory$flatten\mi_pantalla.\core_pantalla.\led_mem.\image_3_inst.$auto$proc_rom.cc:150:do_switch$348$rdmux[0][2][0]$b$2124
      New ports: A=$memory$flatten\mi_pantalla.\core_pantalla.\led_mem.\image_3_inst.$auto$proc_rom.cc:150:do_switch$348$rdmux[0][3][1]$a$2138 [0], B=$memory$flatten\mi_pantalla.\core_pantalla.\led_mem.\image_3_inst.$auto$proc_rom.cc:150:do_switch$348$rdmux[0][3][1]$b$2139 [0], Y=$memory$flatten\mi_pantalla.\core_pantalla.\led_mem.\image_3_inst.$auto$proc_rom.cc:150:do_switch$348$rdmux[0][2][0]$b$2124 [0]
      New connections: $memory$flatten\mi_pantalla.\core_pantalla.\led_mem.\image_3_inst.$auto$proc_rom.cc:150:do_switch$348$rdmux[0][2][0]$b$2124 [7:1] = { $memory$flatten\mi_pantalla.\core_pantalla.\led_mem.\image_3_inst.$auto$proc_rom.cc:150:do_switch$348$rdmux[0][2][0]$b$2124 [0] $memory$flatten\mi_pantalla.\core_pantalla.\led_mem.\image_3_inst.$auto$proc_rom.cc:150:do_switch$348$rdmux[0][2][0]$b$2124 [0] $memory$flatten\mi_pantalla.\core_pantalla.\led_mem.\image_3_inst.$auto$proc_rom.cc:150:do_switch$348$rdmux[0][2][0]$b$2124 [0] $memory$flatten\mi_pantalla.\core_pantalla.\led_mem.\image_3_inst.$auto$proc_rom.cc:150:do_switch$348$rdmux[0][2][0]$b$2124 [0] $memory$flatten\mi_pantalla.\core_pantalla.\led_mem.\image_3_inst.$auto$proc_rom.cc:150:do_switch$348$rdmux[0][2][0]$b$2124 [0] $memory$flatten\mi_pantalla.\core_pantalla.\led_mem.\image_3_inst.$auto$proc_rom.cc:150:do_switch$348$rdmux[0][2][0]$b$2124 [0] $memory$flatten\mi_pantalla.\core_pantalla.\led_mem.\image_3_inst.$auto$proc_rom.cc:150:do_switch$348$rdmux[0][2][0]$b$2124 [0] }
    Consolidated identical input bits for $mux cell $memory$flatten\mi_pantalla.\core_pantalla.\led_mem.\image_3_inst.$auto$proc_rom.cc:150:do_switch$348$rdmux[0][4][10]$2188:
      Old ports: A=$memory$flatten\mi_pantalla.\core_pantalla.\led_mem.\image_3_inst.$auto$proc_rom.cc:150:do_switch$348$rdmux[0][4][10]$a$2189, B=$memory$flatten\mi_pantalla.\core_pantalla.\led_mem.\image_3_inst.$auto$proc_rom.cc:150:do_switch$348$rdmux[0][4][10]$b$2190, Y=$memory$flatten\mi_pantalla.\core_pantalla.\led_mem.\image_3_inst.$auto$proc_rom.cc:150:do_switch$348$rdmux[0][3][5]$a$2150
      New ports: A=$memory$flatten\mi_pantalla.\core_pantalla.\led_mem.\image_3_inst.$auto$proc_rom.cc:150:do_switch$348$rdmux[0][4][10]$a$2189 [0], B=$memory$flatten\mi_pantalla.\core_pantalla.\led_mem.\image_3_inst.$auto$proc_rom.cc:150:do_switch$348$rdmux[0][4][10]$b$2190 [0], Y=$memory$flatten\mi_pantalla.\core_pantalla.\led_mem.\image_3_inst.$auto$proc_rom.cc:150:do_switch$348$rdmux[0][3][5]$a$2150 [0]
      New connections: $memory$flatten\mi_pantalla.\core_pantalla.\led_mem.\image_3_inst.$auto$proc_rom.cc:150:do_switch$348$rdmux[0][3][5]$a$2150 [7:1] = { $memory$flatten\mi_pantalla.\core_pantalla.\led_mem.\image_3_inst.$auto$proc_rom.cc:150:do_switch$348$rdmux[0][3][5]$a$2150 [0] $memory$flatten\mi_pantalla.\core_pantalla.\led_mem.\image_3_inst.$auto$proc_rom.cc:150:do_switch$348$rdmux[0][3][5]$a$2150 [0] $memory$flatten\mi_pantalla.\core_pantalla.\led_mem.\image_3_inst.$auto$proc_rom.cc:150:do_switch$348$rdmux[0][3][5]$a$2150 [0] $memory$flatten\mi_pantalla.\core_pantalla.\led_mem.\image_3_inst.$auto$proc_rom.cc:150:do_switch$348$rdmux[0][3][5]$a$2150 [0] $memory$flatten\mi_pantalla.\core_pantalla.\led_mem.\image_3_inst.$auto$proc_rom.cc:150:do_switch$348$rdmux[0][3][5]$a$2150 [0] $memory$flatten\mi_pantalla.\core_pantalla.\led_mem.\image_3_inst.$auto$proc_rom.cc:150:do_switch$348$rdmux[0][3][5]$a$2150 [0] $memory$flatten\mi_pantalla.\core_pantalla.\led_mem.\image_3_inst.$auto$proc_rom.cc:150:do_switch$348$rdmux[0][3][5]$a$2150 [0] }
    Consolidated identical input bits for $mux cell $memory$flatten\mi_pantalla.\core_pantalla.\led_mem.\image_4_inst.$auto$proc_rom.cc:150:do_switch$352$rdmux[0][4][13]$2386:
      Old ports: A=8'00000000, B=$memory$flatten\mi_pantalla.\core_pantalla.\led_mem.\image_4_inst.$auto$proc_rom.cc:150:do_switch$352$rdmux[0][4][13]$b$2388, Y=$memory$flatten\mi_pantalla.\core_pantalla.\led_mem.\image_4_inst.$auto$proc_rom.cc:150:do_switch$352$rdmux[0][3][6]$b$2343
      New ports: A=1'0, B=$memory$flatten\mi_pantalla.\core_pantalla.\led_mem.\image_4_inst.$auto$proc_rom.cc:150:do_switch$352$rdmux[0][4][13]$b$2388 [0], Y=$memory$flatten\mi_pantalla.\core_pantalla.\led_mem.\image_4_inst.$auto$proc_rom.cc:150:do_switch$352$rdmux[0][3][6]$b$2343 [0]
      New connections: $memory$flatten\mi_pantalla.\core_pantalla.\led_mem.\image_4_inst.$auto$proc_rom.cc:150:do_switch$352$rdmux[0][3][6]$b$2343 [7:1] = { $memory$flatten\mi_pantalla.\core_pantalla.\led_mem.\image_4_inst.$auto$proc_rom.cc:150:do_switch$352$rdmux[0][3][6]$b$2343 [0] $memory$flatten\mi_pantalla.\core_pantalla.\led_mem.\image_4_inst.$auto$proc_rom.cc:150:do_switch$352$rdmux[0][3][6]$b$2343 [0] $memory$flatten\mi_pantalla.\core_pantalla.\led_mem.\image_4_inst.$auto$proc_rom.cc:150:do_switch$352$rdmux[0][3][6]$b$2343 [0] $memory$flatten\mi_pantalla.\core_pantalla.\led_mem.\image_4_inst.$auto$proc_rom.cc:150:do_switch$352$rdmux[0][3][6]$b$2343 [0] $memory$flatten\mi_pantalla.\core_pantalla.\led_mem.\image_4_inst.$auto$proc_rom.cc:150:do_switch$352$rdmux[0][3][6]$b$2343 [0] $memory$flatten\mi_pantalla.\core_pantalla.\led_mem.\image_4_inst.$auto$proc_rom.cc:150:do_switch$352$rdmux[0][3][6]$b$2343 [0] $memory$flatten\mi_pantalla.\core_pantalla.\led_mem.\image_4_inst.$auto$proc_rom.cc:150:do_switch$352$rdmux[0][3][6]$b$2343 [0] }
    Consolidated identical input bits for $mux cell $memory$flatten\mi_pantalla.\core_pantalla.\led_mem.\image_4_inst.$auto$proc_rom.cc:150:do_switch$352$rdmux[0][4][12]$2383:
      Old ports: A=$memory$flatten\mi_pantalla.\core_pantalla.\led_mem.\image_4_inst.$auto$proc_rom.cc:150:do_switch$352$rdmux[0][4][12]$a$2384, B=8'00000000, Y=$memory$flatten\mi_pantalla.\core_pantalla.\led_mem.\image_4_inst.$auto$proc_rom.cc:150:do_switch$352$rdmux[0][3][6]$a$2342
      New ports: A=$memory$flatten\mi_pantalla.\core_pantalla.\led_mem.\image_4_inst.$auto$proc_rom.cc:150:do_switch$352$rdmux[0][4][12]$a$2384 [0], B=1'0, Y=$memory$flatten\mi_pantalla.\core_pantalla.\led_mem.\image_4_inst.$auto$proc_rom.cc:150:do_switch$352$rdmux[0][3][6]$a$2342 [0]
      New connections: $memory$flatten\mi_pantalla.\core_pantalla.\led_mem.\image_4_inst.$auto$proc_rom.cc:150:do_switch$352$rdmux[0][3][6]$a$2342 [7:1] = { $memory$flatten\mi_pantalla.\core_pantalla.\led_mem.\image_4_inst.$auto$proc_rom.cc:150:do_switch$352$rdmux[0][3][6]$a$2342 [0] $memory$flatten\mi_pantalla.\core_pantalla.\led_mem.\image_4_inst.$auto$proc_rom.cc:150:do_switch$352$rdmux[0][3][6]$a$2342 [0] $memory$flatten\mi_pantalla.\core_pantalla.\led_mem.\image_4_inst.$auto$proc_rom.cc:150:do_switch$352$rdmux[0][3][6]$a$2342 [0] $memory$flatten\mi_pantalla.\core_pantalla.\led_mem.\image_4_inst.$auto$proc_rom.cc:150:do_switch$352$rdmux[0][3][6]$a$2342 [0] $memory$flatten\mi_pantalla.\core_pantalla.\led_mem.\image_4_inst.$auto$proc_rom.cc:150:do_switch$352$rdmux[0][3][6]$a$2342 [0] $memory$flatten\mi_pantalla.\core_pantalla.\led_mem.\image_4_inst.$auto$proc_rom.cc:150:do_switch$352$rdmux[0][3][6]$a$2342 [0] $memory$flatten\mi_pantalla.\core_pantalla.\led_mem.\image_4_inst.$auto$proc_rom.cc:150:do_switch$352$rdmux[0][3][6]$a$2342 [0] }
    Consolidated identical input bits for $mux cell $memory$flatten\mi_pantalla.\core_pantalla.\led_mem.\image_4_inst.$auto$proc_rom.cc:150:do_switch$352$rdmux[0][4][11]$2380:
      Old ports: A=$memory$flatten\mi_pantalla.\core_pantalla.\led_mem.\image_4_inst.$auto$proc_rom.cc:150:do_switch$352$rdmux[0][4][11]$a$2381, B=8'00000000, Y=$memory$flatten\mi_pantalla.\core_pantalla.\led_mem.\image_4_inst.$auto$proc_rom.cc:150:do_switch$352$rdmux[0][3][5]$b$2340
      New ports: A=$memory$flatten\mi_pantalla.\core_pantalla.\led_mem.\image_4_inst.$auto$proc_rom.cc:150:do_switch$352$rdmux[0][4][11]$a$2381 [0], B=1'0, Y=$memory$flatten\mi_pantalla.\core_pantalla.\led_mem.\image_4_inst.$auto$proc_rom.cc:150:do_switch$352$rdmux[0][3][5]$b$2340 [0]
      New connections: $memory$flatten\mi_pantalla.\core_pantalla.\led_mem.\image_4_inst.$auto$proc_rom.cc:150:do_switch$352$rdmux[0][3][5]$b$2340 [7:1] = { $memory$flatten\mi_pantalla.\core_pantalla.\led_mem.\image_4_inst.$auto$proc_rom.cc:150:do_switch$352$rdmux[0][3][5]$b$2340 [0] $memory$flatten\mi_pantalla.\core_pantalla.\led_mem.\image_4_inst.$auto$proc_rom.cc:150:do_switch$352$rdmux[0][3][5]$b$2340 [0] $memory$flatten\mi_pantalla.\core_pantalla.\led_mem.\image_4_inst.$auto$proc_rom.cc:150:do_switch$352$rdmux[0][3][5]$b$2340 [0] $memory$flatten\mi_pantalla.\core_pantalla.\led_mem.\image_4_inst.$auto$proc_rom.cc:150:do_switch$352$rdmux[0][3][5]$b$2340 [0] $memory$flatten\mi_pantalla.\core_pantalla.\led_mem.\image_4_inst.$auto$proc_rom.cc:150:do_switch$352$rdmux[0][3][5]$b$2340 [0] $memory$flatten\mi_pantalla.\core_pantalla.\led_mem.\image_4_inst.$auto$proc_rom.cc:150:do_switch$352$rdmux[0][3][5]$b$2340 [0] $memory$flatten\mi_pantalla.\core_pantalla.\led_mem.\image_4_inst.$auto$proc_rom.cc:150:do_switch$352$rdmux[0][3][5]$b$2340 [0] }
    Consolidated identical input bits for $mux cell $memory$flatten\mi_pantalla.\core_pantalla.\led_mem.\image_4_inst.$auto$proc_rom.cc:150:do_switch$352$rdmux[0][4][9]$2374:
      Old ports: A=$memory$flatten\mi_pantalla.\core_pantalla.\led_mem.\image_4_inst.$auto$proc_rom.cc:150:do_switch$352$rdmux[0][4][9]$a$2375, B=8'00000000, Y=$memory$flatten\mi_pantalla.\core_pantalla.\led_mem.\image_4_inst.$auto$proc_rom.cc:150:do_switch$352$rdmux[0][3][4]$b$2337
      New ports: A=$memory$flatten\mi_pantalla.\core_pantalla.\led_mem.\image_4_inst.$auto$proc_rom.cc:150:do_switch$352$rdmux[0][4][9]$a$2375 [0], B=1'0, Y=$memory$flatten\mi_pantalla.\core_pantalla.\led_mem.\image_4_inst.$auto$proc_rom.cc:150:do_switch$352$rdmux[0][3][4]$b$2337 [0]
      New connections: $memory$flatten\mi_pantalla.\core_pantalla.\led_mem.\image_4_inst.$auto$proc_rom.cc:150:do_switch$352$rdmux[0][3][4]$b$2337 [7:1] = { $memory$flatten\mi_pantalla.\core_pantalla.\led_mem.\image_4_inst.$auto$proc_rom.cc:150:do_switch$352$rdmux[0][3][4]$b$2337 [0] $memory$flatten\mi_pantalla.\core_pantalla.\led_mem.\image_4_inst.$auto$proc_rom.cc:150:do_switch$352$rdmux[0][3][4]$b$2337 [0] $memory$flatten\mi_pantalla.\core_pantalla.\led_mem.\image_4_inst.$auto$proc_rom.cc:150:do_switch$352$rdmux[0][3][4]$b$2337 [0] $memory$flatten\mi_pantalla.\core_pantalla.\led_mem.\image_4_inst.$auto$proc_rom.cc:150:do_switch$352$rdmux[0][3][4]$b$2337 [0] $memory$flatten\mi_pantalla.\core_pantalla.\led_mem.\image_4_inst.$auto$proc_rom.cc:150:do_switch$352$rdmux[0][3][4]$b$2337 [0] $memory$flatten\mi_pantalla.\core_pantalla.\led_mem.\image_4_inst.$auto$proc_rom.cc:150:do_switch$352$rdmux[0][3][4]$b$2337 [0] $memory$flatten\mi_pantalla.\core_pantalla.\led_mem.\image_4_inst.$auto$proc_rom.cc:150:do_switch$352$rdmux[0][3][4]$b$2337 [0] }
    Consolidated identical input bits for $mux cell $memory$flatten\mi_pantalla.\core_pantalla.\led_mem.\image_4_inst.$auto$proc_rom.cc:150:do_switch$352$rdmux[0][4][8]$2371:
      Old ports: A=8'00000000, B=$memory$flatten\mi_pantalla.\core_pantalla.\led_mem.\image_4_inst.$auto$proc_rom.cc:150:do_switch$352$rdmux[0][4][8]$b$2373, Y=$memory$flatten\mi_pantalla.\core_pantalla.\led_mem.\image_4_inst.$auto$proc_rom.cc:150:do_switch$352$rdmux[0][3][4]$a$2336
      New ports: A=1'0, B=$memory$flatten\mi_pantalla.\core_pantalla.\led_mem.\image_4_inst.$auto$proc_rom.cc:150:do_switch$352$rdmux[0][4][8]$b$2373 [0], Y=$memory$flatten\mi_pantalla.\core_pantalla.\led_mem.\image_4_inst.$auto$proc_rom.cc:150:do_switch$352$rdmux[0][3][4]$a$2336 [0]
      New connections: $memory$flatten\mi_pantalla.\core_pantalla.\led_mem.\image_4_inst.$auto$proc_rom.cc:150:do_switch$352$rdmux[0][3][4]$a$2336 [7:1] = { $memory$flatten\mi_pantalla.\core_pantalla.\led_mem.\image_4_inst.$auto$proc_rom.cc:150:do_switch$352$rdmux[0][3][4]$a$2336 [0] $memory$flatten\mi_pantalla.\core_pantalla.\led_mem.\image_4_inst.$auto$proc_rom.cc:150:do_switch$352$rdmux[0][3][4]$a$2336 [0] $memory$flatten\mi_pantalla.\core_pantalla.\led_mem.\image_4_inst.$auto$proc_rom.cc:150:do_switch$352$rdmux[0][3][4]$a$2336 [0] $memory$flatten\mi_pantalla.\core_pantalla.\led_mem.\image_4_inst.$auto$proc_rom.cc:150:do_switch$352$rdmux[0][3][4]$a$2336 [0] $memory$flatten\mi_pantalla.\core_pantalla.\led_mem.\image_4_inst.$auto$proc_rom.cc:150:do_switch$352$rdmux[0][3][4]$a$2336 [0] $memory$flatten\mi_pantalla.\core_pantalla.\led_mem.\image_4_inst.$auto$proc_rom.cc:150:do_switch$352$rdmux[0][3][4]$a$2336 [0] $memory$flatten\mi_pantalla.\core_pantalla.\led_mem.\image_4_inst.$auto$proc_rom.cc:150:do_switch$352$rdmux[0][3][4]$a$2336 [0] }
    Consolidated identical input bits for $mux cell $memory$flatten\mi_pantalla.\core_pantalla.\led_mem.\image_4_inst.$auto$proc_rom.cc:150:do_switch$352$rdmux[0][4][6]$2365:
      Old ports: A=8'00000000, B=$memory$flatten\mi_pantalla.\core_pantalla.\led_mem.\image_4_inst.$auto$proc_rom.cc:150:do_switch$352$rdmux[0][4][6]$b$2367, Y=$memory$flatten\mi_pantalla.\core_pantalla.\led_mem.\image_4_inst.$auto$proc_rom.cc:150:do_switch$352$rdmux[0][3][3]$a$2333
      New ports: A=1'0, B=$memory$flatten\mi_pantalla.\core_pantalla.\led_mem.\image_4_inst.$auto$proc_rom.cc:150:do_switch$352$rdmux[0][4][6]$b$2367 [0], Y=$memory$flatten\mi_pantalla.\core_pantalla.\led_mem.\image_4_inst.$auto$proc_rom.cc:150:do_switch$352$rdmux[0][3][3]$a$2333 [0]
      New connections: $memory$flatten\mi_pantalla.\core_pantalla.\led_mem.\image_4_inst.$auto$proc_rom.cc:150:do_switch$352$rdmux[0][3][3]$a$2333 [7:1] = { $memory$flatten\mi_pantalla.\core_pantalla.\led_mem.\image_4_inst.$auto$proc_rom.cc:150:do_switch$352$rdmux[0][3][3]$a$2333 [0] $memory$flatten\mi_pantalla.\core_pantalla.\led_mem.\image_4_inst.$auto$proc_rom.cc:150:do_switch$352$rdmux[0][3][3]$a$2333 [0] $memory$flatten\mi_pantalla.\core_pantalla.\led_mem.\image_4_inst.$auto$proc_rom.cc:150:do_switch$352$rdmux[0][3][3]$a$2333 [0] $memory$flatten\mi_pantalla.\core_pantalla.\led_mem.\image_4_inst.$auto$proc_rom.cc:150:do_switch$352$rdmux[0][3][3]$a$2333 [0] $memory$flatten\mi_pantalla.\core_pantalla.\led_mem.\image_4_inst.$auto$proc_rom.cc:150:do_switch$352$rdmux[0][3][3]$a$2333 [0] $memory$flatten\mi_pantalla.\core_pantalla.\led_mem.\image_4_inst.$auto$proc_rom.cc:150:do_switch$352$rdmux[0][3][3]$a$2333 [0] $memory$flatten\mi_pantalla.\core_pantalla.\led_mem.\image_4_inst.$auto$proc_rom.cc:150:do_switch$352$rdmux[0][3][3]$a$2333 [0] }
    Consolidated identical input bits for $mux cell $memory$flatten\mi_pantalla.\core_pantalla.\led_mem.\image_4_inst.$auto$proc_rom.cc:150:do_switch$352$rdmux[0][4][5]$2362:
      Old ports: A=$memory$flatten\mi_pantalla.\core_pantalla.\led_mem.\image_4_inst.$auto$proc_rom.cc:150:do_switch$352$rdmux[0][4][5]$a$2363, B=8'00000000, Y=$memory$flatten\mi_pantalla.\core_pantalla.\led_mem.\image_4_inst.$auto$proc_rom.cc:150:do_switch$352$rdmux[0][3][2]$b$2331
      New ports: A=$memory$flatten\mi_pantalla.\core_pantalla.\led_mem.\image_4_inst.$auto$proc_rom.cc:150:do_switch$352$rdmux[0][4][5]$a$2363 [0], B=1'0, Y=$memory$flatten\mi_pantalla.\core_pantalla.\led_mem.\image_4_inst.$auto$proc_rom.cc:150:do_switch$352$rdmux[0][3][2]$b$2331 [0]
      New connections: $memory$flatten\mi_pantalla.\core_pantalla.\led_mem.\image_4_inst.$auto$proc_rom.cc:150:do_switch$352$rdmux[0][3][2]$b$2331 [7:1] = { $memory$flatten\mi_pantalla.\core_pantalla.\led_mem.\image_4_inst.$auto$proc_rom.cc:150:do_switch$352$rdmux[0][3][2]$b$2331 [0] $memory$flatten\mi_pantalla.\core_pantalla.\led_mem.\image_4_inst.$auto$proc_rom.cc:150:do_switch$352$rdmux[0][3][2]$b$2331 [0] $memory$flatten\mi_pantalla.\core_pantalla.\led_mem.\image_4_inst.$auto$proc_rom.cc:150:do_switch$352$rdmux[0][3][2]$b$2331 [0] $memory$flatten\mi_pantalla.\core_pantalla.\led_mem.\image_4_inst.$auto$proc_rom.cc:150:do_switch$352$rdmux[0][3][2]$b$2331 [0] $memory$flatten\mi_pantalla.\core_pantalla.\led_mem.\image_4_inst.$auto$proc_rom.cc:150:do_switch$352$rdmux[0][3][2]$b$2331 [0] $memory$flatten\mi_pantalla.\core_pantalla.\led_mem.\image_4_inst.$auto$proc_rom.cc:150:do_switch$352$rdmux[0][3][2]$b$2331 [0] $memory$flatten\mi_pantalla.\core_pantalla.\led_mem.\image_4_inst.$auto$proc_rom.cc:150:do_switch$352$rdmux[0][3][2]$b$2331 [0] }
    Consolidated identical input bits for $mux cell $memory$flatten\mi_pantalla.\core_pantalla.\led_mem.\image_4_inst.$auto$proc_rom.cc:150:do_switch$352$rdmux[0][4][3]$2356:
      Old ports: A=8'00000000, B=$memory$flatten\mi_pantalla.\core_pantalla.\led_mem.\image_4_inst.$auto$proc_rom.cc:150:do_switch$352$rdmux[0][4][3]$b$2358, Y=$memory$flatten\mi_pantalla.\core_pantalla.\led_mem.\image_4_inst.$auto$proc_rom.cc:150:do_switch$352$rdmux[0][3][1]$b$2328
      New ports: A=1'0, B=$memory$flatten\mi_pantalla.\core_pantalla.\led_mem.\image_4_inst.$auto$proc_rom.cc:150:do_switch$352$rdmux[0][4][3]$b$2358 [0], Y=$memory$flatten\mi_pantalla.\core_pantalla.\led_mem.\image_4_inst.$auto$proc_rom.cc:150:do_switch$352$rdmux[0][3][1]$b$2328 [0]
      New connections: $memory$flatten\mi_pantalla.\core_pantalla.\led_mem.\image_4_inst.$auto$proc_rom.cc:150:do_switch$352$rdmux[0][3][1]$b$2328 [7:1] = { $memory$flatten\mi_pantalla.\core_pantalla.\led_mem.\image_4_inst.$auto$proc_rom.cc:150:do_switch$352$rdmux[0][3][1]$b$2328 [0] $memory$flatten\mi_pantalla.\core_pantalla.\led_mem.\image_4_inst.$auto$proc_rom.cc:150:do_switch$352$rdmux[0][3][1]$b$2328 [0] $memory$flatten\mi_pantalla.\core_pantalla.\led_mem.\image_4_inst.$auto$proc_rom.cc:150:do_switch$352$rdmux[0][3][1]$b$2328 [0] $memory$flatten\mi_pantalla.\core_pantalla.\led_mem.\image_4_inst.$auto$proc_rom.cc:150:do_switch$352$rdmux[0][3][1]$b$2328 [0] $memory$flatten\mi_pantalla.\core_pantalla.\led_mem.\image_4_inst.$auto$proc_rom.cc:150:do_switch$352$rdmux[0][3][1]$b$2328 [0] $memory$flatten\mi_pantalla.\core_pantalla.\led_mem.\image_4_inst.$auto$proc_rom.cc:150:do_switch$352$rdmux[0][3][1]$b$2328 [0] $memory$flatten\mi_pantalla.\core_pantalla.\led_mem.\image_4_inst.$auto$proc_rom.cc:150:do_switch$352$rdmux[0][3][1]$b$2328 [0] }
    Consolidated identical input bits for $mux cell $memory$flatten\mi_pantalla.\core_pantalla.\led_mem.\image_4_inst.$auto$proc_rom.cc:150:do_switch$352$rdmux[0][4][2]$2353:
      Old ports: A=$memory$flatten\mi_pantalla.\core_pantalla.\led_mem.\image_4_inst.$auto$proc_rom.cc:150:do_switch$352$rdmux[0][4][2]$a$2354, B=8'00000000, Y=$memory$flatten\mi_pantalla.\core_pantalla.\led_mem.\image_4_inst.$auto$proc_rom.cc:150:do_switch$352$rdmux[0][3][1]$a$2327
      New ports: A=$memory$flatten\mi_pantalla.\core_pantalla.\led_mem.\image_4_inst.$auto$proc_rom.cc:150:do_switch$352$rdmux[0][4][2]$a$2354 [0], B=1'0, Y=$memory$flatten\mi_pantalla.\core_pantalla.\led_mem.\image_4_inst.$auto$proc_rom.cc:150:do_switch$352$rdmux[0][3][1]$a$2327 [0]
      New connections: $memory$flatten\mi_pantalla.\core_pantalla.\led_mem.\image_4_inst.$auto$proc_rom.cc:150:do_switch$352$rdmux[0][3][1]$a$2327 [7:1] = { $memory$flatten\mi_pantalla.\core_pantalla.\led_mem.\image_4_inst.$auto$proc_rom.cc:150:do_switch$352$rdmux[0][3][1]$a$2327 [0] $memory$flatten\mi_pantalla.\core_pantalla.\led_mem.\image_4_inst.$auto$proc_rom.cc:150:do_switch$352$rdmux[0][3][1]$a$2327 [0] $memory$flatten\mi_pantalla.\core_pantalla.\led_mem.\image_4_inst.$auto$proc_rom.cc:150:do_switch$352$rdmux[0][3][1]$a$2327 [0] $memory$flatten\mi_pantalla.\core_pantalla.\led_mem.\image_4_inst.$auto$proc_rom.cc:150:do_switch$352$rdmux[0][3][1]$a$2327 [0] $memory$flatten\mi_pantalla.\core_pantalla.\led_mem.\image_4_inst.$auto$proc_rom.cc:150:do_switch$352$rdmux[0][3][1]$a$2327 [0] $memory$flatten\mi_pantalla.\core_pantalla.\led_mem.\image_4_inst.$auto$proc_rom.cc:150:do_switch$352$rdmux[0][3][1]$a$2327 [0] $memory$flatten\mi_pantalla.\core_pantalla.\led_mem.\image_4_inst.$auto$proc_rom.cc:150:do_switch$352$rdmux[0][3][1]$a$2327 [0] }
    Consolidated identical input bits for $mux cell $memory$flatten\mi_pantalla.\core_pantalla.\led_mem.\image_4_inst.$auto$proc_rom.cc:150:do_switch$352$rdmux[0][4][0]$2347:
      Old ports: A=$memory$flatten\mi_pantalla.\core_pantalla.\led_mem.\image_4_inst.$auto$proc_rom.cc:150:do_switch$352$rdmux[0][4][0]$a$2348, B=8'00000000, Y=$memory$flatten\mi_pantalla.\core_pantalla.\led_mem.\image_4_inst.$auto$proc_rom.cc:150:do_switch$352$rdmux[0][3][0]$a$2324
      New ports: A=$memory$flatten\mi_pantalla.\core_pantalla.\led_mem.\image_4_inst.$auto$proc_rom.cc:150:do_switch$352$rdmux[0][4][0]$a$2348 [0], B=1'0, Y=$memory$flatten\mi_pantalla.\core_pantalla.\led_mem.\image_4_inst.$auto$proc_rom.cc:150:do_switch$352$rdmux[0][3][0]$a$2324 [0]
      New connections: $memory$flatten\mi_pantalla.\core_pantalla.\led_mem.\image_4_inst.$auto$proc_rom.cc:150:do_switch$352$rdmux[0][3][0]$a$2324 [7:1] = { $memory$flatten\mi_pantalla.\core_pantalla.\led_mem.\image_4_inst.$auto$proc_rom.cc:150:do_switch$352$rdmux[0][3][0]$a$2324 [0] $memory$flatten\mi_pantalla.\core_pantalla.\led_mem.\image_4_inst.$auto$proc_rom.cc:150:do_switch$352$rdmux[0][3][0]$a$2324 [0] $memory$flatten\mi_pantalla.\core_pantalla.\led_mem.\image_4_inst.$auto$proc_rom.cc:150:do_switch$352$rdmux[0][3][0]$a$2324 [0] $memory$flatten\mi_pantalla.\core_pantalla.\led_mem.\image_4_inst.$auto$proc_rom.cc:150:do_switch$352$rdmux[0][3][0]$a$2324 [0] $memory$flatten\mi_pantalla.\core_pantalla.\led_mem.\image_4_inst.$auto$proc_rom.cc:150:do_switch$352$rdmux[0][3][0]$a$2324 [0] $memory$flatten\mi_pantalla.\core_pantalla.\led_mem.\image_4_inst.$auto$proc_rom.cc:150:do_switch$352$rdmux[0][3][0]$a$2324 [0] $memory$flatten\mi_pantalla.\core_pantalla.\led_mem.\image_4_inst.$auto$proc_rom.cc:150:do_switch$352$rdmux[0][3][0]$a$2324 [0] }
    Consolidated identical input bits for $mux cell $memory$flatten\mi_pantalla.\core_pantalla.\led_mem.\image_2_inst.$auto$proc_rom.cc:150:do_switch$344$rdmux[0][4][13]$2008:
      Old ports: A=$memory$flatten\mi_pantalla.\core_pantalla.\led_mem.\image_2_inst.$auto$proc_rom.cc:150:do_switch$344$rdmux[0][4][13]$a$2009, B=$memory$flatten\mi_pantalla.\core_pantalla.\led_mem.\image_2_inst.$auto$proc_rom.cc:150:do_switch$344$rdmux[0][4][13]$b$2010, Y=$memory$flatten\mi_pantalla.\core_pantalla.\led_mem.\image_2_inst.$auto$proc_rom.cc:150:do_switch$344$rdmux[0][3][6]$b$1965
      New ports: A=$memory$flatten\mi_pantalla.\core_pantalla.\led_mem.\image_2_inst.$auto$proc_rom.cc:150:do_switch$344$rdmux[0][4][13]$a$2009 [0], B=$memory$flatten\mi_pantalla.\core_pantalla.\led_mem.\image_2_inst.$auto$proc_rom.cc:150:do_switch$344$rdmux[0][4][13]$b$2010 [0], Y=$memory$flatten\mi_pantalla.\core_pantalla.\led_mem.\image_2_inst.$auto$proc_rom.cc:150:do_switch$344$rdmux[0][3][6]$b$1965 [0]
      New connections: $memory$flatten\mi_pantalla.\core_pantalla.\led_mem.\image_2_inst.$auto$proc_rom.cc:150:do_switch$344$rdmux[0][3][6]$b$1965 [8:1] = { $memory$flatten\mi_pantalla.\core_pantalla.\led_mem.\image_2_inst.$auto$proc_rom.cc:150:do_switch$344$rdmux[0][3][6]$b$1965 [0] $memory$flatten\mi_pantalla.\core_pantalla.\led_mem.\image_2_inst.$auto$proc_rom.cc:150:do_switch$344$rdmux[0][3][6]$b$1965 [0] $memory$flatten\mi_pantalla.\core_pantalla.\led_mem.\image_2_inst.$auto$proc_rom.cc:150:do_switch$344$rdmux[0][3][6]$b$1965 [0] $memory$flatten\mi_pantalla.\core_pantalla.\led_mem.\image_2_inst.$auto$proc_rom.cc:150:do_switch$344$rdmux[0][3][6]$b$1965 [0] $memory$flatten\mi_pantalla.\core_pantalla.\led_mem.\image_2_inst.$auto$proc_rom.cc:150:do_switch$344$rdmux[0][3][6]$b$1965 [0] $memory$flatten\mi_pantalla.\core_pantalla.\led_mem.\image_2_inst.$auto$proc_rom.cc:150:do_switch$344$rdmux[0][3][6]$b$1965 [0] $memory$flatten\mi_pantalla.\core_pantalla.\led_mem.\image_2_inst.$auto$proc_rom.cc:150:do_switch$344$rdmux[0][3][6]$b$1965 [0] $memory$flatten\mi_pantalla.\core_pantalla.\led_mem.\image_2_inst.$auto$proc_rom.cc:150:do_switch$344$rdmux[0][3][6]$b$1965 [0] }
    Consolidated identical input bits for $mux cell $memory$flatten\mi_pantalla.\core_pantalla.\led_mem.\image_2_inst.$auto$proc_rom.cc:150:do_switch$344$rdmux[0][4][12]$2005:
      Old ports: A=$memory$flatten\mi_pantalla.\core_pantalla.\led_mem.\image_2_inst.$auto$proc_rom.cc:150:do_switch$344$rdmux[0][4][12]$a$2006, B=$memory$flatten\mi_pantalla.\core_pantalla.\led_mem.\image_2_inst.$auto$proc_rom.cc:150:do_switch$344$rdmux[0][4][12]$b$2007, Y=$memory$flatten\mi_pantalla.\core_pantalla.\led_mem.\image_2_inst.$auto$proc_rom.cc:150:do_switch$344$rdmux[0][3][6]$a$1964
      New ports: A=$memory$flatten\mi_pantalla.\core_pantalla.\led_mem.\image_2_inst.$auto$proc_rom.cc:150:do_switch$344$rdmux[0][4][12]$a$2006 [0], B=$memory$flatten\mi_pantalla.\core_pantalla.\led_mem.\image_2_inst.$auto$proc_rom.cc:150:do_switch$344$rdmux[0][4][12]$b$2007 [0], Y=$memory$flatten\mi_pantalla.\core_pantalla.\led_mem.\image_2_inst.$auto$proc_rom.cc:150:do_switch$344$rdmux[0][3][6]$a$1964 [0]
      New connections: $memory$flatten\mi_pantalla.\core_pantalla.\led_mem.\image_2_inst.$auto$proc_rom.cc:150:do_switch$344$rdmux[0][3][6]$a$1964 [8:1] = { $memory$flatten\mi_pantalla.\core_pantalla.\led_mem.\image_2_inst.$auto$proc_rom.cc:150:do_switch$344$rdmux[0][3][6]$a$1964 [0] $memory$flatten\mi_pantalla.\core_pantalla.\led_mem.\image_2_inst.$auto$proc_rom.cc:150:do_switch$344$rdmux[0][3][6]$a$1964 [0] $memory$flatten\mi_pantalla.\core_pantalla.\led_mem.\image_2_inst.$auto$proc_rom.cc:150:do_switch$344$rdmux[0][3][6]$a$1964 [0] $memory$flatten\mi_pantalla.\core_pantalla.\led_mem.\image_2_inst.$auto$proc_rom.cc:150:do_switch$344$rdmux[0][3][6]$a$1964 [0] $memory$flatten\mi_pantalla.\core_pantalla.\led_mem.\image_2_inst.$auto$proc_rom.cc:150:do_switch$344$rdmux[0][3][6]$a$1964 [0] $memory$flatten\mi_pantalla.\core_pantalla.\led_mem.\image_2_inst.$auto$proc_rom.cc:150:do_switch$344$rdmux[0][3][6]$a$1964 [0] $memory$flatten\mi_pantalla.\core_pantalla.\led_mem.\image_2_inst.$auto$proc_rom.cc:150:do_switch$344$rdmux[0][3][6]$a$1964 [0] $memory$flatten\mi_pantalla.\core_pantalla.\led_mem.\image_2_inst.$auto$proc_rom.cc:150:do_switch$344$rdmux[0][3][6]$a$1964 [0] }
    Consolidated identical input bits for $mux cell $memory$flatten\mi_pantalla.\core_pantalla.\led_mem.\image_2_inst.$auto$proc_rom.cc:150:do_switch$344$rdmux[0][4][11]$2002:
      Old ports: A=$memory$flatten\mi_pantalla.\core_pantalla.\led_mem.\image_2_inst.$auto$proc_rom.cc:150:do_switch$344$rdmux[0][4][11]$a$2003, B=$memory$flatten\mi_pantalla.\core_pantalla.\led_mem.\image_2_inst.$auto$proc_rom.cc:150:do_switch$344$rdmux[0][4][11]$b$2004, Y=$memory$flatten\mi_pantalla.\core_pantalla.\led_mem.\image_2_inst.$auto$proc_rom.cc:150:do_switch$344$rdmux[0][3][5]$b$1962
      New ports: A=$memory$flatten\mi_pantalla.\core_pantalla.\led_mem.\image_2_inst.$auto$proc_rom.cc:150:do_switch$344$rdmux[0][4][11]$a$2003 [0], B=$memory$flatten\mi_pantalla.\core_pantalla.\led_mem.\image_2_inst.$auto$proc_rom.cc:150:do_switch$344$rdmux[0][4][11]$b$2004 [0], Y=$memory$flatten\mi_pantalla.\core_pantalla.\led_mem.\image_2_inst.$auto$proc_rom.cc:150:do_switch$344$rdmux[0][3][5]$b$1962 [0]
      New connections: $memory$flatten\mi_pantalla.\core_pantalla.\led_mem.\image_2_inst.$auto$proc_rom.cc:150:do_switch$344$rdmux[0][3][5]$b$1962 [8:1] = { $memory$flatten\mi_pantalla.\core_pantalla.\led_mem.\image_2_inst.$auto$proc_rom.cc:150:do_switch$344$rdmux[0][3][5]$b$1962 [0] $memory$flatten\mi_pantalla.\core_pantalla.\led_mem.\image_2_inst.$auto$proc_rom.cc:150:do_switch$344$rdmux[0][3][5]$b$1962 [0] $memory$flatten\mi_pantalla.\core_pantalla.\led_mem.\image_2_inst.$auto$proc_rom.cc:150:do_switch$344$rdmux[0][3][5]$b$1962 [0] $memory$flatten\mi_pantalla.\core_pantalla.\led_mem.\image_2_inst.$auto$proc_rom.cc:150:do_switch$344$rdmux[0][3][5]$b$1962 [0] $memory$flatten\mi_pantalla.\core_pantalla.\led_mem.\image_2_inst.$auto$proc_rom.cc:150:do_switch$344$rdmux[0][3][5]$b$1962 [0] $memory$flatten\mi_pantalla.\core_pantalla.\led_mem.\image_2_inst.$auto$proc_rom.cc:150:do_switch$344$rdmux[0][3][5]$b$1962 [0] $memory$flatten\mi_pantalla.\core_pantalla.\led_mem.\image_2_inst.$auto$proc_rom.cc:150:do_switch$344$rdmux[0][3][5]$b$1962 [0] $memory$flatten\mi_pantalla.\core_pantalla.\led_mem.\image_2_inst.$auto$proc_rom.cc:150:do_switch$344$rdmux[0][3][5]$b$1962 [0] }
    Consolidated identical input bits for $mux cell $memory$flatten\mi_pantalla.\core_pantalla.\led_mem.\image_2_inst.$auto$proc_rom.cc:150:do_switch$344$rdmux[0][4][10]$1999:
      Old ports: A=$memory$flatten\mi_pantalla.\core_pantalla.\led_mem.\image_2_inst.$auto$proc_rom.cc:150:do_switch$344$rdmux[0][4][10]$a$2000, B=$memory$flatten\mi_pantalla.\core_pantalla.\led_mem.\image_2_inst.$auto$proc_rom.cc:150:do_switch$344$rdmux[0][4][10]$b$2001, Y=$memory$flatten\mi_pantalla.\core_pantalla.\led_mem.\image_2_inst.$auto$proc_rom.cc:150:do_switch$344$rdmux[0][3][5]$a$1961
      New ports: A=$memory$flatten\mi_pantalla.\core_pantalla.\led_mem.\image_2_inst.$auto$proc_rom.cc:150:do_switch$344$rdmux[0][4][10]$a$2000 [0], B=$memory$flatten\mi_pantalla.\core_pantalla.\led_mem.\image_2_inst.$auto$proc_rom.cc:150:do_switch$344$rdmux[0][4][10]$b$2001 [0], Y=$memory$flatten\mi_pantalla.\core_pantalla.\led_mem.\image_2_inst.$auto$proc_rom.cc:150:do_switch$344$rdmux[0][3][5]$a$1961 [0]
      New connections: $memory$flatten\mi_pantalla.\core_pantalla.\led_mem.\image_2_inst.$auto$proc_rom.cc:150:do_switch$344$rdmux[0][3][5]$a$1961 [8:1] = { $memory$flatten\mi_pantalla.\core_pantalla.\led_mem.\image_2_inst.$auto$proc_rom.cc:150:do_switch$344$rdmux[0][3][5]$a$1961 [0] $memory$flatten\mi_pantalla.\core_pantalla.\led_mem.\image_2_inst.$auto$proc_rom.cc:150:do_switch$344$rdmux[0][3][5]$a$1961 [0] $memory$flatten\mi_pantalla.\core_pantalla.\led_mem.\image_2_inst.$auto$proc_rom.cc:150:do_switch$344$rdmux[0][3][5]$a$1961 [0] $memory$flatten\mi_pantalla.\core_pantalla.\led_mem.\image_2_inst.$auto$proc_rom.cc:150:do_switch$344$rdmux[0][3][5]$a$1961 [0] $memory$flatten\mi_pantalla.\core_pantalla.\led_mem.\image_2_inst.$auto$proc_rom.cc:150:do_switch$344$rdmux[0][3][5]$a$1961 [0] $memory$flatten\mi_pantalla.\core_pantalla.\led_mem.\image_2_inst.$auto$proc_rom.cc:150:do_switch$344$rdmux[0][3][5]$a$1961 [0] $memory$flatten\mi_pantalla.\core_pantalla.\led_mem.\image_2_inst.$auto$proc_rom.cc:150:do_switch$344$rdmux[0][3][5]$a$1961 [0] $memory$flatten\mi_pantalla.\core_pantalla.\led_mem.\image_2_inst.$auto$proc_rom.cc:150:do_switch$344$rdmux[0][3][5]$a$1961 [0] }
    Consolidated identical input bits for $mux cell $memory$flatten\mi_pantalla.\core_pantalla.\led_mem.\image_2_inst.$auto$proc_rom.cc:150:do_switch$344$rdmux[0][4][9]$1996:
      Old ports: A=$memory$flatten\mi_pantalla.\core_pantalla.\led_mem.\image_2_inst.$auto$proc_rom.cc:150:do_switch$344$rdmux[0][4][9]$a$1997, B=9'000000000, Y=$memory$flatten\mi_pantalla.\core_pantalla.\led_mem.\image_2_inst.$auto$proc_rom.cc:150:do_switch$344$rdmux[0][3][4]$b$1959
      New ports: A=$memory$flatten\mi_pantalla.\core_pantalla.\led_mem.\image_2_inst.$auto$proc_rom.cc:150:do_switch$344$rdmux[0][4][9]$a$1997 [0], B=1'0, Y=$memory$flatten\mi_pantalla.\core_pantalla.\led_mem.\image_2_inst.$auto$proc_rom.cc:150:do_switch$344$rdmux[0][3][4]$b$1959 [0]
      New connections: $memory$flatten\mi_pantalla.\core_pantalla.\led_mem.\image_2_inst.$auto$proc_rom.cc:150:do_switch$344$rdmux[0][3][4]$b$1959 [8:1] = { $memory$flatten\mi_pantalla.\core_pantalla.\led_mem.\image_2_inst.$auto$proc_rom.cc:150:do_switch$344$rdmux[0][3][4]$b$1959 [0] $memory$flatten\mi_pantalla.\core_pantalla.\led_mem.\image_2_inst.$auto$proc_rom.cc:150:do_switch$344$rdmux[0][3][4]$b$1959 [0] $memory$flatten\mi_pantalla.\core_pantalla.\led_mem.\image_2_inst.$auto$proc_rom.cc:150:do_switch$344$rdmux[0][3][4]$b$1959 [0] $memory$flatten\mi_pantalla.\core_pantalla.\led_mem.\image_2_inst.$auto$proc_rom.cc:150:do_switch$344$rdmux[0][3][4]$b$1959 [0] $memory$flatten\mi_pantalla.\core_pantalla.\led_mem.\image_2_inst.$auto$proc_rom.cc:150:do_switch$344$rdmux[0][3][4]$b$1959 [0] $memory$flatten\mi_pantalla.\core_pantalla.\led_mem.\image_2_inst.$auto$proc_rom.cc:150:do_switch$344$rdmux[0][3][4]$b$1959 [0] $memory$flatten\mi_pantalla.\core_pantalla.\led_mem.\image_2_inst.$auto$proc_rom.cc:150:do_switch$344$rdmux[0][3][4]$b$1959 [0] $memory$flatten\mi_pantalla.\core_pantalla.\led_mem.\image_2_inst.$auto$proc_rom.cc:150:do_switch$344$rdmux[0][3][4]$b$1959 [0] }
    Consolidated identical input bits for $mux cell $memory$flatten\mi_pantalla.\core_pantalla.\led_mem.\image_2_inst.$auto$proc_rom.cc:150:do_switch$344$rdmux[0][4][8]$1993:
      Old ports: A=9'000000000, B=$memory$flatten\mi_pantalla.\core_pantalla.\led_mem.\image_2_inst.$auto$proc_rom.cc:150:do_switch$344$rdmux[0][4][8]$b$1995, Y=$memory$flatten\mi_pantalla.\core_pantalla.\led_mem.\image_2_inst.$auto$proc_rom.cc:150:do_switch$344$rdmux[0][3][4]$a$1958
      New ports: A=1'0, B=$memory$flatten\mi_pantalla.\core_pantalla.\led_mem.\image_2_inst.$auto$proc_rom.cc:150:do_switch$344$rdmux[0][4][8]$b$1995 [0], Y=$memory$flatten\mi_pantalla.\core_pantalla.\led_mem.\image_2_inst.$auto$proc_rom.cc:150:do_switch$344$rdmux[0][3][4]$a$1958 [0]
      New connections: $memory$flatten\mi_pantalla.\core_pantalla.\led_mem.\image_2_inst.$auto$proc_rom.cc:150:do_switch$344$rdmux[0][3][4]$a$1958 [8:1] = { $memory$flatten\mi_pantalla.\core_pantalla.\led_mem.\image_2_inst.$auto$proc_rom.cc:150:do_switch$344$rdmux[0][3][4]$a$1958 [0] $memory$flatten\mi_pantalla.\core_pantalla.\led_mem.\image_2_inst.$auto$proc_rom.cc:150:do_switch$344$rdmux[0][3][4]$a$1958 [0] $memory$flatten\mi_pantalla.\core_pantalla.\led_mem.\image_2_inst.$auto$proc_rom.cc:150:do_switch$344$rdmux[0][3][4]$a$1958 [0] $memory$flatten\mi_pantalla.\core_pantalla.\led_mem.\image_2_inst.$auto$proc_rom.cc:150:do_switch$344$rdmux[0][3][4]$a$1958 [0] $memory$flatten\mi_pantalla.\core_pantalla.\led_mem.\image_2_inst.$auto$proc_rom.cc:150:do_switch$344$rdmux[0][3][4]$a$1958 [0] $memory$flatten\mi_pantalla.\core_pantalla.\led_mem.\image_2_inst.$auto$proc_rom.cc:150:do_switch$344$rdmux[0][3][4]$a$1958 [0] $memory$flatten\mi_pantalla.\core_pantalla.\led_mem.\image_2_inst.$auto$proc_rom.cc:150:do_switch$344$rdmux[0][3][4]$a$1958 [0] $memory$flatten\mi_pantalla.\core_pantalla.\led_mem.\image_2_inst.$auto$proc_rom.cc:150:do_switch$344$rdmux[0][3][4]$a$1958 [0] }
    Consolidated identical input bits for $mux cell $memory$flatten\mi_pantalla.\core_pantalla.\led_mem.\image_4_inst.$auto$proc_rom.cc:150:do_switch$352$rdmux[0][4][10]$2377:
      Old ports: A=8'00000000, B=$memory$flatten\mi_pantalla.\core_pantalla.\led_mem.\image_4_inst.$auto$proc_rom.cc:150:do_switch$352$rdmux[0][4][10]$b$2379, Y=$memory$flatten\mi_pantalla.\core_pantalla.\led_mem.\image_4_inst.$auto$proc_rom.cc:150:do_switch$352$rdmux[0][3][5]$a$2339
      New ports: A=1'0, B=$memory$flatten\mi_pantalla.\core_pantalla.\led_mem.\image_4_inst.$auto$proc_rom.cc:150:do_switch$352$rdmux[0][4][10]$b$2379 [0], Y=$memory$flatten\mi_pantalla.\core_pantalla.\led_mem.\image_4_inst.$auto$proc_rom.cc:150:do_switch$352$rdmux[0][3][5]$a$2339 [0]
      New connections: $memory$flatten\mi_pantalla.\core_pantalla.\led_mem.\image_4_inst.$auto$proc_rom.cc:150:do_switch$352$rdmux[0][3][5]$a$2339 [7:1] = { $memory$flatten\mi_pantalla.\core_pantalla.\led_mem.\image_4_inst.$auto$proc_rom.cc:150:do_switch$352$rdmux[0][3][5]$a$2339 [0] $memory$flatten\mi_pantalla.\core_pantalla.\led_mem.\image_4_inst.$auto$proc_rom.cc:150:do_switch$352$rdmux[0][3][5]$a$2339 [0] $memory$flatten\mi_pantalla.\core_pantalla.\led_mem.\image_4_inst.$auto$proc_rom.cc:150:do_switch$352$rdmux[0][3][5]$a$2339 [0] $memory$flatten\mi_pantalla.\core_pantalla.\led_mem.\image_4_inst.$auto$proc_rom.cc:150:do_switch$352$rdmux[0][3][5]$a$2339 [0] $memory$flatten\mi_pantalla.\core_pantalla.\led_mem.\image_4_inst.$auto$proc_rom.cc:150:do_switch$352$rdmux[0][3][5]$a$2339 [0] $memory$flatten\mi_pantalla.\core_pantalla.\led_mem.\image_4_inst.$auto$proc_rom.cc:150:do_switch$352$rdmux[0][3][5]$a$2339 [0] $memory$flatten\mi_pantalla.\core_pantalla.\led_mem.\image_4_inst.$auto$proc_rom.cc:150:do_switch$352$rdmux[0][3][5]$a$2339 [0] }
    Consolidated identical input bits for $mux cell $memory$flatten\mi_pantalla.\core_pantalla.\led_mem.\image_4_inst.$auto$proc_rom.cc:150:do_switch$352$rdmux[0][4][7]$2368:
      Old ports: A=$memory$flatten\mi_pantalla.\core_pantalla.\led_mem.\image_4_inst.$auto$proc_rom.cc:150:do_switch$352$rdmux[0][4][7]$a$2369, B=8'00000000, Y=$memory$flatten\mi_pantalla.\core_pantalla.\led_mem.\image_4_inst.$auto$proc_rom.cc:150:do_switch$352$rdmux[0][3][3]$b$2334
      New ports: A=$memory$flatten\mi_pantalla.\core_pantalla.\led_mem.\image_4_inst.$auto$proc_rom.cc:150:do_switch$352$rdmux[0][4][7]$a$2369 [0], B=1'0, Y=$memory$flatten\mi_pantalla.\core_pantalla.\led_mem.\image_4_inst.$auto$proc_rom.cc:150:do_switch$352$rdmux[0][3][3]$b$2334 [0]
      New connections: $memory$flatten\mi_pantalla.\core_pantalla.\led_mem.\image_4_inst.$auto$proc_rom.cc:150:do_switch$352$rdmux[0][3][3]$b$2334 [7:1] = { $memory$flatten\mi_pantalla.\core_pantalla.\led_mem.\image_4_inst.$auto$proc_rom.cc:150:do_switch$352$rdmux[0][3][3]$b$2334 [0] $memory$flatten\mi_pantalla.\core_pantalla.\led_mem.\image_4_inst.$auto$proc_rom.cc:150:do_switch$352$rdmux[0][3][3]$b$2334 [0] $memory$flatten\mi_pantalla.\core_pantalla.\led_mem.\image_4_inst.$auto$proc_rom.cc:150:do_switch$352$rdmux[0][3][3]$b$2334 [0] $memory$flatten\mi_pantalla.\core_pantalla.\led_mem.\image_4_inst.$auto$proc_rom.cc:150:do_switch$352$rdmux[0][3][3]$b$2334 [0] $memory$flatten\mi_pantalla.\core_pantalla.\led_mem.\image_4_inst.$auto$proc_rom.cc:150:do_switch$352$rdmux[0][3][3]$b$2334 [0] $memory$flatten\mi_pantalla.\core_pantalla.\led_mem.\image_4_inst.$auto$proc_rom.cc:150:do_switch$352$rdmux[0][3][3]$b$2334 [0] $memory$flatten\mi_pantalla.\core_pantalla.\led_mem.\image_4_inst.$auto$proc_rom.cc:150:do_switch$352$rdmux[0][3][3]$b$2334 [0] }
    Consolidated identical input bits for $mux cell $memory$flatten\mi_pantalla.\core_pantalla.\led_mem.\image_4_inst.$auto$proc_rom.cc:150:do_switch$352$rdmux[0][4][4]$2359:
      Old ports: A=8'00000000, B=$memory$flatten\mi_pantalla.\core_pantalla.\led_mem.\image_4_inst.$auto$proc_rom.cc:150:do_switch$352$rdmux[0][4][4]$b$2361, Y=$memory$flatten\mi_pantalla.\core_pantalla.\led_mem.\image_4_inst.$auto$proc_rom.cc:150:do_switch$352$rdmux[0][3][2]$a$2330
      New ports: A=1'0, B=$memory$flatten\mi_pantalla.\core_pantalla.\led_mem.\image_4_inst.$auto$proc_rom.cc:150:do_switch$352$rdmux[0][4][4]$b$2361 [0], Y=$memory$flatten\mi_pantalla.\core_pantalla.\led_mem.\image_4_inst.$auto$proc_rom.cc:150:do_switch$352$rdmux[0][3][2]$a$2330 [0]
      New connections: $memory$flatten\mi_pantalla.\core_pantalla.\led_mem.\image_4_inst.$auto$proc_rom.cc:150:do_switch$352$rdmux[0][3][2]$a$2330 [7:1] = { $memory$flatten\mi_pantalla.\core_pantalla.\led_mem.\image_4_inst.$auto$proc_rom.cc:150:do_switch$352$rdmux[0][3][2]$a$2330 [0] $memory$flatten\mi_pantalla.\core_pantalla.\led_mem.\image_4_inst.$auto$proc_rom.cc:150:do_switch$352$rdmux[0][3][2]$a$2330 [0] $memory$flatten\mi_pantalla.\core_pantalla.\led_mem.\image_4_inst.$auto$proc_rom.cc:150:do_switch$352$rdmux[0][3][2]$a$2330 [0] $memory$flatten\mi_pantalla.\core_pantalla.\led_mem.\image_4_inst.$auto$proc_rom.cc:150:do_switch$352$rdmux[0][3][2]$a$2330 [0] $memory$flatten\mi_pantalla.\core_pantalla.\led_mem.\image_4_inst.$auto$proc_rom.cc:150:do_switch$352$rdmux[0][3][2]$a$2330 [0] $memory$flatten\mi_pantalla.\core_pantalla.\led_mem.\image_4_inst.$auto$proc_rom.cc:150:do_switch$352$rdmux[0][3][2]$a$2330 [0] $memory$flatten\mi_pantalla.\core_pantalla.\led_mem.\image_4_inst.$auto$proc_rom.cc:150:do_switch$352$rdmux[0][3][2]$a$2330 [0] }
    Consolidated identical input bits for $mux cell $memory$flatten\mi_pantalla.\core_pantalla.\led_mem.\image_4_inst.$auto$proc_rom.cc:150:do_switch$352$rdmux[0][4][1]$2350:
      Old ports: A=8'00000000, B=$memory$flatten\mi_pantalla.\core_pantalla.\led_mem.\image_4_inst.$auto$proc_rom.cc:150:do_switch$352$rdmux[0][4][1]$b$2352, Y=$memory$flatten\mi_pantalla.\core_pantalla.\led_mem.\image_4_inst.$auto$proc_rom.cc:150:do_switch$352$rdmux[0][3][0]$b$2325
      New ports: A=1'0, B=$memory$flatten\mi_pantalla.\core_pantalla.\led_mem.\image_4_inst.$auto$proc_rom.cc:150:do_switch$352$rdmux[0][4][1]$b$2352 [0], Y=$memory$flatten\mi_pantalla.\core_pantalla.\led_mem.\image_4_inst.$auto$proc_rom.cc:150:do_switch$352$rdmux[0][3][0]$b$2325 [0]
      New connections: $memory$flatten\mi_pantalla.\core_pantalla.\led_mem.\image_4_inst.$auto$proc_rom.cc:150:do_switch$352$rdmux[0][3][0]$b$2325 [7:1] = { $memory$flatten\mi_pantalla.\core_pantalla.\led_mem.\image_4_inst.$auto$proc_rom.cc:150:do_switch$352$rdmux[0][3][0]$b$2325 [0] $memory$flatten\mi_pantalla.\core_pantalla.\led_mem.\image_4_inst.$auto$proc_rom.cc:150:do_switch$352$rdmux[0][3][0]$b$2325 [0] $memory$flatten\mi_pantalla.\core_pantalla.\led_mem.\image_4_inst.$auto$proc_rom.cc:150:do_switch$352$rdmux[0][3][0]$b$2325 [0] $memory$flatten\mi_pantalla.\core_pantalla.\led_mem.\image_4_inst.$auto$proc_rom.cc:150:do_switch$352$rdmux[0][3][0]$b$2325 [0] $memory$flatten\mi_pantalla.\core_pantalla.\led_mem.\image_4_inst.$auto$proc_rom.cc:150:do_switch$352$rdmux[0][3][0]$b$2325 [0] $memory$flatten\mi_pantalla.\core_pantalla.\led_mem.\image_4_inst.$auto$proc_rom.cc:150:do_switch$352$rdmux[0][3][0]$b$2325 [0] $memory$flatten\mi_pantalla.\core_pantalla.\led_mem.\image_4_inst.$auto$proc_rom.cc:150:do_switch$352$rdmux[0][3][0]$b$2325 [0] }
    Consolidated identical input bits for $mux cell $memory$flatten\mi_pantalla.\core_pantalla.\led_mem.\image_2_inst.$auto$proc_rom.cc:150:do_switch$344$rdmux[0][4][3]$1978:
      Old ports: A=9'111111111, B=$memory$flatten\mi_pantalla.\core_pantalla.\led_mem.\image_2_inst.$auto$proc_rom.cc:150:do_switch$344$rdmux[0][4][3]$b$1980, Y=$memory$flatten\mi_pantalla.\core_pantalla.\led_mem.\image_2_inst.$auto$proc_rom.cc:150:do_switch$344$rdmux[0][3][1]$b$1950
      New ports: A=1'1, B=$memory$flatten\mi_pantalla.\core_pantalla.\led_mem.\image_2_inst.$auto$proc_rom.cc:150:do_switch$344$rdmux[0][4][3]$b$1980 [0], Y=$memory$flatten\mi_pantalla.\core_pantalla.\led_mem.\image_2_inst.$auto$proc_rom.cc:150:do_switch$344$rdmux[0][3][1]$b$1950 [0]
      New connections: $memory$flatten\mi_pantalla.\core_pantalla.\led_mem.\image_2_inst.$auto$proc_rom.cc:150:do_switch$344$rdmux[0][3][1]$b$1950 [8:1] = { $memory$flatten\mi_pantalla.\core_pantalla.\led_mem.\image_2_inst.$auto$proc_rom.cc:150:do_switch$344$rdmux[0][3][1]$b$1950 [0] $memory$flatten\mi_pantalla.\core_pantalla.\led_mem.\image_2_inst.$auto$proc_rom.cc:150:do_switch$344$rdmux[0][3][1]$b$1950 [0] $memory$flatten\mi_pantalla.\core_pantalla.\led_mem.\image_2_inst.$auto$proc_rom.cc:150:do_switch$344$rdmux[0][3][1]$b$1950 [0] $memory$flatten\mi_pantalla.\core_pantalla.\led_mem.\image_2_inst.$auto$proc_rom.cc:150:do_switch$344$rdmux[0][3][1]$b$1950 [0] $memory$flatten\mi_pantalla.\core_pantalla.\led_mem.\image_2_inst.$auto$proc_rom.cc:150:do_switch$344$rdmux[0][3][1]$b$1950 [0] $memory$flatten\mi_pantalla.\core_pantalla.\led_mem.\image_2_inst.$auto$proc_rom.cc:150:do_switch$344$rdmux[0][3][1]$b$1950 [0] $memory$flatten\mi_pantalla.\core_pantalla.\led_mem.\image_2_inst.$auto$proc_rom.cc:150:do_switch$344$rdmux[0][3][1]$b$1950 [0] $memory$flatten\mi_pantalla.\core_pantalla.\led_mem.\image_2_inst.$auto$proc_rom.cc:150:do_switch$344$rdmux[0][3][1]$b$1950 [0] }
    Consolidated identical input bits for $mux cell $memory$flatten\mi_pantalla.\core_pantalla.\led_mem.\image_2_inst.$auto$proc_rom.cc:150:do_switch$344$rdmux[0][4][2]$1975:
      Old ports: A=$memory$flatten\mi_pantalla.\core_pantalla.\led_mem.\image_2_inst.$auto$proc_rom.cc:150:do_switch$344$rdmux[0][4][2]$a$1976, B=9'111111111, Y=$memory$flatten\mi_pantalla.\core_pantalla.\led_mem.\image_2_inst.$auto$proc_rom.cc:150:do_switch$344$rdmux[0][3][1]$a$1949
      New ports: A=$memory$flatten\mi_pantalla.\core_pantalla.\led_mem.\image_2_inst.$auto$proc_rom.cc:150:do_switch$344$rdmux[0][4][2]$a$1976 [0], B=1'1, Y=$memory$flatten\mi_pantalla.\core_pantalla.\led_mem.\image_2_inst.$auto$proc_rom.cc:150:do_switch$344$rdmux[0][3][1]$a$1949 [0]
      New connections: $memory$flatten\mi_pantalla.\core_pantalla.\led_mem.\image_2_inst.$auto$proc_rom.cc:150:do_switch$344$rdmux[0][3][1]$a$1949 [8:1] = { $memory$flatten\mi_pantalla.\core_pantalla.\led_mem.\image_2_inst.$auto$proc_rom.cc:150:do_switch$344$rdmux[0][3][1]$a$1949 [0] $memory$flatten\mi_pantalla.\core_pantalla.\led_mem.\image_2_inst.$auto$proc_rom.cc:150:do_switch$344$rdmux[0][3][1]$a$1949 [0] $memory$flatten\mi_pantalla.\core_pantalla.\led_mem.\image_2_inst.$auto$proc_rom.cc:150:do_switch$344$rdmux[0][3][1]$a$1949 [0] $memory$flatten\mi_pantalla.\core_pantalla.\led_mem.\image_2_inst.$auto$proc_rom.cc:150:do_switch$344$rdmux[0][3][1]$a$1949 [0] $memory$flatten\mi_pantalla.\core_pantalla.\led_mem.\image_2_inst.$auto$proc_rom.cc:150:do_switch$344$rdmux[0][3][1]$a$1949 [0] $memory$flatten\mi_pantalla.\core_pantalla.\led_mem.\image_2_inst.$auto$proc_rom.cc:150:do_switch$344$rdmux[0][3][1]$a$1949 [0] $memory$flatten\mi_pantalla.\core_pantalla.\led_mem.\image_2_inst.$auto$proc_rom.cc:150:do_switch$344$rdmux[0][3][1]$a$1949 [0] $memory$flatten\mi_pantalla.\core_pantalla.\led_mem.\image_2_inst.$auto$proc_rom.cc:150:do_switch$344$rdmux[0][3][1]$a$1949 [0] }
    Consolidated identical input bits for $mux cell $memory$flatten\mi_pantalla.\core_pantalla.\led_mem.\image_3_inst.$auto$proc_rom.cc:150:do_switch$348$rdmux[0][4][9]$2185:
      Old ports: A=$memory$flatten\mi_pantalla.\core_pantalla.\led_mem.\image_3_inst.$auto$proc_rom.cc:150:do_switch$348$rdmux[0][4][9]$a$2186, B=8'00000000, Y=$memory$flatten\mi_pantalla.\core_pantalla.\led_mem.\image_3_inst.$auto$proc_rom.cc:150:do_switch$348$rdmux[0][3][4]$b$2148
      New ports: A=$memory$flatten\mi_pantalla.\core_pantalla.\led_mem.\image_3_inst.$auto$proc_rom.cc:150:do_switch$348$rdmux[0][4][9]$a$2186 [0], B=1'0, Y=$memory$flatten\mi_pantalla.\core_pantalla.\led_mem.\image_3_inst.$auto$proc_rom.cc:150:do_switch$348$rdmux[0][3][4]$b$2148 [0]
      New connections: $memory$flatten\mi_pantalla.\core_pantalla.\led_mem.\image_3_inst.$auto$proc_rom.cc:150:do_switch$348$rdmux[0][3][4]$b$2148 [7:1] = { $memory$flatten\mi_pantalla.\core_pantalla.\led_mem.\image_3_inst.$auto$proc_rom.cc:150:do_switch$348$rdmux[0][3][4]$b$2148 [0] $memory$flatten\mi_pantalla.\core_pantalla.\led_mem.\image_3_inst.$auto$proc_rom.cc:150:do_switch$348$rdmux[0][3][4]$b$2148 [0] $memory$flatten\mi_pantalla.\core_pantalla.\led_mem.\image_3_inst.$auto$proc_rom.cc:150:do_switch$348$rdmux[0][3][4]$b$2148 [0] $memory$flatten\mi_pantalla.\core_pantalla.\led_mem.\image_3_inst.$auto$proc_rom.cc:150:do_switch$348$rdmux[0][3][4]$b$2148 [0] $memory$flatten\mi_pantalla.\core_pantalla.\led_mem.\image_3_inst.$auto$proc_rom.cc:150:do_switch$348$rdmux[0][3][4]$b$2148 [0] $memory$flatten\mi_pantalla.\core_pantalla.\led_mem.\image_3_inst.$auto$proc_rom.cc:150:do_switch$348$rdmux[0][3][4]$b$2148 [0] $memory$flatten\mi_pantalla.\core_pantalla.\led_mem.\image_3_inst.$auto$proc_rom.cc:150:do_switch$348$rdmux[0][3][4]$b$2148 [0] }
    Consolidated identical input bits for $mux cell $memory$flatten\mi_pantalla.\core_pantalla.\led_mem.\image_3_inst.$auto$proc_rom.cc:150:do_switch$348$rdmux[0][4][8]$2182:
      Old ports: A=8'00000000, B=$memory$flatten\mi_pantalla.\core_pantalla.\led_mem.\image_3_inst.$auto$proc_rom.cc:150:do_switch$348$rdmux[0][4][8]$b$2184, Y=$memory$flatten\mi_pantalla.\core_pantalla.\led_mem.\image_3_inst.$auto$proc_rom.cc:150:do_switch$348$rdmux[0][3][4]$a$2147
      New ports: A=1'0, B=$memory$flatten\mi_pantalla.\core_pantalla.\led_mem.\image_3_inst.$auto$proc_rom.cc:150:do_switch$348$rdmux[0][4][8]$b$2184 [0], Y=$memory$flatten\mi_pantalla.\core_pantalla.\led_mem.\image_3_inst.$auto$proc_rom.cc:150:do_switch$348$rdmux[0][3][4]$a$2147 [0]
      New connections: $memory$flatten\mi_pantalla.\core_pantalla.\led_mem.\image_3_inst.$auto$proc_rom.cc:150:do_switch$348$rdmux[0][3][4]$a$2147 [7:1] = { $memory$flatten\mi_pantalla.\core_pantalla.\led_mem.\image_3_inst.$auto$proc_rom.cc:150:do_switch$348$rdmux[0][3][4]$a$2147 [0] $memory$flatten\mi_pantalla.\core_pantalla.\led_mem.\image_3_inst.$auto$proc_rom.cc:150:do_switch$348$rdmux[0][3][4]$a$2147 [0] $memory$flatten\mi_pantalla.\core_pantalla.\led_mem.\image_3_inst.$auto$proc_rom.cc:150:do_switch$348$rdmux[0][3][4]$a$2147 [0] $memory$flatten\mi_pantalla.\core_pantalla.\led_mem.\image_3_inst.$auto$proc_rom.cc:150:do_switch$348$rdmux[0][3][4]$a$2147 [0] $memory$flatten\mi_pantalla.\core_pantalla.\led_mem.\image_3_inst.$auto$proc_rom.cc:150:do_switch$348$rdmux[0][3][4]$a$2147 [0] $memory$flatten\mi_pantalla.\core_pantalla.\led_mem.\image_3_inst.$auto$proc_rom.cc:150:do_switch$348$rdmux[0][3][4]$a$2147 [0] $memory$flatten\mi_pantalla.\core_pantalla.\led_mem.\image_3_inst.$auto$proc_rom.cc:150:do_switch$348$rdmux[0][3][4]$a$2147 [0] }
    Consolidated identical input bits for $mux cell $memory$flatten\mi_pantalla.\core_pantalla.\led_mem.\image_3_inst.$auto$proc_rom.cc:150:do_switch$348$rdmux[0][4][13]$2197:
      Old ports: A=$memory$flatten\mi_pantalla.\core_pantalla.\led_mem.\image_3_inst.$auto$proc_rom.cc:150:do_switch$348$rdmux[0][4][13]$a$2198, B=$memory$flatten\mi_pantalla.\core_pantalla.\led_mem.\image_3_inst.$auto$proc_rom.cc:150:do_switch$348$rdmux[0][4][13]$b$2199, Y=$memory$flatten\mi_pantalla.\core_pantalla.\led_mem.\image_3_inst.$auto$proc_rom.cc:150:do_switch$348$rdmux[0][3][6]$b$2154
      New ports: A=$memory$flatten\mi_pantalla.\core_pantalla.\led_mem.\image_3_inst.$auto$proc_rom.cc:150:do_switch$348$rdmux[0][4][13]$a$2198 [0], B=$memory$flatten\mi_pantalla.\core_pantalla.\led_mem.\image_3_inst.$auto$proc_rom.cc:150:do_switch$348$rdmux[0][4][13]$b$2199 [0], Y=$memory$flatten\mi_pantalla.\core_pantalla.\led_mem.\image_3_inst.$auto$proc_rom.cc:150:do_switch$348$rdmux[0][3][6]$b$2154 [0]
      New connections: $memory$flatten\mi_pantalla.\core_pantalla.\led_mem.\image_3_inst.$auto$proc_rom.cc:150:do_switch$348$rdmux[0][3][6]$b$2154 [7:1] = { $memory$flatten\mi_pantalla.\core_pantalla.\led_mem.\image_3_inst.$auto$proc_rom.cc:150:do_switch$348$rdmux[0][3][6]$b$2154 [0] $memory$flatten\mi_pantalla.\core_pantalla.\led_mem.\image_3_inst.$auto$proc_rom.cc:150:do_switch$348$rdmux[0][3][6]$b$2154 [0] $memory$flatten\mi_pantalla.\core_pantalla.\led_mem.\image_3_inst.$auto$proc_rom.cc:150:do_switch$348$rdmux[0][3][6]$b$2154 [0] $memory$flatten\mi_pantalla.\core_pantalla.\led_mem.\image_3_inst.$auto$proc_rom.cc:150:do_switch$348$rdmux[0][3][6]$b$2154 [0] $memory$flatten\mi_pantalla.\core_pantalla.\led_mem.\image_3_inst.$auto$proc_rom.cc:150:do_switch$348$rdmux[0][3][6]$b$2154 [0] $memory$flatten\mi_pantalla.\core_pantalla.\led_mem.\image_3_inst.$auto$proc_rom.cc:150:do_switch$348$rdmux[0][3][6]$b$2154 [0] $memory$flatten\mi_pantalla.\core_pantalla.\led_mem.\image_3_inst.$auto$proc_rom.cc:150:do_switch$348$rdmux[0][3][6]$b$2154 [0] }
    Consolidated identical input bits for $mux cell $memory$flatten\mi_pantalla.\core_pantalla.\led_mem.\image_4_inst.$auto$proc_rom.cc:150:do_switch$352$rdmux[0][4][14]$2389:
      Old ports: A=$memory$flatten\mi_pantalla.\core_pantalla.\led_mem.\image_4_inst.$auto$proc_rom.cc:150:do_switch$352$rdmux[0][4][14]$a$2390, B=8'00000000, Y=$memory$flatten\mi_pantalla.\core_pantalla.\led_mem.\image_4_inst.$auto$proc_rom.cc:150:do_switch$352$rdmux[0][3][7]$a$2345
      New ports: A=$memory$flatten\mi_pantalla.\core_pantalla.\led_mem.\image_4_inst.$auto$proc_rom.cc:150:do_switch$352$rdmux[0][4][14]$a$2390 [0], B=1'0, Y=$memory$flatten\mi_pantalla.\core_pantalla.\led_mem.\image_4_inst.$auto$proc_rom.cc:150:do_switch$352$rdmux[0][3][7]$a$2345 [0]
      New connections: $memory$flatten\mi_pantalla.\core_pantalla.\led_mem.\image_4_inst.$auto$proc_rom.cc:150:do_switch$352$rdmux[0][3][7]$a$2345 [7:1] = { $memory$flatten\mi_pantalla.\core_pantalla.\led_mem.\image_4_inst.$auto$proc_rom.cc:150:do_switch$352$rdmux[0][3][7]$a$2345 [0] $memory$flatten\mi_pantalla.\core_pantalla.\led_mem.\image_4_inst.$auto$proc_rom.cc:150:do_switch$352$rdmux[0][3][7]$a$2345 [0] $memory$flatten\mi_pantalla.\core_pantalla.\led_mem.\image_4_inst.$auto$proc_rom.cc:150:do_switch$352$rdmux[0][3][7]$a$2345 [0] $memory$flatten\mi_pantalla.\core_pantalla.\led_mem.\image_4_inst.$auto$proc_rom.cc:150:do_switch$352$rdmux[0][3][7]$a$2345 [0] $memory$flatten\mi_pantalla.\core_pantalla.\led_mem.\image_4_inst.$auto$proc_rom.cc:150:do_switch$352$rdmux[0][3][7]$a$2345 [0] $memory$flatten\mi_pantalla.\core_pantalla.\led_mem.\image_4_inst.$auto$proc_rom.cc:150:do_switch$352$rdmux[0][3][7]$a$2345 [0] $memory$flatten\mi_pantalla.\core_pantalla.\led_mem.\image_4_inst.$auto$proc_rom.cc:150:do_switch$352$rdmux[0][3][7]$a$2345 [0] }
    Consolidated identical input bits for $mux cell $memory$flatten\mi_pantalla.\core_pantalla.\led_mem.\image_4_inst.$auto$proc_rom.cc:150:do_switch$352$rdmux[0][4][15]$2392:
      Old ports: A=8'00000000, B=$memory$flatten\mi_pantalla.\core_pantalla.\led_mem.\image_4_inst.$auto$proc_rom.cc:150:do_switch$352$rdmux[0][4][15]$b$2394, Y=$memory$flatten\mi_pantalla.\core_pantalla.\led_mem.\image_4_inst.$auto$proc_rom.cc:150:do_switch$352$rdmux[0][3][7]$b$2346
      New ports: A=1'0, B=$memory$flatten\mi_pantalla.\core_pantalla.\led_mem.\image_4_inst.$auto$proc_rom.cc:150:do_switch$352$rdmux[0][4][15]$b$2394 [0], Y=$memory$flatten\mi_pantalla.\core_pantalla.\led_mem.\image_4_inst.$auto$proc_rom.cc:150:do_switch$352$rdmux[0][3][7]$b$2346 [0]
      New connections: $memory$flatten\mi_pantalla.\core_pantalla.\led_mem.\image_4_inst.$auto$proc_rom.cc:150:do_switch$352$rdmux[0][3][7]$b$2346 [7:1] = { $memory$flatten\mi_pantalla.\core_pantalla.\led_mem.\image_4_inst.$auto$proc_rom.cc:150:do_switch$352$rdmux[0][3][7]$b$2346 [0] $memory$flatten\mi_pantalla.\core_pantalla.\led_mem.\image_4_inst.$auto$proc_rom.cc:150:do_switch$352$rdmux[0][3][7]$b$2346 [0] $memory$flatten\mi_pantalla.\core_pantalla.\led_mem.\image_4_inst.$auto$proc_rom.cc:150:do_switch$352$rdmux[0][3][7]$b$2346 [0] $memory$flatten\mi_pantalla.\core_pantalla.\led_mem.\image_4_inst.$auto$proc_rom.cc:150:do_switch$352$rdmux[0][3][7]$b$2346 [0] $memory$flatten\mi_pantalla.\core_pantalla.\led_mem.\image_4_inst.$auto$proc_rom.cc:150:do_switch$352$rdmux[0][3][7]$b$2346 [0] $memory$flatten\mi_pantalla.\core_pantalla.\led_mem.\image_4_inst.$auto$proc_rom.cc:150:do_switch$352$rdmux[0][3][7]$b$2346 [0] $memory$flatten\mi_pantalla.\core_pantalla.\led_mem.\image_4_inst.$auto$proc_rom.cc:150:do_switch$352$rdmux[0][3][7]$b$2346 [0] }
    Consolidated identical input bits for $mux cell $memory$flatten\mi_pantalla.\core_pantalla.\led_mem.\image_1_inst.$auto$proc_rom.cc:150:do_switch$340$rdmux[0][4][13]$1819:
      Old ports: A=$memory$flatten\mi_pantalla.\core_pantalla.\led_mem.\image_1_inst.$auto$proc_rom.cc:150:do_switch$340$rdmux[0][4][13]$a$1820, B=$memory$flatten\mi_pantalla.\core_pantalla.\led_mem.\image_1_inst.$auto$proc_rom.cc:150:do_switch$340$rdmux[0][4][13]$b$1821, Y=$memory$flatten\mi_pantalla.\core_pantalla.\led_mem.\image_1_inst.$auto$proc_rom.cc:150:do_switch$340$rdmux[0][3][6]$b$1776
      New ports: A=$memory$flatten\mi_pantalla.\core_pantalla.\led_mem.\image_1_inst.$auto$proc_rom.cc:150:do_switch$340$rdmux[0][4][13]$a$1820 [0], B=$memory$flatten\mi_pantalla.\core_pantalla.\led_mem.\image_1_inst.$auto$proc_rom.cc:150:do_switch$340$rdmux[0][4][13]$b$1821 [0], Y=$memory$flatten\mi_pantalla.\core_pantalla.\led_mem.\image_1_inst.$auto$proc_rom.cc:150:do_switch$340$rdmux[0][3][6]$b$1776 [0]
      New connections: $memory$flatten\mi_pantalla.\core_pantalla.\led_mem.\image_1_inst.$auto$proc_rom.cc:150:do_switch$340$rdmux[0][3][6]$b$1776 [6:1] = { $memory$flatten\mi_pantalla.\core_pantalla.\led_mem.\image_1_inst.$auto$proc_rom.cc:150:do_switch$340$rdmux[0][3][6]$b$1776 [0] $memory$flatten\mi_pantalla.\core_pantalla.\led_mem.\image_1_inst.$auto$proc_rom.cc:150:do_switch$340$rdmux[0][3][6]$b$1776 [0] $memory$flatten\mi_pantalla.\core_pantalla.\led_mem.\image_1_inst.$auto$proc_rom.cc:150:do_switch$340$rdmux[0][3][6]$b$1776 [0] $memory$flatten\mi_pantalla.\core_pantalla.\led_mem.\image_1_inst.$auto$proc_rom.cc:150:do_switch$340$rdmux[0][3][6]$b$1776 [0] $memory$flatten\mi_pantalla.\core_pantalla.\led_mem.\image_1_inst.$auto$proc_rom.cc:150:do_switch$340$rdmux[0][3][6]$b$1776 [0] $memory$flatten\mi_pantalla.\core_pantalla.\led_mem.\image_1_inst.$auto$proc_rom.cc:150:do_switch$340$rdmux[0][3][6]$b$1776 [0] }
    Consolidated identical input bits for $mux cell $memory$flatten\mi_pantalla.\core_pantalla.\led_mem.\image_1_inst.$auto$proc_rom.cc:150:do_switch$340$rdmux[0][4][12]$1816:
      Old ports: A=$memory$flatten\mi_pantalla.\core_pantalla.\led_mem.\image_1_inst.$auto$proc_rom.cc:150:do_switch$340$rdmux[0][4][12]$a$1817, B=$memory$flatten\mi_pantalla.\core_pantalla.\led_mem.\image_1_inst.$auto$proc_rom.cc:150:do_switch$340$rdmux[0][4][12]$b$1818, Y=$memory$flatten\mi_pantalla.\core_pantalla.\led_mem.\image_1_inst.$auto$proc_rom.cc:150:do_switch$340$rdmux[0][3][6]$a$1775
      New ports: A=$memory$flatten\mi_pantalla.\core_pantalla.\led_mem.\image_1_inst.$auto$proc_rom.cc:150:do_switch$340$rdmux[0][4][12]$a$1817 [0], B=$memory$flatten\mi_pantalla.\core_pantalla.\led_mem.\image_1_inst.$auto$proc_rom.cc:150:do_switch$340$rdmux[0][4][12]$b$1818 [0], Y=$memory$flatten\mi_pantalla.\core_pantalla.\led_mem.\image_1_inst.$auto$proc_rom.cc:150:do_switch$340$rdmux[0][3][6]$a$1775 [0]
      New connections: $memory$flatten\mi_pantalla.\core_pantalla.\led_mem.\image_1_inst.$auto$proc_rom.cc:150:do_switch$340$rdmux[0][3][6]$a$1775 [6:1] = { $memory$flatten\mi_pantalla.\core_pantalla.\led_mem.\image_1_inst.$auto$proc_rom.cc:150:do_switch$340$rdmux[0][3][6]$a$1775 [0] $memory$flatten\mi_pantalla.\core_pantalla.\led_mem.\image_1_inst.$auto$proc_rom.cc:150:do_switch$340$rdmux[0][3][6]$a$1775 [0] $memory$flatten\mi_pantalla.\core_pantalla.\led_mem.\image_1_inst.$auto$proc_rom.cc:150:do_switch$340$rdmux[0][3][6]$a$1775 [0] $memory$flatten\mi_pantalla.\core_pantalla.\led_mem.\image_1_inst.$auto$proc_rom.cc:150:do_switch$340$rdmux[0][3][6]$a$1775 [0] $memory$flatten\mi_pantalla.\core_pantalla.\led_mem.\image_1_inst.$auto$proc_rom.cc:150:do_switch$340$rdmux[0][3][6]$a$1775 [0] $memory$flatten\mi_pantalla.\core_pantalla.\led_mem.\image_1_inst.$auto$proc_rom.cc:150:do_switch$340$rdmux[0][3][6]$a$1775 [0] }
    Consolidated identical input bits for $mux cell $memory$flatten\mi_pantalla.\core_pantalla.\led_mem.\image_1_inst.$auto$proc_rom.cc:150:do_switch$340$rdmux[0][4][11]$1813:
      Old ports: A=$memory$flatten\mi_pantalla.\core_pantalla.\led_mem.\image_1_inst.$auto$proc_rom.cc:150:do_switch$340$rdmux[0][4][11]$a$1814, B=$memory$flatten\mi_pantalla.\core_pantalla.\led_mem.\image_1_inst.$auto$proc_rom.cc:150:do_switch$340$rdmux[0][4][11]$b$1815, Y=$memory$flatten\mi_pantalla.\core_pantalla.\led_mem.\image_1_inst.$auto$proc_rom.cc:150:do_switch$340$rdmux[0][3][5]$b$1773
      New ports: A=$memory$flatten\mi_pantalla.\core_pantalla.\led_mem.\image_1_inst.$auto$proc_rom.cc:150:do_switch$340$rdmux[0][4][11]$a$1814 [0], B=$memory$flatten\mi_pantalla.\core_pantalla.\led_mem.\image_1_inst.$auto$proc_rom.cc:150:do_switch$340$rdmux[0][4][11]$b$1815 [0], Y=$memory$flatten\mi_pantalla.\core_pantalla.\led_mem.\image_1_inst.$auto$proc_rom.cc:150:do_switch$340$rdmux[0][3][5]$b$1773 [0]
      New connections: $memory$flatten\mi_pantalla.\core_pantalla.\led_mem.\image_1_inst.$auto$proc_rom.cc:150:do_switch$340$rdmux[0][3][5]$b$1773 [6:1] = { $memory$flatten\mi_pantalla.\core_pantalla.\led_mem.\image_1_inst.$auto$proc_rom.cc:150:do_switch$340$rdmux[0][3][5]$b$1773 [0] $memory$flatten\mi_pantalla.\core_pantalla.\led_mem.\image_1_inst.$auto$proc_rom.cc:150:do_switch$340$rdmux[0][3][5]$b$1773 [0] $memory$flatten\mi_pantalla.\core_pantalla.\led_mem.\image_1_inst.$auto$proc_rom.cc:150:do_switch$340$rdmux[0][3][5]$b$1773 [0] $memory$flatten\mi_pantalla.\core_pantalla.\led_mem.\image_1_inst.$auto$proc_rom.cc:150:do_switch$340$rdmux[0][3][5]$b$1773 [0] $memory$flatten\mi_pantalla.\core_pantalla.\led_mem.\image_1_inst.$auto$proc_rom.cc:150:do_switch$340$rdmux[0][3][5]$b$1773 [0] $memory$flatten\mi_pantalla.\core_pantalla.\led_mem.\image_1_inst.$auto$proc_rom.cc:150:do_switch$340$rdmux[0][3][5]$b$1773 [0] }
    Consolidated identical input bits for $mux cell $memory$flatten\mi_pantalla.\core_pantalla.\led_mem.\image_1_inst.$auto$proc_rom.cc:150:do_switch$340$rdmux[0][4][10]$1810:
      Old ports: A=$memory$flatten\mi_pantalla.\core_pantalla.\led_mem.\image_1_inst.$auto$proc_rom.cc:150:do_switch$340$rdmux[0][4][10]$a$1811, B=$memory$flatten\mi_pantalla.\core_pantalla.\led_mem.\image_1_inst.$auto$proc_rom.cc:150:do_switch$340$rdmux[0][4][10]$b$1812, Y=$memory$flatten\mi_pantalla.\core_pantalla.\led_mem.\image_1_inst.$auto$proc_rom.cc:150:do_switch$340$rdmux[0][3][5]$a$1772
      New ports: A=$memory$flatten\mi_pantalla.\core_pantalla.\led_mem.\image_1_inst.$auto$proc_rom.cc:150:do_switch$340$rdmux[0][4][10]$a$1811 [0], B=$memory$flatten\mi_pantalla.\core_pantalla.\led_mem.\image_1_inst.$auto$proc_rom.cc:150:do_switch$340$rdmux[0][4][10]$b$1812 [0], Y=$memory$flatten\mi_pantalla.\core_pantalla.\led_mem.\image_1_inst.$auto$proc_rom.cc:150:do_switch$340$rdmux[0][3][5]$a$1772 [0]
      New connections: $memory$flatten\mi_pantalla.\core_pantalla.\led_mem.\image_1_inst.$auto$proc_rom.cc:150:do_switch$340$rdmux[0][3][5]$a$1772 [6:1] = { $memory$flatten\mi_pantalla.\core_pantalla.\led_mem.\image_1_inst.$auto$proc_rom.cc:150:do_switch$340$rdmux[0][3][5]$a$1772 [0] $memory$flatten\mi_pantalla.\core_pantalla.\led_mem.\image_1_inst.$auto$proc_rom.cc:150:do_switch$340$rdmux[0][3][5]$a$1772 [0] $memory$flatten\mi_pantalla.\core_pantalla.\led_mem.\image_1_inst.$auto$proc_rom.cc:150:do_switch$340$rdmux[0][3][5]$a$1772 [0] $memory$flatten\mi_pantalla.\core_pantalla.\led_mem.\image_1_inst.$auto$proc_rom.cc:150:do_switch$340$rdmux[0][3][5]$a$1772 [0] $memory$flatten\mi_pantalla.\core_pantalla.\led_mem.\image_1_inst.$auto$proc_rom.cc:150:do_switch$340$rdmux[0][3][5]$a$1772 [0] $memory$flatten\mi_pantalla.\core_pantalla.\led_mem.\image_1_inst.$auto$proc_rom.cc:150:do_switch$340$rdmux[0][3][5]$a$1772 [0] }
    Consolidated identical input bits for $mux cell $memory$flatten\mi_pantalla.\core_pantalla.\led_mem.\image_1_inst.$auto$proc_rom.cc:150:do_switch$340$rdmux[0][4][9]$1807:
      Old ports: A=$memory$flatten\mi_pantalla.\core_pantalla.\led_mem.\image_1_inst.$auto$proc_rom.cc:150:do_switch$340$rdmux[0][4][9]$a$1808, B=7'0000000, Y=$memory$flatten\mi_pantalla.\core_pantalla.\led_mem.\image_1_inst.$auto$proc_rom.cc:150:do_switch$340$rdmux[0][3][4]$b$1770
      New ports: A=$memory$flatten\mi_pantalla.\core_pantalla.\led_mem.\image_1_inst.$auto$proc_rom.cc:150:do_switch$340$rdmux[0][4][9]$a$1808 [0], B=1'0, Y=$memory$flatten\mi_pantalla.\core_pantalla.\led_mem.\image_1_inst.$auto$proc_rom.cc:150:do_switch$340$rdmux[0][3][4]$b$1770 [0]
      New connections: $memory$flatten\mi_pantalla.\core_pantalla.\led_mem.\image_1_inst.$auto$proc_rom.cc:150:do_switch$340$rdmux[0][3][4]$b$1770 [6:1] = { $memory$flatten\mi_pantalla.\core_pantalla.\led_mem.\image_1_inst.$auto$proc_rom.cc:150:do_switch$340$rdmux[0][3][4]$b$1770 [0] $memory$flatten\mi_pantalla.\core_pantalla.\led_mem.\image_1_inst.$auto$proc_rom.cc:150:do_switch$340$rdmux[0][3][4]$b$1770 [0] $memory$flatten\mi_pantalla.\core_pantalla.\led_mem.\image_1_inst.$auto$proc_rom.cc:150:do_switch$340$rdmux[0][3][4]$b$1770 [0] $memory$flatten\mi_pantalla.\core_pantalla.\led_mem.\image_1_inst.$auto$proc_rom.cc:150:do_switch$340$rdmux[0][3][4]$b$1770 [0] $memory$flatten\mi_pantalla.\core_pantalla.\led_mem.\image_1_inst.$auto$proc_rom.cc:150:do_switch$340$rdmux[0][3][4]$b$1770 [0] $memory$flatten\mi_pantalla.\core_pantalla.\led_mem.\image_1_inst.$auto$proc_rom.cc:150:do_switch$340$rdmux[0][3][4]$b$1770 [0] }
    Consolidated identical input bits for $mux cell $memory$flatten\mi_pantalla.\core_pantalla.\led_mem.\image_1_inst.$auto$proc_rom.cc:150:do_switch$340$rdmux[0][4][8]$1804:
      Old ports: A=7'0000000, B=$memory$flatten\mi_pantalla.\core_pantalla.\led_mem.\image_1_inst.$auto$proc_rom.cc:150:do_switch$340$rdmux[0][4][8]$b$1806, Y=$memory$flatten\mi_pantalla.\core_pantalla.\led_mem.\image_1_inst.$auto$proc_rom.cc:150:do_switch$340$rdmux[0][3][4]$a$1769
      New ports: A=1'0, B=$memory$flatten\mi_pantalla.\core_pantalla.\led_mem.\image_1_inst.$auto$proc_rom.cc:150:do_switch$340$rdmux[0][4][8]$b$1806 [0], Y=$memory$flatten\mi_pantalla.\core_pantalla.\led_mem.\image_1_inst.$auto$proc_rom.cc:150:do_switch$340$rdmux[0][3][4]$a$1769 [0]
      New connections: $memory$flatten\mi_pantalla.\core_pantalla.\led_mem.\image_1_inst.$auto$proc_rom.cc:150:do_switch$340$rdmux[0][3][4]$a$1769 [6:1] = { $memory$flatten\mi_pantalla.\core_pantalla.\led_mem.\image_1_inst.$auto$proc_rom.cc:150:do_switch$340$rdmux[0][3][4]$a$1769 [0] $memory$flatten\mi_pantalla.\core_pantalla.\led_mem.\image_1_inst.$auto$proc_rom.cc:150:do_switch$340$rdmux[0][3][4]$a$1769 [0] $memory$flatten\mi_pantalla.\core_pantalla.\led_mem.\image_1_inst.$auto$proc_rom.cc:150:do_switch$340$rdmux[0][3][4]$a$1769 [0] $memory$flatten\mi_pantalla.\core_pantalla.\led_mem.\image_1_inst.$auto$proc_rom.cc:150:do_switch$340$rdmux[0][3][4]$a$1769 [0] $memory$flatten\mi_pantalla.\core_pantalla.\led_mem.\image_1_inst.$auto$proc_rom.cc:150:do_switch$340$rdmux[0][3][4]$a$1769 [0] $memory$flatten\mi_pantalla.\core_pantalla.\led_mem.\image_1_inst.$auto$proc_rom.cc:150:do_switch$340$rdmux[0][3][4]$a$1769 [0] }
    Consolidated identical input bits for $mux cell $memory$flatten\mi_pantalla.\core_pantalla.\led_mem.\image_1_inst.$auto$proc_rom.cc:150:do_switch$340$rdmux[0][4][5]$1795:
      Old ports: A=7'0000000, B=$memory$flatten\mi_pantalla.\core_pantalla.\led_mem.\image_1_inst.$auto$proc_rom.cc:150:do_switch$340$rdmux[0][4][5]$b$1797, Y=$memory$flatten\mi_pantalla.\core_pantalla.\led_mem.\image_1_inst.$auto$proc_rom.cc:150:do_switch$340$rdmux[0][3][2]$b$1764
      New ports: A=1'0, B=$memory$flatten\mi_pantalla.\core_pantalla.\led_mem.\image_1_inst.$auto$proc_rom.cc:150:do_switch$340$rdmux[0][4][5]$b$1797 [0], Y=$memory$flatten\mi_pantalla.\core_pantalla.\led_mem.\image_1_inst.$auto$proc_rom.cc:150:do_switch$340$rdmux[0][3][2]$b$1764 [0]
      New connections: $memory$flatten\mi_pantalla.\core_pantalla.\led_mem.\image_1_inst.$auto$proc_rom.cc:150:do_switch$340$rdmux[0][3][2]$b$1764 [6:1] = { $memory$flatten\mi_pantalla.\core_pantalla.\led_mem.\image_1_inst.$auto$proc_rom.cc:150:do_switch$340$rdmux[0][3][2]$b$1764 [0] $memory$flatten\mi_pantalla.\core_pantalla.\led_mem.\image_1_inst.$auto$proc_rom.cc:150:do_switch$340$rdmux[0][3][2]$b$1764 [0] $memory$flatten\mi_pantalla.\core_pantalla.\led_mem.\image_1_inst.$auto$proc_rom.cc:150:do_switch$340$rdmux[0][3][2]$b$1764 [0] $memory$flatten\mi_pantalla.\core_pantalla.\led_mem.\image_1_inst.$auto$proc_rom.cc:150:do_switch$340$rdmux[0][3][2]$b$1764 [0] $memory$flatten\mi_pantalla.\core_pantalla.\led_mem.\image_1_inst.$auto$proc_rom.cc:150:do_switch$340$rdmux[0][3][2]$b$1764 [0] $memory$flatten\mi_pantalla.\core_pantalla.\led_mem.\image_1_inst.$auto$proc_rom.cc:150:do_switch$340$rdmux[0][3][2]$b$1764 [0] }
    Consolidated identical input bits for $mux cell $memory$flatten\mi_pantalla.\core_pantalla.\led_mem.\image_1_inst.$auto$proc_rom.cc:150:do_switch$340$rdmux[0][4][4]$1792:
      Old ports: A=$memory$flatten\mi_pantalla.\core_pantalla.\led_mem.\image_1_inst.$auto$proc_rom.cc:150:do_switch$340$rdmux[0][4][4]$a$1793, B=7'0000000, Y=$memory$flatten\mi_pantalla.\core_pantalla.\led_mem.\image_1_inst.$auto$proc_rom.cc:150:do_switch$340$rdmux[0][3][2]$a$1763
      New ports: A=$memory$flatten\mi_pantalla.\core_pantalla.\led_mem.\image_1_inst.$auto$proc_rom.cc:150:do_switch$340$rdmux[0][4][4]$a$1793 [0], B=1'0, Y=$memory$flatten\mi_pantalla.\core_pantalla.\led_mem.\image_1_inst.$auto$proc_rom.cc:150:do_switch$340$rdmux[0][3][2]$a$1763 [0]
      New connections: $memory$flatten\mi_pantalla.\core_pantalla.\led_mem.\image_1_inst.$auto$proc_rom.cc:150:do_switch$340$rdmux[0][3][2]$a$1763 [6:1] = { $memory$flatten\mi_pantalla.\core_pantalla.\led_mem.\image_1_inst.$auto$proc_rom.cc:150:do_switch$340$rdmux[0][3][2]$a$1763 [0] $memory$flatten\mi_pantalla.\core_pantalla.\led_mem.\image_1_inst.$auto$proc_rom.cc:150:do_switch$340$rdmux[0][3][2]$a$1763 [0] $memory$flatten\mi_pantalla.\core_pantalla.\led_mem.\image_1_inst.$auto$proc_rom.cc:150:do_switch$340$rdmux[0][3][2]$a$1763 [0] $memory$flatten\mi_pantalla.\core_pantalla.\led_mem.\image_1_inst.$auto$proc_rom.cc:150:do_switch$340$rdmux[0][3][2]$a$1763 [0] $memory$flatten\mi_pantalla.\core_pantalla.\led_mem.\image_1_inst.$auto$proc_rom.cc:150:do_switch$340$rdmux[0][3][2]$a$1763 [0] $memory$flatten\mi_pantalla.\core_pantalla.\led_mem.\image_1_inst.$auto$proc_rom.cc:150:do_switch$340$rdmux[0][3][2]$a$1763 [0] }
    Consolidated identical input bits for $mux cell $memory$flatten\mi_pantalla.\core_pantalla.\led_mem.\image_1_inst.$auto$proc_rom.cc:150:do_switch$340$rdmux[0][3][1]$1759:
      Old ports: A=$memory$flatten\mi_pantalla.\core_pantalla.\led_mem.\image_1_inst.$auto$proc_rom.cc:150:do_switch$340$rdmux[0][3][1]$a$1760, B=$memory$flatten\mi_pantalla.\core_pantalla.\led_mem.\image_1_inst.$auto$proc_rom.cc:150:do_switch$340$rdmux[0][3][1]$b$1761, Y=$memory$flatten\mi_pantalla.\core_pantalla.\led_mem.\image_1_inst.$auto$proc_rom.cc:150:do_switch$340$rdmux[0][2][0]$b$1746
      New ports: A=$memory$flatten\mi_pantalla.\core_pantalla.\led_mem.\image_1_inst.$auto$proc_rom.cc:150:do_switch$340$rdmux[0][3][1]$a$1760 [0], B=$memory$flatten\mi_pantalla.\core_pantalla.\led_mem.\image_1_inst.$auto$proc_rom.cc:150:do_switch$340$rdmux[0][3][1]$b$1761 [0], Y=$memory$flatten\mi_pantalla.\core_pantalla.\led_mem.\image_1_inst.$auto$proc_rom.cc:150:do_switch$340$rdmux[0][2][0]$b$1746 [0]
      New connections: $memory$flatten\mi_pantalla.\core_pantalla.\led_mem.\image_1_inst.$auto$proc_rom.cc:150:do_switch$340$rdmux[0][2][0]$b$1746 [6:1] = { $memory$flatten\mi_pantalla.\core_pantalla.\led_mem.\image_1_inst.$auto$proc_rom.cc:150:do_switch$340$rdmux[0][2][0]$b$1746 [0] $memory$flatten\mi_pantalla.\core_pantalla.\led_mem.\image_1_inst.$auto$proc_rom.cc:150:do_switch$340$rdmux[0][2][0]$b$1746 [0] $memory$flatten\mi_pantalla.\core_pantalla.\led_mem.\image_1_inst.$auto$proc_rom.cc:150:do_switch$340$rdmux[0][2][0]$b$1746 [0] $memory$flatten\mi_pantalla.\core_pantalla.\led_mem.\image_1_inst.$auto$proc_rom.cc:150:do_switch$340$rdmux[0][2][0]$b$1746 [0] $memory$flatten\mi_pantalla.\core_pantalla.\led_mem.\image_1_inst.$auto$proc_rom.cc:150:do_switch$340$rdmux[0][2][0]$b$1746 [0] $memory$flatten\mi_pantalla.\core_pantalla.\led_mem.\image_1_inst.$auto$proc_rom.cc:150:do_switch$340$rdmux[0][2][0]$b$1746 [0] }
    Consolidated identical input bits for $pmux cell $flatten\mi_controlador.\CONTROL.$procmux$1051:
      Old ports: A=8'00000000, B={ $flatten\mi_controlador.\CONTROL.$2\tx_byte[7:0] 8'10010000 $flatten\mi_controlador.\CONTROL.$3\tx_byte[7:0] 8'10010001 $flatten\mi_controlador.\CONTROL.$4\tx_byte[7:0] }, Y=\mi_i2c_driver.SHIFT.tx_byte
      New ports: A=5'00000, B={ $flatten\mi_controlador.\CONTROL.$2\tx_byte[7:0] [7:6] $flatten\mi_controlador.\CONTROL.$2\tx_byte[7:0] [4] $flatten\mi_controlador.\CONTROL.$2\tx_byte[7:0] [1:0] 5'10100 $flatten\mi_controlador.\CONTROL.$3\tx_byte[7:0] [4] 1'0 $flatten\mi_controlador.\CONTROL.$3\tx_byte[7:0] [4] 7'0010101 $flatten\mi_controlador.\CONTROL.$4\tx_byte[7:0] [0] 1'0 $flatten\mi_controlador.\CONTROL.$4\tx_byte[7:0] [0] 1'0 $flatten\mi_controlador.\CONTROL.$4\tx_byte[7:0] [0] }, Y={ \mi_i2c_driver.SHIFT.tx_byte [7:6] \mi_i2c_driver.SHIFT.tx_byte [4] \mi_i2c_driver.SHIFT.tx_byte [1:0] }
      New connections: { \mi_i2c_driver.SHIFT.tx_byte [5] \mi_i2c_driver.SHIFT.tx_byte [3:2] } = 3'000
    Consolidated identical input bits for $mux cell $flatten\mi_controlador.\CONTROL.$procmux$1083:
      Old ports: A={ 1'0 $auto$wreduce.cc:461:run$1492 [7:0] }, B=9'100000000, Y=$flatten\mi_controlador.\CONTROL.$procmux$1083_Y
      New ports: A={ 1'0 $auto$wreduce.cc:461:run$1492 [7:6] }, B=3'100, Y=$flatten\mi_controlador.\CONTROL.$procmux$1083_Y [8:6]
      New connections: $flatten\mi_controlador.\CONTROL.$procmux$1083_Y [5:0] = 6'000000
    Consolidated identical input bits for $mux cell $flatten\mi_controlador.\CONTROL.$procmux$1091:
      Old ports: A={ 1'0 $auto$wreduce.cc:461:run$1493 [5:0] }, B=7'1000000, Y={ $flatten\mi_controlador.\CONTROL.$procmux$1091_Y [8] $flatten\mi_controlador.\CONTROL.$procmux$1091_Y [5:0] }
      New ports: A={ 1'0 $auto$wreduce.cc:461:run$1493 [5:4] }, B=3'100, Y={ $flatten\mi_controlador.\CONTROL.$procmux$1091_Y [8] $flatten\mi_controlador.\CONTROL.$procmux$1091_Y [5:4] }
      New connections: $flatten\mi_controlador.\CONTROL.$procmux$1091_Y [3:0] = 4'0000
    Consolidated identical input bits for $mux cell $flatten\mi_controlador.\CONTROL.$procmux$1099:
      Old ports: A={ 1'0 $auto$wreduce.cc:461:run$1494 [3:0] }, B=5'10000, Y={ $flatten\mi_controlador.\CONTROL.$procmux$1099_Y [8] $flatten\mi_controlador.\CONTROL.$procmux$1099_Y [3:0] }
      New ports: A={ 1'0 $auto$wreduce.cc:461:run$1494 [3:2] }, B=3'100, Y={ $flatten\mi_controlador.\CONTROL.$procmux$1099_Y [8] $flatten\mi_controlador.\CONTROL.$procmux$1099_Y [3:2] }
      New connections: $flatten\mi_controlador.\CONTROL.$procmux$1099_Y [1:0] = 2'00
    Consolidated identical input bits for $mux cell $flatten\mi_i2c_driver.\CONTROL.$procmux$935:
      Old ports: A={ 1'0 $auto$wreduce.cc:461:run$1497 [4:0] }, B=6'100000, Y={ $flatten\mi_i2c_driver.\CONTROL.$procmux$935_Y [7] $flatten\mi_i2c_driver.\CONTROL.$procmux$935_Y [4:0] }
      New ports: A={ 1'0 $auto$wreduce.cc:461:run$1497 [4] $auto$wreduce.cc:461:run$1497 [2] }, B=3'100, Y={ $flatten\mi_i2c_driver.\CONTROL.$procmux$935_Y [7] $flatten\mi_i2c_driver.\CONTROL.$procmux$935_Y [4] $flatten\mi_i2c_driver.\CONTROL.$procmux$935_Y [2] }
      New connections: { $flatten\mi_i2c_driver.\CONTROL.$procmux$935_Y [3] $flatten\mi_i2c_driver.\CONTROL.$procmux$935_Y [1:0] } = 3'000
    Consolidated identical input bits for $mux cell $flatten\mi_i2c_driver.\CONTROL.$procmux$938:
      Old ports: A=$flatten\mi_i2c_driver.\CONTROL.$procmux$935_Y [7:0], B=8'10000000, Y=$flatten\mi_i2c_driver.\CONTROL.$procmux$938_Y [7:0]
      New ports: A={ $flatten\mi_i2c_driver.\CONTROL.$procmux$935_Y [7] $flatten\mi_i2c_driver.\CONTROL.$procmux$935_Y [4:0] }, B=6'100000, Y={ $flatten\mi_i2c_driver.\CONTROL.$procmux$938_Y [7] $flatten\mi_i2c_driver.\CONTROL.$procmux$938_Y [4:0] }
      New connections: $flatten\mi_i2c_driver.\CONTROL.$procmux$938_Y [6:5] = 2'00
    Consolidated identical input bits for $mux cell $flatten\mi_pantalla.$ternary$Pantalla_I2C.v:47$232:
      Old ports: A=4'0011, B=$flatten\mi_pantalla.$ternary$Pantalla_I2C.v:48$231_Y, Y=$flatten\mi_pantalla.$ternary$Pantalla_I2C.v:47$232_Y
      New ports: A=2'11, B=$flatten\mi_pantalla.$ternary$Pantalla_I2C.v:48$231_Y [1:0], Y=$flatten\mi_pantalla.$ternary$Pantalla_I2C.v:47$232_Y [1:0]
      New connections: $flatten\mi_pantalla.$ternary$Pantalla_I2C.v:47$232_Y [3:2] = 2'00
    Consolidated identical input bits for $pmux cell $flatten\mi_pantalla.\core_pantalla.\led_mem.$procmux$750:
      Old ports: A=24'000000000000000000000000, B={ \mi_pantalla.core_pantalla.led_mem.RGB_IMG_0 \mi_pantalla.core_pantalla.led_mem.RGB_IMG_1 \mi_pantalla.core_pantalla.led_mem.RGB_IMG_2 \mi_pantalla.core_pantalla.led_mem.RGB_IMG_3 \mi_pantalla.core_pantalla.led_mem.RGB_IMG_4 }, Y=\mi_pantalla.core_pantalla.ws2812_led_inst.lsr_rgb0.RGB
      New ports: A=14'00000000000000, B={ \mi_pantalla.core_pantalla.led_mem.RGB_IMG_0 [0] \mi_pantalla.core_pantalla.led_mem.RGB_IMG_0 [0] \mi_pantalla.core_pantalla.led_mem.RGB_IMG_0 [0] \mi_pantalla.core_pantalla.led_mem.RGB_IMG_0 [0] \mi_pantalla.core_pantalla.led_mem.RGB_IMG_0 [0] 8'00000000 \mi_pantalla.core_pantalla.led_mem.RGB_IMG_0 [0] \mi_pantalla.core_pantalla.led_mem.RGB_IMG_1 [23:22] \mi_pantalla.core_pantalla.led_mem.RGB_IMG_1 [18:16] 1'0 \mi_pantalla.core_pantalla.led_mem.RGB_IMG_1 [14] 1'0 \mi_pantalla.core_pantalla.led_mem.RGB_IMG_1 [12] 5'00000 \mi_pantalla.core_pantalla.led_mem.RGB_IMG_2 [23] 4'0000 \mi_pantalla.core_pantalla.led_mem.RGB_IMG_2 [15:8] 6'000000 \mi_pantalla.core_pantalla.led_mem.RGB_IMG_3 [15:8] 6'000000 \mi_pantalla.core_pantalla.led_mem.RGB_IMG_4 [15:8] 1'0 }, Y={ \mi_pantalla.core_pantalla.ws2812_led_inst.lsr_rgb0.RGB [23:22] \mi_pantalla.core_pantalla.ws2812_led_inst.lsr_rgb0.RGB [18:8] \mi_pantalla.core_pantalla.ws2812_led_inst.lsr_rgb0.RGB [0] }
      New connections: { \mi_pantalla.core_pantalla.ws2812_led_inst.lsr_rgb0.RGB [21:19] \mi_pantalla.core_pantalla.ws2812_led_inst.lsr_rgb0.RGB [7:1] } = { \mi_pantalla.core_pantalla.ws2812_led_inst.lsr_rgb0.RGB [0] \mi_pantalla.core_pantalla.ws2812_led_inst.lsr_rgb0.RGB [0] \mi_pantalla.core_pantalla.ws2812_led_inst.lsr_rgb0.RGB [0] \mi_pantalla.core_pantalla.ws2812_led_inst.lsr_rgb0.RGB [0] \mi_pantalla.core_pantalla.ws2812_led_inst.lsr_rgb0.RGB [0] \mi_pantalla.core_pantalla.ws2812_led_inst.lsr_rgb0.RGB [0] \mi_pantalla.core_pantalla.ws2812_led_inst.lsr_rgb0.RGB [0] \mi_pantalla.core_pantalla.ws2812_led_inst.lsr_rgb0.RGB [0] \mi_pantalla.core_pantalla.ws2812_led_inst.lsr_rgb0.RGB [0] \mi_pantalla.core_pantalla.ws2812_led_inst.lsr_rgb0.RGB [0] }
  Optimizing cells in module \TOP_PROYECTO.
    Consolidated identical input bits for $mux cell $memory$flatten\mi_pantalla.\core_pantalla.\led_mem.\image_3_inst.$auto$proc_rom.cc:150:do_switch$348$rdmux[0][3][6]$2152:
      Old ports: A=$memory$flatten\mi_pantalla.\core_pantalla.\led_mem.\image_3_inst.$auto$proc_rom.cc:150:do_switch$348$rdmux[0][3][6]$a$2153, B=$memory$flatten\mi_pantalla.\core_pantalla.\led_mem.\image_3_inst.$auto$proc_rom.cc:150:do_switch$348$rdmux[0][3][6]$b$2154, Y=$memory$flatten\mi_pantalla.\core_pantalla.\led_mem.\image_3_inst.$auto$proc_rom.cc:150:do_switch$348$rdmux[0][2][3]$a$2132
      New ports: A=$memory$flatten\mi_pantalla.\core_pantalla.\led_mem.\image_3_inst.$auto$proc_rom.cc:150:do_switch$348$rdmux[0][3][6]$a$2153 [0], B=$memory$flatten\mi_pantalla.\core_pantalla.\led_mem.\image_3_inst.$auto$proc_rom.cc:150:do_switch$348$rdmux[0][3][6]$b$2154 [0], Y=$memory$flatten\mi_pantalla.\core_pantalla.\led_mem.\image_3_inst.$auto$proc_rom.cc:150:do_switch$348$rdmux[0][2][3]$a$2132 [0]
      New connections: $memory$flatten\mi_pantalla.\core_pantalla.\led_mem.\image_3_inst.$auto$proc_rom.cc:150:do_switch$348$rdmux[0][2][3]$a$2132 [7:1] = { $memory$flatten\mi_pantalla.\core_pantalla.\led_mem.\image_3_inst.$auto$proc_rom.cc:150:do_switch$348$rdmux[0][2][3]$a$2132 [0] $memory$flatten\mi_pantalla.\core_pantalla.\led_mem.\image_3_inst.$auto$proc_rom.cc:150:do_switch$348$rdmux[0][2][3]$a$2132 [0] $memory$flatten\mi_pantalla.\core_pantalla.\led_mem.\image_3_inst.$auto$proc_rom.cc:150:do_switch$348$rdmux[0][2][3]$a$2132 [0] $memory$flatten\mi_pantalla.\core_pantalla.\led_mem.\image_3_inst.$auto$proc_rom.cc:150:do_switch$348$rdmux[0][2][3]$a$2132 [0] $memory$flatten\mi_pantalla.\core_pantalla.\led_mem.\image_3_inst.$auto$proc_rom.cc:150:do_switch$348$rdmux[0][2][3]$a$2132 [0] $memory$flatten\mi_pantalla.\core_pantalla.\led_mem.\image_3_inst.$auto$proc_rom.cc:150:do_switch$348$rdmux[0][2][3]$a$2132 [0] $memory$flatten\mi_pantalla.\core_pantalla.\led_mem.\image_3_inst.$auto$proc_rom.cc:150:do_switch$348$rdmux[0][2][3]$a$2132 [0] }
    Consolidated identical input bits for $mux cell $memory$flatten\mi_pantalla.\core_pantalla.\led_mem.\image_3_inst.$auto$proc_rom.cc:150:do_switch$348$rdmux[0][3][5]$2149:
      Old ports: A=$memory$flatten\mi_pantalla.\core_pantalla.\led_mem.\image_3_inst.$auto$proc_rom.cc:150:do_switch$348$rdmux[0][3][5]$a$2150, B=$memory$flatten\mi_pantalla.\core_pantalla.\led_mem.\image_3_inst.$auto$proc_rom.cc:150:do_switch$348$rdmux[0][3][5]$b$2151, Y=$memory$flatten\mi_pantalla.\core_pantalla.\led_mem.\image_3_inst.$auto$proc_rom.cc:150:do_switch$348$rdmux[0][2][2]$b$2130
      New ports: A=$memory$flatten\mi_pantalla.\core_pantalla.\led_mem.\image_3_inst.$auto$proc_rom.cc:150:do_switch$348$rdmux[0][3][5]$a$2150 [0], B=$memory$flatten\mi_pantalla.\core_pantalla.\led_mem.\image_3_inst.$auto$proc_rom.cc:150:do_switch$348$rdmux[0][3][5]$b$2151 [0], Y=$memory$flatten\mi_pantalla.\core_pantalla.\led_mem.\image_3_inst.$auto$proc_rom.cc:150:do_switch$348$rdmux[0][2][2]$b$2130 [0]
      New connections: $memory$flatten\mi_pantalla.\core_pantalla.\led_mem.\image_3_inst.$auto$proc_rom.cc:150:do_switch$348$rdmux[0][2][2]$b$2130 [7:1] = { $memory$flatten\mi_pantalla.\core_pantalla.\led_mem.\image_3_inst.$auto$proc_rom.cc:150:do_switch$348$rdmux[0][2][2]$b$2130 [0] $memory$flatten\mi_pantalla.\core_pantalla.\led_mem.\image_3_inst.$auto$proc_rom.cc:150:do_switch$348$rdmux[0][2][2]$b$2130 [0] $memory$flatten\mi_pantalla.\core_pantalla.\led_mem.\image_3_inst.$auto$proc_rom.cc:150:do_switch$348$rdmux[0][2][2]$b$2130 [0] $memory$flatten\mi_pantalla.\core_pantalla.\led_mem.\image_3_inst.$auto$proc_rom.cc:150:do_switch$348$rdmux[0][2][2]$b$2130 [0] $memory$flatten\mi_pantalla.\core_pantalla.\led_mem.\image_3_inst.$auto$proc_rom.cc:150:do_switch$348$rdmux[0][2][2]$b$2130 [0] $memory$flatten\mi_pantalla.\core_pantalla.\led_mem.\image_3_inst.$auto$proc_rom.cc:150:do_switch$348$rdmux[0][2][2]$b$2130 [0] $memory$flatten\mi_pantalla.\core_pantalla.\led_mem.\image_3_inst.$auto$proc_rom.cc:150:do_switch$348$rdmux[0][2][2]$b$2130 [0] }
    Consolidated identical input bits for $mux cell $memory$flatten\mi_pantalla.\core_pantalla.\led_mem.\image_3_inst.$auto$proc_rom.cc:150:do_switch$348$rdmux[0][3][4]$2146:
      Old ports: A=$memory$flatten\mi_pantalla.\core_pantalla.\led_mem.\image_3_inst.$auto$proc_rom.cc:150:do_switch$348$rdmux[0][3][4]$a$2147, B=$memory$flatten\mi_pantalla.\core_pantalla.\led_mem.\image_3_inst.$auto$proc_rom.cc:150:do_switch$348$rdmux[0][3][4]$b$2148, Y=$memory$flatten\mi_pantalla.\core_pantalla.\led_mem.\image_3_inst.$auto$proc_rom.cc:150:do_switch$348$rdmux[0][2][2]$a$2129
      New ports: A=$memory$flatten\mi_pantalla.\core_pantalla.\led_mem.\image_3_inst.$auto$proc_rom.cc:150:do_switch$348$rdmux[0][3][4]$a$2147 [0], B=$memory$flatten\mi_pantalla.\core_pantalla.\led_mem.\image_3_inst.$auto$proc_rom.cc:150:do_switch$348$rdmux[0][3][4]$b$2148 [0], Y=$memory$flatten\mi_pantalla.\core_pantalla.\led_mem.\image_3_inst.$auto$proc_rom.cc:150:do_switch$348$rdmux[0][2][2]$a$2129 [0]
      New connections: $memory$flatten\mi_pantalla.\core_pantalla.\led_mem.\image_3_inst.$auto$proc_rom.cc:150:do_switch$348$rdmux[0][2][2]$a$2129 [7:1] = { $memory$flatten\mi_pantalla.\core_pantalla.\led_mem.\image_3_inst.$auto$proc_rom.cc:150:do_switch$348$rdmux[0][2][2]$a$2129 [0] $memory$flatten\mi_pantalla.\core_pantalla.\led_mem.\image_3_inst.$auto$proc_rom.cc:150:do_switch$348$rdmux[0][2][2]$a$2129 [0] $memory$flatten\mi_pantalla.\core_pantalla.\led_mem.\image_3_inst.$auto$proc_rom.cc:150:do_switch$348$rdmux[0][2][2]$a$2129 [0] $memory$flatten\mi_pantalla.\core_pantalla.\led_mem.\image_3_inst.$auto$proc_rom.cc:150:do_switch$348$rdmux[0][2][2]$a$2129 [0] $memory$flatten\mi_pantalla.\core_pantalla.\led_mem.\image_3_inst.$auto$proc_rom.cc:150:do_switch$348$rdmux[0][2][2]$a$2129 [0] $memory$flatten\mi_pantalla.\core_pantalla.\led_mem.\image_3_inst.$auto$proc_rom.cc:150:do_switch$348$rdmux[0][2][2]$a$2129 [0] $memory$flatten\mi_pantalla.\core_pantalla.\led_mem.\image_3_inst.$auto$proc_rom.cc:150:do_switch$348$rdmux[0][2][2]$a$2129 [0] }
    Consolidated identical input bits for $mux cell $memory$flatten\mi_pantalla.\core_pantalla.\led_mem.\image_3_inst.$auto$proc_rom.cc:150:do_switch$348$rdmux[0][3][0]$2134:
      Old ports: A=$memory$flatten\mi_pantalla.\core_pantalla.\led_mem.\image_3_inst.$auto$proc_rom.cc:150:do_switch$348$rdmux[0][3][0]$a$2135, B=$memory$flatten\mi_pantalla.\core_pantalla.\led_mem.\image_3_inst.$auto$proc_rom.cc:150:do_switch$348$rdmux[0][3][0]$b$2136, Y=$memory$flatten\mi_pantalla.\core_pantalla.\led_mem.\image_3_inst.$auto$proc_rom.cc:150:do_switch$348$rdmux[0][2][0]$a$2123
      New ports: A=$memory$flatten\mi_pantalla.\core_pantalla.\led_mem.\image_3_inst.$auto$proc_rom.cc:150:do_switch$348$rdmux[0][3][0]$a$2135 [0], B=$memory$flatten\mi_pantalla.\core_pantalla.\led_mem.\image_3_inst.$auto$proc_rom.cc:150:do_switch$348$rdmux[0][3][0]$b$2136 [0], Y=$memory$flatten\mi_pantalla.\core_pantalla.\led_mem.\image_3_inst.$auto$proc_rom.cc:150:do_switch$348$rdmux[0][2][0]$a$2123 [0]
      New connections: $memory$flatten\mi_pantalla.\core_pantalla.\led_mem.\image_3_inst.$auto$proc_rom.cc:150:do_switch$348$rdmux[0][2][0]$a$2123 [7:1] = { $memory$flatten\mi_pantalla.\core_pantalla.\led_mem.\image_3_inst.$auto$proc_rom.cc:150:do_switch$348$rdmux[0][2][0]$a$2123 [0] $memory$flatten\mi_pantalla.\core_pantalla.\led_mem.\image_3_inst.$auto$proc_rom.cc:150:do_switch$348$rdmux[0][2][0]$a$2123 [0] $memory$flatten\mi_pantalla.\core_pantalla.\led_mem.\image_3_inst.$auto$proc_rom.cc:150:do_switch$348$rdmux[0][2][0]$a$2123 [0] $memory$flatten\mi_pantalla.\core_pantalla.\led_mem.\image_3_inst.$auto$proc_rom.cc:150:do_switch$348$rdmux[0][2][0]$a$2123 [0] $memory$flatten\mi_pantalla.\core_pantalla.\led_mem.\image_3_inst.$auto$proc_rom.cc:150:do_switch$348$rdmux[0][2][0]$a$2123 [0] $memory$flatten\mi_pantalla.\core_pantalla.\led_mem.\image_3_inst.$auto$proc_rom.cc:150:do_switch$348$rdmux[0][2][0]$a$2123 [0] $memory$flatten\mi_pantalla.\core_pantalla.\led_mem.\image_3_inst.$auto$proc_rom.cc:150:do_switch$348$rdmux[0][2][0]$a$2123 [0] }
    Consolidated identical input bits for $mux cell $memory$flatten\mi_pantalla.\core_pantalla.\led_mem.\image_4_inst.$auto$proc_rom.cc:150:do_switch$352$rdmux[0][3][7]$2344:
      Old ports: A=$memory$flatten\mi_pantalla.\core_pantalla.\led_mem.\image_4_inst.$auto$proc_rom.cc:150:do_switch$352$rdmux[0][3][7]$a$2345, B=$memory$flatten\mi_pantalla.\core_pantalla.\led_mem.\image_4_inst.$auto$proc_rom.cc:150:do_switch$352$rdmux[0][3][7]$b$2346, Y=$memory$flatten\mi_pantalla.\core_pantalla.\led_mem.\image_4_inst.$auto$proc_rom.cc:150:do_switch$352$rdmux[0][2][3]$b$2322
      New ports: A=$memory$flatten\mi_pantalla.\core_pantalla.\led_mem.\image_4_inst.$auto$proc_rom.cc:150:do_switch$352$rdmux[0][3][7]$a$2345 [0], B=$memory$flatten\mi_pantalla.\core_pantalla.\led_mem.\image_4_inst.$auto$proc_rom.cc:150:do_switch$352$rdmux[0][3][7]$b$2346 [0], Y=$memory$flatten\mi_pantalla.\core_pantalla.\led_mem.\image_4_inst.$auto$proc_rom.cc:150:do_switch$352$rdmux[0][2][3]$b$2322 [0]
      New connections: $memory$flatten\mi_pantalla.\core_pantalla.\led_mem.\image_4_inst.$auto$proc_rom.cc:150:do_switch$352$rdmux[0][2][3]$b$2322 [7:1] = { $memory$flatten\mi_pantalla.\core_pantalla.\led_mem.\image_4_inst.$auto$proc_rom.cc:150:do_switch$352$rdmux[0][2][3]$b$2322 [0] $memory$flatten\mi_pantalla.\core_pantalla.\led_mem.\image_4_inst.$auto$proc_rom.cc:150:do_switch$352$rdmux[0][2][3]$b$2322 [0] $memory$flatten\mi_pantalla.\core_pantalla.\led_mem.\image_4_inst.$auto$proc_rom.cc:150:do_switch$352$rdmux[0][2][3]$b$2322 [0] $memory$flatten\mi_pantalla.\core_pantalla.\led_mem.\image_4_inst.$auto$proc_rom.cc:150:do_switch$352$rdmux[0][2][3]$b$2322 [0] $memory$flatten\mi_pantalla.\core_pantalla.\led_mem.\image_4_inst.$auto$proc_rom.cc:150:do_switch$352$rdmux[0][2][3]$b$2322 [0] $memory$flatten\mi_pantalla.\core_pantalla.\led_mem.\image_4_inst.$auto$proc_rom.cc:150:do_switch$352$rdmux[0][2][3]$b$2322 [0] $memory$flatten\mi_pantalla.\core_pantalla.\led_mem.\image_4_inst.$auto$proc_rom.cc:150:do_switch$352$rdmux[0][2][3]$b$2322 [0] }
    Consolidated identical input bits for $mux cell $memory$flatten\mi_pantalla.\core_pantalla.\led_mem.\image_4_inst.$auto$proc_rom.cc:150:do_switch$352$rdmux[0][3][5]$2338:
      Old ports: A=$memory$flatten\mi_pantalla.\core_pantalla.\led_mem.\image_4_inst.$auto$proc_rom.cc:150:do_switch$352$rdmux[0][3][5]$a$2339, B=$memory$flatten\mi_pantalla.\core_pantalla.\led_mem.\image_4_inst.$auto$proc_rom.cc:150:do_switch$352$rdmux[0][3][5]$b$2340, Y=$memory$flatten\mi_pantalla.\core_pantalla.\led_mem.\image_4_inst.$auto$proc_rom.cc:150:do_switch$352$rdmux[0][2][2]$b$2319
      New ports: A=$memory$flatten\mi_pantalla.\core_pantalla.\led_mem.\image_4_inst.$auto$proc_rom.cc:150:do_switch$352$rdmux[0][3][5]$a$2339 [0], B=$memory$flatten\mi_pantalla.\core_pantalla.\led_mem.\image_4_inst.$auto$proc_rom.cc:150:do_switch$352$rdmux[0][3][5]$b$2340 [0], Y=$memory$flatten\mi_pantalla.\core_pantalla.\led_mem.\image_4_inst.$auto$proc_rom.cc:150:do_switch$352$rdmux[0][2][2]$b$2319 [0]
      New connections: $memory$flatten\mi_pantalla.\core_pantalla.\led_mem.\image_4_inst.$auto$proc_rom.cc:150:do_switch$352$rdmux[0][2][2]$b$2319 [7:1] = { $memory$flatten\mi_pantalla.\core_pantalla.\led_mem.\image_4_inst.$auto$proc_rom.cc:150:do_switch$352$rdmux[0][2][2]$b$2319 [0] $memory$flatten\mi_pantalla.\core_pantalla.\led_mem.\image_4_inst.$auto$proc_rom.cc:150:do_switch$352$rdmux[0][2][2]$b$2319 [0] $memory$flatten\mi_pantalla.\core_pantalla.\led_mem.\image_4_inst.$auto$proc_rom.cc:150:do_switch$352$rdmux[0][2][2]$b$2319 [0] $memory$flatten\mi_pantalla.\core_pantalla.\led_mem.\image_4_inst.$auto$proc_rom.cc:150:do_switch$352$rdmux[0][2][2]$b$2319 [0] $memory$flatten\mi_pantalla.\core_pantalla.\led_mem.\image_4_inst.$auto$proc_rom.cc:150:do_switch$352$rdmux[0][2][2]$b$2319 [0] $memory$flatten\mi_pantalla.\core_pantalla.\led_mem.\image_4_inst.$auto$proc_rom.cc:150:do_switch$352$rdmux[0][2][2]$b$2319 [0] $memory$flatten\mi_pantalla.\core_pantalla.\led_mem.\image_4_inst.$auto$proc_rom.cc:150:do_switch$352$rdmux[0][2][2]$b$2319 [0] }
    Consolidated identical input bits for $mux cell $memory$flatten\mi_pantalla.\core_pantalla.\led_mem.\image_4_inst.$auto$proc_rom.cc:150:do_switch$352$rdmux[0][3][4]$2335:
      Old ports: A=$memory$flatten\mi_pantalla.\core_pantalla.\led_mem.\image_4_inst.$auto$proc_rom.cc:150:do_switch$352$rdmux[0][3][4]$a$2336, B=$memory$flatten\mi_pantalla.\core_pantalla.\led_mem.\image_4_inst.$auto$proc_rom.cc:150:do_switch$352$rdmux[0][3][4]$b$2337, Y=$memory$flatten\mi_pantalla.\core_pantalla.\led_mem.\image_4_inst.$auto$proc_rom.cc:150:do_switch$352$rdmux[0][2][2]$a$2318
      New ports: A=$memory$flatten\mi_pantalla.\core_pantalla.\led_mem.\image_4_inst.$auto$proc_rom.cc:150:do_switch$352$rdmux[0][3][4]$a$2336 [0], B=$memory$flatten\mi_pantalla.\core_pantalla.\led_mem.\image_4_inst.$auto$proc_rom.cc:150:do_switch$352$rdmux[0][3][4]$b$2337 [0], Y=$memory$flatten\mi_pantalla.\core_pantalla.\led_mem.\image_4_inst.$auto$proc_rom.cc:150:do_switch$352$rdmux[0][2][2]$a$2318 [0]
      New connections: $memory$flatten\mi_pantalla.\core_pantalla.\led_mem.\image_4_inst.$auto$proc_rom.cc:150:do_switch$352$rdmux[0][2][2]$a$2318 [7:1] = { $memory$flatten\mi_pantalla.\core_pantalla.\led_mem.\image_4_inst.$auto$proc_rom.cc:150:do_switch$352$rdmux[0][2][2]$a$2318 [0] $memory$flatten\mi_pantalla.\core_pantalla.\led_mem.\image_4_inst.$auto$proc_rom.cc:150:do_switch$352$rdmux[0][2][2]$a$2318 [0] $memory$flatten\mi_pantalla.\core_pantalla.\led_mem.\image_4_inst.$auto$proc_rom.cc:150:do_switch$352$rdmux[0][2][2]$a$2318 [0] $memory$flatten\mi_pantalla.\core_pantalla.\led_mem.\image_4_inst.$auto$proc_rom.cc:150:do_switch$352$rdmux[0][2][2]$a$2318 [0] $memory$flatten\mi_pantalla.\core_pantalla.\led_mem.\image_4_inst.$auto$proc_rom.cc:150:do_switch$352$rdmux[0][2][2]$a$2318 [0] $memory$flatten\mi_pantalla.\core_pantalla.\led_mem.\image_4_inst.$auto$proc_rom.cc:150:do_switch$352$rdmux[0][2][2]$a$2318 [0] $memory$flatten\mi_pantalla.\core_pantalla.\led_mem.\image_4_inst.$auto$proc_rom.cc:150:do_switch$352$rdmux[0][2][2]$a$2318 [0] }
    Consolidated identical input bits for $mux cell $memory$flatten\mi_pantalla.\core_pantalla.\led_mem.\image_4_inst.$auto$proc_rom.cc:150:do_switch$352$rdmux[0][3][2]$2329:
      Old ports: A=$memory$flatten\mi_pantalla.\core_pantalla.\led_mem.\image_4_inst.$auto$proc_rom.cc:150:do_switch$352$rdmux[0][3][2]$a$2330, B=$memory$flatten\mi_pantalla.\core_pantalla.\led_mem.\image_4_inst.$auto$proc_rom.cc:150:do_switch$352$rdmux[0][3][2]$b$2331, Y=$memory$flatten\mi_pantalla.\core_pantalla.\led_mem.\image_4_inst.$auto$proc_rom.cc:150:do_switch$352$rdmux[0][2][1]$a$2315
      New ports: A=$memory$flatten\mi_pantalla.\core_pantalla.\led_mem.\image_4_inst.$auto$proc_rom.cc:150:do_switch$352$rdmux[0][3][2]$a$2330 [0], B=$memory$flatten\mi_pantalla.\core_pantalla.\led_mem.\image_4_inst.$auto$proc_rom.cc:150:do_switch$352$rdmux[0][3][2]$b$2331 [0], Y=$memory$flatten\mi_pantalla.\core_pantalla.\led_mem.\image_4_inst.$auto$proc_rom.cc:150:do_switch$352$rdmux[0][2][1]$a$2315 [0]
      New connections: $memory$flatten\mi_pantalla.\core_pantalla.\led_mem.\image_4_inst.$auto$proc_rom.cc:150:do_switch$352$rdmux[0][2][1]$a$2315 [7:1] = { $memory$flatten\mi_pantalla.\core_pantalla.\led_mem.\image_4_inst.$auto$proc_rom.cc:150:do_switch$352$rdmux[0][2][1]$a$2315 [0] $memory$flatten\mi_pantalla.\core_pantalla.\led_mem.\image_4_inst.$auto$proc_rom.cc:150:do_switch$352$rdmux[0][2][1]$a$2315 [0] $memory$flatten\mi_pantalla.\core_pantalla.\led_mem.\image_4_inst.$auto$proc_rom.cc:150:do_switch$352$rdmux[0][2][1]$a$2315 [0] $memory$flatten\mi_pantalla.\core_pantalla.\led_mem.\image_4_inst.$auto$proc_rom.cc:150:do_switch$352$rdmux[0][2][1]$a$2315 [0] $memory$flatten\mi_pantalla.\core_pantalla.\led_mem.\image_4_inst.$auto$proc_rom.cc:150:do_switch$352$rdmux[0][2][1]$a$2315 [0] $memory$flatten\mi_pantalla.\core_pantalla.\led_mem.\image_4_inst.$auto$proc_rom.cc:150:do_switch$352$rdmux[0][2][1]$a$2315 [0] $memory$flatten\mi_pantalla.\core_pantalla.\led_mem.\image_4_inst.$auto$proc_rom.cc:150:do_switch$352$rdmux[0][2][1]$a$2315 [0] }
    Consolidated identical input bits for $mux cell $memory$flatten\mi_pantalla.\core_pantalla.\led_mem.\image_4_inst.$auto$proc_rom.cc:150:do_switch$352$rdmux[0][3][1]$2326:
      Old ports: A=$memory$flatten\mi_pantalla.\core_pantalla.\led_mem.\image_4_inst.$auto$proc_rom.cc:150:do_switch$352$rdmux[0][3][1]$a$2327, B=$memory$flatten\mi_pantalla.\core_pantalla.\led_mem.\image_4_inst.$auto$proc_rom.cc:150:do_switch$352$rdmux[0][3][1]$b$2328, Y=$memory$flatten\mi_pantalla.\core_pantalla.\led_mem.\image_4_inst.$auto$proc_rom.cc:150:do_switch$352$rdmux[0][2][0]$b$2313
      New ports: A=$memory$flatten\mi_pantalla.\core_pantalla.\led_mem.\image_4_inst.$auto$proc_rom.cc:150:do_switch$352$rdmux[0][3][1]$a$2327 [0], B=$memory$flatten\mi_pantalla.\core_pantalla.\led_mem.\image_4_inst.$auto$proc_rom.cc:150:do_switch$352$rdmux[0][3][1]$b$2328 [0], Y=$memory$flatten\mi_pantalla.\core_pantalla.\led_mem.\image_4_inst.$auto$proc_rom.cc:150:do_switch$352$rdmux[0][2][0]$b$2313 [0]
      New connections: $memory$flatten\mi_pantalla.\core_pantalla.\led_mem.\image_4_inst.$auto$proc_rom.cc:150:do_switch$352$rdmux[0][2][0]$b$2313 [7:1] = { $memory$flatten\mi_pantalla.\core_pantalla.\led_mem.\image_4_inst.$auto$proc_rom.cc:150:do_switch$352$rdmux[0][2][0]$b$2313 [0] $memory$flatten\mi_pantalla.\core_pantalla.\led_mem.\image_4_inst.$auto$proc_rom.cc:150:do_switch$352$rdmux[0][2][0]$b$2313 [0] $memory$flatten\mi_pantalla.\core_pantalla.\led_mem.\image_4_inst.$auto$proc_rom.cc:150:do_switch$352$rdmux[0][2][0]$b$2313 [0] $memory$flatten\mi_pantalla.\core_pantalla.\led_mem.\image_4_inst.$auto$proc_rom.cc:150:do_switch$352$rdmux[0][2][0]$b$2313 [0] $memory$flatten\mi_pantalla.\core_pantalla.\led_mem.\image_4_inst.$auto$proc_rom.cc:150:do_switch$352$rdmux[0][2][0]$b$2313 [0] $memory$flatten\mi_pantalla.\core_pantalla.\led_mem.\image_4_inst.$auto$proc_rom.cc:150:do_switch$352$rdmux[0][2][0]$b$2313 [0] $memory$flatten\mi_pantalla.\core_pantalla.\led_mem.\image_4_inst.$auto$proc_rom.cc:150:do_switch$352$rdmux[0][2][0]$b$2313 [0] }
    Consolidated identical input bits for $mux cell $memory$flatten\mi_pantalla.\core_pantalla.\led_mem.\image_4_inst.$auto$proc_rom.cc:150:do_switch$352$rdmux[0][3][3]$2332:
      Old ports: A=$memory$flatten\mi_pantalla.\core_pantalla.\led_mem.\image_4_inst.$auto$proc_rom.cc:150:do_switch$352$rdmux[0][3][3]$a$2333, B=$memory$flatten\mi_pantalla.\core_pantalla.\led_mem.\image_4_inst.$auto$proc_rom.cc:150:do_switch$352$rdmux[0][3][3]$b$2334, Y=$memory$flatten\mi_pantalla.\core_pantalla.\led_mem.\image_4_inst.$auto$proc_rom.cc:150:do_switch$352$rdmux[0][2][1]$b$2316
      New ports: A=$memory$flatten\mi_pantalla.\core_pantalla.\led_mem.\image_4_inst.$auto$proc_rom.cc:150:do_switch$352$rdmux[0][3][3]$a$2333 [0], B=$memory$flatten\mi_pantalla.\core_pantalla.\led_mem.\image_4_inst.$auto$proc_rom.cc:150:do_switch$352$rdmux[0][3][3]$b$2334 [0], Y=$memory$flatten\mi_pantalla.\core_pantalla.\led_mem.\image_4_inst.$auto$proc_rom.cc:150:do_switch$352$rdmux[0][2][1]$b$2316 [0]
      New connections: $memory$flatten\mi_pantalla.\core_pantalla.\led_mem.\image_4_inst.$auto$proc_rom.cc:150:do_switch$352$rdmux[0][2][1]$b$2316 [7:1] = { $memory$flatten\mi_pantalla.\core_pantalla.\led_mem.\image_4_inst.$auto$proc_rom.cc:150:do_switch$352$rdmux[0][2][1]$b$2316 [0] $memory$flatten\mi_pantalla.\core_pantalla.\led_mem.\image_4_inst.$auto$proc_rom.cc:150:do_switch$352$rdmux[0][2][1]$b$2316 [0] $memory$flatten\mi_pantalla.\core_pantalla.\led_mem.\image_4_inst.$auto$proc_rom.cc:150:do_switch$352$rdmux[0][2][1]$b$2316 [0] $memory$flatten\mi_pantalla.\core_pantalla.\led_mem.\image_4_inst.$auto$proc_rom.cc:150:do_switch$352$rdmux[0][2][1]$b$2316 [0] $memory$flatten\mi_pantalla.\core_pantalla.\led_mem.\image_4_inst.$auto$proc_rom.cc:150:do_switch$352$rdmux[0][2][1]$b$2316 [0] $memory$flatten\mi_pantalla.\core_pantalla.\led_mem.\image_4_inst.$auto$proc_rom.cc:150:do_switch$352$rdmux[0][2][1]$b$2316 [0] $memory$flatten\mi_pantalla.\core_pantalla.\led_mem.\image_4_inst.$auto$proc_rom.cc:150:do_switch$352$rdmux[0][2][1]$b$2316 [0] }
    Consolidated identical input bits for $mux cell $memory$flatten\mi_pantalla.\core_pantalla.\led_mem.\image_4_inst.$auto$proc_rom.cc:150:do_switch$352$rdmux[0][3][0]$2323:
      Old ports: A=$memory$flatten\mi_pantalla.\core_pantalla.\led_mem.\image_4_inst.$auto$proc_rom.cc:150:do_switch$352$rdmux[0][3][0]$a$2324, B=$memory$flatten\mi_pantalla.\core_pantalla.\led_mem.\image_4_inst.$auto$proc_rom.cc:150:do_switch$352$rdmux[0][3][0]$b$2325, Y=$memory$flatten\mi_pantalla.\core_pantalla.\led_mem.\image_4_inst.$auto$proc_rom.cc:150:do_switch$352$rdmux[0][2][0]$a$2312
      New ports: A=$memory$flatten\mi_pantalla.\core_pantalla.\led_mem.\image_4_inst.$auto$proc_rom.cc:150:do_switch$352$rdmux[0][3][0]$a$2324 [0], B=$memory$flatten\mi_pantalla.\core_pantalla.\led_mem.\image_4_inst.$auto$proc_rom.cc:150:do_switch$352$rdmux[0][3][0]$b$2325 [0], Y=$memory$flatten\mi_pantalla.\core_pantalla.\led_mem.\image_4_inst.$auto$proc_rom.cc:150:do_switch$352$rdmux[0][2][0]$a$2312 [0]
      New connections: $memory$flatten\mi_pantalla.\core_pantalla.\led_mem.\image_4_inst.$auto$proc_rom.cc:150:do_switch$352$rdmux[0][2][0]$a$2312 [7:1] = { $memory$flatten\mi_pantalla.\core_pantalla.\led_mem.\image_4_inst.$auto$proc_rom.cc:150:do_switch$352$rdmux[0][2][0]$a$2312 [0] $memory$flatten\mi_pantalla.\core_pantalla.\led_mem.\image_4_inst.$auto$proc_rom.cc:150:do_switch$352$rdmux[0][2][0]$a$2312 [0] $memory$flatten\mi_pantalla.\core_pantalla.\led_mem.\image_4_inst.$auto$proc_rom.cc:150:do_switch$352$rdmux[0][2][0]$a$2312 [0] $memory$flatten\mi_pantalla.\core_pantalla.\led_mem.\image_4_inst.$auto$proc_rom.cc:150:do_switch$352$rdmux[0][2][0]$a$2312 [0] $memory$flatten\mi_pantalla.\core_pantalla.\led_mem.\image_4_inst.$auto$proc_rom.cc:150:do_switch$352$rdmux[0][2][0]$a$2312 [0] $memory$flatten\mi_pantalla.\core_pantalla.\led_mem.\image_4_inst.$auto$proc_rom.cc:150:do_switch$352$rdmux[0][2][0]$a$2312 [0] $memory$flatten\mi_pantalla.\core_pantalla.\led_mem.\image_4_inst.$auto$proc_rom.cc:150:do_switch$352$rdmux[0][2][0]$a$2312 [0] }
    Consolidated identical input bits for $mux cell $memory$flatten\mi_pantalla.\core_pantalla.\led_mem.\image_2_inst.$auto$proc_rom.cc:150:do_switch$344$rdmux[0][3][6]$1963:
      Old ports: A=$memory$flatten\mi_pantalla.\core_pantalla.\led_mem.\image_2_inst.$auto$proc_rom.cc:150:do_switch$344$rdmux[0][3][6]$a$1964, B=$memory$flatten\mi_pantalla.\core_pantalla.\led_mem.\image_2_inst.$auto$proc_rom.cc:150:do_switch$344$rdmux[0][3][6]$b$1965, Y=$memory$flatten\mi_pantalla.\core_pantalla.\led_mem.\image_2_inst.$auto$proc_rom.cc:150:do_switch$344$rdmux[0][2][3]$a$1943
      New ports: A=$memory$flatten\mi_pantalla.\core_pantalla.\led_mem.\image_2_inst.$auto$proc_rom.cc:150:do_switch$344$rdmux[0][3][6]$a$1964 [0], B=$memory$flatten\mi_pantalla.\core_pantalla.\led_mem.\image_2_inst.$auto$proc_rom.cc:150:do_switch$344$rdmux[0][3][6]$b$1965 [0], Y=$memory$flatten\mi_pantalla.\core_pantalla.\led_mem.\image_2_inst.$auto$proc_rom.cc:150:do_switch$344$rdmux[0][2][3]$a$1943 [0]
      New connections: $memory$flatten\mi_pantalla.\core_pantalla.\led_mem.\image_2_inst.$auto$proc_rom.cc:150:do_switch$344$rdmux[0][2][3]$a$1943 [8:1] = { $memory$flatten\mi_pantalla.\core_pantalla.\led_mem.\image_2_inst.$auto$proc_rom.cc:150:do_switch$344$rdmux[0][2][3]$a$1943 [0] $memory$flatten\mi_pantalla.\core_pantalla.\led_mem.\image_2_inst.$auto$proc_rom.cc:150:do_switch$344$rdmux[0][2][3]$a$1943 [0] $memory$flatten\mi_pantalla.\core_pantalla.\led_mem.\image_2_inst.$auto$proc_rom.cc:150:do_switch$344$rdmux[0][2][3]$a$1943 [0] $memory$flatten\mi_pantalla.\core_pantalla.\led_mem.\image_2_inst.$auto$proc_rom.cc:150:do_switch$344$rdmux[0][2][3]$a$1943 [0] $memory$flatten\mi_pantalla.\core_pantalla.\led_mem.\image_2_inst.$auto$proc_rom.cc:150:do_switch$344$rdmux[0][2][3]$a$1943 [0] $memory$flatten\mi_pantalla.\core_pantalla.\led_mem.\image_2_inst.$auto$proc_rom.cc:150:do_switch$344$rdmux[0][2][3]$a$1943 [0] $memory$flatten\mi_pantalla.\core_pantalla.\led_mem.\image_2_inst.$auto$proc_rom.cc:150:do_switch$344$rdmux[0][2][3]$a$1943 [0] $memory$flatten\mi_pantalla.\core_pantalla.\led_mem.\image_2_inst.$auto$proc_rom.cc:150:do_switch$344$rdmux[0][2][3]$a$1943 [0] }
    Consolidated identical input bits for $mux cell $memory$flatten\mi_pantalla.\core_pantalla.\led_mem.\image_2_inst.$auto$proc_rom.cc:150:do_switch$344$rdmux[0][3][5]$1960:
      Old ports: A=$memory$flatten\mi_pantalla.\core_pantalla.\led_mem.\image_2_inst.$auto$proc_rom.cc:150:do_switch$344$rdmux[0][3][5]$a$1961, B=$memory$flatten\mi_pantalla.\core_pantalla.\led_mem.\image_2_inst.$auto$proc_rom.cc:150:do_switch$344$rdmux[0][3][5]$b$1962, Y=$memory$flatten\mi_pantalla.\core_pantalla.\led_mem.\image_2_inst.$auto$proc_rom.cc:150:do_switch$344$rdmux[0][2][2]$b$1941
      New ports: A=$memory$flatten\mi_pantalla.\core_pantalla.\led_mem.\image_2_inst.$auto$proc_rom.cc:150:do_switch$344$rdmux[0][3][5]$a$1961 [0], B=$memory$flatten\mi_pantalla.\core_pantalla.\led_mem.\image_2_inst.$auto$proc_rom.cc:150:do_switch$344$rdmux[0][3][5]$b$1962 [0], Y=$memory$flatten\mi_pantalla.\core_pantalla.\led_mem.\image_2_inst.$auto$proc_rom.cc:150:do_switch$344$rdmux[0][2][2]$b$1941 [0]
      New connections: $memory$flatten\mi_pantalla.\core_pantalla.\led_mem.\image_2_inst.$auto$proc_rom.cc:150:do_switch$344$rdmux[0][2][2]$b$1941 [8:1] = { $memory$flatten\mi_pantalla.\core_pantalla.\led_mem.\image_2_inst.$auto$proc_rom.cc:150:do_switch$344$rdmux[0][2][2]$b$1941 [0] $memory$flatten\mi_pantalla.\core_pantalla.\led_mem.\image_2_inst.$auto$proc_rom.cc:150:do_switch$344$rdmux[0][2][2]$b$1941 [0] $memory$flatten\mi_pantalla.\core_pantalla.\led_mem.\image_2_inst.$auto$proc_rom.cc:150:do_switch$344$rdmux[0][2][2]$b$1941 [0] $memory$flatten\mi_pantalla.\core_pantalla.\led_mem.\image_2_inst.$auto$proc_rom.cc:150:do_switch$344$rdmux[0][2][2]$b$1941 [0] $memory$flatten\mi_pantalla.\core_pantalla.\led_mem.\image_2_inst.$auto$proc_rom.cc:150:do_switch$344$rdmux[0][2][2]$b$1941 [0] $memory$flatten\mi_pantalla.\core_pantalla.\led_mem.\image_2_inst.$auto$proc_rom.cc:150:do_switch$344$rdmux[0][2][2]$b$1941 [0] $memory$flatten\mi_pantalla.\core_pantalla.\led_mem.\image_2_inst.$auto$proc_rom.cc:150:do_switch$344$rdmux[0][2][2]$b$1941 [0] $memory$flatten\mi_pantalla.\core_pantalla.\led_mem.\image_2_inst.$auto$proc_rom.cc:150:do_switch$344$rdmux[0][2][2]$b$1941 [0] }
    Consolidated identical input bits for $mux cell $memory$flatten\mi_pantalla.\core_pantalla.\led_mem.\image_2_inst.$auto$proc_rom.cc:150:do_switch$344$rdmux[0][3][4]$1957:
      Old ports: A=$memory$flatten\mi_pantalla.\core_pantalla.\led_mem.\image_2_inst.$auto$proc_rom.cc:150:do_switch$344$rdmux[0][3][4]$a$1958, B=$memory$flatten\mi_pantalla.\core_pantalla.\led_mem.\image_2_inst.$auto$proc_rom.cc:150:do_switch$344$rdmux[0][3][4]$b$1959, Y=$memory$flatten\mi_pantalla.\core_pantalla.\led_mem.\image_2_inst.$auto$proc_rom.cc:150:do_switch$344$rdmux[0][2][2]$a$1940
      New ports: A=$memory$flatten\mi_pantalla.\core_pantalla.\led_mem.\image_2_inst.$auto$proc_rom.cc:150:do_switch$344$rdmux[0][3][4]$a$1958 [0], B=$memory$flatten\mi_pantalla.\core_pantalla.\led_mem.\image_2_inst.$auto$proc_rom.cc:150:do_switch$344$rdmux[0][3][4]$b$1959 [0], Y=$memory$flatten\mi_pantalla.\core_pantalla.\led_mem.\image_2_inst.$auto$proc_rom.cc:150:do_switch$344$rdmux[0][2][2]$a$1940 [0]
      New connections: $memory$flatten\mi_pantalla.\core_pantalla.\led_mem.\image_2_inst.$auto$proc_rom.cc:150:do_switch$344$rdmux[0][2][2]$a$1940 [8:1] = { $memory$flatten\mi_pantalla.\core_pantalla.\led_mem.\image_2_inst.$auto$proc_rom.cc:150:do_switch$344$rdmux[0][2][2]$a$1940 [0] $memory$flatten\mi_pantalla.\core_pantalla.\led_mem.\image_2_inst.$auto$proc_rom.cc:150:do_switch$344$rdmux[0][2][2]$a$1940 [0] $memory$flatten\mi_pantalla.\core_pantalla.\led_mem.\image_2_inst.$auto$proc_rom.cc:150:do_switch$344$rdmux[0][2][2]$a$1940 [0] $memory$flatten\mi_pantalla.\core_pantalla.\led_mem.\image_2_inst.$auto$proc_rom.cc:150:do_switch$344$rdmux[0][2][2]$a$1940 [0] $memory$flatten\mi_pantalla.\core_pantalla.\led_mem.\image_2_inst.$auto$proc_rom.cc:150:do_switch$344$rdmux[0][2][2]$a$1940 [0] $memory$flatten\mi_pantalla.\core_pantalla.\led_mem.\image_2_inst.$auto$proc_rom.cc:150:do_switch$344$rdmux[0][2][2]$a$1940 [0] $memory$flatten\mi_pantalla.\core_pantalla.\led_mem.\image_2_inst.$auto$proc_rom.cc:150:do_switch$344$rdmux[0][2][2]$a$1940 [0] $memory$flatten\mi_pantalla.\core_pantalla.\led_mem.\image_2_inst.$auto$proc_rom.cc:150:do_switch$344$rdmux[0][2][2]$a$1940 [0] }
    Consolidated identical input bits for $mux cell $memory$flatten\mi_pantalla.\core_pantalla.\led_mem.\image_2_inst.$auto$proc_rom.cc:150:do_switch$344$rdmux[0][3][1]$1948:
      Old ports: A=$memory$flatten\mi_pantalla.\core_pantalla.\led_mem.\image_2_inst.$auto$proc_rom.cc:150:do_switch$344$rdmux[0][3][1]$a$1949, B=$memory$flatten\mi_pantalla.\core_pantalla.\led_mem.\image_2_inst.$auto$proc_rom.cc:150:do_switch$344$rdmux[0][3][1]$b$1950, Y=$memory$flatten\mi_pantalla.\core_pantalla.\led_mem.\image_2_inst.$auto$proc_rom.cc:150:do_switch$344$rdmux[0][2][0]$b$1935
      New ports: A=$memory$flatten\mi_pantalla.\core_pantalla.\led_mem.\image_2_inst.$auto$proc_rom.cc:150:do_switch$344$rdmux[0][3][1]$a$1949 [0], B=$memory$flatten\mi_pantalla.\core_pantalla.\led_mem.\image_2_inst.$auto$proc_rom.cc:150:do_switch$344$rdmux[0][3][1]$b$1950 [0], Y=$memory$flatten\mi_pantalla.\core_pantalla.\led_mem.\image_2_inst.$auto$proc_rom.cc:150:do_switch$344$rdmux[0][2][0]$b$1935 [0]
      New connections: $memory$flatten\mi_pantalla.\core_pantalla.\led_mem.\image_2_inst.$auto$proc_rom.cc:150:do_switch$344$rdmux[0][2][0]$b$1935 [8:1] = { $memory$flatten\mi_pantalla.\core_pantalla.\led_mem.\image_2_inst.$auto$proc_rom.cc:150:do_switch$344$rdmux[0][2][0]$b$1935 [0] $memory$flatten\mi_pantalla.\core_pantalla.\led_mem.\image_2_inst.$auto$proc_rom.cc:150:do_switch$344$rdmux[0][2][0]$b$1935 [0] $memory$flatten\mi_pantalla.\core_pantalla.\led_mem.\image_2_inst.$auto$proc_rom.cc:150:do_switch$344$rdmux[0][2][0]$b$1935 [0] $memory$flatten\mi_pantalla.\core_pantalla.\led_mem.\image_2_inst.$auto$proc_rom.cc:150:do_switch$344$rdmux[0][2][0]$b$1935 [0] $memory$flatten\mi_pantalla.\core_pantalla.\led_mem.\image_2_inst.$auto$proc_rom.cc:150:do_switch$344$rdmux[0][2][0]$b$1935 [0] $memory$flatten\mi_pantalla.\core_pantalla.\led_mem.\image_2_inst.$auto$proc_rom.cc:150:do_switch$344$rdmux[0][2][0]$b$1935 [0] $memory$flatten\mi_pantalla.\core_pantalla.\led_mem.\image_2_inst.$auto$proc_rom.cc:150:do_switch$344$rdmux[0][2][0]$b$1935 [0] $memory$flatten\mi_pantalla.\core_pantalla.\led_mem.\image_2_inst.$auto$proc_rom.cc:150:do_switch$344$rdmux[0][2][0]$b$1935 [0] }
    Consolidated identical input bits for $mux cell $memory$flatten\mi_pantalla.\core_pantalla.\led_mem.\image_4_inst.$auto$proc_rom.cc:150:do_switch$352$rdmux[0][3][6]$2341:
      Old ports: A=$memory$flatten\mi_pantalla.\core_pantalla.\led_mem.\image_4_inst.$auto$proc_rom.cc:150:do_switch$352$rdmux[0][3][6]$a$2342, B=$memory$flatten\mi_pantalla.\core_pantalla.\led_mem.\image_4_inst.$auto$proc_rom.cc:150:do_switch$352$rdmux[0][3][6]$b$2343, Y=$memory$flatten\mi_pantalla.\core_pantalla.\led_mem.\image_4_inst.$auto$proc_rom.cc:150:do_switch$352$rdmux[0][2][3]$a$2321
      New ports: A=$memory$flatten\mi_pantalla.\core_pantalla.\led_mem.\image_4_inst.$auto$proc_rom.cc:150:do_switch$352$rdmux[0][3][6]$a$2342 [0], B=$memory$flatten\mi_pantalla.\core_pantalla.\led_mem.\image_4_inst.$auto$proc_rom.cc:150:do_switch$352$rdmux[0][3][6]$b$2343 [0], Y=$memory$flatten\mi_pantalla.\core_pantalla.\led_mem.\image_4_inst.$auto$proc_rom.cc:150:do_switch$352$rdmux[0][2][3]$a$2321 [0]
      New connections: $memory$flatten\mi_pantalla.\core_pantalla.\led_mem.\image_4_inst.$auto$proc_rom.cc:150:do_switch$352$rdmux[0][2][3]$a$2321 [7:1] = { $memory$flatten\mi_pantalla.\core_pantalla.\led_mem.\image_4_inst.$auto$proc_rom.cc:150:do_switch$352$rdmux[0][2][3]$a$2321 [0] $memory$flatten\mi_pantalla.\core_pantalla.\led_mem.\image_4_inst.$auto$proc_rom.cc:150:do_switch$352$rdmux[0][2][3]$a$2321 [0] $memory$flatten\mi_pantalla.\core_pantalla.\led_mem.\image_4_inst.$auto$proc_rom.cc:150:do_switch$352$rdmux[0][2][3]$a$2321 [0] $memory$flatten\mi_pantalla.\core_pantalla.\led_mem.\image_4_inst.$auto$proc_rom.cc:150:do_switch$352$rdmux[0][2][3]$a$2321 [0] $memory$flatten\mi_pantalla.\core_pantalla.\led_mem.\image_4_inst.$auto$proc_rom.cc:150:do_switch$352$rdmux[0][2][3]$a$2321 [0] $memory$flatten\mi_pantalla.\core_pantalla.\led_mem.\image_4_inst.$auto$proc_rom.cc:150:do_switch$352$rdmux[0][2][3]$a$2321 [0] $memory$flatten\mi_pantalla.\core_pantalla.\led_mem.\image_4_inst.$auto$proc_rom.cc:150:do_switch$352$rdmux[0][2][3]$a$2321 [0] }
    Consolidated identical input bits for $mux cell $memory$flatten\mi_pantalla.\core_pantalla.\led_mem.\image_1_inst.$auto$proc_rom.cc:150:do_switch$340$rdmux[0][3][6]$1774:
      Old ports: A=$memory$flatten\mi_pantalla.\core_pantalla.\led_mem.\image_1_inst.$auto$proc_rom.cc:150:do_switch$340$rdmux[0][3][6]$a$1775, B=$memory$flatten\mi_pantalla.\core_pantalla.\led_mem.\image_1_inst.$auto$proc_rom.cc:150:do_switch$340$rdmux[0][3][6]$b$1776, Y=$memory$flatten\mi_pantalla.\core_pantalla.\led_mem.\image_1_inst.$auto$proc_rom.cc:150:do_switch$340$rdmux[0][2][3]$a$1754
      New ports: A=$memory$flatten\mi_pantalla.\core_pantalla.\led_mem.\image_1_inst.$auto$proc_rom.cc:150:do_switch$340$rdmux[0][3][6]$a$1775 [0], B=$memory$flatten\mi_pantalla.\core_pantalla.\led_mem.\image_1_inst.$auto$proc_rom.cc:150:do_switch$340$rdmux[0][3][6]$b$1776 [0], Y=$memory$flatten\mi_pantalla.\core_pantalla.\led_mem.\image_1_inst.$auto$proc_rom.cc:150:do_switch$340$rdmux[0][2][3]$a$1754 [0]
      New connections: $memory$flatten\mi_pantalla.\core_pantalla.\led_mem.\image_1_inst.$auto$proc_rom.cc:150:do_switch$340$rdmux[0][2][3]$a$1754 [6:1] = { $memory$flatten\mi_pantalla.\core_pantalla.\led_mem.\image_1_inst.$auto$proc_rom.cc:150:do_switch$340$rdmux[0][2][3]$a$1754 [0] $memory$flatten\mi_pantalla.\core_pantalla.\led_mem.\image_1_inst.$auto$proc_rom.cc:150:do_switch$340$rdmux[0][2][3]$a$1754 [0] $memory$flatten\mi_pantalla.\core_pantalla.\led_mem.\image_1_inst.$auto$proc_rom.cc:150:do_switch$340$rdmux[0][2][3]$a$1754 [0] $memory$flatten\mi_pantalla.\core_pantalla.\led_mem.\image_1_inst.$auto$proc_rom.cc:150:do_switch$340$rdmux[0][2][3]$a$1754 [0] $memory$flatten\mi_pantalla.\core_pantalla.\led_mem.\image_1_inst.$auto$proc_rom.cc:150:do_switch$340$rdmux[0][2][3]$a$1754 [0] $memory$flatten\mi_pantalla.\core_pantalla.\led_mem.\image_1_inst.$auto$proc_rom.cc:150:do_switch$340$rdmux[0][2][3]$a$1754 [0] }
    Consolidated identical input bits for $mux cell $memory$flatten\mi_pantalla.\core_pantalla.\led_mem.\image_1_inst.$auto$proc_rom.cc:150:do_switch$340$rdmux[0][3][5]$1771:
      Old ports: A=$memory$flatten\mi_pantalla.\core_pantalla.\led_mem.\image_1_inst.$auto$proc_rom.cc:150:do_switch$340$rdmux[0][3][5]$a$1772, B=$memory$flatten\mi_pantalla.\core_pantalla.\led_mem.\image_1_inst.$auto$proc_rom.cc:150:do_switch$340$rdmux[0][3][5]$b$1773, Y=$memory$flatten\mi_pantalla.\core_pantalla.\led_mem.\image_1_inst.$auto$proc_rom.cc:150:do_switch$340$rdmux[0][2][2]$b$1752
      New ports: A=$memory$flatten\mi_pantalla.\core_pantalla.\led_mem.\image_1_inst.$auto$proc_rom.cc:150:do_switch$340$rdmux[0][3][5]$a$1772 [0], B=$memory$flatten\mi_pantalla.\core_pantalla.\led_mem.\image_1_inst.$auto$proc_rom.cc:150:do_switch$340$rdmux[0][3][5]$b$1773 [0], Y=$memory$flatten\mi_pantalla.\core_pantalla.\led_mem.\image_1_inst.$auto$proc_rom.cc:150:do_switch$340$rdmux[0][2][2]$b$1752 [0]
      New connections: $memory$flatten\mi_pantalla.\core_pantalla.\led_mem.\image_1_inst.$auto$proc_rom.cc:150:do_switch$340$rdmux[0][2][2]$b$1752 [6:1] = { $memory$flatten\mi_pantalla.\core_pantalla.\led_mem.\image_1_inst.$auto$proc_rom.cc:150:do_switch$340$rdmux[0][2][2]$b$1752 [0] $memory$flatten\mi_pantalla.\core_pantalla.\led_mem.\image_1_inst.$auto$proc_rom.cc:150:do_switch$340$rdmux[0][2][2]$b$1752 [0] $memory$flatten\mi_pantalla.\core_pantalla.\led_mem.\image_1_inst.$auto$proc_rom.cc:150:do_switch$340$rdmux[0][2][2]$b$1752 [0] $memory$flatten\mi_pantalla.\core_pantalla.\led_mem.\image_1_inst.$auto$proc_rom.cc:150:do_switch$340$rdmux[0][2][2]$b$1752 [0] $memory$flatten\mi_pantalla.\core_pantalla.\led_mem.\image_1_inst.$auto$proc_rom.cc:150:do_switch$340$rdmux[0][2][2]$b$1752 [0] $memory$flatten\mi_pantalla.\core_pantalla.\led_mem.\image_1_inst.$auto$proc_rom.cc:150:do_switch$340$rdmux[0][2][2]$b$1752 [0] }
    Consolidated identical input bits for $mux cell $memory$flatten\mi_pantalla.\core_pantalla.\led_mem.\image_1_inst.$auto$proc_rom.cc:150:do_switch$340$rdmux[0][3][4]$1768:
      Old ports: A=$memory$flatten\mi_pantalla.\core_pantalla.\led_mem.\image_1_inst.$auto$proc_rom.cc:150:do_switch$340$rdmux[0][3][4]$a$1769, B=$memory$flatten\mi_pantalla.\core_pantalla.\led_mem.\image_1_inst.$auto$proc_rom.cc:150:do_switch$340$rdmux[0][3][4]$b$1770, Y=$memory$flatten\mi_pantalla.\core_pantalla.\led_mem.\image_1_inst.$auto$proc_rom.cc:150:do_switch$340$rdmux[0][2][2]$a$1751
      New ports: A=$memory$flatten\mi_pantalla.\core_pantalla.\led_mem.\image_1_inst.$auto$proc_rom.cc:150:do_switch$340$rdmux[0][3][4]$a$1769 [0], B=$memory$flatten\mi_pantalla.\core_pantalla.\led_mem.\image_1_inst.$auto$proc_rom.cc:150:do_switch$340$rdmux[0][3][4]$b$1770 [0], Y=$memory$flatten\mi_pantalla.\core_pantalla.\led_mem.\image_1_inst.$auto$proc_rom.cc:150:do_switch$340$rdmux[0][2][2]$a$1751 [0]
      New connections: $memory$flatten\mi_pantalla.\core_pantalla.\led_mem.\image_1_inst.$auto$proc_rom.cc:150:do_switch$340$rdmux[0][2][2]$a$1751 [6:1] = { $memory$flatten\mi_pantalla.\core_pantalla.\led_mem.\image_1_inst.$auto$proc_rom.cc:150:do_switch$340$rdmux[0][2][2]$a$1751 [0] $memory$flatten\mi_pantalla.\core_pantalla.\led_mem.\image_1_inst.$auto$proc_rom.cc:150:do_switch$340$rdmux[0][2][2]$a$1751 [0] $memory$flatten\mi_pantalla.\core_pantalla.\led_mem.\image_1_inst.$auto$proc_rom.cc:150:do_switch$340$rdmux[0][2][2]$a$1751 [0] $memory$flatten\mi_pantalla.\core_pantalla.\led_mem.\image_1_inst.$auto$proc_rom.cc:150:do_switch$340$rdmux[0][2][2]$a$1751 [0] $memory$flatten\mi_pantalla.\core_pantalla.\led_mem.\image_1_inst.$auto$proc_rom.cc:150:do_switch$340$rdmux[0][2][2]$a$1751 [0] $memory$flatten\mi_pantalla.\core_pantalla.\led_mem.\image_1_inst.$auto$proc_rom.cc:150:do_switch$340$rdmux[0][2][2]$a$1751 [0] }
    Consolidated identical input bits for $mux cell $memory$flatten\mi_pantalla.\core_pantalla.\led_mem.\image_1_inst.$auto$proc_rom.cc:150:do_switch$340$rdmux[0][3][2]$1762:
      Old ports: A=$memory$flatten\mi_pantalla.\core_pantalla.\led_mem.\image_1_inst.$auto$proc_rom.cc:150:do_switch$340$rdmux[0][3][2]$a$1763, B=$memory$flatten\mi_pantalla.\core_pantalla.\led_mem.\image_1_inst.$auto$proc_rom.cc:150:do_switch$340$rdmux[0][3][2]$b$1764, Y=$memory$flatten\mi_pantalla.\core_pantalla.\led_mem.\image_1_inst.$auto$proc_rom.cc:150:do_switch$340$rdmux[0][2][1]$a$1748
      New ports: A=$memory$flatten\mi_pantalla.\core_pantalla.\led_mem.\image_1_inst.$auto$proc_rom.cc:150:do_switch$340$rdmux[0][3][2]$a$1763 [0], B=$memory$flatten\mi_pantalla.\core_pantalla.\led_mem.\image_1_inst.$auto$proc_rom.cc:150:do_switch$340$rdmux[0][3][2]$b$1764 [0], Y=$memory$flatten\mi_pantalla.\core_pantalla.\led_mem.\image_1_inst.$auto$proc_rom.cc:150:do_switch$340$rdmux[0][2][1]$a$1748 [0]
      New connections: $memory$flatten\mi_pantalla.\core_pantalla.\led_mem.\image_1_inst.$auto$proc_rom.cc:150:do_switch$340$rdmux[0][2][1]$a$1748 [6:1] = { $memory$flatten\mi_pantalla.\core_pantalla.\led_mem.\image_1_inst.$auto$proc_rom.cc:150:do_switch$340$rdmux[0][2][1]$a$1748 [0] $memory$flatten\mi_pantalla.\core_pantalla.\led_mem.\image_1_inst.$auto$proc_rom.cc:150:do_switch$340$rdmux[0][2][1]$a$1748 [0] $memory$flatten\mi_pantalla.\core_pantalla.\led_mem.\image_1_inst.$auto$proc_rom.cc:150:do_switch$340$rdmux[0][2][1]$a$1748 [0] $memory$flatten\mi_pantalla.\core_pantalla.\led_mem.\image_1_inst.$auto$proc_rom.cc:150:do_switch$340$rdmux[0][2][1]$a$1748 [0] $memory$flatten\mi_pantalla.\core_pantalla.\led_mem.\image_1_inst.$auto$proc_rom.cc:150:do_switch$340$rdmux[0][2][1]$a$1748 [0] $memory$flatten\mi_pantalla.\core_pantalla.\led_mem.\image_1_inst.$auto$proc_rom.cc:150:do_switch$340$rdmux[0][2][1]$a$1748 [0] }
    Consolidated identical input bits for $mux cell $memory$flatten\mi_pantalla.\core_pantalla.\led_mem.\image_1_inst.$auto$proc_rom.cc:150:do_switch$340$rdmux[0][2][0]$1744:
      Old ports: A=7'0000000, B=$memory$flatten\mi_pantalla.\core_pantalla.\led_mem.\image_1_inst.$auto$proc_rom.cc:150:do_switch$340$rdmux[0][2][0]$b$1746, Y=$memory$flatten\mi_pantalla.\core_pantalla.\led_mem.\image_1_inst.$auto$proc_rom.cc:150:do_switch$340$rdmux[0][1][0]$a$1739
      New ports: A=1'0, B=$memory$flatten\mi_pantalla.\core_pantalla.\led_mem.\image_1_inst.$auto$proc_rom.cc:150:do_switch$340$rdmux[0][2][0]$b$1746 [0], Y=$memory$flatten\mi_pantalla.\core_pantalla.\led_mem.\image_1_inst.$auto$proc_rom.cc:150:do_switch$340$rdmux[0][1][0]$a$1739 [0]
      New connections: $memory$flatten\mi_pantalla.\core_pantalla.\led_mem.\image_1_inst.$auto$proc_rom.cc:150:do_switch$340$rdmux[0][1][0]$a$1739 [6:1] = { $memory$flatten\mi_pantalla.\core_pantalla.\led_mem.\image_1_inst.$auto$proc_rom.cc:150:do_switch$340$rdmux[0][1][0]$a$1739 [0] $memory$flatten\mi_pantalla.\core_pantalla.\led_mem.\image_1_inst.$auto$proc_rom.cc:150:do_switch$340$rdmux[0][1][0]$a$1739 [0] $memory$flatten\mi_pantalla.\core_pantalla.\led_mem.\image_1_inst.$auto$proc_rom.cc:150:do_switch$340$rdmux[0][1][0]$a$1739 [0] $memory$flatten\mi_pantalla.\core_pantalla.\led_mem.\image_1_inst.$auto$proc_rom.cc:150:do_switch$340$rdmux[0][1][0]$a$1739 [0] $memory$flatten\mi_pantalla.\core_pantalla.\led_mem.\image_1_inst.$auto$proc_rom.cc:150:do_switch$340$rdmux[0][1][0]$a$1739 [0] $memory$flatten\mi_pantalla.\core_pantalla.\led_mem.\image_1_inst.$auto$proc_rom.cc:150:do_switch$340$rdmux[0][1][0]$a$1739 [0] }
    Consolidated identical input bits for $mux cell $flatten\mi_i2c_driver.\CONTROL.$procmux$938:
      Old ports: A={ $flatten\mi_i2c_driver.\CONTROL.$procmux$935_Y [7] $flatten\mi_i2c_driver.\CONTROL.$procmux$935_Y [4:0] }, B=6'100000, Y={ $flatten\mi_i2c_driver.\CONTROL.$procmux$938_Y [7] $flatten\mi_i2c_driver.\CONTROL.$procmux$938_Y [4:0] }
      New ports: A={ $flatten\mi_i2c_driver.\CONTROL.$procmux$935_Y [7] $flatten\mi_i2c_driver.\CONTROL.$procmux$935_Y [4] $flatten\mi_i2c_driver.\CONTROL.$procmux$935_Y [2] }, B=3'100, Y={ $flatten\mi_i2c_driver.\CONTROL.$procmux$938_Y [7] $flatten\mi_i2c_driver.\CONTROL.$procmux$938_Y [4] $flatten\mi_i2c_driver.\CONTROL.$procmux$938_Y [2] }
      New connections: { $flatten\mi_i2c_driver.\CONTROL.$procmux$938_Y [3] $flatten\mi_i2c_driver.\CONTROL.$procmux$938_Y [1:0] } = 3'000
    Consolidated identical input bits for $mux cell $flatten\mi_pantalla.$ternary$Pantalla_I2C.v:46$233:
      Old ports: A=4'0000, B=$flatten\mi_pantalla.$ternary$Pantalla_I2C.v:47$232_Y, Y=$flatten\mi_pantalla.$ternary$Pantalla_I2C.v:46$233_Y
      New ports: A=2'00, B=$flatten\mi_pantalla.$ternary$Pantalla_I2C.v:47$232_Y [1:0], Y=$flatten\mi_pantalla.$ternary$Pantalla_I2C.v:46$233_Y [1:0]
      New connections: $flatten\mi_pantalla.$ternary$Pantalla_I2C.v:46$233_Y [3:2] = 2'00
  Optimizing cells in module \TOP_PROYECTO.
    Consolidated identical input bits for $mux cell $memory$flatten\mi_pantalla.\core_pantalla.\led_mem.\image_3_inst.$auto$proc_rom.cc:150:do_switch$348$rdmux[0][2][3]$2131:
      Old ports: A=$memory$flatten\mi_pantalla.\core_pantalla.\led_mem.\image_3_inst.$auto$proc_rom.cc:150:do_switch$348$rdmux[0][2][3]$a$2132, B=8'00000000, Y=$memory$flatten\mi_pantalla.\core_pantalla.\led_mem.\image_3_inst.$auto$proc_rom.cc:150:do_switch$348$rdmux[0][1][1]$b$2121
      New ports: A=$memory$flatten\mi_pantalla.\core_pantalla.\led_mem.\image_3_inst.$auto$proc_rom.cc:150:do_switch$348$rdmux[0][2][3]$a$2132 [0], B=1'0, Y=$memory$flatten\mi_pantalla.\core_pantalla.\led_mem.\image_3_inst.$auto$proc_rom.cc:150:do_switch$348$rdmux[0][1][1]$b$2121 [0]
      New connections: $memory$flatten\mi_pantalla.\core_pantalla.\led_mem.\image_3_inst.$auto$proc_rom.cc:150:do_switch$348$rdmux[0][1][1]$b$2121 [7:1] = { $memory$flatten\mi_pantalla.\core_pantalla.\led_mem.\image_3_inst.$auto$proc_rom.cc:150:do_switch$348$rdmux[0][1][1]$b$2121 [0] $memory$flatten\mi_pantalla.\core_pantalla.\led_mem.\image_3_inst.$auto$proc_rom.cc:150:do_switch$348$rdmux[0][1][1]$b$2121 [0] $memory$flatten\mi_pantalla.\core_pantalla.\led_mem.\image_3_inst.$auto$proc_rom.cc:150:do_switch$348$rdmux[0][1][1]$b$2121 [0] $memory$flatten\mi_pantalla.\core_pantalla.\led_mem.\image_3_inst.$auto$proc_rom.cc:150:do_switch$348$rdmux[0][1][1]$b$2121 [0] $memory$flatten\mi_pantalla.\core_pantalla.\led_mem.\image_3_inst.$auto$proc_rom.cc:150:do_switch$348$rdmux[0][1][1]$b$2121 [0] $memory$flatten\mi_pantalla.\core_pantalla.\led_mem.\image_3_inst.$auto$proc_rom.cc:150:do_switch$348$rdmux[0][1][1]$b$2121 [0] $memory$flatten\mi_pantalla.\core_pantalla.\led_mem.\image_3_inst.$auto$proc_rom.cc:150:do_switch$348$rdmux[0][1][1]$b$2121 [0] }
    Consolidated identical input bits for $mux cell $memory$flatten\mi_pantalla.\core_pantalla.\led_mem.\image_3_inst.$auto$proc_rom.cc:150:do_switch$348$rdmux[0][2][2]$2128:
      Old ports: A=$memory$flatten\mi_pantalla.\core_pantalla.\led_mem.\image_3_inst.$auto$proc_rom.cc:150:do_switch$348$rdmux[0][2][2]$a$2129, B=$memory$flatten\mi_pantalla.\core_pantalla.\led_mem.\image_3_inst.$auto$proc_rom.cc:150:do_switch$348$rdmux[0][2][2]$b$2130, Y=$memory$flatten\mi_pantalla.\core_pantalla.\led_mem.\image_3_inst.$auto$proc_rom.cc:150:do_switch$348$rdmux[0][1][1]$a$2120
      New ports: A=$memory$flatten\mi_pantalla.\core_pantalla.\led_mem.\image_3_inst.$auto$proc_rom.cc:150:do_switch$348$rdmux[0][2][2]$a$2129 [0], B=$memory$flatten\mi_pantalla.\core_pantalla.\led_mem.\image_3_inst.$auto$proc_rom.cc:150:do_switch$348$rdmux[0][2][2]$b$2130 [0], Y=$memory$flatten\mi_pantalla.\core_pantalla.\led_mem.\image_3_inst.$auto$proc_rom.cc:150:do_switch$348$rdmux[0][1][1]$a$2120 [0]
      New connections: $memory$flatten\mi_pantalla.\core_pantalla.\led_mem.\image_3_inst.$auto$proc_rom.cc:150:do_switch$348$rdmux[0][1][1]$a$2120 [7:1] = { $memory$flatten\mi_pantalla.\core_pantalla.\led_mem.\image_3_inst.$auto$proc_rom.cc:150:do_switch$348$rdmux[0][1][1]$a$2120 [0] $memory$flatten\mi_pantalla.\core_pantalla.\led_mem.\image_3_inst.$auto$proc_rom.cc:150:do_switch$348$rdmux[0][1][1]$a$2120 [0] $memory$flatten\mi_pantalla.\core_pantalla.\led_mem.\image_3_inst.$auto$proc_rom.cc:150:do_switch$348$rdmux[0][1][1]$a$2120 [0] $memory$flatten\mi_pantalla.\core_pantalla.\led_mem.\image_3_inst.$auto$proc_rom.cc:150:do_switch$348$rdmux[0][1][1]$a$2120 [0] $memory$flatten\mi_pantalla.\core_pantalla.\led_mem.\image_3_inst.$auto$proc_rom.cc:150:do_switch$348$rdmux[0][1][1]$a$2120 [0] $memory$flatten\mi_pantalla.\core_pantalla.\led_mem.\image_3_inst.$auto$proc_rom.cc:150:do_switch$348$rdmux[0][1][1]$a$2120 [0] $memory$flatten\mi_pantalla.\core_pantalla.\led_mem.\image_3_inst.$auto$proc_rom.cc:150:do_switch$348$rdmux[0][1][1]$a$2120 [0] }
    Consolidated identical input bits for $mux cell $memory$flatten\mi_pantalla.\core_pantalla.\led_mem.\image_3_inst.$auto$proc_rom.cc:150:do_switch$348$rdmux[0][2][0]$2122:
      Old ports: A=$memory$flatten\mi_pantalla.\core_pantalla.\led_mem.\image_3_inst.$auto$proc_rom.cc:150:do_switch$348$rdmux[0][2][0]$a$2123, B=$memory$flatten\mi_pantalla.\core_pantalla.\led_mem.\image_3_inst.$auto$proc_rom.cc:150:do_switch$348$rdmux[0][2][0]$b$2124, Y=$memory$flatten\mi_pantalla.\core_pantalla.\led_mem.\image_3_inst.$auto$proc_rom.cc:150:do_switch$348$rdmux[0][1][0]$a$2117
      New ports: A=$memory$flatten\mi_pantalla.\core_pantalla.\led_mem.\image_3_inst.$auto$proc_rom.cc:150:do_switch$348$rdmux[0][2][0]$a$2123 [0], B=$memory$flatten\mi_pantalla.\core_pantalla.\led_mem.\image_3_inst.$auto$proc_rom.cc:150:do_switch$348$rdmux[0][2][0]$b$2124 [0], Y=$memory$flatten\mi_pantalla.\core_pantalla.\led_mem.\image_3_inst.$auto$proc_rom.cc:150:do_switch$348$rdmux[0][1][0]$a$2117 [0]
      New connections: $memory$flatten\mi_pantalla.\core_pantalla.\led_mem.\image_3_inst.$auto$proc_rom.cc:150:do_switch$348$rdmux[0][1][0]$a$2117 [7:1] = { $memory$flatten\mi_pantalla.\core_pantalla.\led_mem.\image_3_inst.$auto$proc_rom.cc:150:do_switch$348$rdmux[0][1][0]$a$2117 [0] $memory$flatten\mi_pantalla.\core_pantalla.\led_mem.\image_3_inst.$auto$proc_rom.cc:150:do_switch$348$rdmux[0][1][0]$a$2117 [0] $memory$flatten\mi_pantalla.\core_pantalla.\led_mem.\image_3_inst.$auto$proc_rom.cc:150:do_switch$348$rdmux[0][1][0]$a$2117 [0] $memory$flatten\mi_pantalla.\core_pantalla.\led_mem.\image_3_inst.$auto$proc_rom.cc:150:do_switch$348$rdmux[0][1][0]$a$2117 [0] $memory$flatten\mi_pantalla.\core_pantalla.\led_mem.\image_3_inst.$auto$proc_rom.cc:150:do_switch$348$rdmux[0][1][0]$a$2117 [0] $memory$flatten\mi_pantalla.\core_pantalla.\led_mem.\image_3_inst.$auto$proc_rom.cc:150:do_switch$348$rdmux[0][1][0]$a$2117 [0] $memory$flatten\mi_pantalla.\core_pantalla.\led_mem.\image_3_inst.$auto$proc_rom.cc:150:do_switch$348$rdmux[0][1][0]$a$2117 [0] }
    Consolidated identical input bits for $mux cell $memory$flatten\mi_pantalla.\core_pantalla.\led_mem.\image_4_inst.$auto$proc_rom.cc:150:do_switch$352$rdmux[0][2][2]$2317:
      Old ports: A=$memory$flatten\mi_pantalla.\core_pantalla.\led_mem.\image_4_inst.$auto$proc_rom.cc:150:do_switch$352$rdmux[0][2][2]$a$2318, B=$memory$flatten\mi_pantalla.\core_pantalla.\led_mem.\image_4_inst.$auto$proc_rom.cc:150:do_switch$352$rdmux[0][2][2]$b$2319, Y=$memory$flatten\mi_pantalla.\core_pantalla.\led_mem.\image_4_inst.$auto$proc_rom.cc:150:do_switch$352$rdmux[0][1][1]$a$2309
      New ports: A=$memory$flatten\mi_pantalla.\core_pantalla.\led_mem.\image_4_inst.$auto$proc_rom.cc:150:do_switch$352$rdmux[0][2][2]$a$2318 [0], B=$memory$flatten\mi_pantalla.\core_pantalla.\led_mem.\image_4_inst.$auto$proc_rom.cc:150:do_switch$352$rdmux[0][2][2]$b$2319 [0], Y=$memory$flatten\mi_pantalla.\core_pantalla.\led_mem.\image_4_inst.$auto$proc_rom.cc:150:do_switch$352$rdmux[0][1][1]$a$2309 [0]
      New connections: $memory$flatten\mi_pantalla.\core_pantalla.\led_mem.\image_4_inst.$auto$proc_rom.cc:150:do_switch$352$rdmux[0][1][1]$a$2309 [7:1] = { $memory$flatten\mi_pantalla.\core_pantalla.\led_mem.\image_4_inst.$auto$proc_rom.cc:150:do_switch$352$rdmux[0][1][1]$a$2309 [0] $memory$flatten\mi_pantalla.\core_pantalla.\led_mem.\image_4_inst.$auto$proc_rom.cc:150:do_switch$352$rdmux[0][1][1]$a$2309 [0] $memory$flatten\mi_pantalla.\core_pantalla.\led_mem.\image_4_inst.$auto$proc_rom.cc:150:do_switch$352$rdmux[0][1][1]$a$2309 [0] $memory$flatten\mi_pantalla.\core_pantalla.\led_mem.\image_4_inst.$auto$proc_rom.cc:150:do_switch$352$rdmux[0][1][1]$a$2309 [0] $memory$flatten\mi_pantalla.\core_pantalla.\led_mem.\image_4_inst.$auto$proc_rom.cc:150:do_switch$352$rdmux[0][1][1]$a$2309 [0] $memory$flatten\mi_pantalla.\core_pantalla.\led_mem.\image_4_inst.$auto$proc_rom.cc:150:do_switch$352$rdmux[0][1][1]$a$2309 [0] $memory$flatten\mi_pantalla.\core_pantalla.\led_mem.\image_4_inst.$auto$proc_rom.cc:150:do_switch$352$rdmux[0][1][1]$a$2309 [0] }
    Consolidated identical input bits for $mux cell $memory$flatten\mi_pantalla.\core_pantalla.\led_mem.\image_4_inst.$auto$proc_rom.cc:150:do_switch$352$rdmux[0][2][0]$2311:
      Old ports: A=$memory$flatten\mi_pantalla.\core_pantalla.\led_mem.\image_4_inst.$auto$proc_rom.cc:150:do_switch$352$rdmux[0][2][0]$a$2312, B=$memory$flatten\mi_pantalla.\core_pantalla.\led_mem.\image_4_inst.$auto$proc_rom.cc:150:do_switch$352$rdmux[0][2][0]$b$2313, Y=$memory$flatten\mi_pantalla.\core_pantalla.\led_mem.\image_4_inst.$auto$proc_rom.cc:150:do_switch$352$rdmux[0][1][0]$a$2306
      New ports: A=$memory$flatten\mi_pantalla.\core_pantalla.\led_mem.\image_4_inst.$auto$proc_rom.cc:150:do_switch$352$rdmux[0][2][0]$a$2312 [0], B=$memory$flatten\mi_pantalla.\core_pantalla.\led_mem.\image_4_inst.$auto$proc_rom.cc:150:do_switch$352$rdmux[0][2][0]$b$2313 [0], Y=$memory$flatten\mi_pantalla.\core_pantalla.\led_mem.\image_4_inst.$auto$proc_rom.cc:150:do_switch$352$rdmux[0][1][0]$a$2306 [0]
      New connections: $memory$flatten\mi_pantalla.\core_pantalla.\led_mem.\image_4_inst.$auto$proc_rom.cc:150:do_switch$352$rdmux[0][1][0]$a$2306 [7:1] = { $memory$flatten\mi_pantalla.\core_pantalla.\led_mem.\image_4_inst.$auto$proc_rom.cc:150:do_switch$352$rdmux[0][1][0]$a$2306 [0] $memory$flatten\mi_pantalla.\core_pantalla.\led_mem.\image_4_inst.$auto$proc_rom.cc:150:do_switch$352$rdmux[0][1][0]$a$2306 [0] $memory$flatten\mi_pantalla.\core_pantalla.\led_mem.\image_4_inst.$auto$proc_rom.cc:150:do_switch$352$rdmux[0][1][0]$a$2306 [0] $memory$flatten\mi_pantalla.\core_pantalla.\led_mem.\image_4_inst.$auto$proc_rom.cc:150:do_switch$352$rdmux[0][1][0]$a$2306 [0] $memory$flatten\mi_pantalla.\core_pantalla.\led_mem.\image_4_inst.$auto$proc_rom.cc:150:do_switch$352$rdmux[0][1][0]$a$2306 [0] $memory$flatten\mi_pantalla.\core_pantalla.\led_mem.\image_4_inst.$auto$proc_rom.cc:150:do_switch$352$rdmux[0][1][0]$a$2306 [0] $memory$flatten\mi_pantalla.\core_pantalla.\led_mem.\image_4_inst.$auto$proc_rom.cc:150:do_switch$352$rdmux[0][1][0]$a$2306 [0] }
    Consolidated identical input bits for $mux cell $memory$flatten\mi_pantalla.\core_pantalla.\led_mem.\image_4_inst.$auto$proc_rom.cc:150:do_switch$352$rdmux[0][2][1]$2314:
      Old ports: A=$memory$flatten\mi_pantalla.\core_pantalla.\led_mem.\image_4_inst.$auto$proc_rom.cc:150:do_switch$352$rdmux[0][2][1]$a$2315, B=$memory$flatten\mi_pantalla.\core_pantalla.\led_mem.\image_4_inst.$auto$proc_rom.cc:150:do_switch$352$rdmux[0][2][1]$b$2316, Y=$memory$flatten\mi_pantalla.\core_pantalla.\led_mem.\image_4_inst.$auto$proc_rom.cc:150:do_switch$352$rdmux[0][1][0]$b$2307
      New ports: A=$memory$flatten\mi_pantalla.\core_pantalla.\led_mem.\image_4_inst.$auto$proc_rom.cc:150:do_switch$352$rdmux[0][2][1]$a$2315 [0], B=$memory$flatten\mi_pantalla.\core_pantalla.\led_mem.\image_4_inst.$auto$proc_rom.cc:150:do_switch$352$rdmux[0][2][1]$b$2316 [0], Y=$memory$flatten\mi_pantalla.\core_pantalla.\led_mem.\image_4_inst.$auto$proc_rom.cc:150:do_switch$352$rdmux[0][1][0]$b$2307 [0]
      New connections: $memory$flatten\mi_pantalla.\core_pantalla.\led_mem.\image_4_inst.$auto$proc_rom.cc:150:do_switch$352$rdmux[0][1][0]$b$2307 [7:1] = { $memory$flatten\mi_pantalla.\core_pantalla.\led_mem.\image_4_inst.$auto$proc_rom.cc:150:do_switch$352$rdmux[0][1][0]$b$2307 [0] $memory$flatten\mi_pantalla.\core_pantalla.\led_mem.\image_4_inst.$auto$proc_rom.cc:150:do_switch$352$rdmux[0][1][0]$b$2307 [0] $memory$flatten\mi_pantalla.\core_pantalla.\led_mem.\image_4_inst.$auto$proc_rom.cc:150:do_switch$352$rdmux[0][1][0]$b$2307 [0] $memory$flatten\mi_pantalla.\core_pantalla.\led_mem.\image_4_inst.$auto$proc_rom.cc:150:do_switch$352$rdmux[0][1][0]$b$2307 [0] $memory$flatten\mi_pantalla.\core_pantalla.\led_mem.\image_4_inst.$auto$proc_rom.cc:150:do_switch$352$rdmux[0][1][0]$b$2307 [0] $memory$flatten\mi_pantalla.\core_pantalla.\led_mem.\image_4_inst.$auto$proc_rom.cc:150:do_switch$352$rdmux[0][1][0]$b$2307 [0] $memory$flatten\mi_pantalla.\core_pantalla.\led_mem.\image_4_inst.$auto$proc_rom.cc:150:do_switch$352$rdmux[0][1][0]$b$2307 [0] }
    Consolidated identical input bits for $mux cell $memory$flatten\mi_pantalla.\core_pantalla.\led_mem.\image_2_inst.$auto$proc_rom.cc:150:do_switch$344$rdmux[0][2][3]$1942:
      Old ports: A=$memory$flatten\mi_pantalla.\core_pantalla.\led_mem.\image_2_inst.$auto$proc_rom.cc:150:do_switch$344$rdmux[0][2][3]$a$1943, B=9'000000000, Y=$memory$flatten\mi_pantalla.\core_pantalla.\led_mem.\image_2_inst.$auto$proc_rom.cc:150:do_switch$344$rdmux[0][1][1]$b$1932
      New ports: A=$memory$flatten\mi_pantalla.\core_pantalla.\led_mem.\image_2_inst.$auto$proc_rom.cc:150:do_switch$344$rdmux[0][2][3]$a$1943 [0], B=1'0, Y=$memory$flatten\mi_pantalla.\core_pantalla.\led_mem.\image_2_inst.$auto$proc_rom.cc:150:do_switch$344$rdmux[0][1][1]$b$1932 [0]
      New connections: $memory$flatten\mi_pantalla.\core_pantalla.\led_mem.\image_2_inst.$auto$proc_rom.cc:150:do_switch$344$rdmux[0][1][1]$b$1932 [8:1] = { $memory$flatten\mi_pantalla.\core_pantalla.\led_mem.\image_2_inst.$auto$proc_rom.cc:150:do_switch$344$rdmux[0][1][1]$b$1932 [0] $memory$flatten\mi_pantalla.\core_pantalla.\led_mem.\image_2_inst.$auto$proc_rom.cc:150:do_switch$344$rdmux[0][1][1]$b$1932 [0] $memory$flatten\mi_pantalla.\core_pantalla.\led_mem.\image_2_inst.$auto$proc_rom.cc:150:do_switch$344$rdmux[0][1][1]$b$1932 [0] $memory$flatten\mi_pantalla.\core_pantalla.\led_mem.\image_2_inst.$auto$proc_rom.cc:150:do_switch$344$rdmux[0][1][1]$b$1932 [0] $memory$flatten\mi_pantalla.\core_pantalla.\led_mem.\image_2_inst.$auto$proc_rom.cc:150:do_switch$344$rdmux[0][1][1]$b$1932 [0] $memory$flatten\mi_pantalla.\core_pantalla.\led_mem.\image_2_inst.$auto$proc_rom.cc:150:do_switch$344$rdmux[0][1][1]$b$1932 [0] $memory$flatten\mi_pantalla.\core_pantalla.\led_mem.\image_2_inst.$auto$proc_rom.cc:150:do_switch$344$rdmux[0][1][1]$b$1932 [0] $memory$flatten\mi_pantalla.\core_pantalla.\led_mem.\image_2_inst.$auto$proc_rom.cc:150:do_switch$344$rdmux[0][1][1]$b$1932 [0] }
    Consolidated identical input bits for $mux cell $memory$flatten\mi_pantalla.\core_pantalla.\led_mem.\image_2_inst.$auto$proc_rom.cc:150:do_switch$344$rdmux[0][2][2]$1939:
      Old ports: A=$memory$flatten\mi_pantalla.\core_pantalla.\led_mem.\image_2_inst.$auto$proc_rom.cc:150:do_switch$344$rdmux[0][2][2]$a$1940, B=$memory$flatten\mi_pantalla.\core_pantalla.\led_mem.\image_2_inst.$auto$proc_rom.cc:150:do_switch$344$rdmux[0][2][2]$b$1941, Y=$memory$flatten\mi_pantalla.\core_pantalla.\led_mem.\image_2_inst.$auto$proc_rom.cc:150:do_switch$344$rdmux[0][1][1]$a$1931
      New ports: A=$memory$flatten\mi_pantalla.\core_pantalla.\led_mem.\image_2_inst.$auto$proc_rom.cc:150:do_switch$344$rdmux[0][2][2]$a$1940 [0], B=$memory$flatten\mi_pantalla.\core_pantalla.\led_mem.\image_2_inst.$auto$proc_rom.cc:150:do_switch$344$rdmux[0][2][2]$b$1941 [0], Y=$memory$flatten\mi_pantalla.\core_pantalla.\led_mem.\image_2_inst.$auto$proc_rom.cc:150:do_switch$344$rdmux[0][1][1]$a$1931 [0]
      New connections: $memory$flatten\mi_pantalla.\core_pantalla.\led_mem.\image_2_inst.$auto$proc_rom.cc:150:do_switch$344$rdmux[0][1][1]$a$1931 [8:1] = { $memory$flatten\mi_pantalla.\core_pantalla.\led_mem.\image_2_inst.$auto$proc_rom.cc:150:do_switch$344$rdmux[0][1][1]$a$1931 [0] $memory$flatten\mi_pantalla.\core_pantalla.\led_mem.\image_2_inst.$auto$proc_rom.cc:150:do_switch$344$rdmux[0][1][1]$a$1931 [0] $memory$flatten\mi_pantalla.\core_pantalla.\led_mem.\image_2_inst.$auto$proc_rom.cc:150:do_switch$344$rdmux[0][1][1]$a$1931 [0] $memory$flatten\mi_pantalla.\core_pantalla.\led_mem.\image_2_inst.$auto$proc_rom.cc:150:do_switch$344$rdmux[0][1][1]$a$1931 [0] $memory$flatten\mi_pantalla.\core_pantalla.\led_mem.\image_2_inst.$auto$proc_rom.cc:150:do_switch$344$rdmux[0][1][1]$a$1931 [0] $memory$flatten\mi_pantalla.\core_pantalla.\led_mem.\image_2_inst.$auto$proc_rom.cc:150:do_switch$344$rdmux[0][1][1]$a$1931 [0] $memory$flatten\mi_pantalla.\core_pantalla.\led_mem.\image_2_inst.$auto$proc_rom.cc:150:do_switch$344$rdmux[0][1][1]$a$1931 [0] $memory$flatten\mi_pantalla.\core_pantalla.\led_mem.\image_2_inst.$auto$proc_rom.cc:150:do_switch$344$rdmux[0][1][1]$a$1931 [0] }
    Consolidated identical input bits for $mux cell $memory$flatten\mi_pantalla.\core_pantalla.\led_mem.\image_2_inst.$auto$proc_rom.cc:150:do_switch$344$rdmux[0][2][0]$1933:
      Old ports: A=9'000000000, B=$memory$flatten\mi_pantalla.\core_pantalla.\led_mem.\image_2_inst.$auto$proc_rom.cc:150:do_switch$344$rdmux[0][2][0]$b$1935, Y=$memory$flatten\mi_pantalla.\core_pantalla.\led_mem.\image_2_inst.$auto$proc_rom.cc:150:do_switch$344$rdmux[0][1][0]$a$1928
      New ports: A=1'0, B=$memory$flatten\mi_pantalla.\core_pantalla.\led_mem.\image_2_inst.$auto$proc_rom.cc:150:do_switch$344$rdmux[0][2][0]$b$1935 [0], Y=$memory$flatten\mi_pantalla.\core_pantalla.\led_mem.\image_2_inst.$auto$proc_rom.cc:150:do_switch$344$rdmux[0][1][0]$a$1928 [0]
      New connections: $memory$flatten\mi_pantalla.\core_pantalla.\led_mem.\image_2_inst.$auto$proc_rom.cc:150:do_switch$344$rdmux[0][1][0]$a$1928 [8:1] = { $memory$flatten\mi_pantalla.\core_pantalla.\led_mem.\image_2_inst.$auto$proc_rom.cc:150:do_switch$344$rdmux[0][1][0]$a$1928 [0] $memory$flatten\mi_pantalla.\core_pantalla.\led_mem.\image_2_inst.$auto$proc_rom.cc:150:do_switch$344$rdmux[0][1][0]$a$1928 [0] $memory$flatten\mi_pantalla.\core_pantalla.\led_mem.\image_2_inst.$auto$proc_rom.cc:150:do_switch$344$rdmux[0][1][0]$a$1928 [0] $memory$flatten\mi_pantalla.\core_pantalla.\led_mem.\image_2_inst.$auto$proc_rom.cc:150:do_switch$344$rdmux[0][1][0]$a$1928 [0] $memory$flatten\mi_pantalla.\core_pantalla.\led_mem.\image_2_inst.$auto$proc_rom.cc:150:do_switch$344$rdmux[0][1][0]$a$1928 [0] $memory$flatten\mi_pantalla.\core_pantalla.\led_mem.\image_2_inst.$auto$proc_rom.cc:150:do_switch$344$rdmux[0][1][0]$a$1928 [0] $memory$flatten\mi_pantalla.\core_pantalla.\led_mem.\image_2_inst.$auto$proc_rom.cc:150:do_switch$344$rdmux[0][1][0]$a$1928 [0] $memory$flatten\mi_pantalla.\core_pantalla.\led_mem.\image_2_inst.$auto$proc_rom.cc:150:do_switch$344$rdmux[0][1][0]$a$1928 [0] }
    Consolidated identical input bits for $mux cell $memory$flatten\mi_pantalla.\core_pantalla.\led_mem.\image_1_inst.$auto$proc_rom.cc:150:do_switch$340$rdmux[0][2][3]$1753:
      Old ports: A=$memory$flatten\mi_pantalla.\core_pantalla.\led_mem.\image_1_inst.$auto$proc_rom.cc:150:do_switch$340$rdmux[0][2][3]$a$1754, B=7'0000000, Y=$memory$flatten\mi_pantalla.\core_pantalla.\led_mem.\image_1_inst.$auto$proc_rom.cc:150:do_switch$340$rdmux[0][1][1]$b$1743
      New ports: A=$memory$flatten\mi_pantalla.\core_pantalla.\led_mem.\image_1_inst.$auto$proc_rom.cc:150:do_switch$340$rdmux[0][2][3]$a$1754 [0], B=1'0, Y=$memory$flatten\mi_pantalla.\core_pantalla.\led_mem.\image_1_inst.$auto$proc_rom.cc:150:do_switch$340$rdmux[0][1][1]$b$1743 [0]
      New connections: $memory$flatten\mi_pantalla.\core_pantalla.\led_mem.\image_1_inst.$auto$proc_rom.cc:150:do_switch$340$rdmux[0][1][1]$b$1743 [6:1] = { $memory$flatten\mi_pantalla.\core_pantalla.\led_mem.\image_1_inst.$auto$proc_rom.cc:150:do_switch$340$rdmux[0][1][1]$b$1743 [0] $memory$flatten\mi_pantalla.\core_pantalla.\led_mem.\image_1_inst.$auto$proc_rom.cc:150:do_switch$340$rdmux[0][1][1]$b$1743 [0] $memory$flatten\mi_pantalla.\core_pantalla.\led_mem.\image_1_inst.$auto$proc_rom.cc:150:do_switch$340$rdmux[0][1][1]$b$1743 [0] $memory$flatten\mi_pantalla.\core_pantalla.\led_mem.\image_1_inst.$auto$proc_rom.cc:150:do_switch$340$rdmux[0][1][1]$b$1743 [0] $memory$flatten\mi_pantalla.\core_pantalla.\led_mem.\image_1_inst.$auto$proc_rom.cc:150:do_switch$340$rdmux[0][1][1]$b$1743 [0] $memory$flatten\mi_pantalla.\core_pantalla.\led_mem.\image_1_inst.$auto$proc_rom.cc:150:do_switch$340$rdmux[0][1][1]$b$1743 [0] }
    Consolidated identical input bits for $mux cell $memory$flatten\mi_pantalla.\core_pantalla.\led_mem.\image_1_inst.$auto$proc_rom.cc:150:do_switch$340$rdmux[0][2][2]$1750:
      Old ports: A=$memory$flatten\mi_pantalla.\core_pantalla.\led_mem.\image_1_inst.$auto$proc_rom.cc:150:do_switch$340$rdmux[0][2][2]$a$1751, B=$memory$flatten\mi_pantalla.\core_pantalla.\led_mem.\image_1_inst.$auto$proc_rom.cc:150:do_switch$340$rdmux[0][2][2]$b$1752, Y=$memory$flatten\mi_pantalla.\core_pantalla.\led_mem.\image_1_inst.$auto$proc_rom.cc:150:do_switch$340$rdmux[0][1][1]$a$1742
      New ports: A=$memory$flatten\mi_pantalla.\core_pantalla.\led_mem.\image_1_inst.$auto$proc_rom.cc:150:do_switch$340$rdmux[0][2][2]$a$1751 [0], B=$memory$flatten\mi_pantalla.\core_pantalla.\led_mem.\image_1_inst.$auto$proc_rom.cc:150:do_switch$340$rdmux[0][2][2]$b$1752 [0], Y=$memory$flatten\mi_pantalla.\core_pantalla.\led_mem.\image_1_inst.$auto$proc_rom.cc:150:do_switch$340$rdmux[0][1][1]$a$1742 [0]
      New connections: $memory$flatten\mi_pantalla.\core_pantalla.\led_mem.\image_1_inst.$auto$proc_rom.cc:150:do_switch$340$rdmux[0][1][1]$a$1742 [6:1] = { $memory$flatten\mi_pantalla.\core_pantalla.\led_mem.\image_1_inst.$auto$proc_rom.cc:150:do_switch$340$rdmux[0][1][1]$a$1742 [0] $memory$flatten\mi_pantalla.\core_pantalla.\led_mem.\image_1_inst.$auto$proc_rom.cc:150:do_switch$340$rdmux[0][1][1]$a$1742 [0] $memory$flatten\mi_pantalla.\core_pantalla.\led_mem.\image_1_inst.$auto$proc_rom.cc:150:do_switch$340$rdmux[0][1][1]$a$1742 [0] $memory$flatten\mi_pantalla.\core_pantalla.\led_mem.\image_1_inst.$auto$proc_rom.cc:150:do_switch$340$rdmux[0][1][1]$a$1742 [0] $memory$flatten\mi_pantalla.\core_pantalla.\led_mem.\image_1_inst.$auto$proc_rom.cc:150:do_switch$340$rdmux[0][1][1]$a$1742 [0] $memory$flatten\mi_pantalla.\core_pantalla.\led_mem.\image_1_inst.$auto$proc_rom.cc:150:do_switch$340$rdmux[0][1][1]$a$1742 [0] }
    Consolidated identical input bits for $mux cell $memory$flatten\mi_pantalla.\core_pantalla.\led_mem.\image_1_inst.$auto$proc_rom.cc:150:do_switch$340$rdmux[0][2][1]$1747:
      Old ports: A=$memory$flatten\mi_pantalla.\core_pantalla.\led_mem.\image_1_inst.$auto$proc_rom.cc:150:do_switch$340$rdmux[0][2][1]$a$1748, B=7'0000000, Y=$memory$flatten\mi_pantalla.\core_pantalla.\led_mem.\image_1_inst.$auto$proc_rom.cc:150:do_switch$340$rdmux[0][1][0]$b$1740
      New ports: A=$memory$flatten\mi_pantalla.\core_pantalla.\led_mem.\image_1_inst.$auto$proc_rom.cc:150:do_switch$340$rdmux[0][2][1]$a$1748 [0], B=1'0, Y=$memory$flatten\mi_pantalla.\core_pantalla.\led_mem.\image_1_inst.$auto$proc_rom.cc:150:do_switch$340$rdmux[0][1][0]$b$1740 [0]
      New connections: $memory$flatten\mi_pantalla.\core_pantalla.\led_mem.\image_1_inst.$auto$proc_rom.cc:150:do_switch$340$rdmux[0][1][0]$b$1740 [6:1] = { $memory$flatten\mi_pantalla.\core_pantalla.\led_mem.\image_1_inst.$auto$proc_rom.cc:150:do_switch$340$rdmux[0][1][0]$b$1740 [0] $memory$flatten\mi_pantalla.\core_pantalla.\led_mem.\image_1_inst.$auto$proc_rom.cc:150:do_switch$340$rdmux[0][1][0]$b$1740 [0] $memory$flatten\mi_pantalla.\core_pantalla.\led_mem.\image_1_inst.$auto$proc_rom.cc:150:do_switch$340$rdmux[0][1][0]$b$1740 [0] $memory$flatten\mi_pantalla.\core_pantalla.\led_mem.\image_1_inst.$auto$proc_rom.cc:150:do_switch$340$rdmux[0][1][0]$b$1740 [0] $memory$flatten\mi_pantalla.\core_pantalla.\led_mem.\image_1_inst.$auto$proc_rom.cc:150:do_switch$340$rdmux[0][1][0]$b$1740 [0] $memory$flatten\mi_pantalla.\core_pantalla.\led_mem.\image_1_inst.$auto$proc_rom.cc:150:do_switch$340$rdmux[0][1][0]$b$1740 [0] }
    Consolidated identical input bits for $mux cell $flatten\mi_pantalla.$ternary$Pantalla_I2C.v:45$234:
      Old ports: A=$flatten\mi_pantalla.$ternary$Pantalla_I2C.v:46$233_Y, B=4'0100, Y=\mi_pantalla.img_sel_actual
      New ports: A={ 1'0 $flatten\mi_pantalla.$ternary$Pantalla_I2C.v:46$233_Y [1:0] }, B=3'100, Y=\mi_pantalla.img_sel_actual [2:0]
      New connections: \mi_pantalla.img_sel_actual [3] = 1'0
    Consolidated identical input bits for $mux cell $memory$flatten\mi_pantalla.\core_pantalla.\led_mem.\image_4_inst.$auto$proc_rom.cc:150:do_switch$352$rdmux[0][2][3]$2320:
      Old ports: A=$memory$flatten\mi_pantalla.\core_pantalla.\led_mem.\image_4_inst.$auto$proc_rom.cc:150:do_switch$352$rdmux[0][2][3]$a$2321, B=$memory$flatten\mi_pantalla.\core_pantalla.\led_mem.\image_4_inst.$auto$proc_rom.cc:150:do_switch$352$rdmux[0][2][3]$b$2322, Y=$memory$flatten\mi_pantalla.\core_pantalla.\led_mem.\image_4_inst.$auto$proc_rom.cc:150:do_switch$352$rdmux[0][1][1]$b$2310
      New ports: A=$memory$flatten\mi_pantalla.\core_pantalla.\led_mem.\image_4_inst.$auto$proc_rom.cc:150:do_switch$352$rdmux[0][2][3]$a$2321 [0], B=$memory$flatten\mi_pantalla.\core_pantalla.\led_mem.\image_4_inst.$auto$proc_rom.cc:150:do_switch$352$rdmux[0][2][3]$b$2322 [0], Y=$memory$flatten\mi_pantalla.\core_pantalla.\led_mem.\image_4_inst.$auto$proc_rom.cc:150:do_switch$352$rdmux[0][1][1]$b$2310 [0]
      New connections: $memory$flatten\mi_pantalla.\core_pantalla.\led_mem.\image_4_inst.$auto$proc_rom.cc:150:do_switch$352$rdmux[0][1][1]$b$2310 [7:1] = { $memory$flatten\mi_pantalla.\core_pantalla.\led_mem.\image_4_inst.$auto$proc_rom.cc:150:do_switch$352$rdmux[0][1][1]$b$2310 [0] $memory$flatten\mi_pantalla.\core_pantalla.\led_mem.\image_4_inst.$auto$proc_rom.cc:150:do_switch$352$rdmux[0][1][1]$b$2310 [0] $memory$flatten\mi_pantalla.\core_pantalla.\led_mem.\image_4_inst.$auto$proc_rom.cc:150:do_switch$352$rdmux[0][1][1]$b$2310 [0] $memory$flatten\mi_pantalla.\core_pantalla.\led_mem.\image_4_inst.$auto$proc_rom.cc:150:do_switch$352$rdmux[0][1][1]$b$2310 [0] $memory$flatten\mi_pantalla.\core_pantalla.\led_mem.\image_4_inst.$auto$proc_rom.cc:150:do_switch$352$rdmux[0][1][1]$b$2310 [0] $memory$flatten\mi_pantalla.\core_pantalla.\led_mem.\image_4_inst.$auto$proc_rom.cc:150:do_switch$352$rdmux[0][1][1]$b$2310 [0] $memory$flatten\mi_pantalla.\core_pantalla.\led_mem.\image_4_inst.$auto$proc_rom.cc:150:do_switch$352$rdmux[0][1][1]$b$2310 [0] }
  Optimizing cells in module \TOP_PROYECTO.
    Consolidated identical input bits for $mux cell $memory$flatten\mi_pantalla.\core_pantalla.\led_mem.\image_3_inst.$auto$proc_rom.cc:150:do_switch$348$rdmux[0][1][1]$2119:
      Old ports: A=$memory$flatten\mi_pantalla.\core_pantalla.\led_mem.\image_3_inst.$auto$proc_rom.cc:150:do_switch$348$rdmux[0][1][1]$a$2120, B=$memory$flatten\mi_pantalla.\core_pantalla.\led_mem.\image_3_inst.$auto$proc_rom.cc:150:do_switch$348$rdmux[0][1][1]$b$2121, Y=$memory$flatten\mi_pantalla.\core_pantalla.\led_mem.\image_3_inst.$auto$proc_rom.cc:150:do_switch$348$rdmux[0][0][0]$b$2115
      New ports: A=$memory$flatten\mi_pantalla.\core_pantalla.\led_mem.\image_3_inst.$auto$proc_rom.cc:150:do_switch$348$rdmux[0][1][1]$a$2120 [0], B=$memory$flatten\mi_pantalla.\core_pantalla.\led_mem.\image_3_inst.$auto$proc_rom.cc:150:do_switch$348$rdmux[0][1][1]$b$2121 [0], Y=$memory$flatten\mi_pantalla.\core_pantalla.\led_mem.\image_3_inst.$auto$proc_rom.cc:150:do_switch$348$rdmux[0][0][0]$b$2115 [0]
      New connections: $memory$flatten\mi_pantalla.\core_pantalla.\led_mem.\image_3_inst.$auto$proc_rom.cc:150:do_switch$348$rdmux[0][0][0]$b$2115 [7:1] = { $memory$flatten\mi_pantalla.\core_pantalla.\led_mem.\image_3_inst.$auto$proc_rom.cc:150:do_switch$348$rdmux[0][0][0]$b$2115 [0] $memory$flatten\mi_pantalla.\core_pantalla.\led_mem.\image_3_inst.$auto$proc_rom.cc:150:do_switch$348$rdmux[0][0][0]$b$2115 [0] $memory$flatten\mi_pantalla.\core_pantalla.\led_mem.\image_3_inst.$auto$proc_rom.cc:150:do_switch$348$rdmux[0][0][0]$b$2115 [0] $memory$flatten\mi_pantalla.\core_pantalla.\led_mem.\image_3_inst.$auto$proc_rom.cc:150:do_switch$348$rdmux[0][0][0]$b$2115 [0] $memory$flatten\mi_pantalla.\core_pantalla.\led_mem.\image_3_inst.$auto$proc_rom.cc:150:do_switch$348$rdmux[0][0][0]$b$2115 [0] $memory$flatten\mi_pantalla.\core_pantalla.\led_mem.\image_3_inst.$auto$proc_rom.cc:150:do_switch$348$rdmux[0][0][0]$b$2115 [0] $memory$flatten\mi_pantalla.\core_pantalla.\led_mem.\image_3_inst.$auto$proc_rom.cc:150:do_switch$348$rdmux[0][0][0]$b$2115 [0] }
    Consolidated identical input bits for $mux cell $memory$flatten\mi_pantalla.\core_pantalla.\led_mem.\image_3_inst.$auto$proc_rom.cc:150:do_switch$348$rdmux[0][1][0]$2116:
      Old ports: A=$memory$flatten\mi_pantalla.\core_pantalla.\led_mem.\image_3_inst.$auto$proc_rom.cc:150:do_switch$348$rdmux[0][1][0]$a$2117, B=8'00000000, Y=$memory$flatten\mi_pantalla.\core_pantalla.\led_mem.\image_3_inst.$auto$proc_rom.cc:150:do_switch$348$rdmux[0][0][0]$a$2114
      New ports: A=$memory$flatten\mi_pantalla.\core_pantalla.\led_mem.\image_3_inst.$auto$proc_rom.cc:150:do_switch$348$rdmux[0][1][0]$a$2117 [0], B=1'0, Y=$memory$flatten\mi_pantalla.\core_pantalla.\led_mem.\image_3_inst.$auto$proc_rom.cc:150:do_switch$348$rdmux[0][0][0]$a$2114 [0]
      New connections: $memory$flatten\mi_pantalla.\core_pantalla.\led_mem.\image_3_inst.$auto$proc_rom.cc:150:do_switch$348$rdmux[0][0][0]$a$2114 [7:1] = { $memory$flatten\mi_pantalla.\core_pantalla.\led_mem.\image_3_inst.$auto$proc_rom.cc:150:do_switch$348$rdmux[0][0][0]$a$2114 [0] $memory$flatten\mi_pantalla.\core_pantalla.\led_mem.\image_3_inst.$auto$proc_rom.cc:150:do_switch$348$rdmux[0][0][0]$a$2114 [0] $memory$flatten\mi_pantalla.\core_pantalla.\led_mem.\image_3_inst.$auto$proc_rom.cc:150:do_switch$348$rdmux[0][0][0]$a$2114 [0] $memory$flatten\mi_pantalla.\core_pantalla.\led_mem.\image_3_inst.$auto$proc_rom.cc:150:do_switch$348$rdmux[0][0][0]$a$2114 [0] $memory$flatten\mi_pantalla.\core_pantalla.\led_mem.\image_3_inst.$auto$proc_rom.cc:150:do_switch$348$rdmux[0][0][0]$a$2114 [0] $memory$flatten\mi_pantalla.\core_pantalla.\led_mem.\image_3_inst.$auto$proc_rom.cc:150:do_switch$348$rdmux[0][0][0]$a$2114 [0] $memory$flatten\mi_pantalla.\core_pantalla.\led_mem.\image_3_inst.$auto$proc_rom.cc:150:do_switch$348$rdmux[0][0][0]$a$2114 [0] }
    Consolidated identical input bits for $mux cell $memory$flatten\mi_pantalla.\core_pantalla.\led_mem.\image_4_inst.$auto$proc_rom.cc:150:do_switch$352$rdmux[0][1][1]$2308:
      Old ports: A=$memory$flatten\mi_pantalla.\core_pantalla.\led_mem.\image_4_inst.$auto$proc_rom.cc:150:do_switch$352$rdmux[0][1][1]$a$2309, B=$memory$flatten\mi_pantalla.\core_pantalla.\led_mem.\image_4_inst.$auto$proc_rom.cc:150:do_switch$352$rdmux[0][1][1]$b$2310, Y=$memory$flatten\mi_pantalla.\core_pantalla.\led_mem.\image_4_inst.$auto$proc_rom.cc:150:do_switch$352$rdmux[0][0][0]$b$2304
      New ports: A=$memory$flatten\mi_pantalla.\core_pantalla.\led_mem.\image_4_inst.$auto$proc_rom.cc:150:do_switch$352$rdmux[0][1][1]$a$2309 [0], B=$memory$flatten\mi_pantalla.\core_pantalla.\led_mem.\image_4_inst.$auto$proc_rom.cc:150:do_switch$352$rdmux[0][1][1]$b$2310 [0], Y=$memory$flatten\mi_pantalla.\core_pantalla.\led_mem.\image_4_inst.$auto$proc_rom.cc:150:do_switch$352$rdmux[0][0][0]$b$2304 [0]
      New connections: $memory$flatten\mi_pantalla.\core_pantalla.\led_mem.\image_4_inst.$auto$proc_rom.cc:150:do_switch$352$rdmux[0][0][0]$b$2304 [7:1] = { $memory$flatten\mi_pantalla.\core_pantalla.\led_mem.\image_4_inst.$auto$proc_rom.cc:150:do_switch$352$rdmux[0][0][0]$b$2304 [0] $memory$flatten\mi_pantalla.\core_pantalla.\led_mem.\image_4_inst.$auto$proc_rom.cc:150:do_switch$352$rdmux[0][0][0]$b$2304 [0] $memory$flatten\mi_pantalla.\core_pantalla.\led_mem.\image_4_inst.$auto$proc_rom.cc:150:do_switch$352$rdmux[0][0][0]$b$2304 [0] $memory$flatten\mi_pantalla.\core_pantalla.\led_mem.\image_4_inst.$auto$proc_rom.cc:150:do_switch$352$rdmux[0][0][0]$b$2304 [0] $memory$flatten\mi_pantalla.\core_pantalla.\led_mem.\image_4_inst.$auto$proc_rom.cc:150:do_switch$352$rdmux[0][0][0]$b$2304 [0] $memory$flatten\mi_pantalla.\core_pantalla.\led_mem.\image_4_inst.$auto$proc_rom.cc:150:do_switch$352$rdmux[0][0][0]$b$2304 [0] $memory$flatten\mi_pantalla.\core_pantalla.\led_mem.\image_4_inst.$auto$proc_rom.cc:150:do_switch$352$rdmux[0][0][0]$b$2304 [0] }
    Consolidated identical input bits for $mux cell $memory$flatten\mi_pantalla.\core_pantalla.\led_mem.\image_4_inst.$auto$proc_rom.cc:150:do_switch$352$rdmux[0][1][0]$2305:
      Old ports: A=$memory$flatten\mi_pantalla.\core_pantalla.\led_mem.\image_4_inst.$auto$proc_rom.cc:150:do_switch$352$rdmux[0][1][0]$a$2306, B=$memory$flatten\mi_pantalla.\core_pantalla.\led_mem.\image_4_inst.$auto$proc_rom.cc:150:do_switch$352$rdmux[0][1][0]$b$2307, Y=$memory$flatten\mi_pantalla.\core_pantalla.\led_mem.\image_4_inst.$auto$proc_rom.cc:150:do_switch$352$rdmux[0][0][0]$a$2303
      New ports: A=$memory$flatten\mi_pantalla.\core_pantalla.\led_mem.\image_4_inst.$auto$proc_rom.cc:150:do_switch$352$rdmux[0][1][0]$a$2306 [0], B=$memory$flatten\mi_pantalla.\core_pantalla.\led_mem.\image_4_inst.$auto$proc_rom.cc:150:do_switch$352$rdmux[0][1][0]$b$2307 [0], Y=$memory$flatten\mi_pantalla.\core_pantalla.\led_mem.\image_4_inst.$auto$proc_rom.cc:150:do_switch$352$rdmux[0][0][0]$a$2303 [0]
      New connections: $memory$flatten\mi_pantalla.\core_pantalla.\led_mem.\image_4_inst.$auto$proc_rom.cc:150:do_switch$352$rdmux[0][0][0]$a$2303 [7:1] = { $memory$flatten\mi_pantalla.\core_pantalla.\led_mem.\image_4_inst.$auto$proc_rom.cc:150:do_switch$352$rdmux[0][0][0]$a$2303 [0] $memory$flatten\mi_pantalla.\core_pantalla.\led_mem.\image_4_inst.$auto$proc_rom.cc:150:do_switch$352$rdmux[0][0][0]$a$2303 [0] $memory$flatten\mi_pantalla.\core_pantalla.\led_mem.\image_4_inst.$auto$proc_rom.cc:150:do_switch$352$rdmux[0][0][0]$a$2303 [0] $memory$flatten\mi_pantalla.\core_pantalla.\led_mem.\image_4_inst.$auto$proc_rom.cc:150:do_switch$352$rdmux[0][0][0]$a$2303 [0] $memory$flatten\mi_pantalla.\core_pantalla.\led_mem.\image_4_inst.$auto$proc_rom.cc:150:do_switch$352$rdmux[0][0][0]$a$2303 [0] $memory$flatten\mi_pantalla.\core_pantalla.\led_mem.\image_4_inst.$auto$proc_rom.cc:150:do_switch$352$rdmux[0][0][0]$a$2303 [0] $memory$flatten\mi_pantalla.\core_pantalla.\led_mem.\image_4_inst.$auto$proc_rom.cc:150:do_switch$352$rdmux[0][0][0]$a$2303 [0] }
    Consolidated identical input bits for $mux cell $memory$flatten\mi_pantalla.\core_pantalla.\led_mem.\image_2_inst.$auto$proc_rom.cc:150:do_switch$344$rdmux[0][1][1]$1930:
      Old ports: A=$memory$flatten\mi_pantalla.\core_pantalla.\led_mem.\image_2_inst.$auto$proc_rom.cc:150:do_switch$344$rdmux[0][1][1]$a$1931, B=$memory$flatten\mi_pantalla.\core_pantalla.\led_mem.\image_2_inst.$auto$proc_rom.cc:150:do_switch$344$rdmux[0][1][1]$b$1932, Y=$memory$flatten\mi_pantalla.\core_pantalla.\led_mem.\image_2_inst.$auto$proc_rom.cc:150:do_switch$344$rdmux[0][0][0]$b$1926
      New ports: A=$memory$flatten\mi_pantalla.\core_pantalla.\led_mem.\image_2_inst.$auto$proc_rom.cc:150:do_switch$344$rdmux[0][1][1]$a$1931 [0], B=$memory$flatten\mi_pantalla.\core_pantalla.\led_mem.\image_2_inst.$auto$proc_rom.cc:150:do_switch$344$rdmux[0][1][1]$b$1932 [0], Y=$memory$flatten\mi_pantalla.\core_pantalla.\led_mem.\image_2_inst.$auto$proc_rom.cc:150:do_switch$344$rdmux[0][0][0]$b$1926 [0]
      New connections: $memory$flatten\mi_pantalla.\core_pantalla.\led_mem.\image_2_inst.$auto$proc_rom.cc:150:do_switch$344$rdmux[0][0][0]$b$1926 [8:1] = { $memory$flatten\mi_pantalla.\core_pantalla.\led_mem.\image_2_inst.$auto$proc_rom.cc:150:do_switch$344$rdmux[0][0][0]$b$1926 [0] $memory$flatten\mi_pantalla.\core_pantalla.\led_mem.\image_2_inst.$auto$proc_rom.cc:150:do_switch$344$rdmux[0][0][0]$b$1926 [0] $memory$flatten\mi_pantalla.\core_pantalla.\led_mem.\image_2_inst.$auto$proc_rom.cc:150:do_switch$344$rdmux[0][0][0]$b$1926 [0] $memory$flatten\mi_pantalla.\core_pantalla.\led_mem.\image_2_inst.$auto$proc_rom.cc:150:do_switch$344$rdmux[0][0][0]$b$1926 [0] $memory$flatten\mi_pantalla.\core_pantalla.\led_mem.\image_2_inst.$auto$proc_rom.cc:150:do_switch$344$rdmux[0][0][0]$b$1926 [0] $memory$flatten\mi_pantalla.\core_pantalla.\led_mem.\image_2_inst.$auto$proc_rom.cc:150:do_switch$344$rdmux[0][0][0]$b$1926 [0] $memory$flatten\mi_pantalla.\core_pantalla.\led_mem.\image_2_inst.$auto$proc_rom.cc:150:do_switch$344$rdmux[0][0][0]$b$1926 [0] $memory$flatten\mi_pantalla.\core_pantalla.\led_mem.\image_2_inst.$auto$proc_rom.cc:150:do_switch$344$rdmux[0][0][0]$b$1926 [0] }
    Consolidated identical input bits for $mux cell $memory$flatten\mi_pantalla.\core_pantalla.\led_mem.\image_2_inst.$auto$proc_rom.cc:150:do_switch$344$rdmux[0][1][0]$1927:
      Old ports: A=$memory$flatten\mi_pantalla.\core_pantalla.\led_mem.\image_2_inst.$auto$proc_rom.cc:150:do_switch$344$rdmux[0][1][0]$a$1928, B=9'000000000, Y=$memory$flatten\mi_pantalla.\core_pantalla.\led_mem.\image_2_inst.$auto$proc_rom.cc:150:do_switch$344$rdmux[0][0][0]$a$1925
      New ports: A=$memory$flatten\mi_pantalla.\core_pantalla.\led_mem.\image_2_inst.$auto$proc_rom.cc:150:do_switch$344$rdmux[0][1][0]$a$1928 [0], B=1'0, Y=$memory$flatten\mi_pantalla.\core_pantalla.\led_mem.\image_2_inst.$auto$proc_rom.cc:150:do_switch$344$rdmux[0][0][0]$a$1925 [0]
      New connections: $memory$flatten\mi_pantalla.\core_pantalla.\led_mem.\image_2_inst.$auto$proc_rom.cc:150:do_switch$344$rdmux[0][0][0]$a$1925 [8:1] = { $memory$flatten\mi_pantalla.\core_pantalla.\led_mem.\image_2_inst.$auto$proc_rom.cc:150:do_switch$344$rdmux[0][0][0]$a$1925 [0] $memory$flatten\mi_pantalla.\core_pantalla.\led_mem.\image_2_inst.$auto$proc_rom.cc:150:do_switch$344$rdmux[0][0][0]$a$1925 [0] $memory$flatten\mi_pantalla.\core_pantalla.\led_mem.\image_2_inst.$auto$proc_rom.cc:150:do_switch$344$rdmux[0][0][0]$a$1925 [0] $memory$flatten\mi_pantalla.\core_pantalla.\led_mem.\image_2_inst.$auto$proc_rom.cc:150:do_switch$344$rdmux[0][0][0]$a$1925 [0] $memory$flatten\mi_pantalla.\core_pantalla.\led_mem.\image_2_inst.$auto$proc_rom.cc:150:do_switch$344$rdmux[0][0][0]$a$1925 [0] $memory$flatten\mi_pantalla.\core_pantalla.\led_mem.\image_2_inst.$auto$proc_rom.cc:150:do_switch$344$rdmux[0][0][0]$a$1925 [0] $memory$flatten\mi_pantalla.\core_pantalla.\led_mem.\image_2_inst.$auto$proc_rom.cc:150:do_switch$344$rdmux[0][0][0]$a$1925 [0] $memory$flatten\mi_pantalla.\core_pantalla.\led_mem.\image_2_inst.$auto$proc_rom.cc:150:do_switch$344$rdmux[0][0][0]$a$1925 [0] }
    Consolidated identical input bits for $mux cell $memory$flatten\mi_pantalla.\core_pantalla.\led_mem.\image_1_inst.$auto$proc_rom.cc:150:do_switch$340$rdmux[0][1][1]$1741:
      Old ports: A=$memory$flatten\mi_pantalla.\core_pantalla.\led_mem.\image_1_inst.$auto$proc_rom.cc:150:do_switch$340$rdmux[0][1][1]$a$1742, B=$memory$flatten\mi_pantalla.\core_pantalla.\led_mem.\image_1_inst.$auto$proc_rom.cc:150:do_switch$340$rdmux[0][1][1]$b$1743, Y=$memory$flatten\mi_pantalla.\core_pantalla.\led_mem.\image_1_inst.$auto$proc_rom.cc:150:do_switch$340$rdmux[0][0][0]$b$1737
      New ports: A=$memory$flatten\mi_pantalla.\core_pantalla.\led_mem.\image_1_inst.$auto$proc_rom.cc:150:do_switch$340$rdmux[0][1][1]$a$1742 [0], B=$memory$flatten\mi_pantalla.\core_pantalla.\led_mem.\image_1_inst.$auto$proc_rom.cc:150:do_switch$340$rdmux[0][1][1]$b$1743 [0], Y=$memory$flatten\mi_pantalla.\core_pantalla.\led_mem.\image_1_inst.$auto$proc_rom.cc:150:do_switch$340$rdmux[0][0][0]$b$1737 [0]
      New connections: $memory$flatten\mi_pantalla.\core_pantalla.\led_mem.\image_1_inst.$auto$proc_rom.cc:150:do_switch$340$rdmux[0][0][0]$b$1737 [6:1] = { $memory$flatten\mi_pantalla.\core_pantalla.\led_mem.\image_1_inst.$auto$proc_rom.cc:150:do_switch$340$rdmux[0][0][0]$b$1737 [0] $memory$flatten\mi_pantalla.\core_pantalla.\led_mem.\image_1_inst.$auto$proc_rom.cc:150:do_switch$340$rdmux[0][0][0]$b$1737 [0] $memory$flatten\mi_pantalla.\core_pantalla.\led_mem.\image_1_inst.$auto$proc_rom.cc:150:do_switch$340$rdmux[0][0][0]$b$1737 [0] $memory$flatten\mi_pantalla.\core_pantalla.\led_mem.\image_1_inst.$auto$proc_rom.cc:150:do_switch$340$rdmux[0][0][0]$b$1737 [0] $memory$flatten\mi_pantalla.\core_pantalla.\led_mem.\image_1_inst.$auto$proc_rom.cc:150:do_switch$340$rdmux[0][0][0]$b$1737 [0] $memory$flatten\mi_pantalla.\core_pantalla.\led_mem.\image_1_inst.$auto$proc_rom.cc:150:do_switch$340$rdmux[0][0][0]$b$1737 [0] }
    Consolidated identical input bits for $mux cell $memory$flatten\mi_pantalla.\core_pantalla.\led_mem.\image_1_inst.$auto$proc_rom.cc:150:do_switch$340$rdmux[0][1][0]$1738:
      Old ports: A=$memory$flatten\mi_pantalla.\core_pantalla.\led_mem.\image_1_inst.$auto$proc_rom.cc:150:do_switch$340$rdmux[0][1][0]$a$1739, B=$memory$flatten\mi_pantalla.\core_pantalla.\led_mem.\image_1_inst.$auto$proc_rom.cc:150:do_switch$340$rdmux[0][1][0]$b$1740, Y=$memory$flatten\mi_pantalla.\core_pantalla.\led_mem.\image_1_inst.$auto$proc_rom.cc:150:do_switch$340$rdmux[0][0][0]$a$1736
      New ports: A=$memory$flatten\mi_pantalla.\core_pantalla.\led_mem.\image_1_inst.$auto$proc_rom.cc:150:do_switch$340$rdmux[0][1][0]$a$1739 [0], B=$memory$flatten\mi_pantalla.\core_pantalla.\led_mem.\image_1_inst.$auto$proc_rom.cc:150:do_switch$340$rdmux[0][1][0]$b$1740 [0], Y=$memory$flatten\mi_pantalla.\core_pantalla.\led_mem.\image_1_inst.$auto$proc_rom.cc:150:do_switch$340$rdmux[0][0][0]$a$1736 [0]
      New connections: $memory$flatten\mi_pantalla.\core_pantalla.\led_mem.\image_1_inst.$auto$proc_rom.cc:150:do_switch$340$rdmux[0][0][0]$a$1736 [6:1] = { $memory$flatten\mi_pantalla.\core_pantalla.\led_mem.\image_1_inst.$auto$proc_rom.cc:150:do_switch$340$rdmux[0][0][0]$a$1736 [0] $memory$flatten\mi_pantalla.\core_pantalla.\led_mem.\image_1_inst.$auto$proc_rom.cc:150:do_switch$340$rdmux[0][0][0]$a$1736 [0] $memory$flatten\mi_pantalla.\core_pantalla.\led_mem.\image_1_inst.$auto$proc_rom.cc:150:do_switch$340$rdmux[0][0][0]$a$1736 [0] $memory$flatten\mi_pantalla.\core_pantalla.\led_mem.\image_1_inst.$auto$proc_rom.cc:150:do_switch$340$rdmux[0][0][0]$a$1736 [0] $memory$flatten\mi_pantalla.\core_pantalla.\led_mem.\image_1_inst.$auto$proc_rom.cc:150:do_switch$340$rdmux[0][0][0]$a$1736 [0] $memory$flatten\mi_pantalla.\core_pantalla.\led_mem.\image_1_inst.$auto$proc_rom.cc:150:do_switch$340$rdmux[0][0][0]$a$1736 [0] }
  Optimizing cells in module \TOP_PROYECTO.
    Consolidated identical input bits for $mux cell $memory$flatten\mi_pantalla.\core_pantalla.\led_mem.\image_3_inst.$auto$proc_rom.cc:150:do_switch$348$rdmux[0][0][0]$2113:
      Old ports: A=$memory$flatten\mi_pantalla.\core_pantalla.\led_mem.\image_3_inst.$auto$proc_rom.cc:150:do_switch$348$rdmux[0][0][0]$a$2114, B=$memory$flatten\mi_pantalla.\core_pantalla.\led_mem.\image_3_inst.$auto$proc_rom.cc:150:do_switch$348$rdmux[0][0][0]$b$2115, Y=$$flatten\mi_pantalla.\core_pantalla.\led_mem.\image_3_inst.$auto$proc_rom.cc:150:do_switch$348$rdreg[0]$d
      New ports: A=$memory$flatten\mi_pantalla.\core_pantalla.\led_mem.\image_3_inst.$auto$proc_rom.cc:150:do_switch$348$rdmux[0][0][0]$a$2114 [0], B=$memory$flatten\mi_pantalla.\core_pantalla.\led_mem.\image_3_inst.$auto$proc_rom.cc:150:do_switch$348$rdmux[0][0][0]$b$2115 [0], Y=$$flatten\mi_pantalla.\core_pantalla.\led_mem.\image_3_inst.$auto$proc_rom.cc:150:do_switch$348$rdreg[0]$d [0]
      New connections: $$flatten\mi_pantalla.\core_pantalla.\led_mem.\image_3_inst.$auto$proc_rom.cc:150:do_switch$348$rdreg[0]$d [7:1] = { $$flatten\mi_pantalla.\core_pantalla.\led_mem.\image_3_inst.$auto$proc_rom.cc:150:do_switch$348$rdreg[0]$d [0] $$flatten\mi_pantalla.\core_pantalla.\led_mem.\image_3_inst.$auto$proc_rom.cc:150:do_switch$348$rdreg[0]$d [0] $$flatten\mi_pantalla.\core_pantalla.\led_mem.\image_3_inst.$auto$proc_rom.cc:150:do_switch$348$rdreg[0]$d [0] $$flatten\mi_pantalla.\core_pantalla.\led_mem.\image_3_inst.$auto$proc_rom.cc:150:do_switch$348$rdreg[0]$d [0] $$flatten\mi_pantalla.\core_pantalla.\led_mem.\image_3_inst.$auto$proc_rom.cc:150:do_switch$348$rdreg[0]$d [0] $$flatten\mi_pantalla.\core_pantalla.\led_mem.\image_3_inst.$auto$proc_rom.cc:150:do_switch$348$rdreg[0]$d [0] $$flatten\mi_pantalla.\core_pantalla.\led_mem.\image_3_inst.$auto$proc_rom.cc:150:do_switch$348$rdreg[0]$d [0] }
    Consolidated identical input bits for $mux cell $memory$flatten\mi_pantalla.\core_pantalla.\led_mem.\image_4_inst.$auto$proc_rom.cc:150:do_switch$352$rdmux[0][0][0]$2302:
      Old ports: A=$memory$flatten\mi_pantalla.\core_pantalla.\led_mem.\image_4_inst.$auto$proc_rom.cc:150:do_switch$352$rdmux[0][0][0]$a$2303, B=$memory$flatten\mi_pantalla.\core_pantalla.\led_mem.\image_4_inst.$auto$proc_rom.cc:150:do_switch$352$rdmux[0][0][0]$b$2304, Y=$$flatten\mi_pantalla.\core_pantalla.\led_mem.\image_4_inst.$auto$proc_rom.cc:150:do_switch$352$rdreg[0]$d
      New ports: A=$memory$flatten\mi_pantalla.\core_pantalla.\led_mem.\image_4_inst.$auto$proc_rom.cc:150:do_switch$352$rdmux[0][0][0]$a$2303 [0], B=$memory$flatten\mi_pantalla.\core_pantalla.\led_mem.\image_4_inst.$auto$proc_rom.cc:150:do_switch$352$rdmux[0][0][0]$b$2304 [0], Y=$$flatten\mi_pantalla.\core_pantalla.\led_mem.\image_4_inst.$auto$proc_rom.cc:150:do_switch$352$rdreg[0]$d [0]
      New connections: $$flatten\mi_pantalla.\core_pantalla.\led_mem.\image_4_inst.$auto$proc_rom.cc:150:do_switch$352$rdreg[0]$d [7:1] = { $$flatten\mi_pantalla.\core_pantalla.\led_mem.\image_4_inst.$auto$proc_rom.cc:150:do_switch$352$rdreg[0]$d [0] $$flatten\mi_pantalla.\core_pantalla.\led_mem.\image_4_inst.$auto$proc_rom.cc:150:do_switch$352$rdreg[0]$d [0] $$flatten\mi_pantalla.\core_pantalla.\led_mem.\image_4_inst.$auto$proc_rom.cc:150:do_switch$352$rdreg[0]$d [0] $$flatten\mi_pantalla.\core_pantalla.\led_mem.\image_4_inst.$auto$proc_rom.cc:150:do_switch$352$rdreg[0]$d [0] $$flatten\mi_pantalla.\core_pantalla.\led_mem.\image_4_inst.$auto$proc_rom.cc:150:do_switch$352$rdreg[0]$d [0] $$flatten\mi_pantalla.\core_pantalla.\led_mem.\image_4_inst.$auto$proc_rom.cc:150:do_switch$352$rdreg[0]$d [0] $$flatten\mi_pantalla.\core_pantalla.\led_mem.\image_4_inst.$auto$proc_rom.cc:150:do_switch$352$rdreg[0]$d [0] }
    Consolidated identical input bits for $mux cell $memory$flatten\mi_pantalla.\core_pantalla.\led_mem.\image_2_inst.$auto$proc_rom.cc:150:do_switch$344$rdmux[0][0][0]$1924:
      Old ports: A=$memory$flatten\mi_pantalla.\core_pantalla.\led_mem.\image_2_inst.$auto$proc_rom.cc:150:do_switch$344$rdmux[0][0][0]$a$1925, B=$memory$flatten\mi_pantalla.\core_pantalla.\led_mem.\image_2_inst.$auto$proc_rom.cc:150:do_switch$344$rdmux[0][0][0]$b$1926, Y=$$flatten\mi_pantalla.\core_pantalla.\led_mem.\image_2_inst.$auto$proc_rom.cc:150:do_switch$344$rdreg[0]$d
      New ports: A=$memory$flatten\mi_pantalla.\core_pantalla.\led_mem.\image_2_inst.$auto$proc_rom.cc:150:do_switch$344$rdmux[0][0][0]$a$1925 [0], B=$memory$flatten\mi_pantalla.\core_pantalla.\led_mem.\image_2_inst.$auto$proc_rom.cc:150:do_switch$344$rdmux[0][0][0]$b$1926 [0], Y=$$flatten\mi_pantalla.\core_pantalla.\led_mem.\image_2_inst.$auto$proc_rom.cc:150:do_switch$344$rdreg[0]$d [0]
      New connections: $$flatten\mi_pantalla.\core_pantalla.\led_mem.\image_2_inst.$auto$proc_rom.cc:150:do_switch$344$rdreg[0]$d [8:1] = { $$flatten\mi_pantalla.\core_pantalla.\led_mem.\image_2_inst.$auto$proc_rom.cc:150:do_switch$344$rdreg[0]$d [0] $$flatten\mi_pantalla.\core_pantalla.\led_mem.\image_2_inst.$auto$proc_rom.cc:150:do_switch$344$rdreg[0]$d [0] $$flatten\mi_pantalla.\core_pantalla.\led_mem.\image_2_inst.$auto$proc_rom.cc:150:do_switch$344$rdreg[0]$d [0] $$flatten\mi_pantalla.\core_pantalla.\led_mem.\image_2_inst.$auto$proc_rom.cc:150:do_switch$344$rdreg[0]$d [0] $$flatten\mi_pantalla.\core_pantalla.\led_mem.\image_2_inst.$auto$proc_rom.cc:150:do_switch$344$rdreg[0]$d [0] $$flatten\mi_pantalla.\core_pantalla.\led_mem.\image_2_inst.$auto$proc_rom.cc:150:do_switch$344$rdreg[0]$d [0] $$flatten\mi_pantalla.\core_pantalla.\led_mem.\image_2_inst.$auto$proc_rom.cc:150:do_switch$344$rdreg[0]$d [0] $$flatten\mi_pantalla.\core_pantalla.\led_mem.\image_2_inst.$auto$proc_rom.cc:150:do_switch$344$rdreg[0]$d [0] }
    Consolidated identical input bits for $mux cell $memory$flatten\mi_pantalla.\core_pantalla.\led_mem.\image_1_inst.$auto$proc_rom.cc:150:do_switch$340$rdmux[0][0][0]$1735:
      Old ports: A=$memory$flatten\mi_pantalla.\core_pantalla.\led_mem.\image_1_inst.$auto$proc_rom.cc:150:do_switch$340$rdmux[0][0][0]$a$1736, B=$memory$flatten\mi_pantalla.\core_pantalla.\led_mem.\image_1_inst.$auto$proc_rom.cc:150:do_switch$340$rdmux[0][0][0]$b$1737, Y=$$flatten\mi_pantalla.\core_pantalla.\led_mem.\image_1_inst.$auto$proc_rom.cc:150:do_switch$340$rdreg[0]$d
      New ports: A=$memory$flatten\mi_pantalla.\core_pantalla.\led_mem.\image_1_inst.$auto$proc_rom.cc:150:do_switch$340$rdmux[0][0][0]$a$1736 [0], B=$memory$flatten\mi_pantalla.\core_pantalla.\led_mem.\image_1_inst.$auto$proc_rom.cc:150:do_switch$340$rdmux[0][0][0]$b$1737 [0], Y=$$flatten\mi_pantalla.\core_pantalla.\led_mem.\image_1_inst.$auto$proc_rom.cc:150:do_switch$340$rdreg[0]$d [0]
      New connections: $$flatten\mi_pantalla.\core_pantalla.\led_mem.\image_1_inst.$auto$proc_rom.cc:150:do_switch$340$rdreg[0]$d [6:1] = { $$flatten\mi_pantalla.\core_pantalla.\led_mem.\image_1_inst.$auto$proc_rom.cc:150:do_switch$340$rdreg[0]$d [0] $$flatten\mi_pantalla.\core_pantalla.\led_mem.\image_1_inst.$auto$proc_rom.cc:150:do_switch$340$rdreg[0]$d [0] $$flatten\mi_pantalla.\core_pantalla.\led_mem.\image_1_inst.$auto$proc_rom.cc:150:do_switch$340$rdreg[0]$d [0] $$flatten\mi_pantalla.\core_pantalla.\led_mem.\image_1_inst.$auto$proc_rom.cc:150:do_switch$340$rdreg[0]$d [0] $$flatten\mi_pantalla.\core_pantalla.\led_mem.\image_1_inst.$auto$proc_rom.cc:150:do_switch$340$rdreg[0]$d [0] $$flatten\mi_pantalla.\core_pantalla.\led_mem.\image_1_inst.$auto$proc_rom.cc:150:do_switch$340$rdreg[0]$d [0] }
  Optimizing cells in module \TOP_PROYECTO.
Performed a total of 184 changes.

33.31.5. Executing OPT_MERGE pass (detect identical cells).
Finding identical cells in module `\TOP_PROYECTO'.
Removed a total of 114 cells.

33.31.6. Executing OPT_DFF pass (perform DFF optimizations).

33.31.7. Executing OPT_CLEAN pass (remove unused cells and wires).
Finding unused cells or wires in module \TOP_PROYECTO..
Removed 0 unused cells and 478 unused wires.

33.31.8. Executing OPT_EXPR pass (perform const folding).
Optimizing module TOP_PROYECTO.

33.31.9. Rerunning OPT passes. (Maybe there is more to do..)

33.31.10. Executing OPT_MUXTREE pass (detect dead branches in mux trees).
Running muxtree optimizer on module \TOP_PROYECTO..
  Creating internal representation of mux trees.
  Evaluating internal representation of mux trees.
  Analyzing evaluation results.
Removed 0 multiplexer ports.

33.31.11. Executing OPT_REDUCE pass (consolidate $*mux and $reduce_* inputs).
  Optimizing cells in module \TOP_PROYECTO.
Performed a total of 0 changes.

33.31.12. Executing OPT_MERGE pass (detect identical cells).
Finding identical cells in module `\TOP_PROYECTO'.
Removed a total of 0 cells.

33.31.13. Executing OPT_DFF pass (perform DFF optimizations).
Setting constant 0-bit at position 3 on $auto$ff.cc:266:slice$1460 ($sdffe) from module TOP_PROYECTO.

33.31.14. Executing OPT_CLEAN pass (remove unused cells and wires).
Finding unused cells or wires in module \TOP_PROYECTO..
Removed 0 unused cells and 2 unused wires.

33.31.15. Executing OPT_EXPR pass (perform const folding).
Optimizing module TOP_PROYECTO.

33.31.16. Rerunning OPT passes. (Maybe there is more to do..)

33.31.17. Executing OPT_MUXTREE pass (detect dead branches in mux trees).
Running muxtree optimizer on module \TOP_PROYECTO..
  Creating internal representation of mux trees.
  Evaluating internal representation of mux trees.
  Analyzing evaluation results.
Removed 0 multiplexer ports.

33.31.18. Executing OPT_REDUCE pass (consolidate $*mux and $reduce_* inputs).
  Optimizing cells in module \TOP_PROYECTO.
Performed a total of 0 changes.

33.31.19. Executing OPT_MERGE pass (detect identical cells).
Finding identical cells in module `\TOP_PROYECTO'.
Removed a total of 0 cells.

33.31.20. Executing OPT_DFF pass (perform DFF optimizations).
Setting constant 0-bit at position 3 on $auto$ff.cc:266:slice$1462 ($sdffe) from module TOP_PROYECTO.

33.31.21. Executing OPT_CLEAN pass (remove unused cells and wires).
Finding unused cells or wires in module \TOP_PROYECTO..

33.31.22. Executing OPT_EXPR pass (perform const folding).
Optimizing module TOP_PROYECTO.

33.31.23. Rerunning OPT passes. (Maybe there is more to do..)

33.31.24. Executing OPT_MUXTREE pass (detect dead branches in mux trees).
Running muxtree optimizer on module \TOP_PROYECTO..
  Creating internal representation of mux trees.
  Evaluating internal representation of mux trees.
  Analyzing evaluation results.
Removed 0 multiplexer ports.

33.31.25. Executing OPT_REDUCE pass (consolidate $*mux and $reduce_* inputs).
  Optimizing cells in module \TOP_PROYECTO.
Performed a total of 0 changes.

33.31.26. Executing OPT_MERGE pass (detect identical cells).
Finding identical cells in module `\TOP_PROYECTO'.
Removed a total of 0 cells.

33.31.27. Executing OPT_DFF pass (perform DFF optimizations).

33.31.28. Executing OPT_CLEAN pass (remove unused cells and wires).
Finding unused cells or wires in module \TOP_PROYECTO..

33.31.29. Executing OPT_EXPR pass (perform const folding).
Optimizing module TOP_PROYECTO.

33.31.30. Finished OPT passes. (There is nothing left to do.)

33.32. Executing TECHMAP pass (map to technology primitives).

33.32.1. Executing Verilog-2005 frontend: /home/juan-diego/miniconda3/envs/digital/bin/../share/yosys/techmap.v
Parsing Verilog input from `/home/juan-diego/miniconda3/envs/digital/bin/../share/yosys/techmap.v' to AST representation.
Generating RTLIL representation for module `\_90_simplemap_bool_ops'.
Generating RTLIL representation for module `\_90_simplemap_reduce_ops'.
Generating RTLIL representation for module `\_90_simplemap_logic_ops'.
Generating RTLIL representation for module `\_90_simplemap_compare_ops'.
Generating RTLIL representation for module `\_90_simplemap_various'.
Generating RTLIL representation for module `\_90_simplemap_registers'.
Generating RTLIL representation for module `\_90_shift_ops_shr_shl_sshl_sshr'.
Generating RTLIL representation for module `\_90_shift_shiftx'.
Generating RTLIL representation for module `\_90_fa'.
Generating RTLIL representation for module `\_90_lcu'.
Generating RTLIL representation for module `\_90_alu'.
Generating RTLIL representation for module `\_90_macc'.
Generating RTLIL representation for module `\_90_alumacc'.
Generating RTLIL representation for module `\$__div_mod_u'.
Generating RTLIL representation for module `\$__div_mod_trunc'.
Generating RTLIL representation for module `\_90_div'.
Generating RTLIL representation for module `\_90_mod'.
Generating RTLIL representation for module `\$__div_mod_floor'.
Generating RTLIL representation for module `\_90_divfloor'.
Generating RTLIL representation for module `\_90_modfloor'.
Generating RTLIL representation for module `\_90_pow'.
Generating RTLIL representation for module `\_90_pmux'.
Generating RTLIL representation for module `\_90_demux'.
Generating RTLIL representation for module `\_90_lut'.
Successfully finished Verilog frontend.

33.32.2. Executing Verilog-2005 frontend: /home/juan-diego/miniconda3/envs/digital/bin/../share/yosys/ecp5/arith_map.v
Parsing Verilog input from `/home/juan-diego/miniconda3/envs/digital/bin/../share/yosys/ecp5/arith_map.v' to AST representation.
Generating RTLIL representation for module `\_80_ecp5_alu'.
Successfully finished Verilog frontend.

33.32.3. Continuing TECHMAP pass.
Using extmapper simplemap for cells of type $mux.
Using extmapper simplemap for cells of type $not.
Using extmapper simplemap for cells of type $reduce_and.
Using extmapper simplemap for cells of type $or.
Using extmapper simplemap for cells of type $dff.
Using extmapper simplemap for cells of type $eq.
Using extmapper simplemap for cells of type $and.
Using extmapper simplemap for cells of type $reduce_or.
Using extmapper simplemap for cells of type $ne.
Using extmapper simplemap for cells of type $reduce_bool.
Using extmapper simplemap for cells of type $logic_not.
Using template $paramod$3fa4d8c2b730442484d1c6f3ffc3c9e67c05faba\_80_ecp5_alu for cells of type $alu.
Using template $paramod$b8c0a997bce700f23568a5ada79cc6781d1f5ca0\_90_alu for cells of type $alu.
Using extmapper simplemap for cells of type $adff.
Using extmapper simplemap for cells of type $adffe.
Using template $paramod$79aa992f2eb7f354d4aaf651790713cf239111fa\_80_ecp5_alu for cells of type $alu.
Using extmapper simplemap for cells of type $logic_and.
Using template $paramod$fedb90247e1daaa8b0af86a595f377181f141d27\_90_pmux for cells of type $pmux.
Using template $paramod$85df5dc01c7df96a7d8e5f1fdf76ce9ac452af63\_90_pmux for cells of type $pmux.
Using template $paramod$77db613179eb70c5e4e5c5aca72d602a7c6017b6\_90_pmux for cells of type $pmux.
Using template $paramod$3bc68cbaeb834ad36c14f6f23cde8a2e055f1574\_90_pmux for cells of type $pmux.
Using template $paramod$175e67c02b86e96b1288b9dc100122520d7240d8\_90_alu for cells of type $alu.
Using extmapper simplemap for cells of type $logic_or.
Using template $paramod$c3cd1564c35d873179656addd6052d7ea8b6d991\_80_ecp5_alu for cells of type $alu.
Using template $paramod$dbcdc7e8aa1a4080cea2deda6fdc8772064f4d90\_80_ecp5_alu for cells of type $alu.
Using template $paramod$c5c783b17ab1d780abfad8cfe6563a0a7b47a3b0\_90_pmux for cells of type $pmux.
Using template $paramod$f25e08d27ab464ccab67f5ad90182b05ecac07b7\_90_pmux for cells of type $pmux.
Using template $paramod$103b4016182df467cceab67bcf3e18e6361ec0fd\_80_ecp5_alu for cells of type $alu.
Using template $paramod$403a3c2fa431a154c52a6a5429d7a6260b5d144f\_80_ecp5_alu for cells of type $alu.
Using extmapper simplemap for cells of type $tribuf.
Using extmapper simplemap for cells of type $sdffe.
Using template $paramod$dc04b7d98e503a7bab16fce2df70e6e2c5ca34d6\_80_ecp5_alu for cells of type $alu.
Using template $paramod$5cf79906c00cc8f7a6c2d9b89d3bc7b92e33c859\_90_pmux for cells of type $pmux.
Using template $paramod$2f5fb04daf2da94d981bf9455fa4454c6ec8b705\_80_ecp5_alu for cells of type $alu.
Using extmapper simplemap for cells of type $sdff.
Using template $paramod$97565c3687be688407d1272a293bd9d0ae6852dc\_90_pmux for cells of type $pmux.
Using template $paramod$d4fbf181fbf74ad2c33c84c81168c20bdbe88f93\_80_ecp5_alu for cells of type $alu.
Using template $paramod$2ed8280b262e219c036a1de1b95189a8901efa7b\_80_ecp5_alu for cells of type $alu.
Using template $paramod$c8f9642fe0e0f4527ea400b1bd678c474f53d556\_80_ecp5_alu for cells of type $alu.
Using template $paramod$c4905825bb8ecc38b98eb4167e8b007447af7884\_80_ecp5_alu for cells of type $alu.
Using extmapper simplemap for cells of type $xor.
Using extmapper simplemap for cells of type $pos.
Using template $paramod\_90_lcu\WIDTH=32'00000000000000000000000000000010 for cells of type $lcu.
Using template $paramod\_90_lcu\WIDTH=32'00000000000000000000000000000011 for cells of type $lcu.
No more expansions possible.

33.33. Executing OPT pass (performing simple optimizations).

33.33.1. Executing OPT_EXPR pass (perform const folding).
Optimizing module TOP_PROYECTO.

33.33.2. Executing OPT_MERGE pass (detect identical cells).
Finding identical cells in module `\TOP_PROYECTO'.
Removed a total of 331 cells.

33.33.3. Executing OPT_DFF pass (perform DFF optimizations).

33.33.4. Executing OPT_CLEAN pass (remove unused cells and wires).
Finding unused cells or wires in module \TOP_PROYECTO..
Removed 138 unused cells and 1303 unused wires.

33.33.5. Finished fast OPT passes.

33.34. Executing OPT_CLEAN pass (remove unused cells and wires).
Finding unused cells or wires in module \TOP_PROYECTO..

33.35. Executing DFFLEGALIZE pass (convert FFs to types supported by the target).

33.36. Executing TECHMAP pass (map to technology primitives).

33.36.1. Executing Verilog-2005 frontend: /home/juan-diego/miniconda3/envs/digital/bin/../share/yosys/ecp5/cells_map.v
Parsing Verilog input from `/home/juan-diego/miniconda3/envs/digital/bin/../share/yosys/ecp5/cells_map.v' to AST representation.
Generating RTLIL representation for module `\$_DFF_N_'.
Generating RTLIL representation for module `\$_DFF_P_'.
Generating RTLIL representation for module `\$_DFFE_NN_'.
Generating RTLIL representation for module `\$_DFFE_PN_'.
Generating RTLIL representation for module `\$_DFFE_NP_'.
Generating RTLIL representation for module `\$_DFFE_PP_'.
Generating RTLIL representation for module `\$_DFF_NP0_'.
Generating RTLIL representation for module `\$_DFF_NP1_'.
Generating RTLIL representation for module `\$_DFF_PP0_'.
Generating RTLIL representation for module `\$_DFF_PP1_'.
Generating RTLIL representation for module `\$_SDFF_NP0_'.
Generating RTLIL representation for module `\$_SDFF_NP1_'.
Generating RTLIL representation for module `\$_SDFF_PP0_'.
Generating RTLIL representation for module `\$_SDFF_PP1_'.
Generating RTLIL representation for module `\$_DFFE_NP0P_'.
Generating RTLIL representation for module `\$_DFFE_NP1P_'.
Generating RTLIL representation for module `\$_DFFE_PP0P_'.
Generating RTLIL representation for module `\$_DFFE_PP1P_'.
Generating RTLIL representation for module `\$_DFFE_NP0N_'.
Generating RTLIL representation for module `\$_DFFE_NP1N_'.
Generating RTLIL representation for module `\$_DFFE_PP0N_'.
Generating RTLIL representation for module `\$_DFFE_PP1N_'.
Generating RTLIL representation for module `\$_SDFFE_NP0P_'.
Generating RTLIL representation for module `\$_SDFFE_NP1P_'.
Generating RTLIL representation for module `\$_SDFFE_PP0P_'.
Generating RTLIL representation for module `\$_SDFFE_PP1P_'.
Generating RTLIL representation for module `\$_SDFFE_NP0N_'.
Generating RTLIL representation for module `\$_SDFFE_NP1N_'.
Generating RTLIL representation for module `\$_SDFFE_PP0N_'.
Generating RTLIL representation for module `\$_SDFFE_PP1N_'.
Generating RTLIL representation for module `\$_ALDFF_NP_'.
Generating RTLIL representation for module `\$_ALDFF_PP_'.
Generating RTLIL representation for module `\$_ALDFFE_NPN_'.
Generating RTLIL representation for module `\$_ALDFFE_NPP_'.
Generating RTLIL representation for module `\$_ALDFFE_PPN_'.
Generating RTLIL representation for module `\$_ALDFFE_PPP_'.
Generating RTLIL representation for module `\FD1P3AX'.
Generating RTLIL representation for module `\FD1P3AY'.
Generating RTLIL representation for module `\FD1P3BX'.
Generating RTLIL representation for module `\FD1P3DX'.
Generating RTLIL representation for module `\FD1P3IX'.
Generating RTLIL representation for module `\FD1P3JX'.
Generating RTLIL representation for module `\FD1S3AX'.
Generating RTLIL representation for module `\FD1S3AY'.
Generating RTLIL representation for module `\FD1S3BX'.
Generating RTLIL representation for module `\FD1S3DX'.
Generating RTLIL representation for module `\FD1S3IX'.
Generating RTLIL representation for module `\FD1S3JX'.
Generating RTLIL representation for module `\IFS1P3BX'.
Generating RTLIL representation for module `\IFS1P3DX'.
Generating RTLIL representation for module `\IFS1P3IX'.
Generating RTLIL representation for module `\IFS1P3JX'.
Generating RTLIL representation for module `\OFS1P3BX'.
Generating RTLIL representation for module `\OFS1P3DX'.
Generating RTLIL representation for module `\OFS1P3IX'.
Generating RTLIL representation for module `\OFS1P3JX'.
Generating RTLIL representation for module `\IB'.
Generating RTLIL representation for module `\IBPU'.
Generating RTLIL representation for module `\IBPD'.
Generating RTLIL representation for module `\OB'.
Generating RTLIL representation for module `\OBZ'.
Generating RTLIL representation for module `\OBZPU'.
Generating RTLIL representation for module `\OBZPD'.
Generating RTLIL representation for module `\OBCO'.
Generating RTLIL representation for module `\BB'.
Generating RTLIL representation for module `\BBPU'.
Generating RTLIL representation for module `\BBPD'.
Generating RTLIL representation for module `\ILVDS'.
Generating RTLIL representation for module `\OLVDS'.
Successfully finished Verilog frontend.

33.36.2. Continuing TECHMAP pass.
Using template \$_DFF_PP0_ for cells of type $_DFF_PP0_.
Using template \$_DFFE_PP0P_ for cells of type $_DFFE_PP0P_.
Using template $paramod\$_DFF_P_\_TECHMAP_WIREINIT_Q_=1'x for cells of type $_DFF_P_.
Using template \$_SDFFE_PP0P_ for cells of type $_SDFFE_PP0P_.
Using template \$_DFF_PP1_ for cells of type $_DFF_PP1_.
Using template \$_DFFE_PP1P_ for cells of type $_DFFE_PP1P_.
Using template \$_SDFF_PP0_ for cells of type $_SDFF_PP0_.
No more expansions possible.

33.37. Executing OPT_EXPR pass (perform const folding).
Optimizing module TOP_PROYECTO.

33.38. Executing SIMPLEMAP pass (map simple cells to gate primitives).

33.39. Executing LATTICE_GSR pass (implement FF init values).
Handling GSR in TOP_PROYECTO.

33.40. Executing ATTRMVCP pass (move or copy attributes).

33.41. Executing OPT_CLEAN pass (remove unused cells and wires).
Finding unused cells or wires in module \TOP_PROYECTO..
Removed 0 unused cells and 1095 unused wires.

33.42. Executing TECHMAP pass (map to technology primitives).

33.42.1. Executing Verilog-2005 frontend: /home/juan-diego/miniconda3/envs/digital/bin/../share/yosys/ecp5/latches_map.v
Parsing Verilog input from `/home/juan-diego/miniconda3/envs/digital/bin/../share/yosys/ecp5/latches_map.v' to AST representation.
Generating RTLIL representation for module `\$_DLATCH_N_'.
Generating RTLIL representation for module `\$_DLATCH_P_'.
Successfully finished Verilog frontend.

33.42.2. Continuing TECHMAP pass.
No more expansions possible.

33.43. Executing ABC pass (technology mapping using ABC).

33.43.1. Extracting gate netlist of module `\TOP_PROYECTO' to `<abc-temp-dir>/input.blif'..
Extracted 832 gates and 1074 wires to a netlist network with 240 inputs and 165 outputs.

33.43.1.1. Executing ABC.
Running ABC command: "<yosys-exe-dir>/yosys-abc" -s -f <abc-temp-dir>/abc.script 2>&1
ABC: ABC command line: "source <abc-temp-dir>/abc.script".
ABC: 
ABC: + read_blif <abc-temp-dir>/input.blif 
ABC: + read_lut <abc-temp-dir>/lutdefs.txt 
ABC: + strash 
ABC: + &get -n 
ABC: + &fraig -x 
ABC: + &put 
ABC: + scorr 
ABC: Warning: The network is combinational (run "fraig" or "fraig_sweep").
ABC: + dc2 
ABC: + dretime 
ABC: + strash 
ABC: + dch -f 
ABC: + if 
ABC: + mfs2 
ABC: + dress <abc-temp-dir>/input.blif 
ABC: Total number of equiv classes                =     234.
ABC: Participating nodes from both networks       =     536.
ABC: Participating nodes from the first network   =     233. (  83.51 % of nodes)
ABC: Participating nodes from the second network  =     303. ( 108.60 % of nodes)
ABC: Node pairs (any polarity)                    =     233. (  83.51 % of names can be moved)
ABC: Node pairs (same polarity)                   =     208. (  74.55 % of names can be moved)
ABC: Total runtime =     0.07 sec
ABC: + write_blif <abc-temp-dir>/output.blif 

33.43.1.2. Re-integrating ABC results.
ABC RESULTS:              $lut cells:      278
ABC RESULTS:        internal signals:      669
ABC RESULTS:           input signals:      240
ABC RESULTS:          output signals:      165
Removing temp directory.
Removed 0 unused cells and 772 unused wires.

33.44. Executing TECHMAP pass (map to technology primitives).

33.44.1. Executing Verilog-2005 frontend: /home/juan-diego/miniconda3/envs/digital/bin/../share/yosys/ecp5/cells_map.v
Parsing Verilog input from `/home/juan-diego/miniconda3/envs/digital/bin/../share/yosys/ecp5/cells_map.v' to AST representation.
Generating RTLIL representation for module `\$_DFF_N_'.
Generating RTLIL representation for module `\$_DFF_P_'.
Generating RTLIL representation for module `\$_DFFE_NN_'.
Generating RTLIL representation for module `\$_DFFE_PN_'.
Generating RTLIL representation for module `\$_DFFE_NP_'.
Generating RTLIL representation for module `\$_DFFE_PP_'.
Generating RTLIL representation for module `\$_DFF_NP0_'.
Generating RTLIL representation for module `\$_DFF_NP1_'.
Generating RTLIL representation for module `\$_DFF_PP0_'.
Generating RTLIL representation for module `\$_DFF_PP1_'.
Generating RTLIL representation for module `\$_SDFF_NP0_'.
Generating RTLIL representation for module `\$_SDFF_NP1_'.
Generating RTLIL representation for module `\$_SDFF_PP0_'.
Generating RTLIL representation for module `\$_SDFF_PP1_'.
Generating RTLIL representation for module `\$_DFFE_NP0P_'.
Generating RTLIL representation for module `\$_DFFE_NP1P_'.
Generating RTLIL representation for module `\$_DFFE_PP0P_'.
Generating RTLIL representation for module `\$_DFFE_PP1P_'.
Generating RTLIL representation for module `\$_DFFE_NP0N_'.
Generating RTLIL representation for module `\$_DFFE_NP1N_'.
Generating RTLIL representation for module `\$_DFFE_PP0N_'.
Generating RTLIL representation for module `\$_DFFE_PP1N_'.
Generating RTLIL representation for module `\$_SDFFE_NP0P_'.
Generating RTLIL representation for module `\$_SDFFE_NP1P_'.
Generating RTLIL representation for module `\$_SDFFE_PP0P_'.
Generating RTLIL representation for module `\$_SDFFE_PP1P_'.
Generating RTLIL representation for module `\$_SDFFE_NP0N_'.
Generating RTLIL representation for module `\$_SDFFE_NP1N_'.
Generating RTLIL representation for module `\$_SDFFE_PP0N_'.
Generating RTLIL representation for module `\$_SDFFE_PP1N_'.
Generating RTLIL representation for module `\$_ALDFF_NP_'.
Generating RTLIL representation for module `\$_ALDFF_PP_'.
Generating RTLIL representation for module `\$_ALDFFE_NPN_'.
Generating RTLIL representation for module `\$_ALDFFE_NPP_'.
Generating RTLIL representation for module `\$_ALDFFE_PPN_'.
Generating RTLIL representation for module `\$_ALDFFE_PPP_'.
Generating RTLIL representation for module `\FD1P3AX'.
Generating RTLIL representation for module `\FD1P3AY'.
Generating RTLIL representation for module `\FD1P3BX'.
Generating RTLIL representation for module `\FD1P3DX'.
Generating RTLIL representation for module `\FD1P3IX'.
Generating RTLIL representation for module `\FD1P3JX'.
Generating RTLIL representation for module `\FD1S3AX'.
Generating RTLIL representation for module `\FD1S3AY'.
Generating RTLIL representation for module `\FD1S3BX'.
Generating RTLIL representation for module `\FD1S3DX'.
Generating RTLIL representation for module `\FD1S3IX'.
Generating RTLIL representation for module `\FD1S3JX'.
Generating RTLIL representation for module `\IFS1P3BX'.
Generating RTLIL representation for module `\IFS1P3DX'.
Generating RTLIL representation for module `\IFS1P3IX'.
Generating RTLIL representation for module `\IFS1P3JX'.
Generating RTLIL representation for module `\OFS1P3BX'.
Generating RTLIL representation for module `\OFS1P3DX'.
Generating RTLIL representation for module `\OFS1P3IX'.
Generating RTLIL representation for module `\OFS1P3JX'.
Generating RTLIL representation for module `\IB'.
Generating RTLIL representation for module `\IBPU'.
Generating RTLIL representation for module `\IBPD'.
Generating RTLIL representation for module `\OB'.
Generating RTLIL representation for module `\OBZ'.
Generating RTLIL representation for module `\OBZPU'.
Generating RTLIL representation for module `\OBZPD'.
Generating RTLIL representation for module `\OBCO'.
Generating RTLIL representation for module `\BB'.
Generating RTLIL representation for module `\BBPU'.
Generating RTLIL representation for module `\BBPD'.
Generating RTLIL representation for module `\ILVDS'.
Generating RTLIL representation for module `\OLVDS'.
Generating RTLIL representation for module `\$lut'.
Successfully finished Verilog frontend.

33.44.2. Continuing TECHMAP pass.
Using template $paramod\$lut\WIDTH=32'00000000000000000000000000000010\LUT=4'1110 for cells of type $lut.
Using template $paramod$973818279bc95792902f3c09371fd2407d04a2a5\$lut for cells of type $lut.
Using template $paramod$91e34d4750fd89ff40569e1b4624fb0532e69ed2\$lut for cells of type $lut.
Using template $paramod$d10d29a83d60e3648b73c68f96b306ed2c95752c\$lut for cells of type $lut.
Using template $paramod$eba7de026ff587370e320127e266317dae097a89\$lut for cells of type $lut.
Using template $paramod$ad823946862e656cf7f96d606b18b8f972dc6d6c\$lut for cells of type $lut.
Using template $paramod$8b09f347504cfc0d3d65fbb4601497936543b1b3\$lut for cells of type $lut.
Using template $paramod\$lut\WIDTH=32'00000000000000000000000000000010\LUT=4'0001 for cells of type $lut.
Using template $paramod\$lut\WIDTH=32'00000000000000000000000000000011\LUT=8'00010000 for cells of type $lut.
Using template $paramod$658b9ed803f0d3d335616d3858b53e0a2522f1e8\$lut for cells of type $lut.
Using template $paramod$6d6beead1425af15cf78b27fd9b11b41b5d4bce8\$lut for cells of type $lut.
Using template $paramod$7bb6a37e65823eeb4b38c370fec30ab082759a14\$lut for cells of type $lut.
Using template $paramod\$lut\WIDTH=32'00000000000000000000000000000010\LUT=4'0100 for cells of type $lut.
Using template $paramod\$lut\WIDTH=32'00000000000000000000000000000011\LUT=8'11111110 for cells of type $lut.
Using template $paramod$2d07c1a6c53c7b878509360922c4fa5ebedc3011\$lut for cells of type $lut.
Using template $paramod$49eb50c63a5b5355fa8408239eeac288f1d9f4c3\$lut for cells of type $lut.
Using template $paramod\$lut\WIDTH=32'00000000000000000000000000000011\LUT=8'01000000 for cells of type $lut.
Using template $paramod$b4f15f202f50520dbc381cd0880ac94f830f05a8\$lut for cells of type $lut.
Using template $paramod\$lut\WIDTH=32'00000000000000000000000000000011\LUT=8'11010000 for cells of type $lut.
Using template $paramod$251994398653c4cf8de320f1e306e535d5d2d624\$lut for cells of type $lut.
Using template $paramod$8d5273be6d4e381fb086b65222b8fc0ea5ac2206\$lut for cells of type $lut.
Using template $paramod$b297295e19b03521716155b85537bbe86d6a9ae6\$lut for cells of type $lut.
Using template $paramod$6e238df02989b317f10820a22773676e71120644\$lut for cells of type $lut.
Using template $paramod\$lut\WIDTH=32'00000000000000000000000000000011\LUT=8'10000000 for cells of type $lut.
Using template $paramod$2e7a95e82db1d690ae9ba5d10f68b175fa2cb467\$lut for cells of type $lut.
Using template $paramod$200337237619ba4c0bed9a492562f1d1b57fb569\$lut for cells of type $lut.
Using template $paramod\$lut\WIDTH=32'00000000000000000000000000000010\LUT=4'1000 for cells of type $lut.
Using template $paramod$8ed92e7843cb22ca2c42f03247c267b9da05e8af\$lut for cells of type $lut.
Using template $paramod\$lut\WIDTH=32'00000000000000000000000000000011\LUT=8'00000001 for cells of type $lut.
Using template $paramod$354367fdc808a23379675dc8a2e8d73b1ff4f9aa\$lut for cells of type $lut.
Using template $paramod$2c68ff079d2ce6a6fd58346229f821d920b247e8\$lut for cells of type $lut.
Using template $paramod$571404c0889eaf57f492cb5e37f8acb5df5852f9\$lut for cells of type $lut.
Using template $paramod$272652f6c6fbe9a75eff76e45cc7e2788835518b\$lut for cells of type $lut.
Using template $paramod$bb4fff1cc3b827238aa40993cafede1c5beecbe3\$lut for cells of type $lut.
Using template $paramod$a08b1af00741513dee192542ee39a66c7ca0790c\$lut for cells of type $lut.
Using template $paramod\$lut\WIDTH=32'00000000000000000000000000000010\LUT=4'1011 for cells of type $lut.
Using template $paramod$608f40069c27841a5b3bdf03643a34bdc8974072\$lut for cells of type $lut.
Using template $paramod$ab8bb87959c5d7cfa27886cee1355b38e054a61a\$lut for cells of type $lut.
Using template $paramod\$lut\WIDTH=32'00000000000000000000000000000011\LUT=8'01001111 for cells of type $lut.
Using template $paramod$4b2c3a12076507c01d31e60b3fad10c726adbbcf\$lut for cells of type $lut.
Using template $paramod$cdff6c8b53a7b7ea397fceed8f8857f9a26d923b\$lut for cells of type $lut.
Using template $paramod$179512a187da069f3b79ef6612a41e494e7d54b6\$lut for cells of type $lut.
Using template $paramod\$lut\WIDTH=32'00000000000000000000000000000011\LUT=8'01101111 for cells of type $lut.
Using template $paramod$33e58adf67c6b686a154c9ce8ebbc4b04b8cabc5\$lut for cells of type $lut.
Using template $paramod$0ce68ba9db1445bfa049726f5d481ca2c0a90b8f\$lut for cells of type $lut.
Using template $paramod\$lut\WIDTH=32'00000000000000000000000000000011\LUT=8'01100000 for cells of type $lut.
Using template $paramod$2c0001bb8124becc337daa71d1f46f20d5a016ab\$lut for cells of type $lut.
Using template $paramod$593df5e184ffa8f42c83e32a8b90086825cbd7d5\$lut for cells of type $lut.
Using template $paramod$2ea69c779d6c1b79ac5a87b0d1523c67d5628dba\$lut for cells of type $lut.
Using template $paramod$1bf62ab10e48d71d6497bccacf5c70420c470fe9\$lut for cells of type $lut.
Using template $paramod$70ebb6cf5bc7d63c5c1a98ccefefa2af79e8f2a9\$lut for cells of type $lut.
Using template $paramod$359fe4e746656bf9c72aecaff84fc7bdea9f55a5\$lut for cells of type $lut.
Using template $paramod$ef55f89c74d994c27b4ec4bac79af43e8b1d7e25\$lut for cells of type $lut.
Using template $paramod\$lut\WIDTH=32'00000000000000000000000000000011\LUT=8'11110100 for cells of type $lut.
Using template $paramod$e053a22d78e6bd5ea33183ea69976f0db741be0e\$lut for cells of type $lut.
Using template $paramod$82b4a585d1edcb5c6e755dc9bd3392228a1c1304\$lut for cells of type $lut.
Using template $paramod$b587e1dcd8f8a9800d395e4aeecac52c55d6f585\$lut for cells of type $lut.
Using template $paramod$45eab5fc8be243afac12f94b3f2d8d800b417695\$lut for cells of type $lut.
Using template $paramod$0d0da5eae71af558baf64649afbc2b05cdf5bb42\$lut for cells of type $lut.
Using template $paramod$d6cf0a4b6f6ccd87588da28c41b5b6c258da2509\$lut for cells of type $lut.
Using template $paramod\$lut\WIDTH=32'00000000000000000000000000000011\LUT=8'00011111 for cells of type $lut.
Using template $paramod\$lut\WIDTH=32'00000000000000000000000000000011\LUT=8'00000111 for cells of type $lut.
Using template $paramod\$lut\WIDTH=32'00000000000000000000000000000011\LUT=8'01011100 for cells of type $lut.
Using template $paramod\$lut\WIDTH=32'00000000000000000000000000000011\LUT=8'10011111 for cells of type $lut.
Using template $paramod$c5f100f5ce4d2404dae80c08b8d8afa385d41d19\$lut for cells of type $lut.
Using template $paramod$314fe9458b07176c4d2c8c59533027c4c55155b5\$lut for cells of type $lut.
Using template $paramod\$lut\WIDTH=32'00000000000000000000000000000010\LUT=4'0111 for cells of type $lut.
Using template $paramod\$lut\WIDTH=32'00000000000000000000000000000011\LUT=8'10000111 for cells of type $lut.
Using template $paramod$40eef110b559c3d0307615b8951b58fca0519b15\$lut for cells of type $lut.
Using template $paramod$df196ed0a1da5c4a58c5e08a1dac304fd3fccaab\$lut for cells of type $lut.
Using template $paramod$5afdc7428159757eedf89ce514f7efa32b31c8e7\$lut for cells of type $lut.
Using template $paramod$7c3bb340ef8d4d1167134e647a3ec3a50eeb633a\$lut for cells of type $lut.
Using template $paramod$4584dda92fa5a32dd18fd7efc79a2efb1fb8eeea\$lut for cells of type $lut.
Using template $paramod$fd9504df0d9ce29ad288b31631d8d0d7cbaef7e2\$lut for cells of type $lut.
Using template $paramod$575b200168b9e109c2ed99df4359056f2c6696ac\$lut for cells of type $lut.
Using template $paramod$affcf0f154430e5f24240efdee5f7d379dca7dd1\$lut for cells of type $lut.
Using template $paramod$287fc40df277be5303029e92cf8599a6aab4ddf0\$lut for cells of type $lut.
Using template $paramod$3efbcfbfbaa24f53c7da5d4f69d6dc97abcf1329\$lut for cells of type $lut.
Using template $paramod$cf652acbfbf67d2248e3045cd0f09c58ca55886c\$lut for cells of type $lut.
Using template $paramod$fc8f4507ed52b718300ff609757703b2824ff0a6\$lut for cells of type $lut.
Using template $paramod\$lut\WIDTH=32'00000000000000000000000000000001\LUT=2'01 for cells of type $lut.
Using template $paramod\$lut\WIDTH=32'00000000000000000000000000000011\LUT=8'11101011 for cells of type $lut.
Using template $paramod$4518c6efc338c838baccc1368addc699a6d5aa1d\$lut for cells of type $lut.
Using template $paramod$f245950a40b247d18307ffba793b693fd902d228\$lut for cells of type $lut.
Using template $paramod$48ac675ec3f5ae95c9111b6fab770149399bc0f5\$lut for cells of type $lut.
Using template $paramod$85b779ce5ab505dbf25e5e046fb43ca2b76b878b\$lut for cells of type $lut.
Using template $paramod$e82e2fc2612502623a9d88b01cc87c4d86cef994\$lut for cells of type $lut.
Using template $paramod$c39b4ae3eed03ff4e0ef2a41844cc5ea3df00d09\$lut for cells of type $lut.
Using template $paramod$6b0849254d6c87461fb93e37cc18f089f61eb912\$lut for cells of type $lut.
Using template $paramod$11347ef2fc461a352a702c906d1c2654f24334f0\$lut for cells of type $lut.
Using template $paramod$c0fafc0f1f656f07cce12e50c83677ae278dbbf6\$lut for cells of type $lut.
Using template $paramod$0218b115a438eedb6d7657be4be6f09d25d09594\$lut for cells of type $lut.
Using template $paramod$c5f3c57a6d466a2f42208bafb8985b96ce884440\$lut for cells of type $lut.
Using template $paramod$d4fae2c0d9ad2966369cd4e39b81c71bcd1327c9\$lut for cells of type $lut.
No more expansions possible.

33.45. Executing OPT_LUT_INS pass (discard unused LUT inputs).
Optimizing LUTs in TOP_PROYECTO.
  Optimizing lut $abc$6972$auto$blifparse.cc:525:parse_blif$7151.genblk1.genblk1.genblk1.genblk1.genblk1.genblk1.genblk1.lut1 (4 -> 0)
  Optimizing lut $abc$6972$auto$blifparse.cc:525:parse_blif$7151.genblk1.genblk1.genblk1.genblk1.genblk1.genblk1.genblk1.lut2 (4 -> 2)
  Optimizing lut $abc$6972$auto$blifparse.cc:525:parse_blif$7151.genblk1.genblk1.genblk1.genblk1.genblk1.genblk1.genblk1.lut3 (4 -> 0)
  Optimizing lut $abc$6972$auto$blifparse.cc:525:parse_blif$7151.genblk1.genblk1.genblk1.genblk1.genblk1.genblk1.genblk1.lut4 (4 -> 2)
  Optimizing lut $abc$6972$auto$blifparse.cc:525:parse_blif$7151.genblk1.genblk1.genblk1.genblk1.genblk1.genblk1.genblk1.lut5 (4 -> 0)
  Optimizing lut $abc$6972$auto$blifparse.cc:525:parse_blif$7151.genblk1.genblk1.genblk1.genblk1.genblk1.genblk1.genblk1.lut7 (4 -> 2)
  Optimizing lut $abc$6972$auto$blifparse.cc:525:parse_blif$7150.genblk1.genblk1.genblk1.genblk1.genblk1.genblk1.lut1 (4 -> 0)
  Optimizing lut $abc$6972$auto$blifparse.cc:525:parse_blif$7150.genblk1.genblk1.genblk1.genblk1.genblk1.genblk1.lut3 (4 -> 3)
  Optimizing lut $abc$6972$auto$blifparse.cc:525:parse_blif$7145.genblk1.genblk1.genblk1.genblk1.genblk1.genblk1.genblk1.lut2 (4 -> 2)
  Optimizing lut $abc$6972$auto$blifparse.cc:525:parse_blif$7145.genblk1.genblk1.genblk1.genblk1.genblk1.genblk1.genblk1.lut3 (4 -> 0)
  Optimizing lut $abc$6972$auto$blifparse.cc:525:parse_blif$7145.genblk1.genblk1.genblk1.genblk1.genblk1.genblk1.genblk1.lut4 (4 -> 2)
  Optimizing lut $abc$6972$auto$blifparse.cc:525:parse_blif$7145.genblk1.genblk1.genblk1.genblk1.genblk1.genblk1.genblk1.lut5 (4 -> 0)
  Optimizing lut $abc$6972$auto$blifparse.cc:525:parse_blif$7145.genblk1.genblk1.genblk1.genblk1.genblk1.genblk1.genblk1.lut7 (4 -> 2)
  Optimizing lut $abc$6972$auto$blifparse.cc:525:parse_blif$7137.genblk1.genblk1.genblk1.genblk1.genblk1.genblk1.lut1 (4 -> 2)
  Optimizing lut $abc$6972$auto$blifparse.cc:525:parse_blif$7137.genblk1.genblk1.genblk1.genblk1.genblk1.genblk1.lut2 (4 -> 2)
  Optimizing lut $abc$6972$auto$blifparse.cc:525:parse_blif$7137.genblk1.genblk1.genblk1.genblk1.genblk1.genblk1.lut3 (4 -> 2)
  Optimizing lut $abc$6972$auto$blifparse.cc:525:parse_blif$7126.genblk1.genblk1.genblk1.genblk1.genblk1.genblk1.lut2 (4 -> 3)
  Optimizing lut $abc$6972$auto$blifparse.cc:525:parse_blif$7126.genblk1.genblk1.genblk1.genblk1.genblk1.genblk1.lut3 (4 -> 3)
  Optimizing lut $abc$6972$auto$blifparse.cc:525:parse_blif$7205.genblk1.genblk1.genblk1.genblk1.genblk1.genblk1.genblk1.lut2 (4 -> 0)
  Optimizing lut $abc$6972$auto$blifparse.cc:525:parse_blif$7205.genblk1.genblk1.genblk1.genblk1.genblk1.genblk1.genblk1.lut3 (4 -> 3)
  Optimizing lut $abc$6972$auto$blifparse.cc:525:parse_blif$7205.genblk1.genblk1.genblk1.genblk1.genblk1.genblk1.genblk1.lut4 (4 -> 1)
  Optimizing lut $abc$6972$auto$blifparse.cc:525:parse_blif$7205.genblk1.genblk1.genblk1.genblk1.genblk1.genblk1.genblk1.lut5 (4 -> 1)
  Optimizing lut $abc$6972$auto$blifparse.cc:525:parse_blif$7205.genblk1.genblk1.genblk1.genblk1.genblk1.genblk1.genblk1.lut6 (4 -> 1)
  Optimizing lut $abc$6972$auto$blifparse.cc:525:parse_blif$7205.genblk1.genblk1.genblk1.genblk1.genblk1.genblk1.genblk1.lut7 (4 -> 1)
  Optimizing lut $abc$6972$auto$blifparse.cc:525:parse_blif$7207.genblk1.genblk1.genblk1.genblk1.genblk1.genblk1.lut2 (4 -> 0)
  Optimizing lut $abc$6972$auto$blifparse.cc:525:parse_blif$7048.genblk1.genblk1.genblk1.genblk1.genblk1.lut1 (4 -> 0)
  Optimizing lut $abc$6972$auto$blifparse.cc:525:parse_blif$7006.genblk1.genblk1.genblk1.genblk1.genblk1.genblk1.genblk1.lut2 (4 -> 0)
  Optimizing lut $abc$6972$auto$blifparse.cc:525:parse_blif$7006.genblk1.genblk1.genblk1.genblk1.genblk1.genblk1.genblk1.lut3 (4 -> 0)
  Optimizing lut $abc$6972$auto$blifparse.cc:525:parse_blif$7006.genblk1.genblk1.genblk1.genblk1.genblk1.genblk1.genblk1.lut4 (4 -> 0)
  Optimizing lut $abc$6972$auto$blifparse.cc:525:parse_blif$7006.genblk1.genblk1.genblk1.genblk1.genblk1.genblk1.genblk1.lut5 (4 -> 0)
  Optimizing lut $abc$6972$auto$blifparse.cc:525:parse_blif$7006.genblk1.genblk1.genblk1.genblk1.genblk1.genblk1.genblk1.lut7 (4 -> 3)
  Optimizing lut $abc$6972$auto$blifparse.cc:525:parse_blif$7064.genblk1.genblk1.genblk1.genblk1.genblk1.genblk1.lut2 (4 -> 0)
  Optimizing lut $abc$6972$auto$blifparse.cc:525:parse_blif$7029.genblk1.genblk1.genblk1.genblk1.genblk1.genblk1.genblk1.lut2 (4 -> 2)
  Optimizing lut $abc$6972$auto$blifparse.cc:525:parse_blif$7029.genblk1.genblk1.genblk1.genblk1.genblk1.genblk1.genblk1.lut3 (4 -> 2)
  Optimizing lut $abc$6972$auto$blifparse.cc:525:parse_blif$7029.genblk1.genblk1.genblk1.genblk1.genblk1.genblk1.genblk1.lut5 (4 -> 2)
  Optimizing lut $abc$6972$auto$blifparse.cc:525:parse_blif$7029.genblk1.genblk1.genblk1.genblk1.genblk1.genblk1.genblk1.lut6 (4 -> 1)
  Optimizing lut $abc$6972$auto$blifparse.cc:525:parse_blif$7029.genblk1.genblk1.genblk1.genblk1.genblk1.genblk1.genblk1.lut7 (4 -> 2)
  Optimizing lut $abc$6972$auto$blifparse.cc:525:parse_blif$7016.genblk1.genblk1.genblk1.genblk1.genblk1.genblk1.lut1 (4 -> 0)
  Optimizing lut $abc$6972$auto$blifparse.cc:525:parse_blif$7016.genblk1.genblk1.genblk1.genblk1.genblk1.genblk1.lut3 (4 -> 0)
  Optimizing lut $abc$6972$auto$blifparse.cc:525:parse_blif$6989.genblk1.genblk1.genblk1.genblk1.genblk1.genblk1.lut2 (4 -> 0)
  Optimizing lut $abc$6972$auto$blifparse.cc:525:parse_blif$6989.genblk1.genblk1.genblk1.genblk1.genblk1.genblk1.lut3 (4 -> 0)
  Optimizing lut $abc$6972$auto$blifparse.cc:525:parse_blif$6984.genblk1.genblk1.genblk1.genblk1.genblk1.genblk1.lut2 (4 -> 0)
  Optimizing lut $abc$6972$auto$blifparse.cc:525:parse_blif$7186.genblk1.genblk1.genblk1.genblk1.genblk1.lut1 (4 -> 3)
  Optimizing lut $abc$6972$auto$blifparse.cc:525:parse_blif$6984.genblk1.genblk1.genblk1.genblk1.genblk1.genblk1.lut1 (4 -> 0)
  Optimizing lut $abc$6972$auto$blifparse.cc:525:parse_blif$6979.genblk1.genblk1.genblk1.genblk1.genblk1.lut1 (4 -> 0)
  Optimizing lut $abc$6972$auto$blifparse.cc:525:parse_blif$7044.genblk1.genblk1.genblk1.genblk1.genblk1.lut1 (4 -> 3)
  Optimizing lut $abc$6972$auto$blifparse.cc:525:parse_blif$6982.genblk1.genblk1.genblk1.genblk1.genblk1.lut0 (4 -> 0)
  Optimizing lut $abc$6972$auto$blifparse.cc:525:parse_blif$6989.genblk1.genblk1.genblk1.genblk1.genblk1.genblk1.lut0 (4 -> 0)
  Optimizing lut $abc$6972$auto$blifparse.cc:525:parse_blif$6997.genblk1.genblk1.genblk1.genblk1.genblk1.lut0 (4 -> 0)
  Optimizing lut $abc$6972$auto$blifparse.cc:525:parse_blif$6993.genblk1.genblk1.genblk1.genblk1.genblk1.lut1 (4 -> 0)
  Optimizing lut $abc$6972$auto$blifparse.cc:525:parse_blif$6996.genblk1.genblk1.genblk1.genblk1.genblk1.lut1 (4 -> 0)
  Optimizing lut $abc$6972$auto$blifparse.cc:525:parse_blif$7006.genblk1.genblk1.genblk1.genblk1.genblk1.genblk1.genblk1.lut0 (4 -> 0)
  Optimizing lut $abc$6972$auto$blifparse.cc:525:parse_blif$7008.genblk1.genblk1.genblk1.genblk1.genblk1.lut0 (4 -> 0)
  Optimizing lut $abc$6972$auto$blifparse.cc:525:parse_blif$7009.genblk1.genblk1.genblk1.genblk1.genblk1.lut0 (4 -> 0)
  Optimizing lut $abc$6972$auto$blifparse.cc:525:parse_blif$7010.genblk1.genblk1.genblk1.genblk1.genblk1.lut0 (4 -> 0)
  Optimizing lut $abc$6972$auto$blifparse.cc:525:parse_blif$7012.genblk1.genblk1.genblk1.genblk1.genblk1.lut1 (4 -> 0)
  Optimizing lut $abc$6972$auto$blifparse.cc:525:parse_blif$7016.genblk1.genblk1.genblk1.genblk1.genblk1.genblk1.lut0 (4 -> 0)
  Optimizing lut $abc$6972$auto$blifparse.cc:525:parse_blif$7018.genblk1.genblk1.genblk1.genblk1.genblk1.lut1 (4 -> 0)
  Optimizing lut $abc$6972$auto$blifparse.cc:525:parse_blif$7029.genblk1.genblk1.genblk1.genblk1.genblk1.genblk1.genblk1.lut1 (4 -> 2)
  Optimizing lut $abc$6972$auto$blifparse.cc:525:parse_blif$7029.genblk1.genblk1.genblk1.genblk1.genblk1.genblk1.genblk1.lut0 (4 -> 2)
  Optimizing lut $abc$6972$auto$blifparse.cc:525:parse_blif$7032.genblk1.genblk1.genblk1.genblk1.genblk1.lut0 (4 -> 0)
  Optimizing lut $abc$6972$auto$blifparse.cc:525:parse_blif$7034.genblk1.genblk1.genblk1.genblk1.genblk1.lut0 (4 -> 0)
  Optimizing lut $abc$6972$auto$blifparse.cc:525:parse_blif$7038.genblk1.genblk1.genblk1.genblk1.genblk1.lut0 (4 -> 1)
  Optimizing lut $abc$6972$auto$blifparse.cc:525:parse_blif$7011.genblk1.genblk1.genblk1.genblk1.genblk1.lut1 (4 -> 0)
  Optimizing lut $abc$6972$auto$blifparse.cc:525:parse_blif$7046.genblk1.genblk1.genblk1.genblk1.genblk1.lut0 (4 -> 0)
  Optimizing lut $abc$6972$auto$blifparse.cc:525:parse_blif$7055.genblk1.genblk1.genblk1.genblk1.genblk1.lut0 (4 -> 0)
  Optimizing lut $abc$6972$auto$blifparse.cc:525:parse_blif$7064.genblk1.genblk1.genblk1.genblk1.genblk1.genblk1.lut0 (4 -> 0)
  Optimizing lut $abc$6972$auto$blifparse.cc:525:parse_blif$7064.genblk1.genblk1.genblk1.genblk1.genblk1.genblk1.lut1 (4 -> 0)
  Optimizing lut $abc$6972$auto$blifparse.cc:525:parse_blif$7006.genblk1.genblk1.genblk1.genblk1.genblk1.genblk1.genblk1.lut1 (4 -> 0)
  Optimizing lut $abc$6972$auto$blifparse.cc:525:parse_blif$7104.genblk1.genblk1.genblk1.genblk1.genblk1.lut0 (4 -> 2)
  Optimizing lut $abc$6972$auto$blifparse.cc:525:parse_blif$7105.genblk1.genblk1.genblk1.genblk1.genblk1.lut0 (4 -> 0)
  Optimizing lut $abc$6972$auto$blifparse.cc:525:parse_blif$7106.genblk1.genblk1.genblk1.genblk1.genblk1.lut0 (4 -> 0)
  Optimizing lut $abc$6972$auto$blifparse.cc:525:parse_blif$7137.genblk1.genblk1.genblk1.genblk1.genblk1.genblk1.lut0 (4 -> 2)
  Optimizing lut $abc$6972$auto$blifparse.cc:525:parse_blif$7138.genblk1.genblk1.genblk1.genblk1.genblk1.lut0 (4 -> 0)
  Optimizing lut $abc$6972$auto$blifparse.cc:525:parse_blif$7140.genblk1.genblk1.genblk1.genblk1.genblk1.lut0 (4 -> 3)
  Optimizing lut $abc$6972$auto$blifparse.cc:525:parse_blif$7145.genblk1.genblk1.genblk1.genblk1.genblk1.genblk1.genblk1.lut0 (4 -> 2)
  Optimizing lut $abc$6972$auto$blifparse.cc:525:parse_blif$7147.genblk1.genblk1.genblk1.genblk1.genblk1.lut0 (4 -> 0)
  Optimizing lut $abc$6972$auto$blifparse.cc:525:parse_blif$7148.genblk1.genblk1.genblk1.genblk1.genblk1.lut0 (4 -> 0)
  Optimizing lut $abc$6972$auto$blifparse.cc:525:parse_blif$7145.genblk1.genblk1.genblk1.genblk1.genblk1.genblk1.genblk1.lut1 (4 -> 0)
  Optimizing lut $abc$6972$auto$blifparse.cc:525:parse_blif$7150.genblk1.genblk1.genblk1.genblk1.genblk1.genblk1.lut0 (4 -> 2)
  Optimizing lut $abc$6972$auto$blifparse.cc:525:parse_blif$7151.genblk1.genblk1.genblk1.genblk1.genblk1.genblk1.genblk1.lut0 (4 -> 2)
  Optimizing lut $abc$6972$auto$blifparse.cc:525:parse_blif$7153.genblk1.genblk1.genblk1.genblk1.genblk1.lut0 (4 -> 0)
  Optimizing lut $abc$6972$auto$blifparse.cc:525:parse_blif$7155.genblk1.genblk1.genblk1.genblk1.genblk1.lut0 (4 -> 0)
  Optimizing lut $abc$6972$auto$blifparse.cc:525:parse_blif$7156.genblk1.genblk1.genblk1.genblk1.genblk1.lut0 (4 -> 0)
  Optimizing lut $abc$6972$auto$blifparse.cc:525:parse_blif$7157.genblk1.genblk1.genblk1.genblk1.genblk1.lut0 (4 -> 0)
  Optimizing lut $abc$6972$auto$blifparse.cc:525:parse_blif$7158.genblk1.genblk1.genblk1.genblk1.genblk1.lut0 (4 -> 0)
  Optimizing lut $abc$6972$auto$blifparse.cc:525:parse_blif$7159.genblk1.genblk1.genblk1.genblk1.genblk1.lut0 (4 -> 0)
  Optimizing lut $abc$6972$auto$blifparse.cc:525:parse_blif$7160.genblk1.genblk1.genblk1.genblk1.genblk1.lut0 (4 -> 0)
  Optimizing lut $abc$6972$auto$blifparse.cc:525:parse_blif$7161.genblk1.genblk1.genblk1.genblk1.genblk1.lut0 (4 -> 0)
  Optimizing lut $abc$6972$auto$blifparse.cc:525:parse_blif$7162.genblk1.genblk1.genblk1.genblk1.genblk1.lut0 (4 -> 0)
  Optimizing lut $abc$6972$auto$blifparse.cc:525:parse_blif$7165.genblk1.genblk1.genblk1.genblk1.genblk1.lut0 (4 -> 0)
  Optimizing lut $abc$6972$auto$blifparse.cc:525:parse_blif$7167.genblk1.genblk1.genblk1.genblk1.genblk1.lut0 (4 -> 0)
  Optimizing lut $abc$6972$auto$blifparse.cc:525:parse_blif$7169.genblk1.genblk1.genblk1.genblk1.genblk1.lut0 (4 -> 0)
  Optimizing lut $abc$6972$auto$blifparse.cc:525:parse_blif$7164.genblk1.genblk1.genblk1.genblk1.genblk1.lut1 (4 -> 0)
  Optimizing lut $abc$6972$auto$blifparse.cc:525:parse_blif$7186.genblk1.genblk1.genblk1.genblk1.genblk1.lut0 (4 -> 3)
  Optimizing lut $abc$6972$auto$blifparse.cc:525:parse_blif$7191.genblk1.genblk1.genblk1.genblk1.genblk1.lut0 (4 -> 0)
  Optimizing lut $abc$6972$auto$blifparse.cc:525:parse_blif$7205.genblk1.genblk1.genblk1.genblk1.genblk1.genblk1.genblk1.lut0 (4 -> 0)
  Optimizing lut $abc$6972$auto$blifparse.cc:525:parse_blif$7205.genblk1.genblk1.genblk1.genblk1.genblk1.genblk1.genblk1.lut1 (4 -> 0)
  Optimizing lut $abc$6972$auto$blifparse.cc:525:parse_blif$7223.genblk1.genblk1.genblk1.genblk1.genblk1.lut0 (4 -> 0)
  Optimizing lut $abc$6972$auto$blifparse.cc:525:parse_blif$7126.genblk1.genblk1.genblk1.genblk1.genblk1.genblk1.lut1 (4 -> 3)
  Optimizing lut $abc$6972$auto$blifparse.cc:525:parse_blif$7230.genblk1.genblk1.genblk1.genblk1.genblk1.lut0 (4 -> 2)
  Optimizing lut $abc$6972$auto$blifparse.cc:525:parse_blif$7233.genblk1.genblk1.genblk1.genblk1.genblk1.lut0 (4 -> 2)
  Optimizing lut $abc$6972$auto$blifparse.cc:525:parse_blif$7236.genblk1.genblk1.genblk1.genblk1.genblk1.lut1 (4 -> 0)
  Optimizing lut $abc$6972$auto$blifparse.cc:525:parse_blif$7228.genblk1.genblk1.genblk1.genblk1.genblk1.lut1 (4 -> 0)
  Optimizing lut $abc$6972$auto$blifparse.cc:525:parse_blif$7234.genblk1.genblk1.genblk1.genblk1.genblk1.lut1 (4 -> 0)
Removed 0 unused cells and 609 unused wires.

33.46. Executing AUTONAME pass.
Renamed 12015 objects in module TOP_PROYECTO (75 iterations).

33.47. Executing HIERARCHY pass (managing design hierarchy).

33.47.1. Analyzing design hierarchy..
Top module:  \TOP_PROYECTO

33.47.2. Analyzing design hierarchy..
Top module:  \TOP_PROYECTO
Removed 0 unused modules.

33.48. Printing statistics.

=== TOP_PROYECTO ===

   Number of wires:                722
   Number of wire bits:           2238
   Number of public wires:         722
   Number of public wire bits:    2238
   Number of memories:               0
   Number of memory bits:            0
   Number of processes:              0
   Number of cells:                787
     $_TBUF_                         2
     CCU2C                          73
     L6MUX21                        27
     LUT4                          394
     PFUMX                          90
     TRELLIS_FF                    201

33.49. Executing CHECK pass (checking for obvious problems).
Checking module TOP_PROYECTO...
Found and reported 0 problems.

34. Executing JSON backend.

Warnings: 2 unique messages, 2 total
End of script. Logfile hash: 9bfada4070, CPU: user 2.41s system 0.05s, MEM: 58.79 MB peak
Yosys 0.33+6 (git sha1 41b34a193, x86_64-conda-linux-gnu-cc 11.2.0 -fvisibility-inlines-hidden -fmessage-length=0 -march=nocona -mtune=haswell -ftree-vectorize -fPIC -fstack-protector-strong -fno-plt -O2 -ffunction-sections -fdebug-prefix-map=/root/conda-eda/conda-eda/workdir/conda-env/conda-bld/yosys_1694128612374/work=/usr/local/src/conda/yosys-0.33_7_g41b34a193 -fdebug-prefix-map=/home/juan-diego/miniconda3/envs/digital=/usr/local/src/conda-prefix -fPIC -Os -fno-merge-constants)
Time spent: 19% 7x techmap (0 sec), 18% 45x read_verilog (0 sec), ...
