#! /usr/bin/env bash
exec /home/juan-diego/miniconda3/envs/digital/bin/vvp -f "$0" "$@" <<'# EOF'
:ivl_version "13.0 (devel)" "(0_8-6859-gf50cc35d2-dirty)";
:ivl_delay_selection "TYPICAL";
:vpi_time_precision - 12;
:vpi_module "/home/juan-diego/miniconda3/envs/digital/lib/ivl/system.vpi";
:vpi_module "/home/juan-diego/miniconda3/envs/digital/lib/ivl/vhdl_sys.vpi";
:vpi_module "/home/juan-diego/miniconda3/envs/digital/lib/ivl/vhdl_textio.vpi";
:vpi_module "/home/juan-diego/miniconda3/envs/digital/lib/ivl/v2005_math.vpi";
:vpi_module "/home/juan-diego/miniconda3/envs/digital/lib/ivl/va_math.vpi";
S_0x34df3930 .scope module, "Memory" "Memory" 2 394;
 .timescale -9 -12;
    .port_info 0 /INPUT 1 "clk";
    .port_info 1 /INPUT 32 "mem_addr";
    .port_info 2 /OUTPUT 32 "mem_rdata";
    .port_info 3 /INPUT 1 "mem_rstrb";
    .port_info 4 /INPUT 32 "mem_wdata";
    .port_info 5 /INPUT 4 "mem_wmask";
v0x34de8160 .array "MEM", 4095 0, 31 0;
o0x7baab6ad4018 .functor BUFZ 1, C4<z>; HiZ drive
v0x34deaf10_0 .net "clk", 0 0, o0x7baab6ad4018;  0 drivers
o0x7baab6ad4048 .functor BUFZ 32, C4<zzzzzzzzzzzzzzzzzzzzzzzzzzzzzzzz>; HiZ drive
v0x34de92d0_0 .net "mem_addr", 31 0, o0x7baab6ad4048;  0 drivers
v0x34d8acd0_0 .var "mem_rdata", 31 0;
o0x7baab6ad40a8 .functor BUFZ 1, C4<z>; HiZ drive
v0x34d8c080_0 .net "mem_rstrb", 0 0, o0x7baab6ad40a8;  0 drivers
o0x7baab6ad40d8 .functor BUFZ 32, C4<zzzzzzzzzzzzzzzzzzzzzzzzzzzzzzzz>; HiZ drive
v0x34d8c3b0_0 .net "mem_wdata", 31 0, o0x7baab6ad40d8;  0 drivers
o0x7baab6ad4108 .functor BUFZ 4, C4<zzzz>; HiZ drive
v0x34c94be0_0 .net "mem_wmask", 3 0, o0x7baab6ad4108;  0 drivers
v0x34de3c90_0 .net "word_addr", 29 0, L_0x34e32d50;  1 drivers
E_0x34c07790 .event posedge, v0x34deaf10_0;
L_0x34e32d50 .part o0x7baab6ad4048, 2, 30;
S_0x34d57ba0 .scope module, "bench" "bench" 3 2;
 .timescale -9 -12;
P_0x34ce6bb0 .param/l "c_BIT_PERIOD" 0 3 5, +C4<00000000000000000010000111101000>;
P_0x34ce6bf0 .param/l "tck" 0 3 4, +C4<00000000000000000000000000101000>;
v0x34e32860_0 .var "CLK", 0 0;
v0x34e32920_0 .net "LEDS", 0 0, v0x34e30960_0;  1 drivers
v0x34e32a30_0 .var "RESET", 0 0;
v0x34e32b20_0 .var "RXD", 0 0;
v0x34e32bc0_0 .net "TXD", 0 0, v0x34e30260_0;  1 drivers
v0x34e32cb0_0 .var/i "idx", 31 0;
E_0x34c079c0 .event anyedge, v0x34e30960_0;
S_0x34d74f60 .scope task, "UART_WRITE_BYTE" "UART_WRITE_BYTE" 3 16, 3 16 0, S_0x34d57ba0;
 .timescale -9 -12;
v0x34de3850_0 .var "i_Data", 7 0;
v0x34de3950_0 .var/i "ii", 31 0;
TD_bench.UART_WRITE_BYTE ;
    %pushi/vec4 0, 0, 1;
    %assign/vec4 v0x34e32b20_0, 0;
    %delay 8680000, 0;
    %pushi/vec4 0, 0, 32;
    %store/vec4 v0x34de3950_0, 0, 32;
T_0.0 ; Top of for-loop 
    %load/vec4 v0x34de3950_0;
    %cmpi/s 8, 0, 32;
    %jmp/0xz T_0.1, 5;
    %load/vec4 v0x34de3850_0;
    %load/vec4 v0x34de3950_0;
    %part/s 1;
    %assign/vec4 v0x34e32b20_0, 0;
    %delay 8680000, 0;
T_0.2 ; for-loop step statement
    %load/vec4 v0x34de3950_0;
    %addi 1, 0, 32;
    %store/vec4 v0x34de3950_0, 0, 32;
    %jmp T_0.0;
T_0.1 ; for-loop exit label
    %pushi/vec4 1, 0, 1;
    %assign/vec4 v0x34e32b20_0, 0;
    %delay 8680000, 0;
    %end;
S_0x34d75b50 .scope module, "uut" "SOC" 3 32, 4 2 0, S_0x34d57ba0;
 .timescale -9 -12;
    .port_info 0 /INPUT 1 "clk";
    .port_info 1 /INPUT 1 "resetn";
    .port_info 2 /OUTPUT 1 "LEDS";
    .port_info 3 /INPUT 1 "RXD";
    .port_info 4 /OUTPUT 1 "TXD";
L_0x34e5b440 .functor BUFZ 1, L_0x34e5a160, C4<0>, C4<0>, C4<0>;
L_0x34e5b680 .functor AND 1, L_0x34e5b5e0, L_0x34e5b440, C4<1>, C4<1>;
L_0x34e5b990 .functor AND 4, L_0x34e5b8a0, L_0x34e59da0, C4<1111>, C4<1111>;
v0x34e31450_0 .net "BCD_Binario_dout", 31 0, L_0x34e62ce0;  1 drivers
v0x34e31550_0 .net "Binario_BCD_dout", 31 0, v0x34e1a130_0;  1 drivers
v0x34e31640_0 .net "Divisor_dout", 31 0, v0x34e21bb0_0;  1 drivers
v0x34e31740_0 .net "LEDS", 0 0, v0x34e30960_0;  alias, 1 drivers
v0x34e31810_0 .net "Multiplicador_dout", 31 0, v0x34e274a0_0;  1 drivers
v0x34e318b0_0 .net "RAM_rdata", 31 0, v0x34e2df60_0;  1 drivers
v0x34e31980_0 .net "RXD", 0 0, v0x34e32b20_0;  1 drivers
v0x34e31a20_0 .net "Raiz_dout", 31 0, v0x34e2d4e0_0;  1 drivers
v0x34e31ac0_0 .net "TXD", 0 0, v0x34e30260_0;  alias, 1 drivers
v0x34e31b60_0 .net *"_ivl_13", 0 0, L_0x34e5b800;  1 drivers
v0x34e31c00_0 .net *"_ivl_14", 3 0, L_0x34e5b8a0;  1 drivers
L_0x7baab6a8c218 .functor BUFT 1, C4<00000000>, C4<0>, C4<0>, C4<0>;
v0x34e31cc0_0 .net *"_ivl_57", 7 0, L_0x7baab6a8c218;  1 drivers
v0x34e31da0_0 .net *"_ivl_9", 0 0, L_0x34e5b5e0;  1 drivers
v0x34e31e80_0 .net "clk", 0 0, v0x34e32860_0;  1 drivers
v0x34e31f20_0 .var "cs", 7 0;
v0x34e32000_0 .net "mem_addr", 31 0, L_0x34e525f0;  1 drivers
v0x34e32110_0 .var "mem_rdata", 31 0;
v0x34e322e0_0 .net "mem_rstrb", 0 0, L_0x34e5a160;  1 drivers
v0x34e32380_0 .net "mem_wdata", 31 0, L_0x34e582c0;  1 drivers
v0x34e32420_0 .net "mem_wmask", 3 0, L_0x34e59da0;  1 drivers
v0x34e324f0_0 .net "rd", 0 0, L_0x34e5b440;  1 drivers
v0x34e32590_0 .net "resetn", 0 0, v0x34e32a30_0;  1 drivers
v0x34e32660_0 .net "uart_dout", 31 0, v0x34e308a0_0;  1 drivers
v0x34e32730_0 .net "wr", 0 0, L_0x34e5b3a0;  1 drivers
E_0x34e02f60/0 .event anyedge, v0x34e31f20_0, v0x34e31450_0, v0x34e308a0_0, v0x34e1a130_0;
E_0x34e02f60/1 .event anyedge, v0x34e2d4e0_0, v0x34e21bb0_0, v0x34e274a0_0, v0x34e2df60_0;
E_0x34e02f60 .event/or E_0x34e02f60/0, E_0x34e02f60/1;
E_0x34e06ea0 .event anyedge, v0x34bf51d0_0;
L_0x34e5b3a0 .reduce/or L_0x34e59da0;
L_0x34e5b5e0 .part v0x34e31f20_0, 0, 1;
L_0x34e5b800 .part v0x34e31f20_0, 0, 1;
L_0x34e5b8a0 .concat [ 1 1 1 1], L_0x34e5b800, L_0x34e5b800, L_0x34e5b800, L_0x34e5b800;
L_0x34e5c1e0 .reduce/nor v0x34e32a30_0;
L_0x34e5c2d0 .part L_0x34e582c0, 0, 16;
L_0x34e5c370 .part v0x34e31f20_0, 1, 1;
L_0x34e5c410 .part L_0x34e525f0, 0, 5;
L_0x34e5e0e0 .reduce/nor v0x34e32a30_0;
L_0x34e5e210 .part v0x34e31f20_0, 2, 1;
L_0x34e5e3a0 .part L_0x34e525f0, 0, 5;
L_0x34e5e920 .reduce/nor v0x34e32a30_0;
L_0x34e5ea30 .part L_0x34e582c0, 0, 16;
L_0x34e5ebe0 .part v0x34e31f20_0, 3, 1;
L_0x34e5ed00 .part L_0x34e525f0, 0, 5;
L_0x34e60760 .reduce/nor v0x34e32a30_0;
L_0x34e60890 .part L_0x34e582c0, 0, 24;
L_0x34e60930 .part v0x34e31f20_0, 4, 1;
L_0x34e60a70 .part L_0x34e525f0, 0, 6;
L_0x34e62a30 .reduce/nor v0x34e32a30_0;
L_0x34e609d0 .part v0x34e31f20_0, 7, 1;
L_0x34e62b80 .part L_0x34e525f0, 0, 6;
L_0x34e62ce0 .concat [ 24 8 0 0], v0x34e11400_0, L_0x7baab6a8c218;
L_0x34e63630 .reduce/nor v0x34e32a30_0;
L_0x34e63900 .part v0x34e31f20_0, 5, 1;
L_0x34e63ab0 .part L_0x34e525f0, 0, 5;
S_0x34d4c810 .scope module, "CPU" "FemtoRV32" 4 20, 2 37 0, S_0x34d75b50;
 .timescale -9 -12;
    .port_info 0 /INPUT 1 "clk";
    .port_info 1 /OUTPUT 32 "mem_addr";
    .port_info 2 /OUTPUT 32 "mem_wdata";
    .port_info 3 /OUTPUT 4 "mem_wmask";
    .port_info 4 /INPUT 32 "mem_rdata";
    .port_info 5 /OUTPUT 1 "mem_rstrb";
    .port_info 6 /INPUT 1 "mem_rbusy";
    .port_info 7 /INPUT 1 "mem_wbusy";
    .port_info 8 /INPUT 1 "reset";
P_0x34c08eb0 .param/l "ADDR_WIDTH" 0 2 52, +C4<00000000000000000000000000011000>;
P_0x34c08ef0 .param/l "EXECUTE" 1 2 304, +C4<0000000000000000000000000000000100>;
P_0x34c08f30 .param/l "EXECUTE_bit" 1 2 298, +C4<00000000000000000000000000000010>;
P_0x34c08f70 .param/l "FETCH_INSTR" 1 2 302, +C4<00000000000000000000000000000001>;
P_0x34c08fb0 .param/l "FETCH_INSTR_bit" 1 2 296, +C4<00000000000000000000000000000000>;
P_0x34c08ff0 .param/l "NB_STATES" 1 2 300, +C4<00000000000000000000000000000100>;
P_0x34c09030 .param/l "RESET_ADDR" 0 2 51, C4<00000000000000000000000000000000>;
P_0x34c09070 .param/l "WAIT_ALU_OR_MEM" 1 2 305, +C4<00000000000000000000000000000001000>;
P_0x34c090b0 .param/l "WAIT_ALU_OR_MEM_bit" 1 2 299, +C4<00000000000000000000000000000011>;
P_0x34c090f0 .param/l "WAIT_INSTR" 1 2 303, +C4<000000000000000000000000000000010>;
P_0x34c09130 .param/l "WAIT_INSTR_bit" 1 2 297, +C4<00000000000000000000000000000001>;
L_0x34deae40 .functor OR 1, L_0x34e45d10, L_0x34e46300, C4<0>, C4<0>;
L_0x34d8bfb0 .functor BUFZ 32, v0x34e07a80_0, C4<00000000000000000000000000000000>, C4<00000000000000000000000000000000>, C4<00000000000000000000000000000000>;
L_0x34d8c990 .functor OR 1, L_0x34e46300, L_0x34e47400, C4<0>, C4<0>;
L_0x34cb53b0 .functor NOT 32, L_0x34e477e0, C4<00000000000000000000000000000000>, C4<00000000000000000000000000000000>, C4<00000000000000000000000000000000>;
L_0x34cf1c80 .functor XOR 1, L_0x34e48580, L_0x34e487e0, C4<0>, C4<0>;
L_0x34e49a40 .functor AND 1, L_0x34e496f0, L_0x34e49790, C4<1>, C4<1>;
L_0x34e4a950 .functor OR 32, L_0x34e49fe0, L_0x34e4a580, C4<00000000000000000000000000000000>, C4<00000000000000000000000000000000>;
L_0x34e4afd0 .functor OR 32, L_0x34e4a950, L_0x34e4ae40, C4<00000000000000000000000000000000>, C4<00000000000000000000000000000000>;
L_0x34e4b430 .functor XOR 32, L_0x34d8bfb0, L_0x34e477e0, C4<00000000000000000000000000000000>, C4<00000000000000000000000000000000>;
L_0x34e4b630 .functor OR 32, L_0x34e4afd0, L_0x34e4b4a0, C4<00000000000000000000000000000000>, C4<00000000000000000000000000000000>;
L_0x34e4bab0 .functor OR 32, L_0x34d8bfb0, L_0x34e477e0, C4<00000000000000000000000000000000>, C4<00000000000000000000000000000000>;
L_0x34e4bc60 .functor OR 32, L_0x34e4b630, L_0x34e4bb20, C4<00000000000000000000000000000000>, C4<00000000000000000000000000000000>;
L_0x34e4c100 .functor AND 32, L_0x34d8bfb0, L_0x34e477e0, C4<11111111111111111111111111111111>, C4<11111111111111111111111111111111>;
L_0x34e4c210 .functor OR 32, L_0x34e4bc60, L_0x34e4c170, C4<00000000000000000000000000000000>, C4<00000000000000000000000000000000>;
L_0x34e4bd70 .functor OR 32, L_0x34e4c210, L_0x34e4c3a0, C4<00000000000000000000000000000000>, C4<00000000000000000000000000000000>;
L_0x34e4ccb0 .functor OR 1, L_0x34e4c7c0, L_0x34e4c970, C4<0>, C4<0>;
L_0x34e4cf40 .functor AND 1, L_0x34e4cea0, L_0x34e49310, C4<1>, C4<1>;
L_0x34e4d440 .functor AND 1, L_0x34e4d050, L_0x34e4d3a0, C4<1>, C4<1>;
L_0x34e4d5f0 .functor OR 1, L_0x34e4cf40, L_0x34e4d440, C4<0>, C4<0>;
L_0x34e4da60 .functor AND 1, L_0x34e4d700, L_0x34e48be0, C4<1>, C4<1>;
L_0x34e4dbd0 .functor OR 1, L_0x34e4d5f0, L_0x34e4da60, C4<0>, C4<0>;
L_0x34e4e050 .functor AND 1, L_0x34e4d550, L_0x34e4dce0, C4<1>, C4<1>;
L_0x34e4e1d0 .functor OR 1, L_0x34e4dbd0, L_0x34e4e050, C4<0>, C4<0>;
L_0x34e4e380 .functor AND 1, L_0x34e4e2e0, L_0x34e48f50, C4<1>, C4<1>;
L_0x34e4e510 .functor OR 1, L_0x34e4e1d0, L_0x34e4e380, C4<0>, C4<0>;
L_0x34e4ea40 .functor AND 1, L_0x34e4e620, L_0x34e4e9a0, C4<1>, C4<1>;
L_0x34e4ebe0 .functor OR 1, L_0x34e4e510, L_0x34e4ea40, C4<0>, C4<0>;
L_0x34e4ed90 .functor OR 1, L_0x34e519b0, L_0x34e51a50, C4<0>, C4<0>;
L_0x34e52d90 .functor OR 32, L_0x34e52780, L_0x34e52c50, C4<00000000000000000000000000000000>, C4<00000000000000000000000000000000>;
L_0x34e533d0 .functor OR 32, L_0x34e52d90, L_0x34e52ea0, C4<00000000000000000000000000000000>, C4<00000000000000000000000000000000>;
L_0x34e53c60 .functor OR 32, L_0x34e533d0, L_0x34e53720, C4<00000000000000000000000000000000>, C4<00000000000000000000000000000000>;
L_0x34e53d70 .functor OR 1, L_0x34e469e0, L_0x34e46730, C4<0>, C4<0>;
L_0x34e54620 .functor OR 32, L_0x34e53c60, L_0x34e540d0, C4<00000000000000000000000000000000>, C4<00000000000000000000000000000000>;
L_0x34e54870 .functor OR 32, L_0x34e54620, L_0x34e54730, C4<00000000000000000000000000000000>, C4<00000000000000000000000000000000>;
L_0x34e56620 .functor AND 1, L_0x34e55aa0, L_0x34e560d0, C4<1>, C4<1>;
L_0x34e58f90 .functor OR 1, L_0x34e47400, L_0x34e46000, C4<0>, C4<0>;
L_0x34e59050 .functor NOT 1, L_0x34e58f90, C4<0>, C4<0>, C4<0>;
L_0x34e59330 .functor OR 1, L_0x34e59960, L_0x34e59290, C4<0>, C4<0>;
L_0x34e59530 .functor AND 1, L_0x34e59050, L_0x34e59330, C4<1>, C4<1>;
L_0x34e596e0 .functor AND 1, L_0x34e59640, L_0x34e45a30, C4<1>, C4<1>;
L_0x34e5a160 .functor OR 1, L_0x34e596e0, L_0x34e5a0c0, C4<0>, C4<0>;
L_0x34e59a00 .functor AND 1, L_0x34e5a2c0, L_0x34e46000, C4<1>, C4<1>;
L_0x34e59da0 .functor AND 4, L_0x34e59c20, L_0x34e58ea0, C4<1111>, C4<1111>;
L_0x34e5a360 .functor AND 1, L_0x34e59eb0, L_0x34deae40, C4<1>, C4<1>;
L_0x34e5a590 .functor AND 1, L_0x34e47400, L_0x34e4ebe0, C4<1>, C4<1>;
L_0x34e5a600 .functor OR 1, L_0x34e46730, L_0x34e5a590, C4<0>, C4<0>;
L_0x34e5a840 .functor OR 1, L_0x34e45a30, L_0x34e46000, C4<0>, C4<0>;
L_0x34e5b0a0 .functor AND 1, L_0x34deae40, L_0x34e4ccb0, C4<1>, C4<1>;
L_0x34e5b330 .functor OR 1, L_0x34e5a840, L_0x34e5b0a0, C4<0>, C4<0>;
v0x34d4a640_0 .net "Bimm", 31 0, L_0x34e44980;  1 drivers
v0x34d42720_0 .net "EQ", 0 0, L_0x34e49310;  1 drivers
v0x34d427e0_0 .net "Iimm", 31 0, L_0x34e439c0;  1 drivers
v0x34d8a050_0 .net "Jimm", 31 0, L_0x34e45600;  1 drivers
v0x34d8a130_0 .net "LOAD_byte", 7 0, L_0x34e57490;  1 drivers
v0x34d89440_0 .net "LOAD_data", 31 0, L_0x34e56aa0;  1 drivers
v0x34d89520_0 .net "LOAD_halfword", 15 0, L_0x34e57040;  1 drivers
v0x34d88c20_0 .net "LOAD_sign", 0 0, L_0x34e56620;  1 drivers
v0x34d88ce0_0 .net "LT", 0 0, L_0x34e48be0;  1 drivers
v0x34d88280_0 .net "LTU", 0 0, L_0x34e48f50;  1 drivers
v0x34d88340_0 .var "PC", 23 0;
v0x34d87130_0 .net "PCplus4", 23 0, L_0x34e4ecf0;  1 drivers
v0x34d87210_0 .net "PCplusImm", 23 0, L_0x34e501a0;  1 drivers
v0x34d85f50_0 .net "STORE_wmask", 3 0, L_0x34e58ea0;  1 drivers
v0x34d86030_0 .net "Simm", 31 0, L_0x34e44150;  1 drivers
v0x34d84540_0 .net "Uimm", 31 0, L_0x34e43300;  1 drivers
v0x34d84620_0 .net *"_ivl_101", 4 0, L_0x34e46ca0;  1 drivers
L_0x7baab6a8b2e8 .functor BUFT 1, C4<01101>, C4<0>, C4<0>, C4<0>;
v0x34d7b7d0_0 .net/2u *"_ivl_102", 4 0, L_0x7baab6a8b2e8;  1 drivers
v0x34d7b8b0_0 .net *"_ivl_107", 4 0, L_0x34e46fe0;  1 drivers
L_0x7baab6a8b330 .functor BUFT 1, C4<00101>, C4<0>, C4<0>, C4<0>;
v0x34d7a6b0_0 .net/2u *"_ivl_108", 4 0, L_0x7baab6a8b330;  1 drivers
v0x34d7a790_0 .net *"_ivl_11", 18 0, L_0x34e33220;  1 drivers
v0x34d793e0_0 .net *"_ivl_113", 4 0, L_0x34e47360;  1 drivers
L_0x7baab6a8b378 .functor BUFT 1, C4<11000>, C4<0>, C4<0>, C4<0>;
v0x34d774b0_0 .net/2u *"_ivl_114", 4 0, L_0x7baab6a8b378;  1 drivers
L_0x7baab6a8b060 .functor BUFT 1, C4<000000000000>, C4<0>, C4<0>, C4<0>;
v0x34d77590_0 .net/2u *"_ivl_12", 11 0, L_0x7baab6a8b060;  1 drivers
v0x34d74230_0 .net *"_ivl_122", 0 0, L_0x34d8c990;  1 drivers
L_0x7baab6a8b3c0 .functor BUFT 1, C4<1>, C4<0>, C4<0>, C4<0>;
v0x34d74310_0 .net/2u *"_ivl_130", 0 0, L_0x7baab6a8b3c0;  1 drivers
v0x34d6e760_0 .net *"_ivl_132", 31 0, L_0x34cb53b0;  1 drivers
v0x34d6e840_0 .net *"_ivl_134", 32 0, L_0x34e47d20;  1 drivers
L_0x7baab6a8b408 .functor BUFT 1, C4<0>, C4<0>, C4<0>, C4<0>;
v0x34d68830_0 .net/2u *"_ivl_136", 0 0, L_0x7baab6a8b408;  1 drivers
v0x34d68910_0 .net *"_ivl_138", 32 0, L_0x34e48030;  1 drivers
v0x34d67ff0_0 .net *"_ivl_140", 32 0, L_0x34e48120;  1 drivers
L_0x7baab6a8b450 .functor BUFT 1, C4<000000000000000000000000000000001>, C4<0>, C4<0>, C4<0>;
v0x34d680d0_0 .net/2u *"_ivl_142", 32 0, L_0x7baab6a8b450;  1 drivers
v0x34d62ea0_0 .net *"_ivl_147", 0 0, L_0x34e48580;  1 drivers
v0x34d62f40_0 .net *"_ivl_149", 0 0, L_0x34e487e0;  1 drivers
v0x34d62020_0 .net *"_ivl_150", 0 0, L_0x34cf1c80;  1 drivers
v0x34d62100_0 .net *"_ivl_153", 0 0, L_0x34e48880;  1 drivers
v0x34d44ce0_0 .net *"_ivl_155", 0 0, L_0x34e48af0;  1 drivers
v0x34d44dc0_0 .net *"_ivl_161", 31 0, L_0x34e48ff0;  1 drivers
L_0x7baab6a8b498 .functor BUFT 1, C4<00000000000000000000000000000000>, C4<0>, C4<0>, C4<0>;
v0x34d56a00_0 .net/2u *"_ivl_162", 31 0, L_0x7baab6a8b498;  1 drivers
v0x34d56ae0_0 .net *"_ivl_167", 0 0, L_0x34e49400;  1 drivers
v0x34d54d70_0 .net *"_ivl_169", 0 0, L_0x34e496f0;  1 drivers
v0x34d54e50_0 .net *"_ivl_17", 0 0, L_0x34e434e0;  1 drivers
v0x34d52cc0_0 .net *"_ivl_171", 0 0, L_0x34e49790;  1 drivers
v0x34d52da0_0 .net *"_ivl_172", 0 0, L_0x34e49a40;  1 drivers
v0x34d52570_0 .net *"_ivl_175", 31 0, L_0x34e49b90;  1 drivers
v0x34dc8d10_0 .net *"_ivl_176", 31 0, L_0x34e49c30;  1 drivers
L_0x7baab6a8b4e0 .functor BUFT 1, C4<00000000000000000000000000000000>, C4<0>, C4<0>, C4<0>;
v0x34dc8df0_0 .net/2u *"_ivl_178", 31 0, L_0x7baab6a8b4e0;  1 drivers
v0x34ddea10_0 .net *"_ivl_18", 20 0, L_0x34e43580;  1 drivers
v0x34ddeaf0_0 .net *"_ivl_180", 31 0, L_0x34e49fe0;  1 drivers
v0x34d4bd30_0 .net *"_ivl_183", 0 0, L_0x34e4a170;  1 drivers
L_0x7baab6a8b528 .functor BUFT 1, C4<0000000000000000000000000000000>, C4<0>, C4<0>, C4<0>;
v0x34d4be10_0 .net/2u *"_ivl_184", 30 0, L_0x7baab6a8b528;  1 drivers
v0x34d4b250_0 .net *"_ivl_186", 31 0, L_0x34e4a440;  1 drivers
L_0x7baab6a8b570 .functor BUFT 1, C4<00000000000000000000000000000000>, C4<0>, C4<0>, C4<0>;
v0x34d4b330_0 .net/2u *"_ivl_188", 31 0, L_0x7baab6a8b570;  1 drivers
v0x34d52940_0 .net *"_ivl_190", 31 0, L_0x34e4a580;  1 drivers
v0x34d52a20_0 .net *"_ivl_192", 31 0, L_0x34e4a950;  1 drivers
v0x34dab370_0 .net *"_ivl_195", 0 0, L_0x34e4aa60;  1 drivers
L_0x7baab6a8b5b8 .functor BUFT 1, C4<0000000000000000000000000000000>, C4<0>, C4<0>, C4<0>;
v0x34dab450_0 .net/2u *"_ivl_196", 30 0, L_0x7baab6a8b5b8;  1 drivers
v0x34d48680_0 .net *"_ivl_198", 31 0, L_0x34e4ab00;  1 drivers
L_0x7baab6a8b018 .functor BUFT 1, C4<00000001>, C4<0>, C4<0>, C4<0>;
v0x34d48740_0 .net/2u *"_ivl_2", 7 0, L_0x7baab6a8b018;  1 drivers
L_0x7baab6a8b600 .functor BUFT 1, C4<00000000000000000000000000000000>, C4<0>, C4<0>, C4<0>;
v0x34d46540_0 .net/2u *"_ivl_200", 31 0, L_0x7baab6a8b600;  1 drivers
v0x34d46620_0 .net *"_ivl_202", 31 0, L_0x34e4ae40;  1 drivers
v0x34d6c9d0_0 .net *"_ivl_204", 31 0, L_0x34e4afd0;  1 drivers
v0x34d6ca90_0 .net *"_ivl_207", 0 0, L_0x34e4b130;  1 drivers
v0x34d6af20_0 .net *"_ivl_208", 31 0, L_0x34e4b430;  1 drivers
v0x34d6b000_0 .net *"_ivl_21", 10 0, L_0x34e43920;  1 drivers
L_0x7baab6a8b648 .functor BUFT 1, C4<00000000000000000000000000000000>, C4<0>, C4<0>, C4<0>;
v0x34d43930_0 .net/2u *"_ivl_210", 31 0, L_0x7baab6a8b648;  1 drivers
v0x34d439f0_0 .net *"_ivl_212", 31 0, L_0x34e4b4a0;  1 drivers
v0x34cee800_0 .net *"_ivl_214", 31 0, L_0x34e4b630;  1 drivers
v0x34cee8e0_0 .net *"_ivl_217", 0 0, L_0x34e4b7a0;  1 drivers
v0x34cee9c0_0 .net *"_ivl_218", 31 0, L_0x34e4bab0;  1 drivers
L_0x7baab6a8b690 .functor BUFT 1, C4<00000000000000000000000000000000>, C4<0>, C4<0>, C4<0>;
v0x34ceeaa0_0 .net/2u *"_ivl_220", 31 0, L_0x7baab6a8b690;  1 drivers
v0x34ceeb80_0 .net *"_ivl_222", 31 0, L_0x34e4bb20;  1 drivers
v0x34c0bc30_0 .net *"_ivl_224", 31 0, L_0x34e4bc60;  1 drivers
v0x34c0bd10_0 .net *"_ivl_227", 0 0, L_0x34e4bde0;  1 drivers
v0x34c0bdf0_0 .net *"_ivl_228", 31 0, L_0x34e4c100;  1 drivers
L_0x7baab6a8b6d8 .functor BUFT 1, C4<00000000000000000000000000000000>, C4<0>, C4<0>, C4<0>;
v0x34c0bed0_0 .net/2u *"_ivl_230", 31 0, L_0x7baab6a8b6d8;  1 drivers
v0x34c0bfb0_0 .net *"_ivl_232", 31 0, L_0x34e4c170;  1 drivers
v0x34cb1f30_0 .net *"_ivl_234", 31 0, L_0x34e4c210;  1 drivers
L_0x7baab6a8b720 .functor BUFT 1, C4<00000000000000000000000000000000>, C4<0>, C4<0>, C4<0>;
v0x34cb2010_0 .net/2u *"_ivl_236", 31 0, L_0x7baab6a8b720;  1 drivers
v0x34cb20f0_0 .net *"_ivl_238", 31 0, L_0x34e4c3a0;  1 drivers
v0x34cb21d0_0 .net *"_ivl_243", 0 0, L_0x34e4c7c0;  1 drivers
v0x34cb22b0_0 .net *"_ivl_245", 0 0, L_0x34e4c970;  1 drivers
v0x34c81e40_0 .net *"_ivl_249", 0 0, L_0x34e4cea0;  1 drivers
v0x34c81f20_0 .net *"_ivl_25", 0 0, L_0x34e43b10;  1 drivers
v0x34c82000_0 .net *"_ivl_250", 0 0, L_0x34e4cf40;  1 drivers
v0x34c820e0_0 .net *"_ivl_253", 0 0, L_0x34e4d050;  1 drivers
v0x34c821c0_0 .net *"_ivl_255", 0 0, L_0x34e4d3a0;  1 drivers
v0x34cbaf00_0 .net *"_ivl_256", 0 0, L_0x34e4d440;  1 drivers
v0x34cbafe0_0 .net *"_ivl_258", 0 0, L_0x34e4d5f0;  1 drivers
v0x34cbb0c0_0 .net *"_ivl_26", 20 0, L_0x34e43bb0;  1 drivers
v0x34cbb1a0_0 .net *"_ivl_261", 0 0, L_0x34e4d700;  1 drivers
v0x34cbb280_0 .net *"_ivl_262", 0 0, L_0x34e4da60;  1 drivers
v0x34c84640_0 .net *"_ivl_264", 0 0, L_0x34e4dbd0;  1 drivers
v0x34c84720_0 .net *"_ivl_267", 0 0, L_0x34e4d550;  1 drivers
v0x34c84800_0 .net *"_ivl_269", 0 0, L_0x34e4dce0;  1 drivers
v0x34c848c0_0 .net *"_ivl_270", 0 0, L_0x34e4e050;  1 drivers
v0x34c849a0_0 .net *"_ivl_272", 0 0, L_0x34e4e1d0;  1 drivers
v0x34cbd570_0 .net *"_ivl_275", 0 0, L_0x34e4e2e0;  1 drivers
v0x34cbd650_0 .net *"_ivl_276", 0 0, L_0x34e4e380;  1 drivers
v0x34cbd730_0 .net *"_ivl_278", 0 0, L_0x34e4e510;  1 drivers
v0x34cbd810_0 .net *"_ivl_281", 0 0, L_0x34e4e620;  1 drivers
v0x34cbd8f0_0 .net *"_ivl_283", 0 0, L_0x34e4e9a0;  1 drivers
v0x34c572c0_0 .net *"_ivl_284", 0 0, L_0x34e4ea40;  1 drivers
L_0x7baab6a8b768 .functor BUFT 1, C4<000000000000000000000100>, C4<0>, C4<0>, C4<0>;
v0x34c573a0_0 .net/2u *"_ivl_288", 23 0, L_0x7baab6a8b768;  1 drivers
v0x34c57480_0 .net *"_ivl_29", 5 0, L_0x34e43f90;  1 drivers
v0x34c57560_0 .net *"_ivl_293", 0 0, L_0x34e4f140;  1 drivers
v0x34c57640_0 .net *"_ivl_295", 23 0, L_0x34e4f1e0;  1 drivers
v0x34c673d0_0 .net *"_ivl_297", 0 0, L_0x34e4f5d0;  1 drivers
v0x34c674b0_0 .net *"_ivl_299", 23 0, L_0x34e4f670;  1 drivers
v0x34c67590_0 .net *"_ivl_301", 23 0, L_0x34e4fa70;  1 drivers
v0x34c67670_0 .net *"_ivl_302", 23 0, L_0x34e4fb60;  1 drivers
v0x34c67750_0 .net *"_ivl_304", 23 0, L_0x34e50010;  1 drivers
v0x34c2b0b0_0 .net *"_ivl_309", 23 0, L_0x34e50610;  1 drivers
v0x34c2b190_0 .net *"_ivl_31", 4 0, L_0x34e44030;  1 drivers
v0x34c2b270_0 .net *"_ivl_311", 0 0, L_0x34e50700;  1 drivers
v0x34c2b350_0 .net *"_ivl_313", 23 0, L_0x34e50ef0;  1 drivers
v0x34c2b430_0 .net *"_ivl_315", 23 0, L_0x34e50f90;  1 drivers
v0x34c2d290_0 .net *"_ivl_316", 23 0, L_0x34e51380;  1 drivers
v0x34c2d370_0 .net *"_ivl_321", 0 0, L_0x34e519b0;  1 drivers
v0x34c2d450_0 .net *"_ivl_323", 0 0, L_0x34e51a50;  1 drivers
v0x34c2d530_0 .net *"_ivl_324", 0 0, L_0x34e4ed90;  1 drivers
v0x34c2d610_0 .net *"_ivl_326", 31 0, L_0x34e52040;  1 drivers
L_0x7baab6a8b7b0 .functor BUFT 1, C4<00000000>, C4<0>, C4<0>, C4<0>;
v0x34c10ea0_0 .net *"_ivl_329", 7 0, L_0x7baab6a8b7b0;  1 drivers
v0x34c10f80_0 .net *"_ivl_330", 31 0, L_0x34e52130;  1 drivers
L_0x7baab6a8b7f8 .functor BUFT 1, C4<00000000>, C4<0>, C4<0>, C4<0>;
v0x34c11060_0 .net *"_ivl_333", 7 0, L_0x7baab6a8b7f8;  1 drivers
L_0x7baab6a8b840 .functor BUFT 1, C4<00000000000000000000000000000000>, C4<0>, C4<0>, C4<0>;
v0x34c11140_0 .net/2u *"_ivl_336", 31 0, L_0x7baab6a8b840;  1 drivers
v0x34c11220_0 .net *"_ivl_338", 31 0, L_0x34e52780;  1 drivers
L_0x7baab6a8b888 .functor BUFT 1, C4<00000000000000000000000000000000>, C4<0>, C4<0>, C4<0>;
v0x34c39d30_0 .net/2u *"_ivl_340", 31 0, L_0x7baab6a8b888;  1 drivers
v0x34c39e10_0 .net *"_ivl_342", 31 0, L_0x34e52c50;  1 drivers
v0x34c39eb0_0 .net *"_ivl_344", 31 0, L_0x34e52d90;  1 drivers
L_0x7baab6a8b8d0 .functor BUFT 1, C4<00000000000000000000000000000000>, C4<0>, C4<0>, C4<0>;
v0x34c39f90_0 .net/2u *"_ivl_346", 31 0, L_0x7baab6a8b8d0;  1 drivers
v0x34c3a070_0 .net *"_ivl_348", 31 0, L_0x34e52ea0;  1 drivers
v0x34c3a150_0 .net *"_ivl_35", 0 0, L_0x34e442f0;  1 drivers
v0x34c4e230_0 .net *"_ivl_350", 31 0, L_0x34e533d0;  1 drivers
v0x34c4e310_0 .net *"_ivl_352", 31 0, L_0x34e535e0;  1 drivers
L_0x7baab6a8b918 .functor BUFT 1, C4<00000000>, C4<0>, C4<0>, C4<0>;
v0x34c4e3f0_0 .net *"_ivl_355", 7 0, L_0x7baab6a8b918;  1 drivers
L_0x7baab6a8b960 .functor BUFT 1, C4<00000000000000000000000000000000>, C4<0>, C4<0>, C4<0>;
v0x34c4e4d0_0 .net/2u *"_ivl_356", 31 0, L_0x7baab6a8b960;  1 drivers
v0x34c4e5b0_0 .net *"_ivl_358", 31 0, L_0x34e53720;  1 drivers
v0x34bbb690_0 .net *"_ivl_36", 19 0, L_0x34e44420;  1 drivers
v0x34bbb770_0 .net *"_ivl_360", 31 0, L_0x34e53c60;  1 drivers
v0x34bbb850_0 .net *"_ivl_362", 0 0, L_0x34e53d70;  1 drivers
v0x34bbb930_0 .net *"_ivl_364", 31 0, L_0x34e53f90;  1 drivers
L_0x7baab6a8b9a8 .functor BUFT 1, C4<00000000>, C4<0>, C4<0>, C4<0>;
v0x34bbba10_0 .net *"_ivl_367", 7 0, L_0x7baab6a8b9a8;  1 drivers
L_0x7baab6a8b9f0 .functor BUFT 1, C4<00000000000000000000000000000000>, C4<0>, C4<0>, C4<0>;
v0x34c69f20_0 .net/2u *"_ivl_368", 31 0, L_0x7baab6a8b9f0;  1 drivers
v0x34c6a000_0 .net *"_ivl_370", 31 0, L_0x34e540d0;  1 drivers
v0x34c6a0e0_0 .net *"_ivl_372", 31 0, L_0x34e54620;  1 drivers
L_0x7baab6a8ba38 .functor BUFT 1, C4<00000000000000000000000000000000>, C4<0>, C4<0>, C4<0>;
v0x34c6a1c0_0 .net/2u *"_ivl_374", 31 0, L_0x7baab6a8ba38;  1 drivers
v0x34c6a2a0_0 .net *"_ivl_376", 31 0, L_0x34e54730;  1 drivers
v0x34c8f770_0 .net *"_ivl_381", 1 0, L_0x34e54aa0;  1 drivers
L_0x7baab6a8ba80 .functor BUFT 1, C4<00>, C4<0>, C4<0>, C4<0>;
v0x34c8f850_0 .net/2u *"_ivl_382", 1 0, L_0x7baab6a8ba80;  1 drivers
v0x34c8f930_0 .net *"_ivl_387", 1 0, L_0x34e55050;  1 drivers
L_0x7baab6a8bac8 .functor BUFT 1, C4<01>, C4<0>, C4<0>, C4<0>;
v0x34c8fa10_0 .net/2u *"_ivl_388", 1 0, L_0x7baab6a8bac8;  1 drivers
v0x34c8faf0_0 .net *"_ivl_39", 0 0, L_0x34e448e0;  1 drivers
v0x34c6ded0_0 .net *"_ivl_393", 0 0, L_0x34e55610;  1 drivers
v0x34c6dfb0_0 .net *"_ivl_395", 0 0, L_0x34e55aa0;  1 drivers
v0x34c6e070_0 .net *"_ivl_397", 0 0, L_0x34e55b90;  1 drivers
v0x34c6e150_0 .net *"_ivl_399", 0 0, L_0x34e56030;  1 drivers
v0x34c6e230_0 .net *"_ivl_400", 0 0, L_0x34e560d0;  1 drivers
v0x34c6ffb0_0 .net *"_ivl_404", 23 0, L_0x34e56730;  1 drivers
v0x34c70090_0 .net *"_ivl_406", 31 0, L_0x34e56820;  1 drivers
v0x34c70170_0 .net *"_ivl_408", 15 0, L_0x34e56d30;  1 drivers
v0x34c70250_0 .net *"_ivl_41", 5 0, L_0x34e44a20;  1 drivers
v0x34c70330_0 .net *"_ivl_410", 31 0, L_0x34e56dd0;  1 drivers
v0x34be6a00_0 .net *"_ivl_412", 31 0, L_0x34e56910;  1 drivers
v0x34be6ae0_0 .net *"_ivl_417", 0 0, L_0x34e56c30;  1 drivers
v0x34be6bc0_0 .net *"_ivl_419", 15 0, L_0x34e57350;  1 drivers
v0x34be6ca0_0 .net *"_ivl_421", 15 0, L_0x34e56f10;  1 drivers
v0x34be6d80_0 .net *"_ivl_425", 0 0, L_0x34e57180;  1 drivers
v0x34cc8670_0 .net *"_ivl_427", 7 0, L_0x34e572b0;  1 drivers
v0x34cc8750_0 .net *"_ivl_429", 7 0, L_0x34e573f0;  1 drivers
v0x34cc8830_0 .net *"_ivl_43", 3 0, L_0x34e44ac0;  1 drivers
v0x34cc8910_0 .net *"_ivl_435", 7 0, L_0x34e57580;  1 drivers
v0x34cc89f0_0 .net *"_ivl_439", 0 0, L_0x34e57670;  1 drivers
L_0x7baab6a8b0a8 .functor BUFT 1, C4<0>, C4<0>, C4<0>, C4<0>;
v0x34c9b020_0 .net/2u *"_ivl_44", 0 0, L_0x7baab6a8b0a8;  1 drivers
v0x34c9b100_0 .net *"_ivl_441", 7 0, L_0x34e57710;  1 drivers
v0x34c9b1e0_0 .net *"_ivl_443", 7 0, L_0x34e577b0;  1 drivers
v0x34c9b2c0_0 .net *"_ivl_444", 7 0, L_0x34e578e0;  1 drivers
v0x34c9b3a0_0 .net *"_ivl_449", 0 0, L_0x34e57a20;  1 drivers
v0x34c3c4e0_0 .net *"_ivl_451", 7 0, L_0x34e57ac0;  1 drivers
v0x34c3c5c0_0 .net *"_ivl_453", 7 0, L_0x34e57b60;  1 drivers
v0x34c3c6a0_0 .net *"_ivl_454", 7 0, L_0x34e57c00;  1 drivers
v0x34c3c780_0 .net *"_ivl_460", 0 0, L_0x34e57e00;  1 drivers
v0x34c3c860_0 .net *"_ivl_462", 7 0, L_0x34e57ea0;  1 drivers
v0x34c1c220_0 .net *"_ivl_464", 0 0, L_0x34e57f40;  1 drivers
v0x34c1c300_0 .net *"_ivl_466", 7 0, L_0x34e57fe0;  1 drivers
v0x34c1c3e0_0 .net *"_ivl_468", 7 0, L_0x34e58080;  1 drivers
v0x34c1c4c0_0 .net *"_ivl_469", 7 0, L_0x34e58120;  1 drivers
v0x34c1c5a0_0 .net *"_ivl_471", 7 0, L_0x34e58950;  1 drivers
v0x34c72050_0 .net *"_ivl_474", 0 0, L_0x34e58b30;  1 drivers
v0x34c72130_0 .net *"_ivl_476", 0 0, L_0x34e58450;  1 drivers
L_0x7baab6a8bb10 .functor BUFT 1, C4<1000>, C4<0>, C4<0>, C4<0>;
v0x34c72210_0 .net/2u *"_ivl_477", 3 0, L_0x7baab6a8bb10;  1 drivers
L_0x7baab6a8bb58 .functor BUFT 1, C4<0100>, C4<0>, C4<0>, C4<0>;
v0x34c722f0_0 .net/2u *"_ivl_479", 3 0, L_0x7baab6a8bb58;  1 drivers
v0x34c723d0_0 .net *"_ivl_481", 3 0, L_0x34e584f0;  1 drivers
v0x34c7a2c0_0 .net *"_ivl_484", 0 0, L_0x34e58680;  1 drivers
L_0x7baab6a8bba0 .functor BUFT 1, C4<0010>, C4<0>, C4<0>, C4<0>;
v0x34c7a3a0_0 .net/2u *"_ivl_485", 3 0, L_0x7baab6a8bba0;  1 drivers
L_0x7baab6a8bbe8 .functor BUFT 1, C4<0001>, C4<0>, C4<0>, C4<0>;
v0x34c7a480_0 .net/2u *"_ivl_487", 3 0, L_0x7baab6a8bbe8;  1 drivers
v0x34c7a560_0 .net *"_ivl_489", 3 0, L_0x34e58720;  1 drivers
v0x34c7a640_0 .net *"_ivl_49", 0 0, L_0x34e44e10;  1 drivers
v0x34cd4b50_0 .net *"_ivl_491", 3 0, L_0x34e588b0;  1 drivers
v0x34cd4c30_0 .net *"_ivl_494", 0 0, L_0x34e591f0;  1 drivers
L_0x7baab6a8bc30 .functor BUFT 1, C4<1100>, C4<0>, C4<0>, C4<0>;
v0x34cd4d10_0 .net/2u *"_ivl_495", 3 0, L_0x7baab6a8bc30;  1 drivers
L_0x7baab6a8bc78 .functor BUFT 1, C4<0011>, C4<0>, C4<0>, C4<0>;
v0x34cd4df0_0 .net/2u *"_ivl_497", 3 0, L_0x7baab6a8bc78;  1 drivers
v0x34cd4ed0_0 .net *"_ivl_499", 3 0, L_0x34e58bd0;  1 drivers
v0x34c45b70_0 .net *"_ivl_5", 2 0, L_0x34e32ef0;  1 drivers
v0x34c45c50_0 .net *"_ivl_50", 11 0, L_0x34e44f70;  1 drivers
L_0x7baab6a8bcc0 .functor BUFT 1, C4<1111>, C4<0>, C4<0>, C4<0>;
v0x34c45d30_0 .net/2u *"_ivl_501", 3 0, L_0x7baab6a8bcc0;  1 drivers
v0x34c45e10_0 .net *"_ivl_503", 3 0, L_0x34e58d60;  1 drivers
v0x34c45ef0_0 .net *"_ivl_507", 0 0, L_0x34e58f90;  1 drivers
v0x34c48790_0 .net *"_ivl_509", 0 0, L_0x34e59050;  1 drivers
v0x34c48870_0 .net *"_ivl_512", 0 0, L_0x34e59960;  1 drivers
v0x34c48950_0 .net *"_ivl_514", 0 0, L_0x34e59290;  1 drivers
v0x34c48a30_0 .net *"_ivl_515", 0 0, L_0x34e59330;  1 drivers
v0x34c48b10_0 .net *"_ivl_520", 0 0, L_0x34e59640;  1 drivers
v0x34ba6b50_0 .net *"_ivl_521", 0 0, L_0x34e596e0;  1 drivers
v0x34ba6c30_0 .net *"_ivl_524", 0 0, L_0x34e5a0c0;  1 drivers
v0x34ba6d10_0 .net *"_ivl_528", 0 0, L_0x34e5a2c0;  1 drivers
v0x34ba6df0_0 .net *"_ivl_529", 0 0, L_0x34e59a00;  1 drivers
v0x34ba6ed0_0 .net *"_ivl_53", 7 0, L_0x34e45060;  1 drivers
v0x34ce2380_0 .net *"_ivl_531", 3 0, L_0x34e59c20;  1 drivers
v0x34ce2460_0 .net *"_ivl_536", 0 0, L_0x34e59eb0;  1 drivers
v0x34ce2540_0 .net *"_ivl_539", 0 0, L_0x34e5a590;  1 drivers
v0x34ce2620_0 .net *"_ivl_543", 0 0, L_0x34e5a840;  1 drivers
v0x34ce2700_0 .net *"_ivl_545", 0 0, L_0x34e5b0a0;  1 drivers
v0x34ca5a70_0 .net *"_ivl_55", 0 0, L_0x34e451d0;  1 drivers
v0x34ca5b50_0 .net *"_ivl_57", 9 0, L_0x34e45480;  1 drivers
L_0x7baab6a8b0f0 .functor BUFT 1, C4<0>, C4<0>, C4<0>, C4<0>;
v0x34ca5c30_0 .net/2u *"_ivl_58", 0 0, L_0x7baab6a8b0f0;  1 drivers
v0x34ca5d10_0 .net *"_ivl_63", 4 0, L_0x34e45850;  1 drivers
L_0x7baab6a8b138 .functor BUFT 1, C4<00000>, C4<0>, C4<0>, C4<0>;
v0x34ca5df0_0 .net/2u *"_ivl_64", 4 0, L_0x7baab6a8b138;  1 drivers
v0x34c7fc90_0 .net *"_ivl_69", 4 0, L_0x34e45b70;  1 drivers
L_0x7baab6a8b180 .functor BUFT 1, C4<00100>, C4<0>, C4<0>, C4<0>;
v0x34c7fd70_0 .net/2u *"_ivl_70", 4 0, L_0x7baab6a8b180;  1 drivers
v0x34c7fe50_0 .net *"_ivl_75", 4 0, L_0x34e45e50;  1 drivers
L_0x7baab6a8b1c8 .functor BUFT 1, C4<01000>, C4<0>, C4<0>, C4<0>;
v0x34c7ff30_0 .net/2u *"_ivl_76", 4 0, L_0x7baab6a8b1c8;  1 drivers
v0x34c80010_0 .net *"_ivl_81", 4 0, L_0x34e46140;  1 drivers
L_0x7baab6a8b210 .functor BUFT 1, C4<01100>, C4<0>, C4<0>, C4<0>;
v0x34c4c4e0_0 .net/2u *"_ivl_82", 4 0, L_0x7baab6a8b210;  1 drivers
v0x34c4c5c0_0 .net *"_ivl_87", 4 0, L_0x34e46440;  1 drivers
L_0x7baab6a8b258 .functor BUFT 1, C4<11100>, C4<0>, C4<0>, C4<0>;
v0x34c4c6a0_0 .net/2u *"_ivl_88", 4 0, L_0x7baab6a8b258;  1 drivers
v0x34c4c780_0 .net *"_ivl_9", 0 0, L_0x34e33150;  1 drivers
v0x34c4c860_0 .net *"_ivl_95", 4 0, L_0x34e46910;  1 drivers
L_0x7baab6a8b2a0 .functor BUFT 1, C4<11001>, C4<0>, C4<0>, C4<0>;
v0x34c24e60_0 .net/2u *"_ivl_96", 4 0, L_0x7baab6a8b2a0;  1 drivers
v0x34c24f40_0 .net "aluBusy", 0 0, L_0x34e47920;  1 drivers
v0x34c25000_0 .net "aluIn1", 31 0, L_0x34d8bfb0;  1 drivers
v0x34c250e0_0 .net "aluIn2", 31 0, L_0x34e477e0;  1 drivers
v0x34c251c0_0 .net "aluMinus", 32 0, L_0x34e48440;  1 drivers
v0x34b60340_0 .net "aluOut", 31 0, L_0x34e4bd70;  1 drivers
v0x34b60420_0 .net "aluPlus", 31 0, L_0x34e47b80;  1 drivers
v0x34b60500_0 .var "aluReg", 31 0;
v0x34b605e0_0 .var "aluShamt", 4 0;
v0x34b606c0_0 .net "aluWr", 0 0, L_0x34e5a360;  1 drivers
v0x34bb62a0_0 .net "clk", 0 0, v0x34e32860_0;  alias, 1 drivers
v0x34bb6360_0 .var "cycles", 31 0;
v0x34bb6440_0 .net "funct3Is", 7 0, L_0x34e33010;  1 drivers
v0x34bb6540_0 .net "funct3IsShift", 0 0, L_0x34e4ccb0;  1 drivers
v0x34bb6600_0 .var "instr", 31 2;
v0x34c0e9c0_0 .net "isALU", 0 0, L_0x34deae40;  1 drivers
v0x34c0ea80_0 .net "isALUimm", 0 0, L_0x34e45d10;  1 drivers
v0x34c0eb40_0 .net "isALUreg", 0 0, L_0x34e46300;  1 drivers
v0x34c0ec00_0 .net "isAUIPC", 0 0, L_0x34e47080;  1 drivers
v0x34c0eca0_0 .net "isBranch", 0 0, L_0x34e47400;  1 drivers
v0x34c0ed40_0 .net "isJAL", 0 0, L_0x34e46730;  1 drivers
v0x34bebef0_0 .net "isJALR", 0 0, L_0x34e469e0;  1 drivers
v0x34bebfb0_0 .net "isLUI", 0 0, L_0x34e46d40;  1 drivers
v0x34bec070_0 .net "isLoad", 0 0, L_0x34e45a30;  1 drivers
v0x34bec130_0 .net "isSYSTEM", 0 0, L_0x34e46610;  1 drivers
v0x34bec1f0_0 .net "isStore", 0 0, L_0x34e46000;  1 drivers
v0x34bec2b0_0 .net "jumpToPCplusImm", 0 0, L_0x34e5a600;  1 drivers
v0x34bf50f0_0 .net "loadstore_addr", 23 0, L_0x34e51510;  1 drivers
v0x34bf51d0_0 .net "mem_addr", 31 0, L_0x34e525f0;  alias, 1 drivers
v0x34bf52b0_0 .net "mem_byteAccess", 0 0, L_0x34e54f10;  1 drivers
v0x34bf5370_0 .net "mem_halfwordAccess", 0 0, L_0x34e554d0;  1 drivers
L_0x7baab6a8bd08 .functor BUFT 1, C4<0>, C4<0>, C4<0>, C4<0>;
v0x34bf5430_0 .net "mem_rbusy", 0 0, L_0x7baab6a8bd08;  1 drivers
v0x34bf54f0_0 .net "mem_rdata", 31 0, v0x34e32110_0;  1 drivers
v0x34c070c0_0 .net "mem_rstrb", 0 0, L_0x34e5a160;  alias, 1 drivers
L_0x7baab6a8bd50 .functor BUFT 1, C4<0>, C4<0>, C4<0>, C4<0>;
v0x34c07180_0 .net "mem_wbusy", 0 0, L_0x7baab6a8bd50;  1 drivers
v0x34c07240_0 .net "mem_wdata", 31 0, L_0x34e582c0;  alias, 1 drivers
v0x34c07320_0 .net "mem_wmask", 3 0, L_0x34e59da0;  alias, 1 drivers
v0x34c07400_0 .net "needToWait", 0 0, L_0x34e5b330;  1 drivers
v0x34c074c0_0 .net "predicate", 0 0, L_0x34e4ebe0;  1 drivers
v0x34e07820_0 .net "rdId", 4 0, L_0x34e32df0;  1 drivers
v0x34e07900 .array "registerFile", 0 31, 31 0;
v0x34e079c0_0 .net "reset", 0 0, v0x34e32a30_0;  alias, 1 drivers
v0x34e07a80_0 .var "rs1", 31 0;
v0x34e07b60_0 .var "rs2", 31 0;
v0x34e07c40_0 .var "state", 3 0;
v0x34e07d40_0 .net "writeBack", 0 0, L_0x34e59530;  1 drivers
v0x34e07e00_0 .net "writeBackData", 31 0, L_0x34e54870;  1 drivers
E_0x34e06f80 .event posedge, v0x34bb62a0_0;
L_0x34e32df0 .part v0x34bb6600_0, 5, 5;
L_0x34e32ef0 .part v0x34bb6600_0, 10, 3;
L_0x34e33010 .shift/l 8, L_0x7baab6a8b018, L_0x34e32ef0;
L_0x34e33150 .part v0x34bb6600_0, 29, 1;
L_0x34e33220 .part v0x34bb6600_0, 10, 19;
L_0x34e43300 .concat [ 12 19 1 0], L_0x7baab6a8b060, L_0x34e33220, L_0x34e33150;
L_0x34e434e0 .part v0x34bb6600_0, 29, 1;
LS_0x34e43580_0_0 .concat [ 1 1 1 1], L_0x34e434e0, L_0x34e434e0, L_0x34e434e0, L_0x34e434e0;
LS_0x34e43580_0_4 .concat [ 1 1 1 1], L_0x34e434e0, L_0x34e434e0, L_0x34e434e0, L_0x34e434e0;
LS_0x34e43580_0_8 .concat [ 1 1 1 1], L_0x34e434e0, L_0x34e434e0, L_0x34e434e0, L_0x34e434e0;
LS_0x34e43580_0_12 .concat [ 1 1 1 1], L_0x34e434e0, L_0x34e434e0, L_0x34e434e0, L_0x34e434e0;
LS_0x34e43580_0_16 .concat [ 1 1 1 1], L_0x34e434e0, L_0x34e434e0, L_0x34e434e0, L_0x34e434e0;
LS_0x34e43580_0_20 .concat [ 1 0 0 0], L_0x34e434e0;
LS_0x34e43580_1_0 .concat [ 4 4 4 4], LS_0x34e43580_0_0, LS_0x34e43580_0_4, LS_0x34e43580_0_8, LS_0x34e43580_0_12;
LS_0x34e43580_1_4 .concat [ 4 1 0 0], LS_0x34e43580_0_16, LS_0x34e43580_0_20;
L_0x34e43580 .concat [ 16 5 0 0], LS_0x34e43580_1_0, LS_0x34e43580_1_4;
L_0x34e43920 .part v0x34bb6600_0, 18, 11;
L_0x34e439c0 .concat [ 11 21 0 0], L_0x34e43920, L_0x34e43580;
L_0x34e43b10 .part v0x34bb6600_0, 29, 1;
LS_0x34e43bb0_0_0 .concat [ 1 1 1 1], L_0x34e43b10, L_0x34e43b10, L_0x34e43b10, L_0x34e43b10;
LS_0x34e43bb0_0_4 .concat [ 1 1 1 1], L_0x34e43b10, L_0x34e43b10, L_0x34e43b10, L_0x34e43b10;
LS_0x34e43bb0_0_8 .concat [ 1 1 1 1], L_0x34e43b10, L_0x34e43b10, L_0x34e43b10, L_0x34e43b10;
LS_0x34e43bb0_0_12 .concat [ 1 1 1 1], L_0x34e43b10, L_0x34e43b10, L_0x34e43b10, L_0x34e43b10;
LS_0x34e43bb0_0_16 .concat [ 1 1 1 1], L_0x34e43b10, L_0x34e43b10, L_0x34e43b10, L_0x34e43b10;
LS_0x34e43bb0_0_20 .concat [ 1 0 0 0], L_0x34e43b10;
LS_0x34e43bb0_1_0 .concat [ 4 4 4 4], LS_0x34e43bb0_0_0, LS_0x34e43bb0_0_4, LS_0x34e43bb0_0_8, LS_0x34e43bb0_0_12;
LS_0x34e43bb0_1_4 .concat [ 4 1 0 0], LS_0x34e43bb0_0_16, LS_0x34e43bb0_0_20;
L_0x34e43bb0 .concat [ 16 5 0 0], LS_0x34e43bb0_1_0, LS_0x34e43bb0_1_4;
L_0x34e43f90 .part v0x34bb6600_0, 23, 6;
L_0x34e44030 .part v0x34bb6600_0, 5, 5;
L_0x34e44150 .concat [ 5 6 21 0], L_0x34e44030, L_0x34e43f90, L_0x34e43bb0;
L_0x34e442f0 .part v0x34bb6600_0, 29, 1;
LS_0x34e44420_0_0 .concat [ 1 1 1 1], L_0x34e442f0, L_0x34e442f0, L_0x34e442f0, L_0x34e442f0;
LS_0x34e44420_0_4 .concat [ 1 1 1 1], L_0x34e442f0, L_0x34e442f0, L_0x34e442f0, L_0x34e442f0;
LS_0x34e44420_0_8 .concat [ 1 1 1 1], L_0x34e442f0, L_0x34e442f0, L_0x34e442f0, L_0x34e442f0;
LS_0x34e44420_0_12 .concat [ 1 1 1 1], L_0x34e442f0, L_0x34e442f0, L_0x34e442f0, L_0x34e442f0;
LS_0x34e44420_0_16 .concat [ 1 1 1 1], L_0x34e442f0, L_0x34e442f0, L_0x34e442f0, L_0x34e442f0;
LS_0x34e44420_1_0 .concat [ 4 4 4 4], LS_0x34e44420_0_0, LS_0x34e44420_0_4, LS_0x34e44420_0_8, LS_0x34e44420_0_12;
LS_0x34e44420_1_4 .concat [ 4 0 0 0], LS_0x34e44420_0_16;
L_0x34e44420 .concat [ 16 4 0 0], LS_0x34e44420_1_0, LS_0x34e44420_1_4;
L_0x34e448e0 .part v0x34bb6600_0, 5, 1;
L_0x34e44a20 .part v0x34bb6600_0, 23, 6;
L_0x34e44ac0 .part v0x34bb6600_0, 6, 4;
LS_0x34e44980_0_0 .concat [ 1 4 6 1], L_0x7baab6a8b0a8, L_0x34e44ac0, L_0x34e44a20, L_0x34e448e0;
LS_0x34e44980_0_4 .concat [ 20 0 0 0], L_0x34e44420;
L_0x34e44980 .concat [ 12 20 0 0], LS_0x34e44980_0_0, LS_0x34e44980_0_4;
L_0x34e44e10 .part v0x34bb6600_0, 29, 1;
LS_0x34e44f70_0_0 .concat [ 1 1 1 1], L_0x34e44e10, L_0x34e44e10, L_0x34e44e10, L_0x34e44e10;
LS_0x34e44f70_0_4 .concat [ 1 1 1 1], L_0x34e44e10, L_0x34e44e10, L_0x34e44e10, L_0x34e44e10;
LS_0x34e44f70_0_8 .concat [ 1 1 1 1], L_0x34e44e10, L_0x34e44e10, L_0x34e44e10, L_0x34e44e10;
L_0x34e44f70 .concat [ 4 4 4 0], LS_0x34e44f70_0_0, LS_0x34e44f70_0_4, LS_0x34e44f70_0_8;
L_0x34e45060 .part v0x34bb6600_0, 10, 8;
L_0x34e451d0 .part v0x34bb6600_0, 18, 1;
L_0x34e45480 .part v0x34bb6600_0, 19, 10;
LS_0x34e45600_0_0 .concat [ 1 10 1 8], L_0x7baab6a8b0f0, L_0x34e45480, L_0x34e451d0, L_0x34e45060;
LS_0x34e45600_0_4 .concat [ 12 0 0 0], L_0x34e44f70;
L_0x34e45600 .concat [ 20 12 0 0], LS_0x34e45600_0_0, LS_0x34e45600_0_4;
L_0x34e45850 .part v0x34bb6600_0, 0, 5;
L_0x34e45a30 .cmp/eq 5, L_0x34e45850, L_0x7baab6a8b138;
L_0x34e45b70 .part v0x34bb6600_0, 0, 5;
L_0x34e45d10 .cmp/eq 5, L_0x34e45b70, L_0x7baab6a8b180;
L_0x34e45e50 .part v0x34bb6600_0, 0, 5;
L_0x34e46000 .cmp/eq 5, L_0x34e45e50, L_0x7baab6a8b1c8;
L_0x34e46140 .part v0x34bb6600_0, 0, 5;
L_0x34e46300 .cmp/eq 5, L_0x34e46140, L_0x7baab6a8b210;
L_0x34e46440 .part v0x34bb6600_0, 0, 5;
L_0x34e46610 .cmp/eq 5, L_0x34e46440, L_0x7baab6a8b258;
L_0x34e46730 .part v0x34bb6600_0, 1, 1;
L_0x34e46910 .part v0x34bb6600_0, 0, 5;
L_0x34e469e0 .cmp/eq 5, L_0x34e46910, L_0x7baab6a8b2a0;
L_0x34e46ca0 .part v0x34bb6600_0, 0, 5;
L_0x34e46d40 .cmp/eq 5, L_0x34e46ca0, L_0x7baab6a8b2e8;
L_0x34e46fe0 .part v0x34bb6600_0, 0, 5;
L_0x34e47080 .cmp/eq 5, L_0x34e46fe0, L_0x7baab6a8b330;
L_0x34e47360 .part v0x34bb6600_0, 0, 5;
L_0x34e47400 .cmp/eq 5, L_0x34e47360, L_0x7baab6a8b378;
L_0x34e477e0 .functor MUXZ 32, L_0x34e439c0, v0x34e07b60_0, L_0x34d8c990, C4<>;
L_0x34e47920 .reduce/or v0x34b605e0_0;
L_0x34e47b80 .arith/sum 32, L_0x34d8bfb0, L_0x34e477e0;
L_0x34e47d20 .concat [ 32 1 0 0], L_0x34cb53b0, L_0x7baab6a8b3c0;
L_0x34e48030 .concat [ 32 1 0 0], L_0x34d8bfb0, L_0x7baab6a8b408;
L_0x34e48120 .arith/sum 33, L_0x34e47d20, L_0x34e48030;
L_0x34e48440 .arith/sum 33, L_0x34e48120, L_0x7baab6a8b450;
L_0x34e48580 .part L_0x34d8bfb0, 31, 1;
L_0x34e487e0 .part L_0x34e477e0, 31, 1;
L_0x34e48880 .part L_0x34d8bfb0, 31, 1;
L_0x34e48af0 .part L_0x34e48440, 32, 1;
L_0x34e48be0 .functor MUXZ 1, L_0x34e48af0, L_0x34e48880, L_0x34cf1c80, C4<>;
L_0x34e48f50 .part L_0x34e48440, 32, 1;
L_0x34e48ff0 .part L_0x34e48440, 0, 32;
L_0x34e49310 .cmp/eq 32, L_0x34e48ff0, L_0x7baab6a8b498;
L_0x34e49400 .part L_0x34e33010, 0, 1;
L_0x34e496f0 .part v0x34bb6600_0, 28, 1;
L_0x34e49790 .part v0x34bb6600_0, 3, 1;
L_0x34e49b90 .part L_0x34e48440, 0, 32;
L_0x34e49c30 .functor MUXZ 32, L_0x34e47b80, L_0x34e49b90, L_0x34e49a40, C4<>;
L_0x34e49fe0 .functor MUXZ 32, L_0x7baab6a8b4e0, L_0x34e49c30, L_0x34e49400, C4<>;
L_0x34e4a170 .part L_0x34e33010, 2, 1;
L_0x34e4a440 .concat [ 1 31 0 0], L_0x34e48be0, L_0x7baab6a8b528;
L_0x34e4a580 .functor MUXZ 32, L_0x7baab6a8b570, L_0x34e4a440, L_0x34e4a170, C4<>;
L_0x34e4aa60 .part L_0x34e33010, 3, 1;
L_0x34e4ab00 .concat [ 1 31 0 0], L_0x34e48f50, L_0x7baab6a8b5b8;
L_0x34e4ae40 .functor MUXZ 32, L_0x7baab6a8b600, L_0x34e4ab00, L_0x34e4aa60, C4<>;
L_0x34e4b130 .part L_0x34e33010, 4, 1;
L_0x34e4b4a0 .functor MUXZ 32, L_0x7baab6a8b648, L_0x34e4b430, L_0x34e4b130, C4<>;
L_0x34e4b7a0 .part L_0x34e33010, 6, 1;
L_0x34e4bb20 .functor MUXZ 32, L_0x7baab6a8b690, L_0x34e4bab0, L_0x34e4b7a0, C4<>;
L_0x34e4bde0 .part L_0x34e33010, 7, 1;
L_0x34e4c170 .functor MUXZ 32, L_0x7baab6a8b6d8, L_0x34e4c100, L_0x34e4bde0, C4<>;
L_0x34e4c3a0 .functor MUXZ 32, L_0x7baab6a8b720, v0x34b60500_0, L_0x34e4ccb0, C4<>;
L_0x34e4c7c0 .part L_0x34e33010, 1, 1;
L_0x34e4c970 .part L_0x34e33010, 5, 1;
L_0x34e4cea0 .part L_0x34e33010, 0, 1;
L_0x34e4d050 .part L_0x34e33010, 1, 1;
L_0x34e4d3a0 .reduce/nor L_0x34e49310;
L_0x34e4d700 .part L_0x34e33010, 4, 1;
L_0x34e4d550 .part L_0x34e33010, 5, 1;
L_0x34e4dce0 .reduce/nor L_0x34e48be0;
L_0x34e4e2e0 .part L_0x34e33010, 6, 1;
L_0x34e4e620 .part L_0x34e33010, 7, 1;
L_0x34e4e9a0 .reduce/nor L_0x34e48f50;
L_0x34e4ecf0 .arith/sum 24, v0x34d88340_0, L_0x7baab6a8b768;
L_0x34e4f140 .part v0x34bb6600_0, 1, 1;
L_0x34e4f1e0 .part L_0x34e45600, 0, 24;
L_0x34e4f5d0 .part v0x34bb6600_0, 2, 1;
L_0x34e4f670 .part L_0x34e43300, 0, 24;
L_0x34e4fa70 .part L_0x34e44980, 0, 24;
L_0x34e4fb60 .functor MUXZ 24, L_0x34e4fa70, L_0x34e4f670, L_0x34e4f5d0, C4<>;
L_0x34e50010 .functor MUXZ 24, L_0x34e4fb60, L_0x34e4f1e0, L_0x34e4f140, C4<>;
L_0x34e501a0 .arith/sum 24, v0x34d88340_0, L_0x34e50010;
L_0x34e50610 .part v0x34e07a80_0, 0, 24;
L_0x34e50700 .part v0x34bb6600_0, 3, 1;
L_0x34e50ef0 .part L_0x34e44150, 0, 24;
L_0x34e50f90 .part L_0x34e439c0, 0, 24;
L_0x34e51380 .functor MUXZ 24, L_0x34e50f90, L_0x34e50ef0, L_0x34e50700, C4<>;
L_0x34e51510 .arith/sum 24, L_0x34e50610, L_0x34e51380;
L_0x34e519b0 .part v0x34e07c40_0, 1, 1;
L_0x34e51a50 .part v0x34e07c40_0, 0, 1;
L_0x34e52040 .concat [ 24 8 0 0], v0x34d88340_0, L_0x7baab6a8b7b0;
L_0x34e52130 .concat [ 24 8 0 0], L_0x34e51510, L_0x7baab6a8b7f8;
L_0x34e525f0 .functor MUXZ 32, L_0x34e52130, L_0x34e52040, L_0x34e4ed90, C4<>;
L_0x34e52780 .functor MUXZ 32, L_0x7baab6a8b840, v0x34bb6360_0, L_0x34e46610, C4<>;
L_0x34e52c50 .functor MUXZ 32, L_0x7baab6a8b888, L_0x34e43300, L_0x34e46d40, C4<>;
L_0x34e52ea0 .functor MUXZ 32, L_0x7baab6a8b8d0, L_0x34e4bd70, L_0x34deae40, C4<>;
L_0x34e535e0 .concat [ 24 8 0 0], L_0x34e501a0, L_0x7baab6a8b918;
L_0x34e53720 .functor MUXZ 32, L_0x7baab6a8b960, L_0x34e535e0, L_0x34e47080, C4<>;
L_0x34e53f90 .concat [ 24 8 0 0], L_0x34e4ecf0, L_0x7baab6a8b9a8;
L_0x34e540d0 .functor MUXZ 32, L_0x7baab6a8b9f0, L_0x34e53f90, L_0x34e53d70, C4<>;
L_0x34e54730 .functor MUXZ 32, L_0x7baab6a8ba38, L_0x34e56aa0, L_0x34e45a30, C4<>;
L_0x34e54aa0 .part v0x34bb6600_0, 10, 2;
L_0x34e54f10 .cmp/eq 2, L_0x34e54aa0, L_0x7baab6a8ba80;
L_0x34e55050 .part v0x34bb6600_0, 10, 2;
L_0x34e554d0 .cmp/eq 2, L_0x34e55050, L_0x7baab6a8bac8;
L_0x34e55610 .part v0x34bb6600_0, 12, 1;
L_0x34e55aa0 .reduce/nor L_0x34e55610;
L_0x34e55b90 .part L_0x34e57490, 7, 1;
L_0x34e56030 .part L_0x34e57040, 15, 1;
L_0x34e560d0 .functor MUXZ 1, L_0x34e56030, L_0x34e55b90, L_0x34e54f10, C4<>;
LS_0x34e56730_0_0 .concat [ 1 1 1 1], L_0x34e56620, L_0x34e56620, L_0x34e56620, L_0x34e56620;
LS_0x34e56730_0_4 .concat [ 1 1 1 1], L_0x34e56620, L_0x34e56620, L_0x34e56620, L_0x34e56620;
LS_0x34e56730_0_8 .concat [ 1 1 1 1], L_0x34e56620, L_0x34e56620, L_0x34e56620, L_0x34e56620;
LS_0x34e56730_0_12 .concat [ 1 1 1 1], L_0x34e56620, L_0x34e56620, L_0x34e56620, L_0x34e56620;
LS_0x34e56730_0_16 .concat [ 1 1 1 1], L_0x34e56620, L_0x34e56620, L_0x34e56620, L_0x34e56620;
LS_0x34e56730_0_20 .concat [ 1 1 1 1], L_0x34e56620, L_0x34e56620, L_0x34e56620, L_0x34e56620;
LS_0x34e56730_1_0 .concat [ 4 4 4 4], LS_0x34e56730_0_0, LS_0x34e56730_0_4, LS_0x34e56730_0_8, LS_0x34e56730_0_12;
LS_0x34e56730_1_4 .concat [ 4 4 0 0], LS_0x34e56730_0_16, LS_0x34e56730_0_20;
L_0x34e56730 .concat [ 16 8 0 0], LS_0x34e56730_1_0, LS_0x34e56730_1_4;
L_0x34e56820 .concat [ 8 24 0 0], L_0x34e57490, L_0x34e56730;
LS_0x34e56d30_0_0 .concat [ 1 1 1 1], L_0x34e56620, L_0x34e56620, L_0x34e56620, L_0x34e56620;
LS_0x34e56d30_0_4 .concat [ 1 1 1 1], L_0x34e56620, L_0x34e56620, L_0x34e56620, L_0x34e56620;
LS_0x34e56d30_0_8 .concat [ 1 1 1 1], L_0x34e56620, L_0x34e56620, L_0x34e56620, L_0x34e56620;
LS_0x34e56d30_0_12 .concat [ 1 1 1 1], L_0x34e56620, L_0x34e56620, L_0x34e56620, L_0x34e56620;
L_0x34e56d30 .concat [ 4 4 4 4], LS_0x34e56d30_0_0, LS_0x34e56d30_0_4, LS_0x34e56d30_0_8, LS_0x34e56d30_0_12;
L_0x34e56dd0 .concat [ 16 16 0 0], L_0x34e57040, L_0x34e56d30;
L_0x34e56910 .functor MUXZ 32, v0x34e32110_0, L_0x34e56dd0, L_0x34e554d0, C4<>;
L_0x34e56aa0 .functor MUXZ 32, L_0x34e56910, L_0x34e56820, L_0x34e54f10, C4<>;
L_0x34e56c30 .part L_0x34e51510, 1, 1;
L_0x34e57350 .part v0x34e32110_0, 16, 16;
L_0x34e56f10 .part v0x34e32110_0, 0, 16;
L_0x34e57040 .functor MUXZ 16, L_0x34e56f10, L_0x34e57350, L_0x34e56c30, C4<>;
L_0x34e57180 .part L_0x34e51510, 0, 1;
L_0x34e572b0 .part L_0x34e57040, 8, 8;
L_0x34e573f0 .part L_0x34e57040, 0, 8;
L_0x34e57490 .functor MUXZ 8, L_0x34e573f0, L_0x34e572b0, L_0x34e57180, C4<>;
L_0x34e57580 .part v0x34e07b60_0, 0, 8;
L_0x34e57670 .part L_0x34e51510, 0, 1;
L_0x34e57710 .part v0x34e07b60_0, 0, 8;
L_0x34e577b0 .part v0x34e07b60_0, 8, 8;
L_0x34e578e0 .functor MUXZ 8, L_0x34e577b0, L_0x34e57710, L_0x34e57670, C4<>;
L_0x34e57a20 .part L_0x34e51510, 1, 1;
L_0x34e57ac0 .part v0x34e07b60_0, 0, 8;
L_0x34e57b60 .part v0x34e07b60_0, 16, 8;
L_0x34e57c00 .functor MUXZ 8, L_0x34e57b60, L_0x34e57ac0, L_0x34e57a20, C4<>;
L_0x34e582c0 .concat8 [ 8 8 8 8], L_0x34e57580, L_0x34e578e0, L_0x34e57c00, L_0x34e58950;
L_0x34e57e00 .part L_0x34e51510, 0, 1;
L_0x34e57ea0 .part v0x34e07b60_0, 0, 8;
L_0x34e57f40 .part L_0x34e51510, 1, 1;
L_0x34e57fe0 .part v0x34e07b60_0, 8, 8;
L_0x34e58080 .part v0x34e07b60_0, 24, 8;
L_0x34e58120 .functor MUXZ 8, L_0x34e58080, L_0x34e57fe0, L_0x34e57f40, C4<>;
L_0x34e58950 .functor MUXZ 8, L_0x34e58120, L_0x34e57ea0, L_0x34e57e00, C4<>;
L_0x34e58b30 .part L_0x34e51510, 1, 1;
L_0x34e58450 .part L_0x34e51510, 0, 1;
L_0x34e584f0 .functor MUXZ 4, L_0x7baab6a8bb58, L_0x7baab6a8bb10, L_0x34e58450, C4<>;
L_0x34e58680 .part L_0x34e51510, 0, 1;
L_0x34e58720 .functor MUXZ 4, L_0x7baab6a8bbe8, L_0x7baab6a8bba0, L_0x34e58680, C4<>;
L_0x34e588b0 .functor MUXZ 4, L_0x34e58720, L_0x34e584f0, L_0x34e58b30, C4<>;
L_0x34e591f0 .part L_0x34e51510, 1, 1;
L_0x34e58bd0 .functor MUXZ 4, L_0x7baab6a8bc78, L_0x7baab6a8bc30, L_0x34e591f0, C4<>;
L_0x34e58d60 .functor MUXZ 4, L_0x7baab6a8bcc0, L_0x34e58bd0, L_0x34e554d0, C4<>;
L_0x34e58ea0 .functor MUXZ 4, L_0x34e58d60, L_0x34e588b0, L_0x34e54f10, C4<>;
L_0x34e59960 .part v0x34e07c40_0, 2, 1;
L_0x34e59290 .part v0x34e07c40_0, 3, 1;
L_0x34e59640 .part v0x34e07c40_0, 2, 1;
L_0x34e5a0c0 .part v0x34e07c40_0, 0, 1;
L_0x34e5a2c0 .part v0x34e07c40_0, 2, 1;
L_0x34e59c20 .concat [ 1 1 1 1], L_0x34e59a00, L_0x34e59a00, L_0x34e59a00, L_0x34e59a00;
L_0x34e59eb0 .part v0x34e07c40_0, 2, 1;
S_0x34d4d400 .scope module, "Periferico_BCD_Binario1" "Periferico_BCD_Binario" 4 105, 5 1 0, S_0x34d75b50;
 .timescale -9 -12;
    .port_info 0 /INPUT 1 "CLK";
    .port_info 1 /INPUT 1 "reset";
    .port_info 2 /INPUT 32 "d_in";
    .port_info 3 /INPUT 1 "cs";
    .port_info 4 /INPUT 6 "addr";
    .port_info 5 /INPUT 1 "rd";
    .port_info 6 /INPUT 1 "wr";
    .port_info 7 /OUTPUT 24 "d_out";
v0x34e10590_0 .var "CENT", 3 0;
v0x34e106c0_0 .var "CIENMIL", 3 0;
v0x34e107d0_0 .net "CLK", 0 0, v0x34e32860_0;  alias, 1 drivers
v0x34e10870_0 .var "DEC", 3 0;
v0x34e10960_0 .var "DIEZMIL", 3 0;
v0x34e10ac0_0 .net "DONE", 0 0, v0x34e09910_0;  1 drivers
v0x34e10bb0_0 .var "INIT", 0 0;
v0x34e10ca0_0 .var "MIL", 3 0;
v0x34e10db0_0 .var "MILLON", 3 0;
v0x34e10e70_0 .net "Op_A_out", 23 0, L_0x34e62890;  1 drivers
v0x34e10f80_0 .var "SIGN", 3 0;
v0x34e11090_0 .var "UNIT", 3 0;
v0x34e111a0_0 .net "addr", 5 0, L_0x34e62b80;  1 drivers
v0x34e11280_0 .net "cs", 0 0, L_0x34e609d0;  1 drivers
v0x34e11340_0 .net "d_in", 31 0, L_0x34e582c0;  alias, 1 drivers
v0x34e11400_0 .var "d_out", 23 0;
v0x34e114c0_0 .net "rd", 0 0, L_0x34e5b440;  alias, 1 drivers
v0x34e11690_0 .net "reset", 0 0, L_0x34e62a30;  1 drivers
v0x34e11750_0 .var "s", 3 0;
v0x34e11830_0 .net "wr", 0 0, L_0x34e5b3a0;  alias, 1 drivers
E_0x34ceec60 .event anyedge, v0x34e11280_0, v0x34e111a0_0;
S_0x34d4dff0 .scope module, "u_BCDABinario" "BCDABinario" 5 91, 6 1 0, S_0x34d4d400;
 .timescale -9 -12;
    .port_info 0 /INPUT 1 "CLK";
    .port_info 1 /INPUT 1 "INIT";
    .port_info 2 /INPUT 4 "SIGN";
    .port_info 3 /INPUT 4 "MILLON";
    .port_info 4 /INPUT 4 "CIENMIL";
    .port_info 5 /INPUT 4 "DIEZMIL";
    .port_info 6 /INPUT 4 "MIL";
    .port_info 7 /INPUT 4 "CENT";
    .port_info 8 /INPUT 4 "DEC";
    .port_info 9 /INPUT 4 "UNIT";
    .port_info 10 /OUTPUT 24 "Op_A_out";
    .port_info 11 /OUTPUT 1 "DONE";
v0x34e0e770_0 .net "CENT", 3 0, v0x34e10590_0;  1 drivers
v0x34e0e850_0 .net "CIENMIL", 3 0, v0x34e106c0_0;  1 drivers
v0x34e0e910_0 .net "CLK", 0 0, v0x34e32860_0;  alias, 1 drivers
v0x34e0e9e0_0 .net "DEC", 3 0, v0x34e10870_0;  1 drivers
v0x34e0eab0_0 .net "DIEZMIL", 3 0, v0x34e10960_0;  1 drivers
v0x34e0eb50_0 .net "DONE", 0 0, v0x34e09910_0;  alias, 1 drivers
v0x34e0ec20_0 .net "INIT", 0 0, v0x34e10bb0_0;  1 drivers
v0x34e0ecf0_0 .net "MIL", 3 0, v0x34e10ca0_0;  1 drivers
v0x34e0edc0_0 .net "MILLON", 3 0, v0x34e10db0_0;  1 drivers
v0x34e0ee90_0 .net "Op_A_out", 23 0, L_0x34e62890;  alias, 1 drivers
v0x34e0ef60_0 .net "SIGN", 3 0, v0x34e10f80_0;  1 drivers
v0x34e0f030_0 .net "UNIT", 3 0, v0x34e11090_0;  1 drivers
v0x34e0f100_0 .net "W_CENTN", 3 0, v0x34e0c220_0;  1 drivers
v0x34e0f1a0_0 .net "W_CENT_REG", 3 0, L_0x34e621f0;  1 drivers
v0x34e0f240_0 .net "W_CIENMILN", 3 0, v0x34e0c3f0_0;  1 drivers
v0x34e0f330_0 .net "W_CIENMIL_REG", 3 0, L_0x34e62400;  1 drivers
v0x34e0f420_0 .net "W_DEC", 0 0, v0x34e09870_0;  1 drivers
v0x34e0f510_0 .net "W_DECN", 3 0, v0x34e0c5b0_0;  1 drivers
v0x34e0f620_0 .net "W_DEC_REG", 3 0, L_0x34e62100;  1 drivers
v0x34e0f730_0 .net "W_DIEZMILN", 3 0, v0x34e0c710_0;  1 drivers
v0x34e0f840_0 .net "W_DIEZMIL_REG", 3 0, L_0x34e62360;  1 drivers
v0x34e0f950_0 .net "W_LD", 0 0, v0x34e09a50_0;  1 drivers
v0x34e0f9f0_0 .net "W_MILLONN", 3 0, v0x34e0c980_0;  1 drivers
v0x34e0fb00_0 .net "W_MILLON_REG", 3 0, L_0x34e624e0;  1 drivers
v0x34e0fc10_0 .net "W_MILN", 3 0, v0x34e0ca50_0;  1 drivers
v0x34e0fd20_0 .net "W_MIL_REG", 3 0, L_0x34e62290;  1 drivers
v0x34e0fe30_0 .net "W_MSB", 0 0, L_0x34e61bc0;  1 drivers
v0x34e0ff20_0 .net "W_SH", 0 0, v0x34e09c30_0;  1 drivers
v0x34e10010_0 .net "W_SUB3", 0 0, v0x34e09cd0_0;  1 drivers
v0x34e10100_0 .net "W_UNITN", 3 0, v0x34e0cd90_0;  1 drivers
v0x34e10210_0 .net "W_UNIT_REG", 3 0, L_0x34e62060;  1 drivers
v0x34e10320_0 .net "W_Z", 0 0, v0x34e093b0_0;  1 drivers
S_0x34e09040 .scope module, "CONTADOR_BCDB0" "CONTADOR_BCDB" 6 100, 7 1 0, S_0x34d4dff0;
 .timescale -9 -12;
    .port_info 0 /INPUT 1 "CLK";
    .port_info 1 /INPUT 1 "LD";
    .port_info 2 /INPUT 1 "DEC";
    .port_info 3 /OUTPUT 1 "Z";
v0x34e091d0_0 .net "CLK", 0 0, v0x34e32860_0;  alias, 1 drivers
v0x34e09270_0 .net "DEC", 0 0, v0x34e09870_0;  alias, 1 drivers
v0x34e09310_0 .net "LD", 0 0, v0x34e09a50_0;  alias, 1 drivers
v0x34e093b0_0 .var "Z", 0 0;
v0x34e09450_0 .var "count", 5 0;
S_0x34e094f0 .scope module, "CONTROL_BCDB0" "CONTROL_BCDB" 6 107, 8 1 0, S_0x34d4dff0;
 .timescale -9 -12;
    .port_info 0 /INPUT 1 "CLK";
    .port_info 1 /INPUT 1 "MSB";
    .port_info 2 /INPUT 1 "Z";
    .port_info 3 /INPUT 1 "INIT";
    .port_info 4 /OUTPUT 1 "LD";
    .port_info 5 /OUTPUT 1 "DEC";
    .port_info 6 /OUTPUT 1 "SH";
    .port_info 7 /OUTPUT 1 "SUB3";
    .port_info 8 /OUTPUT 1 "DONE";
P_0x34e09680 .param/l "S_CHECK" 0 8 18, C4<011>;
P_0x34e096c0 .param/l "S_END1" 0 8 19, C4<100>;
P_0x34e09700 .param/l "S_SHIFT_DEC" 0 8 17, C4<010>;
P_0x34e09740 .param/l "S_START" 0 8 15, C4<000>;
P_0x34e09780 .param/l "S_SUB" 0 8 16, C4<001>;
v0x34e097d0_0 .net "CLK", 0 0, v0x34e32860_0;  alias, 1 drivers
v0x34e09870_0 .var "DEC", 0 0;
v0x34e09910_0 .var "DONE", 0 0;
v0x34e099b0_0 .net "INIT", 0 0, v0x34e10bb0_0;  alias, 1 drivers
v0x34e09a50_0 .var "LD", 0 0;
v0x34e09af0_0 .net "MSB", 0 0, L_0x34e61bc0;  alias, 1 drivers
v0x34e09b90_0 .var "NEXT_STATE", 2 0;
v0x34e09c30_0 .var "SH", 0 0;
v0x34e09cd0_0 .var "SUB3", 0 0;
v0x34e09d70_0 .net "Z", 0 0, v0x34e093b0_0;  alias, 1 drivers
v0x34e09e10_0 .var "count", 5 0;
E_0x34be6e60 .event anyedge, v0x34e09b90_0;
S_0x34e09eb0 .scope module, "RSR_BCDB0" "RSR_BCDB" 6 66, 9 1 0, S_0x34d4dff0;
 .timescale -9 -12;
    .port_info 0 /INPUT 1 "CLK";
    .port_info 1 /INPUT 1 "SH";
    .port_info 2 /INPUT 1 "LD";
    .port_info 3 /OUTPUT 24 "Op_A_out";
    .port_info 4 /INPUT 4 "UNITN";
    .port_info 5 /INPUT 4 "DECN";
    .port_info 6 /INPUT 4 "CENTN";
    .port_info 7 /INPUT 4 "MILN";
    .port_info 8 /INPUT 4 "DIEZMILN";
    .port_info 9 /INPUT 4 "CIENMILN";
    .port_info 10 /INPUT 4 "MILLONN";
    .port_info 11 /INPUT 4 "SIGN";
    .port_info 12 /INPUT 4 "UNIT_LOAD";
    .port_info 13 /INPUT 4 "DEC_LOAD";
    .port_info 14 /INPUT 4 "CENT_LOAD";
    .port_info 15 /INPUT 4 "MIL_LOAD";
    .port_info 16 /INPUT 4 "DIEZMIL_LOAD";
    .port_info 17 /INPUT 4 "CIENMIL_LOAD";
    .port_info 18 /INPUT 4 "MILLON_LOAD";
    .port_info 19 /OUTPUT 4 "UNIT";
    .port_info 20 /OUTPUT 4 "DEC";
    .port_info 21 /OUTPUT 4 "CENT";
    .port_info 22 /OUTPUT 4 "MIL";
    .port_info 23 /OUTPUT 4 "DIEZMIL";
    .port_info 24 /OUTPUT 4 "CIENMIL";
    .port_info 25 /OUTPUT 4 "MILLON";
L_0x34e62670 .functor NOT 24, v0x34e0b0b0_0, C4<000000000000000000000000>, C4<000000000000000000000000>, C4<000000000000000000000000>;
v0x34e0a390_0 .var "A", 27 0;
v0x34e0a430_0 .net "CENT", 3 0, L_0x34e621f0;  alias, 1 drivers
v0x34e0a4d0_0 .net "CENTN", 3 0, v0x34e0c220_0;  alias, 1 drivers
v0x34e0a570_0 .net "CENT_LOAD", 3 0, v0x34e10590_0;  alias, 1 drivers
v0x34e0a610_0 .net "CIENMIL", 3 0, L_0x34e62400;  alias, 1 drivers
v0x34e0a6b0_0 .net "CIENMILN", 3 0, v0x34e0c3f0_0;  alias, 1 drivers
v0x34e0a750_0 .net "CIENMIL_LOAD", 3 0, v0x34e106c0_0;  alias, 1 drivers
v0x34e0a7f0_0 .net "CLK", 0 0, v0x34e32860_0;  alias, 1 drivers
v0x34e0a890_0 .net "DEC", 3 0, L_0x34e62100;  alias, 1 drivers
v0x34e0a930_0 .net "DECN", 3 0, v0x34e0c5b0_0;  alias, 1 drivers
v0x34e0a9d0_0 .net "DEC_LOAD", 3 0, v0x34e10870_0;  alias, 1 drivers
v0x34e0aa70_0 .net "DIEZMIL", 3 0, L_0x34e62360;  alias, 1 drivers
v0x34e0ab10_0 .net "DIEZMILN", 3 0, v0x34e0c710_0;  alias, 1 drivers
v0x34e0abb0_0 .net "DIEZMIL_LOAD", 3 0, v0x34e10960_0;  alias, 1 drivers
v0x34e0ac50_0 .net "LD", 0 0, v0x34e09a50_0;  alias, 1 drivers
v0x34e0acf0_0 .net "MIL", 3 0, L_0x34e62290;  alias, 1 drivers
v0x34e0ad90_0 .net "MILLON", 3 0, L_0x34e624e0;  alias, 1 drivers
v0x34e0ae30_0 .net "MILLONN", 3 0, v0x34e0c980_0;  alias, 1 drivers
v0x34e0aed0_0 .net "MILLON_LOAD", 3 0, v0x34e10db0_0;  alias, 1 drivers
v0x34e0af70_0 .net "MILN", 3 0, v0x34e0ca50_0;  alias, 1 drivers
v0x34e0b010_0 .net "MIL_LOAD", 3 0, v0x34e10ca0_0;  alias, 1 drivers
v0x34e0b0b0_0 .var "Op_A", 23 0;
v0x34e0b150_0 .net "Op_A_out", 23 0, L_0x34e62890;  alias, 1 drivers
v0x34e0b1f0_0 .net "SH", 0 0, v0x34e09c30_0;  alias, 1 drivers
v0x34e0b290_0 .net "SIGN", 3 0, v0x34e10f80_0;  alias, 1 drivers
v0x34e0b330_0 .var "SIGN_reg", 3 0;
v0x34e0b3d0_0 .net "UNIT", 3 0, L_0x34e62060;  alias, 1 drivers
v0x34e0b470_0 .net "UNITN", 3 0, v0x34e0cd90_0;  alias, 1 drivers
v0x34e0b510_0 .net "UNIT_LOAD", 3 0, v0x34e11090_0;  alias, 1 drivers
L_0x7baab6a8c188 .functor BUFT 1, C4<1010>, C4<0>, C4<0>, C4<0>;
v0x34e0b5b0_0 .net/2u *"_ivl_14", 3 0, L_0x7baab6a8c188;  1 drivers
v0x34e0b650_0 .net *"_ivl_16", 0 0, L_0x34e62580;  1 drivers
v0x34e0b6f0_0 .net *"_ivl_18", 23 0, L_0x34e62670;  1 drivers
L_0x7baab6a8c1d0 .functor BUFT 1, C4<000000000000000000000001>, C4<0>, C4<0>, C4<0>;
v0x34e0b790_0 .net/2u *"_ivl_20", 23 0, L_0x7baab6a8c1d0;  1 drivers
v0x34e0b850_0 .net *"_ivl_22", 23 0, L_0x34e626e0;  1 drivers
L_0x34e62060 .part v0x34e0a390_0, 0, 4;
L_0x34e62100 .part v0x34e0a390_0, 4, 4;
L_0x34e621f0 .part v0x34e0a390_0, 8, 4;
L_0x34e62290 .part v0x34e0a390_0, 12, 4;
L_0x34e62360 .part v0x34e0a390_0, 16, 4;
L_0x34e62400 .part v0x34e0a390_0, 20, 4;
L_0x34e624e0 .part v0x34e0a390_0, 24, 4;
L_0x34e62580 .cmp/eq 4, v0x34e0b330_0, L_0x7baab6a8c188;
L_0x34e626e0 .arith/sum 24, L_0x34e62670, L_0x7baab6a8c1d0;
L_0x34e62890 .functor MUXZ 24, v0x34e0b0b0_0, L_0x34e626e0, L_0x34e62580, C4<>;
S_0x34e0bc70 .scope module, "SUB_C2_BCDB0" "SUB_C2_BCDB" 6 44, 10 1 0, S_0x34d4dff0;
 .timescale -9 -12;
    .port_info 0 /INPUT 1 "SUB3";
    .port_info 1 /INPUT 4 "UNIT";
    .port_info 2 /INPUT 4 "DEC";
    .port_info 3 /INPUT 4 "CENT";
    .port_info 4 /INPUT 4 "MIL";
    .port_info 5 /INPUT 4 "DIEZMIL";
    .port_info 6 /INPUT 4 "CIENMIL";
    .port_info 7 /INPUT 4 "MILLON";
    .port_info 8 /OUTPUT 4 "UNITN";
    .port_info 9 /OUTPUT 4 "DECN";
    .port_info 10 /OUTPUT 4 "CENTN";
    .port_info 11 /OUTPUT 4 "MILN";
    .port_info 12 /OUTPUT 4 "DIEZMILN";
    .port_info 13 /OUTPUT 4 "CIENMILN";
    .port_info 14 /OUTPUT 4 "MILLONN";
    .port_info 15 /OUTPUT 1 "MSB";
L_0x34e60fe0 .functor OR 1, L_0x34e60cf0, L_0x34e60e90, C4<0>, C4<0>;
L_0x34e612f0 .functor OR 1, L_0x34e60fe0, L_0x34e61190, C4<0>, C4<0>;
L_0x34e615e0 .functor OR 1, L_0x34e612f0, L_0x34e614a0, C4<0>, C4<0>;
L_0x34e61910 .functor OR 1, L_0x34e615e0, L_0x34e61790, C4<0>, C4<0>;
L_0x34e61c30 .functor OR 1, L_0x34e61910, L_0x34e61aa0, C4<0>, C4<0>;
L_0x34e61bc0 .functor OR 1, L_0x34e61c30, L_0x34e61de0, C4<0>, C4<0>;
v0x34e0c140_0 .net "CENT", 3 0, L_0x34e621f0;  alias, 1 drivers
v0x34e0c220_0 .var "CENTN", 3 0;
v0x34e0c2f0_0 .net "CIENMIL", 3 0, L_0x34e62400;  alias, 1 drivers
v0x34e0c3f0_0 .var "CIENMILN", 3 0;
v0x34e0c4c0_0 .net "DEC", 3 0, L_0x34e62100;  alias, 1 drivers
v0x34e0c5b0_0 .var "DECN", 3 0;
v0x34e0c650_0 .net "DIEZMIL", 3 0, L_0x34e62360;  alias, 1 drivers
v0x34e0c710_0 .var "DIEZMILN", 3 0;
v0x34e0c7e0_0 .net "MIL", 3 0, L_0x34e62290;  alias, 1 drivers
v0x34e0c8b0_0 .net "MILLON", 3 0, L_0x34e624e0;  alias, 1 drivers
v0x34e0c980_0 .var "MILLONN", 3 0;
v0x34e0ca50_0 .var "MILN", 3 0;
v0x34e0cb20_0 .net "MSB", 0 0, L_0x34e61bc0;  alias, 1 drivers
v0x34e0cbf0_0 .net "SUB3", 0 0, v0x34e09cd0_0;  alias, 1 drivers
v0x34e0ccc0_0 .net "UNIT", 3 0, L_0x34e62060;  alias, 1 drivers
v0x34e0cd90_0 .var "UNITN", 3 0;
v0x34e0ce60_0 .net *"_ivl_1", 0 0, L_0x34e60c20;  1 drivers
v0x34e0cf00_0 .net *"_ivl_11", 0 0, L_0x34e610f0;  1 drivers
v0x34e0cfe0_0 .net *"_ivl_13", 0 0, L_0x34e61190;  1 drivers
v0x34e0d0a0_0 .net *"_ivl_15", 0 0, L_0x34e612f0;  1 drivers
v0x34e0d160_0 .net *"_ivl_17", 0 0, L_0x34e61400;  1 drivers
v0x34e0d240_0 .net *"_ivl_19", 0 0, L_0x34e614a0;  1 drivers
v0x34e0d300_0 .net *"_ivl_21", 0 0, L_0x34e615e0;  1 drivers
v0x34e0d3c0_0 .net *"_ivl_23", 0 0, L_0x34e616f0;  1 drivers
v0x34e0d4a0_0 .net *"_ivl_25", 0 0, L_0x34e61790;  1 drivers
v0x34e0d560_0 .net *"_ivl_27", 0 0, L_0x34e61910;  1 drivers
v0x34e0d620_0 .net *"_ivl_29", 0 0, L_0x34e61a00;  1 drivers
v0x34e0d700_0 .net *"_ivl_3", 0 0, L_0x34e60cf0;  1 drivers
v0x34e0d7c0_0 .net *"_ivl_31", 0 0, L_0x34e61aa0;  1 drivers
v0x34e0d880_0 .net *"_ivl_33", 0 0, L_0x34e61c30;  1 drivers
v0x34e0d940_0 .net *"_ivl_35", 0 0, L_0x34e61d40;  1 drivers
v0x34e0da20_0 .net *"_ivl_37", 0 0, L_0x34e61de0;  1 drivers
v0x34e0dae0_0 .net *"_ivl_5", 0 0, L_0x34e60dc0;  1 drivers
v0x34e0ddd0_0 .net *"_ivl_7", 0 0, L_0x34e60e90;  1 drivers
v0x34e0de90_0 .net *"_ivl_9", 0 0, L_0x34e60fe0;  1 drivers
v0x34e0df50_0 .var "diffC", 4 0;
v0x34e0e030_0 .var "diffCM", 4 0;
v0x34e0e110_0 .var "diffD", 4 0;
v0x34e0e1f0_0 .var "diffDM", 4 0;
v0x34e0e2d0_0 .var "diffM", 4 0;
v0x34e0e3b0_0 .var "diffMM", 4 0;
v0x34e0e490_0 .var "diffU", 4 0;
E_0x34e0c060/0 .event anyedge, v0x34e0b3d0_0, v0x34e0a890_0, v0x34e0a430_0, v0x34e0acf0_0;
E_0x34e0c060/1 .event anyedge, v0x34e0aa70_0, v0x34e0a610_0, v0x34e0ad90_0, v0x34e09cd0_0;
E_0x34e0c060/2 .event anyedge, v0x34e0e490_0, v0x34e0e110_0, v0x34e0df50_0, v0x34e0e2d0_0;
E_0x34e0c060/3 .event anyedge, v0x34e0e1f0_0, v0x34e0e030_0, v0x34e0e3b0_0;
E_0x34e0c060 .event/or E_0x34e0c060/0, E_0x34e0c060/1, E_0x34e0c060/2, E_0x34e0c060/3;
L_0x34e60c20 .part v0x34e0e490_0, 4, 1;
L_0x34e60cf0 .reduce/nor L_0x34e60c20;
L_0x34e60dc0 .part v0x34e0e110_0, 4, 1;
L_0x34e60e90 .reduce/nor L_0x34e60dc0;
L_0x34e610f0 .part v0x34e0df50_0, 4, 1;
L_0x34e61190 .reduce/nor L_0x34e610f0;
L_0x34e61400 .part v0x34e0e2d0_0, 4, 1;
L_0x34e614a0 .reduce/nor L_0x34e61400;
L_0x34e616f0 .part v0x34e0e1f0_0, 4, 1;
L_0x34e61790 .reduce/nor L_0x34e616f0;
L_0x34e61a00 .part v0x34e0e030_0, 4, 1;
L_0x34e61aa0 .reduce/nor L_0x34e61a00;
L_0x34e61d40 .part v0x34e0e3b0_0, 4, 1;
L_0x34e61de0 .reduce/nor L_0x34e61d40;
S_0x34e11a40 .scope module, "Periferico_Binario_BCD1" "Periferico_Binario_BCD" 4 94, 11 1 0, S_0x34d75b50;
 .timescale -9 -12;
    .port_info 0 /INPUT 1 "CLK";
    .port_info 1 /INPUT 1 "reset";
    .port_info 2 /INPUT 24 "d_in";
    .port_info 3 /INPUT 1 "cs";
    .port_info 4 /INPUT 6 "addr";
    .port_info 5 /INPUT 1 "rd";
    .port_info 6 /INPUT 1 "wr";
    .port_info 7 /OUTPUT 32 "d_out";
v0x34e193f0_0 .net "CENT", 3 0, L_0x34e60340;  1 drivers
v0x34e194d0_0 .net "CIENMIL", 3 0, L_0x34e605e0;  1 drivers
v0x34e19590_0 .net "CLK", 0 0, v0x34e32860_0;  alias, 1 drivers
v0x34e19630_0 .net "DEC", 3 0, L_0x34e60250;  1 drivers
v0x34e196d0_0 .net "DIEZMIL", 3 0, L_0x34e60540;  1 drivers
v0x34e197e0_0 .net "DONE", 0 0, v0x34e13040_0;  1 drivers
v0x34e198d0_0 .var "INIT", 0 0;
v0x34e199c0_0 .net "MIL", 3 0, L_0x34e603e0;  1 drivers
v0x34e19a80_0 .net "MILLON", 3 0, L_0x34e606c0;  1 drivers
v0x34e19b40_0 .var "Op_A", 23 0;
v0x34e19c00_0 .net "RESULT", 31 0, L_0x34e5eda0;  1 drivers
v0x34e19ce0_0 .net "SIGN", 3 0, v0x34e14d00_0;  1 drivers
v0x34e19df0_0 .net "UNIT", 3 0, L_0x34e601b0;  1 drivers
v0x34e19eb0_0 .net "addr", 5 0, L_0x34e60a70;  1 drivers
v0x34e19f90_0 .net "cs", 0 0, L_0x34e60930;  1 drivers
v0x34e1a050_0 .net "d_in", 23 0, L_0x34e60890;  1 drivers
v0x34e1a130_0 .var "d_out", 31 0;
v0x34e1a320_0 .net "rd", 0 0, L_0x34e5b440;  alias, 1 drivers
v0x34e1a3c0_0 .net "reset", 0 0, L_0x34e60760;  1 drivers
v0x34e1a460_0 .var "s", 3 0;
v0x34e1a540_0 .net "wr", 0 0, L_0x34e5b3a0;  alias, 1 drivers
E_0x34e11d30 .event anyedge, v0x34e19f90_0, v0x34e19eb0_0;
LS_0x34e5eda0_0_0 .concat [ 4 4 4 4], L_0x34e601b0, L_0x34e60250, L_0x34e60340, L_0x34e603e0;
LS_0x34e5eda0_0_4 .concat [ 4 4 4 4], L_0x34e60540, L_0x34e605e0, L_0x34e606c0, v0x34e14d00_0;
L_0x34e5eda0 .concat [ 16 16 0 0], LS_0x34e5eda0_0_0, LS_0x34e5eda0_0_4;
S_0x34e11db0 .scope module, "u_BinarioABCD" "BinarioABCD" 11 77, 12 1 0, S_0x34e11a40;
 .timescale -9 -12;
    .port_info 0 /INPUT 1 "CLK";
    .port_info 1 /INPUT 24 "Op_A";
    .port_info 2 /INPUT 1 "INIT";
    .port_info 3 /OUTPUT 4 "SIGN";
    .port_info 4 /OUTPUT 4 "MILLON";
    .port_info 5 /OUTPUT 4 "CIENMIL";
    .port_info 6 /OUTPUT 4 "DIEZMIL";
    .port_info 7 /OUTPUT 4 "MIL";
    .port_info 8 /OUTPUT 4 "CENT";
    .port_info 9 /OUTPUT 4 "DEC";
    .port_info 10 /OUTPUT 4 "UNIT";
    .port_info 11 /OUTPUT 1 "DONE";
v0x34e17bb0_0 .net "CENT", 3 0, L_0x34e60340;  alias, 1 drivers
v0x34e17c90_0 .net "CIENMIL", 3 0, L_0x34e605e0;  alias, 1 drivers
v0x34e17da0_0 .net "CLK", 0 0, v0x34e32860_0;  alias, 1 drivers
v0x34e17e40_0 .net "DEC", 3 0, L_0x34e60250;  alias, 1 drivers
v0x34e17f30_0 .net "DIEZMIL", 3 0, L_0x34e60540;  alias, 1 drivers
v0x34e18090_0 .net "DONE", 0 0, v0x34e13040_0;  alias, 1 drivers
v0x34e18130_0 .net "INIT", 0 0, v0x34e198d0_0;  1 drivers
v0x34e181d0_0 .net "MIL", 3 0, L_0x34e603e0;  alias, 1 drivers
v0x34e182c0_0 .net "MILLON", 3 0, L_0x34e606c0;  alias, 1 drivers
v0x34e18360_0 .net/s "Op_A", 23 0, v0x34e19b40_0;  1 drivers
v0x34e18420_0 .net "SIGN", 3 0, v0x34e14d00_0;  alias, 1 drivers
v0x34e184c0_0 .net "UNIT", 3 0, L_0x34e601b0;  alias, 1 drivers
v0x34e185b0_0 .net "W_ADD3", 0 0, v0x34e12e00_0;  1 drivers
v0x34e186a0_0 .net "W_CENTN", 3 0, v0x34e15810_0;  1 drivers
v0x34e187b0_0 .net "W_CIENMILN", 3 0, v0x34e15950_0;  1 drivers
v0x34e188c0_0 .net "W_DEC", 0 0, v0x34e12fa0_0;  1 drivers
v0x34e189b0_0 .net "W_DECN", 3 0, v0x34e15ae0_0;  1 drivers
v0x34e18ac0_0 .net "W_DIEZMILN", 3 0, v0x34e15c20_0;  1 drivers
v0x34e18bd0_0 .net "W_LD", 0 0, v0x34e131d0_0;  1 drivers
v0x34e18c70_0 .net "W_MILLONN", 3 0, v0x34e15e90_0;  1 drivers
v0x34e18d80_0 .net "W_MILN", 3 0, v0x34e15f30_0;  1 drivers
v0x34e18e90_0 .net "W_MSB", 0 0, L_0x34e5fd10;  1 drivers
v0x34e18f80_0 .net "W_SH", 0 0, v0x34e133d0_0;  1 drivers
v0x34e19070_0 .net "W_UNITN", 3 0, v0x34e16110_0;  1 drivers
v0x34e19180_0 .net "W_Z", 0 0, v0x34e12560_0;  1 drivers
S_0x34e12140 .scope module, "CONTADOR_BBCD0" "CONTADOR_BBCD" 12 56, 13 1 0, S_0x34e11db0;
 .timescale -9 -12;
    .port_info 0 /INPUT 1 "CLK";
    .port_info 1 /INPUT 1 "LD";
    .port_info 2 /INPUT 1 "DEC";
    .port_info 3 /OUTPUT 1 "Z";
v0x34e12340_0 .net "CLK", 0 0, v0x34e32860_0;  alias, 1 drivers
v0x34e12400_0 .net "DEC", 0 0, v0x34e12fa0_0;  alias, 1 drivers
v0x34e124c0_0 .net "LD", 0 0, v0x34e131d0_0;  alias, 1 drivers
v0x34e12560_0 .var "Z", 0 0;
v0x34e12620_0 .var "count", 5 0;
S_0x34e127d0 .scope module, "CONTROL_BBCD0" "CONTROL_BBCD" 12 89, 14 1 0, S_0x34e11db0;
 .timescale -9 -12;
    .port_info 0 /INPUT 1 "CLK";
    .port_info 1 /INPUT 1 "MSB";
    .port_info 2 /INPUT 1 "Z";
    .port_info 3 /INPUT 1 "INIT";
    .port_info 4 /OUTPUT 1 "LD";
    .port_info 5 /OUTPUT 1 "DEC";
    .port_info 6 /OUTPUT 1 "SH";
    .port_info 7 /OUTPUT 1 "ADD3";
    .port_info 8 /OUTPUT 1 "DONE";
P_0x34e129d0 .param/l "S_CHECK" 0 14 18, C4<011>;
P_0x34e12a10 .param/l "S_END1" 0 14 19, C4<100>;
P_0x34e12a50 .param/l "S_SHIFT_DEC" 0 14 17, C4<010>;
P_0x34e12a90 .param/l "S_START" 0 14 15, C4<000>;
P_0x34e12ad0 .param/l "S_SUM" 0 14 16, C4<001>;
v0x34e12e00_0 .var "ADD3", 0 0;
v0x34e12ee0_0 .net "CLK", 0 0, v0x34e32860_0;  alias, 1 drivers
v0x34e12fa0_0 .var "DEC", 0 0;
v0x34e13040_0 .var "DONE", 0 0;
v0x34e130e0_0 .net "INIT", 0 0, v0x34e198d0_0;  alias, 1 drivers
v0x34e131d0_0 .var "LD", 0 0;
v0x34e13270_0 .net "MSB", 0 0, L_0x34e5fd10;  alias, 1 drivers
v0x34e13310_0 .var "NEXT_STATE", 2 0;
v0x34e133d0_0 .var "SH", 0 0;
v0x34e13490_0 .net "Z", 0 0, v0x34e12560_0;  alias, 1 drivers
v0x34e13530_0 .var "count", 5 0;
E_0x34e12da0 .event anyedge, v0x34e13310_0;
S_0x34e13710 .scope module, "LSR_BBCD0" "LSR_BBCD" 12 63, 15 1 0, S_0x34e11db0;
 .timescale -9 -12;
    .port_info 0 /INPUT 1 "CLK";
    .port_info 1 /INPUT 1 "SH";
    .port_info 2 /INPUT 1 "LD";
    .port_info 3 /INPUT 24 "Op_A_in";
    .port_info 4 /INPUT 4 "UNITN";
    .port_info 5 /INPUT 4 "DECN";
    .port_info 6 /INPUT 4 "CENTN";
    .port_info 7 /INPUT 4 "MILN";
    .port_info 8 /INPUT 4 "DIEZMILN";
    .port_info 9 /INPUT 4 "CIENMILN";
    .port_info 10 /INPUT 4 "MILLONN";
    .port_info 11 /OUTPUT 4 "SIGN";
    .port_info 12 /OUTPUT 4 "UNIT";
    .port_info 13 /OUTPUT 4 "DEC";
    .port_info 14 /OUTPUT 4 "CENT";
    .port_info 15 /OUTPUT 4 "MIL";
    .port_info 16 /OUTPUT 4 "DIEZMIL";
    .port_info 17 /OUTPUT 4 "CIENMIL";
    .port_info 18 /OUTPUT 4 "MILLON";
v0x34e13bb0_0 .var "A", 27 0;
v0x34e13c90_0 .net "CENT", 3 0, L_0x34e60340;  alias, 1 drivers
v0x34e13d70_0 .net "CENTN", 3 0, v0x34e15810_0;  alias, 1 drivers
v0x34e13e30_0 .net "CIENMIL", 3 0, L_0x34e605e0;  alias, 1 drivers
v0x34e13f10_0 .net "CIENMILN", 3 0, v0x34e15950_0;  alias, 1 drivers
v0x34e14040_0 .net "CLK", 0 0, v0x34e32860_0;  alias, 1 drivers
v0x34e141f0_0 .net "DEC", 3 0, L_0x34e60250;  alias, 1 drivers
v0x34e142d0_0 .net "DECN", 3 0, v0x34e15ae0_0;  alias, 1 drivers
v0x34e143b0_0 .net "DIEZMIL", 3 0, L_0x34e60540;  alias, 1 drivers
v0x34e14490_0 .net "DIEZMILN", 3 0, v0x34e15c20_0;  alias, 1 drivers
v0x34e14570_0 .net "LD", 0 0, v0x34e131d0_0;  alias, 1 drivers
v0x34e14610_0 .net "MIL", 3 0, L_0x34e603e0;  alias, 1 drivers
v0x34e146f0_0 .net "MILLON", 3 0, L_0x34e606c0;  alias, 1 drivers
v0x34e147d0_0 .net "MILLONN", 3 0, v0x34e15e90_0;  alias, 1 drivers
v0x34e148b0_0 .net "MILN", 3 0, v0x34e15f30_0;  alias, 1 drivers
v0x34e14990_0 .var "Op_A", 23 0;
v0x34e14a70_0 .net/s "Op_A_in", 23 0, v0x34e19b40_0;  alias, 1 drivers
v0x34e14c60_0 .net "SH", 0 0, v0x34e133d0_0;  alias, 1 drivers
v0x34e14d00_0 .var "SIGN", 3 0;
v0x34e14dc0_0 .net "UNIT", 3 0, L_0x34e601b0;  alias, 1 drivers
v0x34e14ea0_0 .net "UNITN", 3 0, v0x34e16110_0;  alias, 1 drivers
L_0x34e601b0 .part v0x34e13bb0_0, 0, 4;
L_0x34e60250 .part v0x34e13bb0_0, 4, 4;
L_0x34e60340 .part v0x34e13bb0_0, 8, 4;
L_0x34e603e0 .part v0x34e13bb0_0, 12, 4;
L_0x34e60540 .part v0x34e13bb0_0, 16, 4;
L_0x34e605e0 .part v0x34e13bb0_0, 20, 4;
L_0x34e606c0 .part v0x34e13bb0_0, 24, 4;
S_0x34e15280 .scope module, "SUM_C2_BBCD0" "SUM_C2_BBCD" 12 34, 16 1 0, S_0x34e11db0;
 .timescale -9 -12;
    .port_info 0 /INPUT 1 "ADD3";
    .port_info 1 /INPUT 4 "UNIT";
    .port_info 2 /INPUT 4 "DEC";
    .port_info 3 /INPUT 4 "CENT";
    .port_info 4 /INPUT 4 "MIL";
    .port_info 5 /INPUT 4 "DIEZMIL";
    .port_info 6 /INPUT 4 "CIENMIL";
    .port_info 7 /INPUT 4 "MILLON";
    .port_info 8 /OUTPUT 4 "UNITN";
    .port_info 9 /OUTPUT 4 "DECN";
    .port_info 10 /OUTPUT 4 "CENTN";
    .port_info 11 /OUTPUT 4 "MILN";
    .port_info 12 /OUTPUT 4 "DIEZMILN";
    .port_info 13 /OUTPUT 4 "CIENMILN";
    .port_info 14 /OUTPUT 4 "MILLONN";
    .port_info 15 /OUTPUT 1 "MSB";
L_0x34e5e9c0 .functor OR 1, L_0x34e5f240, L_0x34e5f380, C4<0>, C4<0>;
L_0x34e5ddb0 .functor OR 1, L_0x34e5e9c0, L_0x34e5f4f0, C4<0>, C4<0>;
L_0x34e5f760 .functor OR 1, L_0x34e5ddb0, L_0x34e5f670, C4<0>, C4<0>;
L_0x34e5fa60 .functor OR 1, L_0x34e5f760, L_0x34e5f910, C4<0>, C4<0>;
L_0x34e5fd80 .functor OR 1, L_0x34e5fa60, L_0x34e5fbf0, C4<0>, C4<0>;
L_0x34e5fd10 .functor OR 1, L_0x34e5fd80, L_0x34e5ff30, C4<0>, C4<0>;
v0x34e138a0_0 .net "ADD3", 0 0, v0x34e12e00_0;  alias, 1 drivers
v0x34e15770_0 .net "CENT", 3 0, L_0x34e60340;  alias, 1 drivers
v0x34e15810_0 .var "CENTN", 3 0;
v0x34e158b0_0 .net "CIENMIL", 3 0, L_0x34e605e0;  alias, 1 drivers
v0x34e15950_0 .var "CIENMILN", 3 0;
v0x34e15a40_0 .net "DEC", 3 0, L_0x34e60250;  alias, 1 drivers
v0x34e15ae0_0 .var "DECN", 3 0;
v0x34e15b80_0 .net "DIEZMIL", 3 0, L_0x34e60540;  alias, 1 drivers
v0x34e15c20_0 .var "DIEZMILN", 3 0;
v0x34e15d50_0 .net "MIL", 3 0, L_0x34e603e0;  alias, 1 drivers
v0x34e15df0_0 .net "MILLON", 3 0, L_0x34e606c0;  alias, 1 drivers
v0x34e15e90_0 .var "MILLONN", 3 0;
v0x34e15f30_0 .var "MILN", 3 0;
v0x34e15fd0_0 .net "MSB", 0 0, L_0x34e5fd10;  alias, 1 drivers
v0x34e16070_0 .net "UNIT", 3 0, L_0x34e601b0;  alias, 1 drivers
v0x34e16110_0 .var "UNITN", 3 0;
v0x34e161b0_0 .net *"_ivl_1", 0 0, L_0x34e5f1a0;  1 drivers
v0x34e16360_0 .net *"_ivl_11", 0 0, L_0x34e5f450;  1 drivers
v0x34e16420_0 .net *"_ivl_13", 0 0, L_0x34e5f4f0;  1 drivers
v0x34e164e0_0 .net *"_ivl_15", 0 0, L_0x34e5ddb0;  1 drivers
v0x34e165a0_0 .net *"_ivl_17", 0 0, L_0x34e5f5d0;  1 drivers
v0x34e16680_0 .net *"_ivl_19", 0 0, L_0x34e5f670;  1 drivers
v0x34e16740_0 .net *"_ivl_21", 0 0, L_0x34e5f760;  1 drivers
v0x34e16800_0 .net *"_ivl_23", 0 0, L_0x34e5f870;  1 drivers
v0x34e168e0_0 .net *"_ivl_25", 0 0, L_0x34e5f910;  1 drivers
v0x34e169a0_0 .net *"_ivl_27", 0 0, L_0x34e5fa60;  1 drivers
v0x34e16a60_0 .net *"_ivl_29", 0 0, L_0x34e5fb50;  1 drivers
v0x34e16b40_0 .net *"_ivl_3", 0 0, L_0x34e5f240;  1 drivers
v0x34e16c00_0 .net *"_ivl_31", 0 0, L_0x34e5fbf0;  1 drivers
v0x34e16cc0_0 .net *"_ivl_33", 0 0, L_0x34e5fd80;  1 drivers
v0x34e16d80_0 .net *"_ivl_35", 0 0, L_0x34e5fe90;  1 drivers
v0x34e16e60_0 .net *"_ivl_37", 0 0, L_0x34e5ff30;  1 drivers
v0x34e16f20_0 .net *"_ivl_5", 0 0, L_0x34e5f2e0;  1 drivers
v0x34e17210_0 .net *"_ivl_7", 0 0, L_0x34e5f380;  1 drivers
v0x34e172d0_0 .net *"_ivl_9", 0 0, L_0x34e5e9c0;  1 drivers
v0x34e17390_0 .var "diffC", 4 0;
v0x34e17470_0 .var "diffCM", 4 0;
v0x34e17550_0 .var "diffD", 4 0;
v0x34e17630_0 .var "diffDM", 4 0;
v0x34e17710_0 .var "diffM", 4 0;
v0x34e177f0_0 .var "diffMM", 4 0;
v0x34e178d0_0 .var "diffU", 4 0;
E_0x34e15670/0 .event anyedge, v0x34e14dc0_0, v0x34e141f0_0, v0x34e13c90_0, v0x34e14610_0;
E_0x34e15670/1 .event anyedge, v0x34e143b0_0, v0x34e13e30_0, v0x34e146f0_0, v0x34e12e00_0;
E_0x34e15670/2 .event anyedge, v0x34e178d0_0, v0x34e17550_0, v0x34e17390_0, v0x34e17710_0;
E_0x34e15670/3 .event anyedge, v0x34e17630_0, v0x34e17470_0, v0x34e177f0_0;
E_0x34e15670 .event/or E_0x34e15670/0, E_0x34e15670/1, E_0x34e15670/2, E_0x34e15670/3;
L_0x34e5f1a0 .part v0x34e178d0_0, 4, 1;
L_0x34e5f240 .reduce/nor L_0x34e5f1a0;
L_0x34e5f2e0 .part v0x34e17550_0, 4, 1;
L_0x34e5f380 .reduce/nor L_0x34e5f2e0;
L_0x34e5f450 .part v0x34e17390_0, 4, 1;
L_0x34e5f4f0 .reduce/nor L_0x34e5f450;
L_0x34e5f5d0 .part v0x34e17710_0, 4, 1;
L_0x34e5f670 .reduce/nor L_0x34e5f5d0;
L_0x34e5f870 .part v0x34e17630_0, 4, 1;
L_0x34e5f910 .reduce/nor L_0x34e5f870;
L_0x34e5fb50 .part v0x34e17470_0, 4, 1;
L_0x34e5fbf0 .reduce/nor L_0x34e5fb50;
L_0x34e5fe90 .part v0x34e177f0_0, 4, 1;
L_0x34e5ff30 .reduce/nor L_0x34e5fe90;
S_0x34e1a710 .scope module, "Periferico_Divisor1" "Periferico_Divisor" 4 72, 17 1 0, S_0x34d75b50;
 .timescale -9 -12;
    .port_info 0 /INPUT 1 "clk";
    .port_info 1 /INPUT 1 "reset";
    .port_info 2 /INPUT 32 "d_in";
    .port_info 3 /INPUT 1 "cs";
    .port_info 4 /INPUT 5 "addr";
    .port_info 5 /INPUT 1 "rd";
    .port_info 6 /INPUT 1 "wr";
    .port_info 7 /OUTPUT 32 "d_out";
v0x34e21140_0 .net "DONE", 0 0, v0x34e1c450_0;  1 drivers
v0x34e21200_0 .var/s "DR", 23 0;
v0x34e212e0_0 .var/s "Dividendo", 23 0;
v0x34e213a0_0 .net/s "Residuo", 31 0, L_0x34e5de70;  1 drivers
v0x34e214b0_0 .net/s "Resultado", 31 0, L_0x34e5db50;  1 drivers
v0x34e21610_0 .net "addr", 4 0, L_0x34e5e3a0;  1 drivers
v0x34e216f0_0 .net "clk", 0 0, v0x34e32860_0;  alias, 1 drivers
v0x34e219a0_0 .net "cs", 0 0, L_0x34e5e210;  1 drivers
v0x34e21a60_0 .net "d_in", 31 0, L_0x34e582c0;  alias, 1 drivers
v0x34e21bb0_0 .var "d_out", 31 0;
v0x34e21c90_0 .var "init", 0 0;
v0x34e21d30_0 .net "rd", 0 0, L_0x34e5b440;  alias, 1 drivers
v0x34e21e20_0 .net "reset", 0 0, L_0x34e5e0e0;  1 drivers
v0x34e21ee0_0 .var "s", 5 0;
v0x34e21fc0_0 .net "wr", 0 0, L_0x34e5b3a0;  alias, 1 drivers
E_0x34e1aa00 .event anyedge, v0x34e219a0_0, v0x34e21610_0;
L_0x34e5dfa0 .extend/s 32, v0x34e212e0_0;
L_0x34e5e040 .extend/s 32, v0x34e21200_0;
S_0x34e1aa80 .scope module, "u_Divisor_Top" "Divisor_Top" 17 92, 18 1 0, S_0x34e1a710;
 .timescale -9 -12;
    .port_info 0 /INPUT 1 "clk";
    .port_info 1 /INPUT 1 "init";
    .port_info 2 /INPUT 32 "Dividendo";
    .port_info 3 /INPUT 32 "DR";
    .port_info 4 /OUTPUT 32 "Residuo";
    .port_info 5 /OUTPUT 32 "Resultado";
    .port_info 6 /OUTPUT 1 "DONE";
P_0x34e1ac80 .param/l "width" 0 18 2, +C4<00000000000000000000000000011111>;
L_0x34e5c640 .functor XOR 1, L_0x34e5c500, L_0x34e5c5a0, C4<0>, C4<0>;
L_0x34e5c8e0 .functor OR 1, L_0x34e5c640, L_0x34e5c7a0, C4<0>, C4<0>;
L_0x34e5ca40 .functor NOT 32, L_0x34e5dfa0, C4<00000000000000000000000000000000>, C4<00000000000000000000000000000000>, C4<00000000000000000000000000000000>;
L_0x34e5cbe0 .functor NOT 32, L_0x34e5e040, C4<00000000000000000000000000000000>, C4<00000000000000000000000000000000>, C4<00000000000000000000000000000000>;
v0x34e1f560_0 .net "DEC", 0 0, v0x34e1c390_0;  1 drivers
v0x34e1f670_0 .net "DONE", 0 0, v0x34e1c450_0;  alias, 1 drivers
v0x34e1f730_0 .net/s "DR", 31 0, L_0x34e5e040;  1 drivers
v0x34e1f7d0_0 .net "DR_abs", 31 0, L_0x34e5d160;  1 drivers
v0x34e1f870_0 .net "DV0", 0 0, v0x34e1c4f0_0;  1 drivers
v0x34e1f9b0_0 .net/s "Dividendo", 31 0, L_0x34e5dfa0;  1 drivers
v0x34e1fa70_0 .net "Dividendo_abs", 31 0, L_0x34e5cca0;  1 drivers
v0x34e1fb30_0 .net "LD", 0 0, v0x34e1c590_0;  1 drivers
v0x34e1fc20_0 .net "MSB", 0 0, L_0x34e5d910;  1 drivers
v0x34e1fd50_0 .net "MSB_DV", 0 0, v0x34e1eb50_0;  1 drivers
v0x34e1fe40_0 .net/s "Residuo", 31 0, L_0x34e5de70;  alias, 1 drivers
v0x34e1fee0_0 .net "Residuo_NS", 31 0, v0x34e1e1a0_0;  1 drivers
v0x34e1ff80_0 .net/s "Resultado", 31 0, L_0x34e5db50;  alias, 1 drivers
v0x34e20040_0 .net "Resultado_NS", 31 0, v0x34e1ebf0_0;  1 drivers
v0x34e20130_0 .net "SH", 0 0, v0x34e1c820_0;  1 drivers
v0x34e201d0_0 .net "SUM_C2_out", 31 0, L_0x34e5d7e0;  1 drivers
v0x34e202e0_0 .net "Z", 0 0, L_0x34e5d6f0;  1 drivers
v0x34e204e0_0 .net *"_ivl_1", 0 0, L_0x34e5c500;  1 drivers
v0x34e205c0_0 .net *"_ivl_11", 0 0, L_0x34e5c9a0;  1 drivers
v0x34e206a0_0 .net *"_ivl_12", 31 0, L_0x34e5ca40;  1 drivers
L_0x7baab6a8beb8 .functor BUFT 1, C4<00000000000000000000000000000001>, C4<0>, C4<0>, C4<0>;
v0x34e20780_0 .net/2s *"_ivl_14", 31 0, L_0x7baab6a8beb8;  1 drivers
v0x34e20860_0 .net/s *"_ivl_16", 31 0, L_0x34e5cb40;  1 drivers
v0x34e20940_0 .net *"_ivl_21", 0 0, L_0x34e5ce70;  1 drivers
v0x34e20a20_0 .net *"_ivl_22", 31 0, L_0x34e5cbe0;  1 drivers
L_0x7baab6a8bf00 .functor BUFT 1, C4<00000000000000000000000000000001>, C4<0>, C4<0>, C4<0>;
v0x34e20b00_0 .net/2s *"_ivl_24", 31 0, L_0x7baab6a8bf00;  1 drivers
v0x34e20be0_0 .net/s *"_ivl_26", 31 0, L_0x34e5cf60;  1 drivers
v0x34e20cc0_0 .net *"_ivl_3", 0 0, L_0x34e5c5a0;  1 drivers
v0x34e20da0_0 .net "clk", 0 0, v0x34e32860_0;  alias, 1 drivers
v0x34e20e40_0 .net "corregir", 0 0, L_0x34e5c8e0;  1 drivers
v0x34e20ee0_0 .net "init", 0 0, v0x34e21c90_0;  1 drivers
v0x34e20f80_0 .net "residue_sign", 0 0, L_0x34e5c7a0;  1 drivers
v0x34e21020_0 .net "result_sign", 0 0, L_0x34e5c640;  1 drivers
L_0x34e5c500 .part L_0x34e5dfa0, 31, 1;
L_0x34e5c5a0 .part L_0x34e5e040, 31, 1;
L_0x34e5c7a0 .part L_0x34e5dfa0, 31, 1;
L_0x34e5c9a0 .part L_0x34e5dfa0, 31, 1;
L_0x34e5cb40 .arith/sum 32, L_0x34e5ca40, L_0x7baab6a8beb8;
L_0x34e5cca0 .functor MUXZ 32, L_0x34e5dfa0, L_0x34e5cb40, L_0x34e5c9a0, C4<>;
L_0x34e5ce70 .part L_0x34e5e040, 31, 1;
L_0x34e5cf60 .arith/sum 32, L_0x34e5cbe0, L_0x7baab6a8bf00;
L_0x34e5d160 .functor MUXZ 32, L_0x34e5e040, L_0x34e5cf60, L_0x34e5ce70, C4<>;
S_0x34e1ae50 .scope module, "contador" "Contador_Divisor" 18 53, 19 1 0, S_0x34e1aa80;
 .timescale -9 -12;
    .port_info 0 /INPUT 1 "clk";
    .port_info 1 /INPUT 1 "INIT";
    .port_info 2 /INPUT 1 "DEC";
    .port_info 3 /OUTPUT 6 "out";
    .port_info 4 /OUTPUT 1 "Z";
v0x34e1b050_0 .net "DEC", 0 0, v0x34e1c390_0;  alias, 1 drivers
v0x34e1b130_0 .net "INIT", 0 0, v0x34e21c90_0;  alias, 1 drivers
v0x34e1b1f0_0 .net "Z", 0 0, L_0x34e5d6f0;  alias, 1 drivers
v0x34e1b290_0 .net *"_ivl_0", 31 0, L_0x34e5d330;  1 drivers
L_0x7baab6a8c020 .functor BUFT 1, C4<00>, C4<0>, C4<0>, C4<0>;
v0x34e1b370_0 .net/2s *"_ivl_10", 1 0, L_0x7baab6a8c020;  1 drivers
v0x34e1b4a0_0 .net *"_ivl_12", 1 0, L_0x34e5d560;  1 drivers
L_0x7baab6a8bf48 .functor BUFT 1, C4<00000000000000000000000000>, C4<0>, C4<0>, C4<0>;
v0x34e1b580_0 .net *"_ivl_3", 25 0, L_0x7baab6a8bf48;  1 drivers
L_0x7baab6a8bf90 .functor BUFT 1, C4<00000000000000000000000000000000>, C4<0>, C4<0>, C4<0>;
v0x34e1b660_0 .net/2u *"_ivl_4", 31 0, L_0x7baab6a8bf90;  1 drivers
v0x34e1b740_0 .net *"_ivl_6", 0 0, L_0x34e5d420;  1 drivers
L_0x7baab6a8bfd8 .functor BUFT 1, C4<01>, C4<0>, C4<0>, C4<0>;
v0x34e1b800_0 .net/2s *"_ivl_8", 1 0, L_0x7baab6a8bfd8;  1 drivers
v0x34e1b8e0_0 .net "clk", 0 0, v0x34e32860_0;  alias, 1 drivers
v0x34e1b980_0 .var "out", 5 0;
L_0x34e5d330 .concat [ 6 26 0 0], v0x34e1b980_0, L_0x7baab6a8bf48;
L_0x34e5d420 .cmp/eq 32, L_0x34e5d330, L_0x7baab6a8bf90;
L_0x34e5d560 .functor MUXZ 2, L_0x7baab6a8c020, L_0x7baab6a8bfd8, L_0x34e5d420, C4<>;
L_0x34e5d6f0 .part L_0x34e5d560, 0, 1;
S_0x34e1bb00 .scope module, "control" "Control_Divisor" 18 38, 20 1 0, S_0x34e1aa80;
 .timescale -9 -12;
    .port_info 0 /INPUT 1 "clk";
    .port_info 1 /INPUT 1 "init";
    .port_info 2 /INPUT 1 "Z";
    .port_info 3 /INPUT 1 "MSB";
    .port_info 4 /INPUT 1 "corregir";
    .port_info 5 /OUTPUT 1 "LD";
    .port_info 6 /OUTPUT 1 "SH";
    .port_info 7 /OUTPUT 1 "DEC";
    .port_info 8 /OUTPUT 1 "DV0";
    .port_info 9 /OUTPUT 1 "DONE";
P_0x34e1bcb0 .param/l "S_CHECK" 0 20 18, C4<010>;
P_0x34e1bcf0 .param/l "S_CORRECT" 0 20 20, C4<100>;
P_0x34e1bd30 .param/l "S_END" 0 20 21, C4<101>;
P_0x34e1bd70 .param/l "S_ONE" 0 20 19, C4<011>;
P_0x34e1bdb0 .param/l "S_SHIFT" 0 20 17, C4<001>;
P_0x34e1bdf0 .param/l "S_START" 0 20 16, C4<000>;
v0x34e1c290_0 .var "COUNT", 5 0;
v0x34e1c390_0 .var "DEC", 0 0;
v0x34e1c450_0 .var "DONE", 0 0;
v0x34e1c4f0_0 .var "DV0", 0 0;
v0x34e1c590_0 .var "LD", 0 0;
v0x34e1c680_0 .net "MSB", 0 0, L_0x34e5d910;  alias, 1 drivers
v0x34e1c740_0 .var "NEXT_STATE", 2 0;
v0x34e1c820_0 .var "SH", 0 0;
v0x34e1c8e0_0 .net "Z", 0 0, L_0x34e5d6f0;  alias, 1 drivers
v0x34e1ca10_0 .net "clk", 0 0, v0x34e32860_0;  alias, 1 drivers
v0x34e1cab0_0 .net "corregir", 0 0, L_0x34e5c8e0;  alias, 1 drivers
v0x34e1cb50_0 .net "init", 0 0, v0x34e21c90_0;  alias, 1 drivers
E_0x34e1c230 .event anyedge, v0x34e1c740_0;
S_0x34e1cd10 .scope module, "corrector" "Corregir_Signos" 18 95, 21 1 0, S_0x34e1aa80;
 .timescale -9 -12;
    .port_info 0 /INPUT 32 "Residuo_NS";
    .port_info 1 /INPUT 32 "Resultado_NS";
    .port_info 2 /INPUT 1 "result_sign";
    .port_info 3 /INPUT 1 "residue_sign";
    .port_info 4 /OUTPUT 32 "Residuo";
    .port_info 5 /OUTPUT 32 "Resultado";
P_0x34e1cea0 .param/l "width" 0 21 2, +C4<00000000000000000000000000011111>;
L_0x34e5d000 .functor NOT 32, v0x34e1ebf0_0, C4<00000000000000000000000000000000>, C4<00000000000000000000000000000000>, C4<00000000000000000000000000000000>;
L_0x34e5dae0 .functor NOT 32, v0x34e1e1a0_0, C4<00000000000000000000000000000000>, C4<00000000000000000000000000000000>, C4<00000000000000000000000000000000>;
v0x34e1d010_0 .net/s "Residuo", 31 0, L_0x34e5de70;  alias, 1 drivers
v0x34e1d0f0_0 .net/s "Residuo_NS", 31 0, v0x34e1e1a0_0;  alias, 1 drivers
v0x34e1d1d0_0 .net/s "Resultado", 31 0, L_0x34e5db50;  alias, 1 drivers
v0x34e1d290_0 .net/s "Resultado_NS", 31 0, v0x34e1ebf0_0;  alias, 1 drivers
v0x34e1d370_0 .net *"_ivl_0", 31 0, L_0x34e5d000;  1 drivers
L_0x7baab6a8c0b0 .functor BUFT 1, C4<00000000000000000000000000000001>, C4<0>, C4<0>, C4<0>;
v0x34e1d4a0_0 .net/2s *"_ivl_10", 31 0, L_0x7baab6a8c0b0;  1 drivers
v0x34e1d580_0 .net/s *"_ivl_12", 31 0, L_0x34e5dd10;  1 drivers
L_0x7baab6a8c068 .functor BUFT 1, C4<00000000000000000000000000000001>, C4<0>, C4<0>, C4<0>;
v0x34e1d660_0 .net/2s *"_ivl_2", 31 0, L_0x7baab6a8c068;  1 drivers
v0x34e1d740_0 .net/s *"_ivl_4", 31 0, L_0x34e5da40;  1 drivers
v0x34e1d820_0 .net *"_ivl_8", 31 0, L_0x34e5dae0;  1 drivers
v0x34e1d900_0 .net "residue_sign", 0 0, L_0x34e5c7a0;  alias, 1 drivers
v0x34e1d9c0_0 .net "result_sign", 0 0, L_0x34e5c640;  alias, 1 drivers
L_0x34e5da40 .arith/sum 32, L_0x34e5d000, L_0x7baab6a8c068;
L_0x34e5db50 .functor MUXZ 32, v0x34e1ebf0_0, L_0x34e5da40, L_0x34e5c640, C4<>;
L_0x34e5dd10 .arith/sum 32, L_0x34e5dae0, L_0x7baab6a8c0b0;
L_0x34e5de70 .functor MUXZ 32, v0x34e1e1a0_0, L_0x34e5dd10, L_0x34e5c7a0, C4<>;
S_0x34e1db80 .scope module, "reg_A" "Registro_A" 18 74, 22 1 0, S_0x34e1aa80;
 .timescale -9 -12;
    .port_info 0 /INPUT 1 "clk";
    .port_info 1 /INPUT 1 "INIT";
    .port_info 2 /INPUT 1 "LD";
    .port_info 3 /INPUT 1 "SH";
    .port_info 4 /INPUT 32 "SUM_C2";
    .port_info 5 /INPUT 1 "MSB_DV";
    .port_info 6 /OUTPUT 32 "Residuo_NS";
P_0x34e1dd10 .param/l "width" 0 22 2, +C4<00000000000000000000000000011111>;
v0x34e1df30_0 .net "INIT", 0 0, v0x34e21c90_0;  alias, 1 drivers
v0x34e1e040_0 .net "LD", 0 0, v0x34e1c590_0;  alias, 1 drivers
v0x34e1e100_0 .net "MSB_DV", 0 0, v0x34e1eb50_0;  alias, 1 drivers
v0x34e1e1a0_0 .var "Residuo_NS", 31 0;
v0x34e1e240_0 .net "SH", 0 0, v0x34e1c820_0;  alias, 1 drivers
v0x34e1e330_0 .net "SUM_C2", 31 0, L_0x34e5d7e0;  alias, 1 drivers
v0x34e1e3d0_0 .net "clk", 0 0, v0x34e32860_0;  alias, 1 drivers
S_0x34e1e570 .scope module, "reg_DV" "Registro_DV" 18 63, 23 1 0, S_0x34e1aa80;
 .timescale -9 -12;
    .port_info 0 /INPUT 1 "clk";
    .port_info 1 /INPUT 1 "INIT";
    .port_info 2 /INPUT 1 "SH";
    .port_info 3 /INPUT 1 "DV0";
    .port_info 4 /INPUT 32 "Dividendo";
    .port_info 5 /OUTPUT 1 "MSB_DV";
    .port_info 6 /OUTPUT 32 "Resultado_NS";
P_0x34e1e7a0 .param/l "width" 0 23 2, +C4<00000000000000000000000000011111>;
v0x34e1e930_0 .net "DV0", 0 0, v0x34e1c4f0_0;  alias, 1 drivers
v0x34e1e9f0_0 .net "Dividendo", 31 0, L_0x34e5cca0;  alias, 1 drivers
v0x34e1eab0_0 .net "INIT", 0 0, v0x34e21c90_0;  alias, 1 drivers
v0x34e1eb50_0 .var "MSB_DV", 0 0;
v0x34e1ebf0_0 .var "Resultado_NS", 31 0;
v0x34e1ece0_0 .net "SH", 0 0, v0x34e1c820_0;  alias, 1 drivers
v0x34e1edd0_0 .net "clk", 0 0, v0x34e32860_0;  alias, 1 drivers
S_0x34e1ef50 .scope module, "sumador" "Sumador_Divisor" 18 86, 24 1 0, S_0x34e1aa80;
 .timescale -9 -12;
    .port_info 0 /INPUT 32 "A";
    .port_info 1 /INPUT 32 "DR";
    .port_info 2 /OUTPUT 32 "OUT";
    .port_info 3 /OUTPUT 1 "MSB";
P_0x34e1f130 .param/l "width" 0 24 2, +C4<00000000000000000000000000011111>;
v0x34e1f1d0_0 .net/s "A", 31 0, v0x34e1e1a0_0;  alias, 1 drivers
v0x34e1f300_0 .net/s "DR", 31 0, L_0x34e5d160;  alias, 1 drivers
v0x34e1f3e0_0 .net "MSB", 0 0, L_0x34e5d910;  alias, 1 drivers
v0x34e1f480_0 .net/s "OUT", 31 0, L_0x34e5d7e0;  alias, 1 drivers
L_0x34e5d7e0 .arith/sub 32, v0x34e1e1a0_0, L_0x34e5d160;
L_0x34e5d910 .part L_0x34e5d7e0, 31, 1;
S_0x34e22200 .scope module, "Periferico_Multiplicador1" "Periferico_Multiplicador" 4 61, 25 1 0, S_0x34d75b50;
 .timescale -9 -12;
    .port_info 0 /INPUT 1 "clk";
    .port_info 1 /INPUT 1 "reset";
    .port_info 2 /INPUT 16 "d_in";
    .port_info 3 /INPUT 1 "cs";
    .port_info 4 /INPUT 5 "addr";
    .port_info 5 /INPUT 1 "rd";
    .port_info 6 /INPUT 1 "wr";
    .port_info 7 /OUTPUT 32 "d_out";
v0x34e26d80_0 .net "DONE", 0 0, v0x34e24870_0;  1 drivers
v0x34e26e90_0 .var/s "Multiplicador", 15 0;
v0x34e26fa0_0 .var/s "Multiplicando", 15 0;
v0x34e27090_0 .net "Resultado", 31 0, L_0x34e5ba90;  1 drivers
v0x34e27150_0 .net "addr", 4 0, L_0x34e5c410;  1 drivers
v0x34e27260_0 .net "clk", 0 0, v0x34e32860_0;  alias, 1 drivers
v0x34e27300_0 .net "cs", 0 0, L_0x34e5c370;  1 drivers
v0x34e273c0_0 .net "d_in", 15 0, L_0x34e5c2d0;  1 drivers
v0x34e274a0_0 .var "d_out", 31 0;
v0x34e27580_0 .var "init", 0 0;
v0x34e27620_0 .net "rd", 0 0, L_0x34e5b440;  alias, 1 drivers
v0x34e276c0_0 .net "reset", 0 0, L_0x34e5c1e0;  1 drivers
v0x34e27760_0 .var "s", 4 0;
v0x34e27820_0 .net "wr", 0 0, L_0x34e5b3a0;  alias, 1 drivers
E_0x34e1ad20 .event anyedge, v0x34e27300_0, v0x34e27150_0;
S_0x34e22470 .scope module, "u_TOP_Multiplicador" "TOP_Multiplicador" 25 85, 26 1 0, S_0x34e22200;
 .timescale -9 -12;
    .port_info 0 /INPUT 1 "reset";
    .port_info 1 /INPUT 1 "clk";
    .port_info 2 /INPUT 1 "init";
    .port_info 3 /INPUT 16 "Multiplicando";
    .port_info 4 /INPUT 16 "Multiplicador";
    .port_info 5 /OUTPUT 32 "Resultado";
    .port_info 6 /OUTPUT 1 "DONE";
L_0x34e5ba90 .functor BUFZ 32, v0x34e23b60_0, C4<00000000000000000000000000000000>, C4<00000000000000000000000000000000>, C4<00000000000000000000000000000000>;
v0x34e25e00_0 .net/s "ACC", 31 0, v0x34e22ad0_0;  1 drivers
v0x34e25ee0_0 .net "ACC_LSB", 0 0, L_0x34e5bbf0;  1 drivers
v0x34e25f80_0 .net/s "A_long", 31 0, v0x34e23510_0;  1 drivers
v0x34e26020_0 .net/s "B_long", 31 0, v0x34e23b60_0;  1 drivers
v0x34e260c0_0 .net "DONE", 0 0, v0x34e24870_0;  alias, 1 drivers
v0x34e261b0_0 .net/s "Multiplicador", 15 0, v0x34e26e90_0;  1 drivers
v0x34e26250_0 .net/s "Multiplicando", 15 0, v0x34e26fa0_0;  1 drivers
v0x34e262f0_0 .net "Resultado", 31 0, L_0x34e5ba90;  alias, 1 drivers
v0x34e26390_0 .net "W_ADD", 0 0, v0x34e24650_0;  1 drivers
v0x34e264c0_0 .net "W_DEC", 0 0, v0x34e247d0_0;  1 drivers
v0x34e265b0_0 .net "W_LD", 0 0, v0x34e24930_0;  1 drivers
v0x34e26650_0 .net "W_LSB", 0 0, L_0x34e5bb50;  1 drivers
v0x34e26740_0 .net "W_SH", 0 0, v0x34e24b80_0;  1 drivers
v0x34e267e0_0 .net "W_Z", 0 0, L_0x34e5c0f0;  1 drivers
v0x34e268d0_0 .net "clk", 0 0, v0x34e32860_0;  alias, 1 drivers
v0x34e26970_0 .net "count", 4 0, v0x34e25af0_0;  1 drivers
v0x34e26a30_0 .net "init", 0 0, v0x34e27580_0;  1 drivers
v0x34e26be0_0 .net "reset", 0 0, L_0x34e5c1e0;  alias, 1 drivers
S_0x34e227a0 .scope module, "ACC0" "Acumulador_Multiplicador" 26 54, 27 1 0, S_0x34e22470;
 .timescale -9 -12;
    .port_info 0 /INPUT 1 "clk";
    .port_info 1 /INPUT 1 "LD";
    .port_info 2 /INPUT 1 "ADD";
    .port_info 3 /INPUT 1 "SH";
    .port_info 4 /INPUT 32 "A_long";
    .port_info 5 /OUTPUT 32 "ACC";
    .port_info 6 /OUTPUT 1 "ACC_LSB";
v0x34e22ad0_0 .var/s "ACC", 31 0;
v0x34e22bd0_0 .net "ACC_LSB", 0 0, L_0x34e5bbf0;  alias, 1 drivers
v0x34e22c90_0 .net "ADD", 0 0, v0x34e24650_0;  alias, 1 drivers
v0x34e22d30_0 .net/s "A_long", 31 0, v0x34e23510_0;  alias, 1 drivers
v0x34e22e10_0 .net "LD", 0 0, v0x34e24930_0;  alias, 1 drivers
v0x34e22f20_0 .net "SH", 0 0, v0x34e24b80_0;  alias, 1 drivers
v0x34e22fe0_0 .net "clk", 0 0, v0x34e32860_0;  alias, 1 drivers
L_0x34e5bbf0 .part v0x34e22ad0_0, 0, 1;
S_0x34e231a0 .scope module, "A_long_reg" "A_long_Multiplicador" 26 31, 28 1 0, S_0x34e22470;
 .timescale -9 -12;
    .port_info 0 /INPUT 1 "clk";
    .port_info 1 /INPUT 1 "LD";
    .port_info 2 /INPUT 16 "A";
    .port_info 3 /OUTPUT 32 "A_long";
v0x34e23430_0 .net/s "A", 15 0, v0x34e26fa0_0;  alias, 1 drivers
v0x34e23510_0 .var/s "A_long", 31 0;
v0x34e235d0_0 .net "LD", 0 0, v0x34e24930_0;  alias, 1 drivers
v0x34e23670_0 .net "clk", 0 0, v0x34e32860_0;  alias, 1 drivers
S_0x34e23730 .scope module, "B_long_reg" "B_long_Multiplicador" 26 41, 29 1 0, S_0x34e22470;
 .timescale -9 -12;
    .port_info 0 /INPUT 1 "clk";
    .port_info 1 /INPUT 1 "LD";
    .port_info 2 /INPUT 1 "SH";
    .port_info 3 /INPUT 1 "ACC_LSB";
    .port_info 4 /INPUT 16 "B";
    .port_info 5 /OUTPUT 32 "B_long";
    .port_info 6 /OUTPUT 1 "LSB";
v0x34e23a00_0 .net "ACC_LSB", 0 0, L_0x34e5bbf0;  alias, 1 drivers
v0x34e23aa0_0 .net/s "B", 15 0, v0x34e26e90_0;  alias, 1 drivers
v0x34e23b60_0 .var/s "B_long", 31 0;
v0x34e23c20_0 .net "LD", 0 0, v0x34e24930_0;  alias, 1 drivers
v0x34e23d10_0 .net "LSB", 0 0, L_0x34e5bb50;  alias, 1 drivers
v0x34e23e20_0 .net "SH", 0 0, v0x34e24b80_0;  alias, 1 drivers
v0x34e23ec0_0 .net "clk", 0 0, v0x34e32860_0;  alias, 1 drivers
L_0x34e5bb50 .part v0x34e23b60_0, 0, 1;
S_0x34e24060 .scope module, "Control_Multiplicador0" "Control_Multiplicador" 26 77, 30 1 0, S_0x34e22470;
 .timescale -9 -12;
    .port_info 0 /INPUT 1 "clk";
    .port_info 1 /INPUT 1 "init";
    .port_info 2 /INPUT 1 "Z";
    .port_info 3 /INPUT 1 "LSB";
    .port_info 4 /OUTPUT 1 "ADD";
    .port_info 5 /OUTPUT 1 "SH";
    .port_info 6 /OUTPUT 1 "DEC";
    .port_info 7 /OUTPUT 1 "LD";
    .port_info 8 /OUTPUT 1 "DONE";
P_0x34e24240 .param/l "S_ADD" 0 30 20, C4<010>;
P_0x34e24280 .param/l "S_CHECK" 0 30 19, C4<001>;
P_0x34e242c0 .param/l "S_END" 0 30 22, C4<100>;
P_0x34e24300 .param/l "S_SHIFT" 0 30 21, C4<011>;
P_0x34e24340 .param/l "S_START" 0 30 18, C4<000>;
v0x34e24650_0 .var "ADD", 0 0;
v0x34e24710_0 .var "COUNT", 5 0;
v0x34e247d0_0 .var "DEC", 0 0;
v0x34e24870_0 .var "DONE", 0 0;
v0x34e24930_0 .var "LD", 0 0;
v0x34e24a20_0 .net "LSB", 0 0, L_0x34e5bb50;  alias, 1 drivers
v0x34e24ac0_0 .var "NEXT_STATE", 2 0;
v0x34e24b80_0 .var "SH", 0 0;
v0x34e24c70_0 .net "Z", 0 0, L_0x34e5c0f0;  alias, 1 drivers
v0x34e24dc0_0 .net "clk", 0 0, v0x34e32860_0;  alias, 1 drivers
v0x34e24e60_0 .net "init", 0 0, v0x34e27580_0;  alias, 1 drivers
E_0x34e229a0 .event anyedge, v0x34e24ac0_0;
S_0x34e25040 .scope module, "contador_Multiplicador0" "contador_Multiplicador" 26 67, 31 1 0, S_0x34e22470;
 .timescale -9 -12;
    .port_info 0 /INPUT 1 "clk";
    .port_info 1 /INPUT 1 "reset";
    .port_info 2 /INPUT 1 "in";
    .port_info 3 /OUTPUT 5 "out";
    .port_info 4 /OUTPUT 1 "zero";
v0x34e252d0_0 .net *"_ivl_0", 31 0, L_0x34e5bce0;  1 drivers
L_0x7baab6a8be70 .functor BUFT 1, C4<00>, C4<0>, C4<0>, C4<0>;
v0x34e253d0_0 .net/2s *"_ivl_10", 1 0, L_0x7baab6a8be70;  1 drivers
v0x34e254b0_0 .net *"_ivl_12", 1 0, L_0x34e5bf60;  1 drivers
L_0x7baab6a8bd98 .functor BUFT 1, C4<000000000000000000000000000>, C4<0>, C4<0>, C4<0>;
v0x34e25570_0 .net *"_ivl_3", 26 0, L_0x7baab6a8bd98;  1 drivers
L_0x7baab6a8bde0 .functor BUFT 1, C4<00000000000000000000000000000000>, C4<0>, C4<0>, C4<0>;
v0x34e25650_0 .net/2u *"_ivl_4", 31 0, L_0x7baab6a8bde0;  1 drivers
v0x34e25780_0 .net *"_ivl_6", 0 0, L_0x34e5be20;  1 drivers
L_0x7baab6a8be28 .functor BUFT 1, C4<01>, C4<0>, C4<0>, C4<0>;
v0x34e25840_0 .net/2s *"_ivl_8", 1 0, L_0x7baab6a8be28;  1 drivers
v0x34e25920_0 .net "clk", 0 0, v0x34e32860_0;  alias, 1 drivers
v0x34e259c0_0 .net "in", 0 0, v0x34e247d0_0;  alias, 1 drivers
v0x34e25af0_0 .var "out", 4 0;
v0x34e25bb0_0 .net "reset", 0 0, v0x34e24930_0;  alias, 1 drivers
v0x34e25ce0_0 .net "zero", 0 0, L_0x34e5c0f0;  alias, 1 drivers
L_0x34e5bce0 .concat [ 5 27 0 0], v0x34e25af0_0, L_0x7baab6a8bd98;
L_0x34e5be20 .cmp/eq 32, L_0x34e5bce0, L_0x7baab6a8bde0;
L_0x34e5bf60 .functor MUXZ 2, L_0x7baab6a8be70, L_0x7baab6a8be28, L_0x34e5be20, C4<>;
L_0x34e5c0f0 .part L_0x34e5bf60, 0, 1;
S_0x34e27a10 .scope module, "Periferico_raiz1" "Periferico_raiz" 4 83, 32 1 0, S_0x34d75b50;
 .timescale -9 -12;
    .port_info 0 /INPUT 1 "CLK";
    .port_info 1 /INPUT 1 "reset";
    .port_info 2 /INPUT 16 "d_in";
    .port_info 3 /INPUT 1 "cs";
    .port_info 4 /INPUT 5 "addr";
    .port_info 5 /INPUT 1 "rd";
    .port_info 6 /INPUT 1 "wr";
    .port_info 7 /OUTPUT 32 "d_out";
v0x34e2cdc0_0 .net "CLK", 0 0, v0x34e32860_0;  alias, 1 drivers
v0x34e2ce80_0 .net "DONE", 0 0, v0x34e28a10_0;  1 drivers
v0x34e2cf90_0 .var "INIT", 0 0;
v0x34e2d080_0 .var "Op_A", 15 0;
v0x34e2d170_0 .net "Resultado", 15 0, v0x34e2abd0_0;  1 drivers
v0x34e2d260_0 .net "addr", 4 0, L_0x34e5ed00;  1 drivers
v0x34e2d340_0 .net "cs", 0 0, L_0x34e5ebe0;  1 drivers
v0x34e2d400_0 .net "d_in", 15 0, L_0x34e5ea30;  1 drivers
v0x34e2d4e0_0 .var "d_out", 31 0;
v0x34e2d650_0 .net "rd", 0 0, L_0x34e5b440;  alias, 1 drivers
v0x34e2d780_0 .net "reset", 0 0, L_0x34e5e920;  1 drivers
v0x34e2d840_0 .var "s", 4 0;
v0x34e2d920_0 .net "wr", 0 0, L_0x34e5b3a0;  alias, 1 drivers
E_0x34e22670 .event anyedge, v0x34e2d340_0, v0x34e2d260_0;
S_0x34e27d40 .scope module, "u_RAIZ" "RAIZ" 32 76, 33 1 0, S_0x34e27a10;
 .timescale -9 -12;
    .port_info 0 /INPUT 1 "CLK";
    .port_info 1 /INPUT 1 "INIT";
    .port_info 2 /INPUT 16 "Op_A";
    .port_info 3 /OUTPUT 1 "DONE";
    .port_info 4 /OUTPUT 16 "Resultado";
v0x34e2c080_0 .net "CLK", 0 0, v0x34e32860_0;  alias, 1 drivers
v0x34e2c140_0 .net "DONE", 0 0, v0x34e28a10_0;  alias, 1 drivers
v0x34e2c200_0 .net "INIT", 0 0, v0x34e2cf90_0;  1 drivers
v0x34e2c300_0 .net "Op_A", 15 0, v0x34e2d080_0;  1 drivers
v0x34e2c3d0_0 .net "Resultado", 15 0, v0x34e2abd0_0;  alias, 1 drivers
v0x34e2c4c0_0 .net "W_A_out", 15 0, v0x34e29dc0_0;  1 drivers
v0x34e2c5b0_0 .net "W_LD", 0 0, v0x34e28b70_0;  1 drivers
v0x34e2c650_0 .net "W_LDA2", 0 0, v0x34e28c30_0;  1 drivers
v0x34e2c6f0_0 .net "W_LD_TMP", 0 0, v0x34e28d40_0;  1 drivers
v0x34e2c820_0 .net "W_MSB", 0 0, L_0x34e5e760;  1 drivers
v0x34e2c8c0_0 .net "W_R0", 0 0, v0x34e28fa0_0;  1 drivers
v0x34e2c9b0_0 .net "W_SH", 0 0, v0x34e290f0_0;  1 drivers
v0x34e2ca50_0 .net "W_SUM_C2", 15 0, L_0x34e5e670;  1 drivers
v0x34e2cb40_0 .net "W_TMP_out", 15 0, v0x34e2b3d0_0;  1 drivers
v0x34e2cc30_0 .net "W_Z", 0 0, v0x34e298d0_0;  1 drivers
S_0x34e27ff0 .scope module, "CONTROL_RAIZ0" "CONTROL_RAIZ" 33 23, 34 1 0, S_0x34e27d40;
 .timescale -9 -12;
    .port_info 0 /INPUT 1 "CLK";
    .port_info 1 /INPUT 1 "MSB";
    .port_info 2 /INPUT 1 "Z";
    .port_info 3 /INPUT 1 "INIT";
    .port_info 4 /OUTPUT 1 "LDA2";
    .port_info 5 /OUTPUT 1 "LD";
    .port_info 6 /OUTPUT 1 "SH";
    .port_info 7 /OUTPUT 1 "R0";
    .port_info 8 /OUTPUT 1 "LD_TMP";
    .port_info 9 /OUTPUT 1 "DONE";
P_0x34e281f0 .param/l "S_CHECK" 0 34 20, C4<011>;
P_0x34e28230 .param/l "S_CHECK_Z" 0 34 21, C4<100>;
P_0x34e28270 .param/l "S_END1" 0 34 24, C4<111>;
P_0x34e282b0 .param/l "S_LOAD_0" 0 34 22, C4<101>;
P_0x34e282f0 .param/l "S_LOAD_A2" 0 34 23, C4<110>;
P_0x34e28330 .param/l "S_LOAD_TMP" 0 34 19, C4<010>;
P_0x34e28370 .param/l "S_SHIFT_DEC" 0 34 18, C4<001>;
P_0x34e283b0 .param/l "S_START" 0 34 17, C4<000>;
v0x34e28950_0 .net "CLK", 0 0, v0x34e32860_0;  alias, 1 drivers
v0x34e28a10_0 .var "DONE", 0 0;
v0x34e28ad0_0 .net "INIT", 0 0, v0x34e2cf90_0;  alias, 1 drivers
v0x34e28b70_0 .var "LD", 0 0;
v0x34e28c30_0 .var "LDA2", 0 0;
v0x34e28d40_0 .var "LD_TMP", 0 0;
v0x34e28e00_0 .net "MSB", 0 0, L_0x34e5e760;  alias, 1 drivers
v0x34e28ec0_0 .var "NEXT_STATE", 2 0;
v0x34e28fa0_0 .var "R0", 0 0;
v0x34e290f0_0 .var "SH", 0 0;
v0x34e291b0_0 .net "Z", 0 0, v0x34e298d0_0;  alias, 1 drivers
v0x34e29270_0 .var "count", 5 0;
E_0x34e288f0 .event anyedge, v0x34e28ec0_0;
S_0x34e29490 .scope module, "COUNT_RAIZ0" "COUNT_RAIZ" 33 37, 35 1 0, S_0x34e27d40;
 .timescale -9 -12;
    .port_info 0 /INPUT 1 "CLK";
    .port_info 1 /INPUT 1 "LD";
    .port_info 2 /INPUT 1 "SH";
    .port_info 3 /OUTPUT 1 "Z";
v0x34e296d0_0 .net "CLK", 0 0, v0x34e32860_0;  alias, 1 drivers
v0x34e29770_0 .net "LD", 0 0, v0x34e28b70_0;  alias, 1 drivers
v0x34e29830_0 .net "SH", 0 0, v0x34e290f0_0;  alias, 1 drivers
v0x34e298d0_0 .var "Z", 0 0;
v0x34e29970_0 .var "count", 4 0;
S_0x34e29a80 .scope module, "LSR_A_RAIZ0" "LSR_A_RAIZ" 33 44, 36 1 0, S_0x34e27d40;
 .timescale -9 -12;
    .port_info 0 /INPUT 1 "CLK";
    .port_info 1 /INPUT 1 "LD";
    .port_info 2 /INPUT 1 "LDA2";
    .port_info 3 /INPUT 1 "SH";
    .port_info 4 /INPUT 1 "MSB";
    .port_info 5 /INPUT 16 "Op_A";
    .port_info 6 /INPUT 16 "SUM_C2";
    .port_info 7 /OUTPUT 16 "A_out";
v0x34e29dc0_0 .var "A_out", 15 0;
v0x34e29ea0_0 .net "CLK", 0 0, v0x34e32860_0;  alias, 1 drivers
v0x34e29f60_0 .net "LD", 0 0, v0x34e28b70_0;  alias, 1 drivers
v0x34e2a050_0 .net "LDA2", 0 0, v0x34e28c30_0;  alias, 1 drivers
v0x34e2a0f0_0 .net "MSB", 0 0, L_0x34e5e760;  alias, 1 drivers
v0x34e2a1e0_0 .net "Op_A", 15 0, v0x34e2d080_0;  alias, 1 drivers
v0x34e2a280_0 .net "SH", 0 0, v0x34e290f0_0;  alias, 1 drivers
v0x34e2a370_0 .net "SUM_C2", 15 0, L_0x34e5e670;  alias, 1 drivers
v0x34e2a410_0 .var "reg_TMP", 15 0;
S_0x34e2a680 .scope module, "LSR_R_RAIZ0" "LSR_R_RAIZ" 33 57, 37 1 0, S_0x34e27d40;
 .timescale -9 -12;
    .port_info 0 /INPUT 1 "CLK";
    .port_info 1 /INPUT 1 "LD";
    .port_info 2 /INPUT 1 "R0";
    .port_info 3 /INPUT 1 "LDA2";
    .port_info 4 /OUTPUT 16 "Resultado";
v0x34e2a8c0_0 .net "CLK", 0 0, v0x34e32860_0;  alias, 1 drivers
v0x34e2a980_0 .net "LD", 0 0, v0x34e28b70_0;  alias, 1 drivers
v0x34e2aa40_0 .net "LDA2", 0 0, v0x34e28c30_0;  alias, 1 drivers
v0x34e2ab30_0 .net "R0", 0 0, v0x34e28fa0_0;  alias, 1 drivers
v0x34e2abd0_0 .var "Resultado", 15 0;
S_0x34e2ad40 .scope module, "LSR_TMP_RAIZ0" "LSR_TMP_RAIZ" 33 66, 38 1 0, S_0x34e27d40;
 .timescale -9 -12;
    .port_info 0 /INPUT 1 "CLK";
    .port_info 1 /INPUT 1 "LD_TMP";
    .port_info 2 /INPUT 1 "LD";
    .port_info 3 /INPUT 16 "Resultado";
    .port_info 4 /OUTPUT 16 "TMP_out";
v0x34e2b020_0 .net "CLK", 0 0, v0x34e32860_0;  alias, 1 drivers
v0x34e2b0e0_0 .net "LD", 0 0, v0x34e28b70_0;  alias, 1 drivers
v0x34e2b230_0 .net "LD_TMP", 0 0, v0x34e28d40_0;  alias, 1 drivers
v0x34e2b300_0 .net "Resultado", 15 0, v0x34e2abd0_0;  alias, 1 drivers
v0x34e2b3d0_0 .var "TMP_out", 15 0;
S_0x34e2b4f0 .scope module, "SUM_C20_RAIZ" "SUM_C2_RAIZ" 33 75, 39 1 0, S_0x34e27d40;
 .timescale -9 -12;
    .port_info 0 /INPUT 16 "A_out";
    .port_info 1 /INPUT 16 "TMP_out";
    .port_info 2 /OUTPUT 1 "MSB";
    .port_info 3 /OUTPUT 16 "SUM_C2";
v0x34e2b760_0 .net "A_out", 15 0, v0x34e29dc0_0;  alias, 1 drivers
v0x34e2b870_0 .net "MSB", 0 0, L_0x34e5e760;  alias, 1 drivers
v0x34e2b960_0 .net "SUM_C2", 15 0, L_0x34e5e670;  alias, 1 drivers
v0x34e2ba30_0 .net "TMP_out", 15 0, v0x34e2b3d0_0;  alias, 1 drivers
v0x34e2bb00_0 .net "TMP_shift", 15 0, L_0x34e5e580;  1 drivers
v0x34e2bbf0_0 .net *"_ivl_0", 15 0, L_0x34e5e4e0;  1 drivers
v0x34e2bcd0_0 .net *"_ivl_2", 13 0, L_0x34e5e440;  1 drivers
L_0x7baab6a8c0f8 .functor BUFT 1, C4<00>, C4<0>, C4<0>, C4<0>;
v0x34e2bdb0_0 .net *"_ivl_4", 1 0, L_0x7baab6a8c0f8;  1 drivers
L_0x7baab6a8c140 .functor BUFT 1, C4<0000000000000001>, C4<0>, C4<0>, C4<0>;
v0x34e2be90_0 .net/2u *"_ivl_6", 15 0, L_0x7baab6a8c140;  1 drivers
L_0x34e5e440 .part v0x34e2b3d0_0, 0, 14;
L_0x34e5e4e0 .concat [ 2 14 0 0], L_0x7baab6a8c0f8, L_0x34e5e440;
L_0x34e5e580 .arith/sum 16, L_0x34e5e4e0, L_0x7baab6a8c140;
L_0x34e5e670 .arith/sub 16, v0x34e29dc0_0, L_0x34e5e580;
L_0x34e5e760 .part L_0x34e5e670, 15, 1;
S_0x34e2db50 .scope module, "RAM" "bram" 4 40, 40 3 0, S_0x34d75b50;
 .timescale -9 -12;
    .port_info 0 /INPUT 1 "clk";
    .port_info 1 /INPUT 32 "mem_addr";
    .port_info 2 /OUTPUT 32 "mem_rdata";
    .port_info 3 /INPUT 1 "mem_rstrb";
    .port_info 4 /INPUT 32 "mem_wdata";
    .port_info 5 /INPUT 4 "mem_wmask";
v0x34e2dd20 .array "MEM", 2047 0, 31 0;
v0x34e2de00_0 .net "clk", 0 0, v0x34e32860_0;  alias, 1 drivers
v0x34e2dec0_0 .net "mem_addr", 31 0, L_0x34e525f0;  alias, 1 drivers
v0x34e2df60_0 .var "mem_rdata", 31 0;
v0x34e2e000_0 .net "mem_rstrb", 0 0, L_0x34e5b680;  1 drivers
v0x34e2e0c0_0 .net "mem_wdata", 31 0, L_0x34e582c0;  alias, 1 drivers
v0x34e2e180_0 .net "mem_wmask", 3 0, L_0x34e5b990;  1 drivers
v0x34e2e260_0 .net "word_addr", 29 0, L_0x34e5b4b0;  1 drivers
L_0x34e5b4b0 .part L_0x34e525f0, 2, 30;
S_0x34e2e440 .scope module, "per_uart" "peripheral_uart" 4 119, 41 1 0, S_0x34d75b50;
 .timescale -9 -12;
    .port_info 0 /INPUT 1 "clk";
    .port_info 1 /INPUT 1 "rst";
    .port_info 2 /INPUT 32 "d_in";
    .port_info 3 /INPUT 1 "cs";
    .port_info 4 /INPUT 5 "addr";
    .port_info 5 /INPUT 1 "rd";
    .port_info 6 /INPUT 1 "wr";
    .port_info 7 /OUTPUT 32 "d_out";
    .port_info 8 /OUTPUT 1 "uart_tx";
    .port_info 9 /INPUT 1 "uart_rx";
    .port_info 10 /OUTPUT 1 "ledout";
P_0x34e2e5d0 .param/l "baud" 0 41 3, +C4<00000000000000011100001000000000>;
P_0x34e2e610 .param/l "clk_freq" 0 41 2, +C4<00000001100011001011101010000000>;
v0x34e304e0_0 .net "addr", 4 0, L_0x34e63ab0;  1 drivers
v0x34e305e0_0 .net "clk", 0 0, v0x34e32860_0;  alias, 1 drivers
v0x34e306a0_0 .net "cs", 0 0, L_0x34e63900;  1 drivers
v0x34e30740_0 .net "d_in", 31 0, L_0x34e582c0;  alias, 1 drivers
v0x34e307e0_0 .var "d_in_uart", 7 0;
v0x34e308a0_0 .var "d_out", 31 0;
v0x34e30960_0 .var "ledout", 0 0;
v0x34e30a20_0 .net "rd", 0 0, L_0x34e5b440;  alias, 1 drivers
v0x34e30ac0_0 .net "rst", 0 0, L_0x34e63630;  1 drivers
v0x34e30bf0_0 .net "rx_avail", 0 0, v0x34e2f450_0;  1 drivers
v0x34e30c90_0 .net "rx_data", 7 0, v0x34e2f790_0;  1 drivers
v0x34e30d30_0 .net "rx_error", 0 0, v0x34e2f870_0;  1 drivers
v0x34e30dd0_0 .var "s", 1 0;
v0x34e30e70_0 .net "tx_busy", 0 0, v0x34e2faf0_0;  1 drivers
v0x34e30f40_0 .var "uart_ctrl", 7 0;
v0x34e30fe0_0 .net "uart_rx", 0 0, v0x34e32b20_0;  alias, 1 drivers
v0x34e310b0_0 .net "uart_tx", 0 0, v0x34e30260_0;  alias, 1 drivers
v0x34e31290_0 .net "wr", 0 0, L_0x34e5b3a0;  alias, 1 drivers
E_0x34e2dce0 .event anyedge, v0x34e304e0_0, v0x34e306a0_0;
L_0x34e63470 .part v0x34e30f40_0, 1, 1;
L_0x34e63510 .part v0x34e30f40_0, 0, 1;
S_0x34e2e940 .scope module, "uart0" "uart" 41 56, 42 5 0, S_0x34e2e440;
 .timescale -9 -12;
    .port_info 0 /INPUT 1 "reset";
    .port_info 1 /INPUT 1 "clk";
    .port_info 2 /INPUT 1 "uart_rxd";
    .port_info 3 /OUTPUT 1 "uart_txd";
    .port_info 4 /OUTPUT 8 "rx_data";
    .port_info 5 /OUTPUT 1 "rx_avail";
    .port_info 6 /OUTPUT 1 "rx_error";
    .port_info 7 /INPUT 1 "rx_ack";
    .port_info 8 /INPUT 8 "tx_data";
    .port_info 9 /INPUT 1 "tx_wr";
    .port_info 10 /OUTPUT 1 "tx_busy";
P_0x34d98380 .param/l "baud" 0 42 7, +C4<00000000000000011100001000000000>;
P_0x34d983c0 .param/l "divisor" 1 42 24, +C4<00000000000000000000000000001110>;
P_0x34d98400 .param/l "freq_hz" 0 42 6, +C4<00000001100011001011101010000000>;
v0x34e2eda0_0 .net *"_ivl_0", 31 0, L_0x34e631e0;  1 drivers
L_0x7baab6a8c260 .functor BUFT 1, C4<0000000000000000>, C4<0>, C4<0>, C4<0>;
v0x34e2eea0_0 .net *"_ivl_3", 15 0, L_0x7baab6a8c260;  1 drivers
L_0x7baab6a8c2a8 .functor BUFT 1, C4<00000000000000000000000000000000>, C4<0>, C4<0>, C4<0>;
v0x34e2ef80_0 .net/2u *"_ivl_4", 31 0, L_0x7baab6a8c2a8;  1 drivers
v0x34e2f040_0 .net "clk", 0 0, v0x34e32860_0;  alias, 1 drivers
v0x34e2f0e0_0 .net "enable16", 0 0, L_0x34e63300;  1 drivers
v0x34e2f1f0_0 .var "enable16_counter", 15 0;
v0x34e2f2d0_0 .net "reset", 0 0, L_0x34e63630;  alias, 1 drivers
v0x34e2f390_0 .net "rx_ack", 0 0, L_0x34e63470;  1 drivers
v0x34e2f450_0 .var "rx_avail", 0 0;
v0x34e2f510_0 .var "rx_bitcount", 3 0;
v0x34e2f5f0_0 .var "rx_busy", 0 0;
v0x34e2f6b0_0 .var "rx_count16", 3 0;
v0x34e2f790_0 .var "rx_data", 7 0;
v0x34e2f870_0 .var "rx_error", 0 0;
v0x34e2f930_0 .var "rxd_reg", 7 0;
v0x34e2fa10_0 .var "tx_bitcount", 3 0;
v0x34e2faf0_0 .var "tx_busy", 0 0;
v0x34e2fcc0_0 .var "tx_count16", 3 0;
v0x34e2fda0_0 .net "tx_data", 7 0, v0x34e307e0_0;  1 drivers
v0x34e2fe80_0 .net "tx_wr", 0 0, L_0x34e63510;  1 drivers
v0x34e2ff40_0 .var "txd_reg", 7 0;
v0x34e30020_0 .net "uart_rxd", 0 0, v0x34e32b20_0;  alias, 1 drivers
v0x34e300e0_0 .var "uart_rxd1", 0 0;
v0x34e301a0_0 .var "uart_rxd2", 0 0;
v0x34e30260_0 .var "uart_txd", 0 0;
L_0x34e631e0 .concat [ 16 16 0 0], v0x34e2f1f0_0, L_0x7baab6a8c260;
L_0x34e63300 .cmp/eq 32, L_0x34e631e0, L_0x7baab6a8c2a8;
    .scope S_0x34df3930;
T_1 ;
    %vpi_call 2 406 "$readmemh", "./firmware.hex", v0x34de8160 {0 0 0};
    %end;
    .thread T_1;
    .scope S_0x34df3930;
T_2 ;
    %wait E_0x34c07790;
    %load/vec4 v0x34d8c080_0;
    %flag_set/vec4 8;
    %jmp/0xz  T_2.0, 8;
    %ix/getv 4, v0x34de3c90_0;
    %load/vec4a v0x34de8160, 4;
    %assign/vec4 v0x34d8acd0_0, 0;
T_2.0 ;
    %load/vec4 v0x34c94be0_0;
    %parti/s 1, 0, 2;
    %flag_set/vec4 8;
    %jmp/0xz  T_2.2, 8;
    %load/vec4 v0x34d8c3b0_0;
    %parti/s 8, 0, 2;
    %ix/getv 3, v0x34de3c90_0;
    %ix/load 4, 0, 0; Constant delay
    %assign/vec4/a/d v0x34de8160, 0, 4;
T_2.2 ;
    %load/vec4 v0x34c94be0_0;
    %parti/s 1, 1, 2;
    %flag_set/vec4 8;
    %jmp/0xz  T_2.4, 8;
    %load/vec4 v0x34d8c3b0_0;
    %parti/s 8, 8, 5;
    %ix/getv 3, v0x34de3c90_0;
    %ix/load 4, 8, 0; part off
    %ix/load 5, 0, 0; Constant delay
    %assign/vec4/a/d v0x34de8160, 4, 5;
T_2.4 ;
    %load/vec4 v0x34c94be0_0;
    %parti/s 1, 2, 3;
    %flag_set/vec4 8;
    %jmp/0xz  T_2.6, 8;
    %load/vec4 v0x34d8c3b0_0;
    %parti/s 8, 16, 6;
    %ix/getv 3, v0x34de3c90_0;
    %ix/load 4, 16, 0; part off
    %ix/load 5, 0, 0; Constant delay
    %assign/vec4/a/d v0x34de8160, 4, 5;
T_2.6 ;
    %load/vec4 v0x34c94be0_0;
    %parti/s 1, 3, 3;
    %flag_set/vec4 8;
    %jmp/0xz  T_2.8, 8;
    %load/vec4 v0x34d8c3b0_0;
    %parti/s 8, 24, 6;
    %ix/getv 3, v0x34de3c90_0;
    %ix/load 4, 24, 0; part off
    %ix/load 5, 0, 0; Constant delay
    %assign/vec4/a/d v0x34de8160, 4, 5;
T_2.8 ;
    %jmp T_2;
    .thread T_2;
    .scope S_0x34d4c810;
T_3 ;
    %wait E_0x34e06f80;
    %pushi/vec4 0, 0, 32;
    %ix/load 3, 0, 0;
    %flag_set/imm 4, 0;
    %ix/load 4, 0, 0; Constant delay
    %assign/vec4/a/d v0x34e07900, 0, 4;
    %load/vec4 v0x34e07d40_0;
    %flag_set/vec4 8;
    %jmp/0xz  T_3.0, 8;
    %load/vec4 v0x34e07820_0;
    %pad/u 32;
    %cmpi/ne 0, 0, 32;
    %jmp/0xz  T_3.2, 4;
    %load/vec4 v0x34e07e00_0;
    %load/vec4 v0x34e07820_0;
    %pad/u 7;
    %ix/vec4 3;
    %ix/load 4, 0, 0; Constant delay
    %assign/vec4/a/d v0x34e07900, 0, 4;
T_3.2 ;
T_3.0 ;
    %jmp T_3;
    .thread T_3;
    .scope S_0x34d4c810;
T_4 ;
    %wait E_0x34e06f80;
    %load/vec4 v0x34b606c0_0;
    %flag_set/vec4 8;
    %jmp/0xz  T_4.0, 8;
    %load/vec4 v0x34bb6540_0;
    %flag_set/vec4 8;
    %jmp/0xz  T_4.2, 8;
    %load/vec4 v0x34c25000_0;
    %assign/vec4 v0x34b60500_0, 0;
    %load/vec4 v0x34c250e0_0;
    %parti/s 5, 0, 2;
    %assign/vec4 v0x34b605e0_0, 0;
T_4.2 ;
T_4.0 ;
    %load/vec4 v0x34b605e0_0;
    %or/r;
    %flag_set/vec4 8;
    %jmp/0xz  T_4.4, 8;
    %load/vec4 v0x34b605e0_0;
    %subi 1, 0, 5;
    %assign/vec4 v0x34b605e0_0, 0;
    %load/vec4 v0x34bb6440_0;
    %parti/s 1, 1, 2;
    %flag_set/vec4 8;
    %jmp/0 T_4.6, 8;
    %load/vec4 v0x34b60500_0;
    %ix/load 4, 1, 0;
    %flag_set/imm 4, 0;
    %shiftl 4;
    %jmp/1 T_4.7, 8;
T_4.6 ; End of true expr.
    %load/vec4 v0x34bb6600_0;
    %parti/s 1, 28, 6;
    %load/vec4 v0x34b60500_0;
    %parti/s 1, 31, 6;
    %and;
    %load/vec4 v0x34b60500_0;
    %parti/s 31, 1, 2;
    %concat/vec4; draw_concat_vec4
    %jmp/0 T_4.7, 8;
 ; End of false expr.
    %blend;
T_4.7;
    %assign/vec4 v0x34b60500_0, 0;
T_4.4 ;
    %jmp T_4;
    .thread T_4;
    .scope S_0x34d4c810;
T_5 ;
    %wait E_0x34e06f80;
    %load/vec4 v0x34e079c0_0;
    %nor/r;
    %flag_set/vec4 8;
    %jmp/0xz  T_5.0, 8;
    %pushi/vec4 8, 0, 4;
    %assign/vec4 v0x34e07c40_0, 0;
    %pushi/vec4 0, 0, 24;
    %assign/vec4 v0x34d88340_0, 0;
    %jmp T_5.1;
T_5.0 ;
    %pushi/vec4 1, 0, 1;
    %dup/vec4;
    %load/vec4 v0x34e07c40_0;
    %parti/s 1, 1, 2;
    %cmp/u;
    %jmp/1 T_5.2, 6;
    %dup/vec4;
    %load/vec4 v0x34e07c40_0;
    %parti/s 1, 2, 3;
    %cmp/u;
    %jmp/1 T_5.3, 6;
    %dup/vec4;
    %load/vec4 v0x34e07c40_0;
    %parti/s 1, 3, 3;
    %cmp/u;
    %jmp/1 T_5.4, 6;
    %pushi/vec4 2, 0, 4;
    %assign/vec4 v0x34e07c40_0, 0;
    %jmp T_5.6;
T_5.2 ;
    %load/vec4 v0x34bf5430_0;
    %nor/r;
    %flag_set/vec4 8;
    %jmp/0xz  T_5.7, 8;
    %load/vec4 v0x34bf54f0_0;
    %parti/s 5, 15, 5;
    %pad/u 7;
    %ix/vec4 4;
    %load/vec4a v0x34e07900, 4;
    %assign/vec4 v0x34e07a80_0, 0;
    %load/vec4 v0x34bf54f0_0;
    %parti/s 5, 20, 6;
    %pad/u 7;
    %ix/vec4 4;
    %load/vec4a v0x34e07900, 4;
    %assign/vec4 v0x34e07b60_0, 0;
    %load/vec4 v0x34bf54f0_0;
    %parti/s 30, 2, 3;
    %assign/vec4 v0x34bb6600_0, 0;
    %pushi/vec4 4, 0, 4;
    %assign/vec4 v0x34e07c40_0, 0;
T_5.7 ;
    %jmp T_5.6;
T_5.3 ;
    %load/vec4 v0x34bebef0_0;
    %flag_set/vec4 8;
    %jmp/0 T_5.9, 8;
    %load/vec4 v0x34b60420_0;
    %parti/s 23, 1, 2;
    %concati/vec4 0, 0, 1;
    %jmp/1 T_5.10, 8;
T_5.9 ; End of true expr.
    %load/vec4 v0x34bec2b0_0;
    %flag_set/vec4 9;
    %jmp/0 T_5.11, 9;
    %load/vec4 v0x34d87210_0;
    %jmp/1 T_5.12, 9;
T_5.11 ; End of true expr.
    %load/vec4 v0x34d87130_0;
    %jmp/0 T_5.12, 9;
 ; End of false expr.
    %blend;
T_5.12;
    %jmp/0 T_5.10, 8;
 ; End of false expr.
    %blend;
T_5.10;
    %assign/vec4 v0x34d88340_0, 0;
    %load/vec4 v0x34c07400_0;
    %flag_set/vec4 8;
    %jmp/0 T_5.13, 8;
    %pushi/vec4 8, 0, 35;
    %jmp/1 T_5.14, 8;
T_5.13 ; End of true expr.
    %pushi/vec4 1, 0, 35;
    %jmp/0 T_5.14, 8;
 ; End of false expr.
    %blend;
T_5.14;
    %pad/s 4;
    %assign/vec4 v0x34e07c40_0, 0;
    %jmp T_5.6;
T_5.4 ;
    %load/vec4 v0x34c24f40_0;
    %nor/r;
    %load/vec4 v0x34bf5430_0;
    %nor/r;
    %and;
    %load/vec4 v0x34c07180_0;
    %nor/r;
    %and;
    %flag_set/vec4 8;
    %jmp/0xz  T_5.15, 8;
    %pushi/vec4 1, 0, 4;
    %assign/vec4 v0x34e07c40_0, 0;
T_5.15 ;
    %jmp T_5.6;
T_5.6 ;
    %pop/vec4 1;
T_5.1 ;
    %jmp T_5;
    .thread T_5;
    .scope S_0x34d4c810;
T_6 ;
    %wait E_0x34e06f80;
    %load/vec4 v0x34bb6360_0;
    %addi 1, 0, 32;
    %assign/vec4 v0x34bb6360_0, 0;
    %jmp T_6;
    .thread T_6;
    .scope S_0x34d4c810;
T_7 ;
    %pushi/vec4 0, 0, 32;
    %store/vec4 v0x34bb6360_0, 0, 32;
    %pushi/vec4 0, 0, 5;
    %store/vec4 v0x34b605e0_0, 0, 5;
    %pushi/vec4 0, 0, 32;
    %ix/load 4, 0, 0;
    %flag_set/imm 4, 0;
    %store/vec4a v0x34e07900, 4, 0;
    %end;
    .thread T_7;
    .scope S_0x34e2db50;
T_8 ;
    %vpi_call 40 15 "$readmemh", "./firmware.hex", v0x34e2dd20 {0 0 0};
    %end;
    .thread T_8;
    .scope S_0x34e2db50;
T_9 ;
    %wait E_0x34e06f80;
    %load/vec4 v0x34e2e000_0;
    %flag_set/vec4 8;
    %jmp/0xz  T_9.0, 8;
    %ix/getv 4, v0x34e2e260_0;
    %load/vec4a v0x34e2dd20, 4;
    %assign/vec4 v0x34e2df60_0, 0;
T_9.0 ;
    %load/vec4 v0x34e2e180_0;
    %parti/s 1, 0, 2;
    %flag_set/vec4 8;
    %jmp/0xz  T_9.2, 8;
    %load/vec4 v0x34e2e0c0_0;
    %parti/s 8, 0, 2;
    %ix/getv 3, v0x34e2e260_0;
    %ix/load 4, 0, 0; Constant delay
    %assign/vec4/a/d v0x34e2dd20, 0, 4;
T_9.2 ;
    %load/vec4 v0x34e2e180_0;
    %parti/s 1, 1, 2;
    %flag_set/vec4 8;
    %jmp/0xz  T_9.4, 8;
    %load/vec4 v0x34e2e0c0_0;
    %parti/s 8, 8, 5;
    %ix/getv 3, v0x34e2e260_0;
    %ix/load 4, 8, 0; part off
    %ix/load 5, 0, 0; Constant delay
    %assign/vec4/a/d v0x34e2dd20, 4, 5;
T_9.4 ;
    %load/vec4 v0x34e2e180_0;
    %parti/s 1, 2, 3;
    %flag_set/vec4 8;
    %jmp/0xz  T_9.6, 8;
    %load/vec4 v0x34e2e0c0_0;
    %parti/s 8, 16, 6;
    %ix/getv 3, v0x34e2e260_0;
    %ix/load 4, 16, 0; part off
    %ix/load 5, 0, 0; Constant delay
    %assign/vec4/a/d v0x34e2dd20, 4, 5;
T_9.6 ;
    %load/vec4 v0x34e2e180_0;
    %parti/s 1, 3, 3;
    %flag_set/vec4 8;
    %jmp/0xz  T_9.8, 8;
    %load/vec4 v0x34e2e0c0_0;
    %parti/s 8, 24, 6;
    %ix/getv 3, v0x34e2e260_0;
    %ix/load 4, 24, 0; part off
    %ix/load 5, 0, 0; Constant delay
    %assign/vec4/a/d v0x34e2dd20, 4, 5;
T_9.8 ;
    %jmp T_9;
    .thread T_9;
    .scope S_0x34e231a0;
T_10 ;
    %wait E_0x34e06f80;
    %load/vec4 v0x34e235d0_0;
    %flag_set/vec4 8;
    %jmp/0xz  T_10.0, 8;
    %load/vec4 v0x34e23430_0;
    %parti/s 1, 15, 5;
    %replicate 16;
    %load/vec4 v0x34e23430_0;
    %concat/vec4; draw_concat_vec4
    %assign/vec4 v0x34e23510_0, 0;
T_10.0 ;
    %jmp T_10;
    .thread T_10;
    .scope S_0x34e23730;
T_11 ;
    %wait E_0x34e06f80;
    %load/vec4 v0x34e23c20_0;
    %flag_set/vec4 8;
    %jmp/0xz  T_11.0, 8;
    %load/vec4 v0x34e23aa0_0;
    %parti/s 1, 15, 5;
    %replicate 16;
    %load/vec4 v0x34e23aa0_0;
    %concat/vec4; draw_concat_vec4
    %assign/vec4 v0x34e23b60_0, 0;
    %jmp T_11.1;
T_11.0 ;
    %load/vec4 v0x34e23e20_0;
    %flag_set/vec4 8;
    %jmp/0xz  T_11.2, 8;
    %load/vec4 v0x34e23a00_0;
    %load/vec4 v0x34e23b60_0;
    %parti/s 31, 1, 2;
    %concat/vec4; draw_concat_vec4
    %assign/vec4 v0x34e23b60_0, 0;
T_11.2 ;
T_11.1 ;
    %jmp T_11;
    .thread T_11;
    .scope S_0x34e227a0;
T_12 ;
    %wait E_0x34e06f80;
    %load/vec4 v0x34e22e10_0;
    %flag_set/vec4 8;
    %jmp/0xz  T_12.0, 8;
    %pushi/vec4 0, 0, 32;
    %assign/vec4 v0x34e22ad0_0, 0;
    %jmp T_12.1;
T_12.0 ;
    %load/vec4 v0x34e22c90_0;
    %flag_set/vec4 8;
    %jmp/0xz  T_12.2, 8;
    %load/vec4 v0x34e22ad0_0;
    %load/vec4 v0x34e22d30_0;
    %add;
    %assign/vec4 v0x34e22ad0_0, 0;
    %jmp T_12.3;
T_12.2 ;
    %load/vec4 v0x34e22f20_0;
    %flag_set/vec4 8;
    %jmp/0xz  T_12.4, 8;
    %load/vec4 v0x34e22ad0_0;
    %ix/load 4, 1, 0;
    %flag_set/imm 4, 0;
    %shiftr/s 4;
    %assign/vec4 v0x34e22ad0_0, 0;
T_12.4 ;
T_12.3 ;
T_12.1 ;
    %jmp T_12;
    .thread T_12;
    .scope S_0x34e25040;
T_13 ;
    %wait E_0x34e06f80;
    %load/vec4 v0x34e25bb0_0;
    %flag_set/vec4 8;
    %jmp/0xz  T_13.0, 8;
    %pushi/vec4 31, 0, 5;
    %assign/vec4 v0x34e25af0_0, 0;
    %jmp T_13.1;
T_13.0 ;
    %load/vec4 v0x34e259c0_0;
    %flag_set/vec4 9;
    %flag_get/vec4 9;
    %jmp/0 T_13.4, 9;
    %load/vec4 v0x34e25af0_0;
    %pad/u 32;
    %pushi/vec4 0, 0, 32;
    %cmp/ne;
    %flag_get/vec4 4;
    %and;
T_13.4;
    %flag_set/vec4 8;
    %jmp/0xz  T_13.2, 8;
    %load/vec4 v0x34e25af0_0;
    %subi 1, 0, 5;
    %assign/vec4 v0x34e25af0_0, 0;
T_13.2 ;
T_13.1 ;
    %jmp T_13;
    .thread T_13;
    .scope S_0x34e24060;
T_14 ;
    %wait E_0x34e06f80;
    %load/vec4 v0x34e24ac0_0;
    %dup/vec4;
    %pushi/vec4 0, 0, 3;
    %cmp/u;
    %jmp/1 T_14.0, 6;
    %dup/vec4;
    %pushi/vec4 1, 0, 3;
    %cmp/u;
    %jmp/1 T_14.1, 6;
    %dup/vec4;
    %pushi/vec4 2, 0, 3;
    %cmp/u;
    %jmp/1 T_14.2, 6;
    %dup/vec4;
    %pushi/vec4 3, 0, 3;
    %cmp/u;
    %jmp/1 T_14.3, 6;
    %dup/vec4;
    %pushi/vec4 4, 0, 3;
    %cmp/u;
    %jmp/1 T_14.4, 6;
    %pushi/vec4 0, 0, 3;
    %store/vec4 v0x34e24ac0_0, 0, 3;
    %jmp T_14.6;
T_14.0 ;
    %pushi/vec4 0, 0, 6;
    %store/vec4 v0x34e24710_0, 0, 6;
    %load/vec4 v0x34e24e60_0;
    %flag_set/vec4 8;
    %jmp/0xz  T_14.7, 8;
    %pushi/vec4 1, 0, 3;
    %store/vec4 v0x34e24ac0_0, 0, 3;
    %jmp T_14.8;
T_14.7 ;
    %pushi/vec4 0, 0, 3;
    %store/vec4 v0x34e24ac0_0, 0, 3;
T_14.8 ;
    %jmp T_14.6;
T_14.1 ;
    %load/vec4 v0x34e24c70_0;
    %flag_set/vec4 8;
    %jmp/0xz  T_14.9, 8;
    %pushi/vec4 4, 0, 3;
    %store/vec4 v0x34e24ac0_0, 0, 3;
T_14.9 ;
    %load/vec4 v0x34e24a20_0;
    %flag_set/vec4 8;
    %jmp/0xz  T_14.11, 8;
    %pushi/vec4 2, 0, 3;
    %store/vec4 v0x34e24ac0_0, 0, 3;
    %jmp T_14.12;
T_14.11 ;
    %pushi/vec4 3, 0, 3;
    %store/vec4 v0x34e24ac0_0, 0, 3;
T_14.12 ;
    %jmp T_14.6;
T_14.2 ;
    %pushi/vec4 3, 0, 3;
    %store/vec4 v0x34e24ac0_0, 0, 3;
    %jmp T_14.6;
T_14.3 ;
    %load/vec4 v0x34e24c70_0;
    %flag_set/vec4 8;
    %jmp/0xz  T_14.13, 8;
    %pushi/vec4 4, 0, 3;
    %store/vec4 v0x34e24ac0_0, 0, 3;
    %jmp T_14.14;
T_14.13 ;
    %pushi/vec4 1, 0, 3;
    %store/vec4 v0x34e24ac0_0, 0, 3;
T_14.14 ;
    %jmp T_14.6;
T_14.4 ;
    %load/vec4 v0x34e24710_0;
    %addi 1, 0, 6;
    %store/vec4 v0x34e24710_0, 0, 6;
    %load/vec4 v0x34e24710_0;
    %pad/u 32;
    %cmpi/u 30, 0, 32;
    %flag_or 5, 4; GT is !LE
    %flag_inv 5;
    %flag_mov 8, 5;
    %jmp/0 T_14.15, 8;
    %pushi/vec4 0, 0, 3;
    %jmp/1 T_14.16, 8;
T_14.15 ; End of true expr.
    %pushi/vec4 4, 0, 3;
    %jmp/0 T_14.16, 8;
 ; End of false expr.
    %blend;
T_14.16;
    %store/vec4 v0x34e24ac0_0, 0, 3;
    %jmp T_14.6;
T_14.6 ;
    %pop/vec4 1;
    %jmp T_14;
    .thread T_14;
    .scope S_0x34e24060;
T_15 ;
    %wait E_0x34e229a0;
    %load/vec4 v0x34e24ac0_0;
    %dup/vec4;
    %pushi/vec4 0, 0, 3;
    %cmp/u;
    %jmp/1 T_15.0, 6;
    %dup/vec4;
    %pushi/vec4 1, 0, 3;
    %cmp/u;
    %jmp/1 T_15.1, 6;
    %dup/vec4;
    %pushi/vec4 2, 0, 3;
    %cmp/u;
    %jmp/1 T_15.2, 6;
    %dup/vec4;
    %pushi/vec4 3, 0, 3;
    %cmp/u;
    %jmp/1 T_15.3, 6;
    %dup/vec4;
    %pushi/vec4 4, 0, 3;
    %cmp/u;
    %jmp/1 T_15.4, 6;
    %pushi/vec4 0, 0, 1;
    %store/vec4 v0x34e24650_0, 0, 1;
    %pushi/vec4 0, 0, 1;
    %store/vec4 v0x34e24b80_0, 0, 1;
    %pushi/vec4 0, 0, 1;
    %store/vec4 v0x34e247d0_0, 0, 1;
    %pushi/vec4 0, 0, 1;
    %store/vec4 v0x34e24930_0, 0, 1;
    %pushi/vec4 0, 0, 1;
    %store/vec4 v0x34e24870_0, 0, 1;
    %jmp T_15.6;
T_15.0 ;
    %pushi/vec4 0, 0, 1;
    %store/vec4 v0x34e24650_0, 0, 1;
    %pushi/vec4 0, 0, 1;
    %store/vec4 v0x34e24b80_0, 0, 1;
    %pushi/vec4 0, 0, 1;
    %store/vec4 v0x34e247d0_0, 0, 1;
    %pushi/vec4 1, 0, 1;
    %store/vec4 v0x34e24930_0, 0, 1;
    %pushi/vec4 0, 0, 1;
    %store/vec4 v0x34e24870_0, 0, 1;
    %jmp T_15.6;
T_15.1 ;
    %pushi/vec4 0, 0, 1;
    %store/vec4 v0x34e24650_0, 0, 1;
    %pushi/vec4 0, 0, 1;
    %store/vec4 v0x34e24b80_0, 0, 1;
    %pushi/vec4 0, 0, 1;
    %store/vec4 v0x34e247d0_0, 0, 1;
    %pushi/vec4 0, 0, 1;
    %store/vec4 v0x34e24930_0, 0, 1;
    %pushi/vec4 0, 0, 1;
    %store/vec4 v0x34e24870_0, 0, 1;
    %jmp T_15.6;
T_15.2 ;
    %pushi/vec4 1, 0, 1;
    %store/vec4 v0x34e24650_0, 0, 1;
    %pushi/vec4 0, 0, 1;
    %store/vec4 v0x34e24b80_0, 0, 1;
    %pushi/vec4 0, 0, 1;
    %store/vec4 v0x34e247d0_0, 0, 1;
    %pushi/vec4 0, 0, 1;
    %store/vec4 v0x34e24930_0, 0, 1;
    %pushi/vec4 0, 0, 1;
    %store/vec4 v0x34e24870_0, 0, 1;
    %jmp T_15.6;
T_15.3 ;
    %pushi/vec4 0, 0, 1;
    %store/vec4 v0x34e24650_0, 0, 1;
    %pushi/vec4 1, 0, 1;
    %store/vec4 v0x34e24b80_0, 0, 1;
    %pushi/vec4 1, 0, 1;
    %store/vec4 v0x34e247d0_0, 0, 1;
    %pushi/vec4 0, 0, 1;
    %store/vec4 v0x34e24930_0, 0, 1;
    %pushi/vec4 0, 0, 1;
    %store/vec4 v0x34e24870_0, 0, 1;
    %jmp T_15.6;
T_15.4 ;
    %pushi/vec4 0, 0, 1;
    %store/vec4 v0x34e24650_0, 0, 1;
    %pushi/vec4 0, 0, 1;
    %store/vec4 v0x34e24b80_0, 0, 1;
    %pushi/vec4 0, 0, 1;
    %store/vec4 v0x34e247d0_0, 0, 1;
    %pushi/vec4 0, 0, 1;
    %store/vec4 v0x34e24930_0, 0, 1;
    %pushi/vec4 1, 0, 1;
    %store/vec4 v0x34e24870_0, 0, 1;
    %jmp T_15.6;
T_15.6 ;
    %pop/vec4 1;
    %jmp T_15;
    .thread T_15, $push;
    .scope S_0x34e22200;
T_16 ;
    %wait E_0x34e1ad20;
    %load/vec4 v0x34e27300_0;
    %flag_set/vec4 8;
    %jmp/0xz  T_16.0, 8;
    %load/vec4 v0x34e27150_0;
    %dup/vec4;
    %pushi/vec4 4, 0, 5;
    %cmp/u;
    %jmp/1 T_16.2, 6;
    %dup/vec4;
    %pushi/vec4 8, 0, 5;
    %cmp/u;
    %jmp/1 T_16.3, 6;
    %dup/vec4;
    %pushi/vec4 12, 0, 5;
    %cmp/u;
    %jmp/1 T_16.4, 6;
    %dup/vec4;
    %pushi/vec4 16, 0, 5;
    %cmp/u;
    %jmp/1 T_16.5, 6;
    %dup/vec4;
    %pushi/vec4 20, 0, 5;
    %cmp/u;
    %jmp/1 T_16.6, 6;
    %pushi/vec4 0, 0, 5;
    %store/vec4 v0x34e27760_0, 0, 5;
    %jmp T_16.8;
T_16.2 ;
    %pushi/vec4 1, 0, 5;
    %store/vec4 v0x34e27760_0, 0, 5;
    %jmp T_16.8;
T_16.3 ;
    %pushi/vec4 2, 0, 5;
    %store/vec4 v0x34e27760_0, 0, 5;
    %jmp T_16.8;
T_16.4 ;
    %pushi/vec4 4, 0, 5;
    %store/vec4 v0x34e27760_0, 0, 5;
    %jmp T_16.8;
T_16.5 ;
    %pushi/vec4 8, 0, 5;
    %store/vec4 v0x34e27760_0, 0, 5;
    %jmp T_16.8;
T_16.6 ;
    %pushi/vec4 16, 0, 5;
    %store/vec4 v0x34e27760_0, 0, 5;
    %jmp T_16.8;
T_16.8 ;
    %pop/vec4 1;
    %jmp T_16.1;
T_16.0 ;
    %pushi/vec4 0, 0, 5;
    %store/vec4 v0x34e27760_0, 0, 5;
T_16.1 ;
    %jmp T_16;
    .thread T_16, $push;
    .scope S_0x34e22200;
T_17 ;
    %wait E_0x34e06f80;
    %load/vec4 v0x34e276c0_0;
    %flag_set/vec4 8;
    %jmp/0xz  T_17.0, 8;
    %pushi/vec4 0, 0, 16;
    %assign/vec4 v0x34e26fa0_0, 0;
    %pushi/vec4 0, 0, 16;
    %assign/vec4 v0x34e26e90_0, 0;
    %pushi/vec4 0, 0, 1;
    %assign/vec4 v0x34e27580_0, 0;
    %jmp T_17.1;
T_17.0 ;
    %load/vec4 v0x34e27300_0;
    %flag_set/vec4 9;
    %flag_get/vec4 9;
    %jmp/0 T_17.4, 9;
    %load/vec4 v0x34e27820_0;
    %and;
T_17.4;
    %flag_set/vec4 8;
    %jmp/0xz  T_17.2, 8;
    %load/vec4 v0x34e27760_0;
    %parti/s 1, 0, 2;
    %flag_set/vec4 8;
    %jmp/0 T_17.5, 8;
    %load/vec4 v0x34e273c0_0;
    %jmp/1 T_17.6, 8;
T_17.5 ; End of true expr.
    %load/vec4 v0x34e26fa0_0;
    %jmp/0 T_17.6, 8;
 ; End of false expr.
    %blend;
T_17.6;
    %assign/vec4 v0x34e26fa0_0, 0;
    %load/vec4 v0x34e27760_0;
    %parti/s 1, 1, 2;
    %flag_set/vec4 8;
    %jmp/0 T_17.7, 8;
    %load/vec4 v0x34e273c0_0;
    %jmp/1 T_17.8, 8;
T_17.7 ; End of true expr.
    %load/vec4 v0x34e26e90_0;
    %jmp/0 T_17.8, 8;
 ; End of false expr.
    %blend;
T_17.8;
    %assign/vec4 v0x34e26e90_0, 0;
    %load/vec4 v0x34e27760_0;
    %parti/s 1, 2, 3;
    %flag_set/vec4 8;
    %jmp/0 T_17.9, 8;
    %load/vec4 v0x34e273c0_0;
    %parti/s 1, 0, 2;
    %jmp/1 T_17.10, 8;
T_17.9 ; End of true expr.
    %pushi/vec4 0, 0, 1;
    %jmp/0 T_17.10, 8;
 ; End of false expr.
    %blend;
T_17.10;
    %assign/vec4 v0x34e27580_0, 0;
T_17.2 ;
T_17.1 ;
    %jmp T_17;
    .thread T_17;
    .scope S_0x34e22200;
T_18 ;
    %wait E_0x34e06f80;
    %load/vec4 v0x34e276c0_0;
    %flag_set/vec4 8;
    %jmp/0xz  T_18.0, 8;
    %pushi/vec4 0, 0, 32;
    %assign/vec4 v0x34e274a0_0, 0;
    %jmp T_18.1;
T_18.0 ;
    %load/vec4 v0x34e27300_0;
    %flag_set/vec4 9;
    %flag_get/vec4 9;
    %jmp/0 T_18.4, 9;
    %load/vec4 v0x34e27620_0;
    %and;
T_18.4;
    %flag_set/vec4 8;
    %jmp/0xz  T_18.2, 8;
    %load/vec4 v0x34e27760_0;
    %dup/vec4;
    %pushi/vec4 8, 0, 5;
    %cmp/u;
    %jmp/1 T_18.5, 6;
    %dup/vec4;
    %pushi/vec4 16, 0, 5;
    %cmp/u;
    %jmp/1 T_18.6, 6;
    %pushi/vec4 0, 0, 32;
    %assign/vec4 v0x34e274a0_0, 0;
    %jmp T_18.8;
T_18.5 ;
    %load/vec4 v0x34e27090_0;
    %assign/vec4 v0x34e274a0_0, 0;
    %jmp T_18.8;
T_18.6 ;
    %pushi/vec4 0, 0, 31;
    %load/vec4 v0x34e26d80_0;
    %concat/vec4; draw_concat_vec4
    %assign/vec4 v0x34e274a0_0, 0;
    %jmp T_18.8;
T_18.8 ;
    %pop/vec4 1;
T_18.2 ;
T_18.1 ;
    %jmp T_18;
    .thread T_18;
    .scope S_0x34e1bb00;
T_19 ;
    %wait E_0x34e06f80;
    %load/vec4 v0x34e1c740_0;
    %dup/vec4;
    %pushi/vec4 0, 0, 3;
    %cmp/u;
    %jmp/1 T_19.0, 6;
    %dup/vec4;
    %pushi/vec4 1, 0, 3;
    %cmp/u;
    %jmp/1 T_19.1, 6;
    %dup/vec4;
    %pushi/vec4 2, 0, 3;
    %cmp/u;
    %jmp/1 T_19.2, 6;
    %dup/vec4;
    %pushi/vec4 3, 0, 3;
    %cmp/u;
    %jmp/1 T_19.3, 6;
    %dup/vec4;
    %pushi/vec4 4, 0, 3;
    %cmp/u;
    %jmp/1 T_19.4, 6;
    %dup/vec4;
    %pushi/vec4 5, 0, 3;
    %cmp/u;
    %jmp/1 T_19.5, 6;
    %pushi/vec4 0, 0, 3;
    %store/vec4 v0x34e1c740_0, 0, 3;
    %jmp T_19.7;
T_19.0 ;
    %pushi/vec4 0, 0, 6;
    %store/vec4 v0x34e1c290_0, 0, 6;
    %load/vec4 v0x34e1cb50_0;
    %flag_set/vec4 8;
    %jmp/0xz  T_19.8, 8;
    %pushi/vec4 1, 0, 3;
    %store/vec4 v0x34e1c740_0, 0, 3;
    %jmp T_19.9;
T_19.8 ;
    %pushi/vec4 0, 0, 3;
    %store/vec4 v0x34e1c740_0, 0, 3;
T_19.9 ;
    %jmp T_19.7;
T_19.1 ;
    %pushi/vec4 2, 0, 3;
    %store/vec4 v0x34e1c740_0, 0, 3;
    %jmp T_19.7;
T_19.2 ;
    %load/vec4 v0x34e1c8e0_0;
    %load/vec4 v0x34e1cab0_0;
    %and;
    %flag_set/vec4 8;
    %jmp/0xz  T_19.10, 8;
    %pushi/vec4 4, 0, 3;
    %store/vec4 v0x34e1c740_0, 0, 3;
    %jmp T_19.11;
T_19.10 ;
    %load/vec4 v0x34e1c8e0_0;
    %flag_set/vec4 8;
    %jmp/0xz  T_19.12, 8;
    %pushi/vec4 5, 0, 3;
    %store/vec4 v0x34e1c740_0, 0, 3;
    %jmp T_19.13;
T_19.12 ;
    %load/vec4 v0x34e1c680_0;
    %flag_set/vec4 8;
    %jmp/0xz  T_19.14, 8;
    %pushi/vec4 1, 0, 3;
    %store/vec4 v0x34e1c740_0, 0, 3;
    %jmp T_19.15;
T_19.14 ;
    %pushi/vec4 3, 0, 3;
    %store/vec4 v0x34e1c740_0, 0, 3;
T_19.15 ;
T_19.13 ;
T_19.11 ;
    %jmp T_19.7;
T_19.3 ;
    %pushi/vec4 1, 0, 3;
    %store/vec4 v0x34e1c740_0, 0, 3;
    %jmp T_19.7;
T_19.4 ;
    %pushi/vec4 5, 0, 3;
    %store/vec4 v0x34e1c740_0, 0, 3;
    %jmp T_19.7;
T_19.5 ;
    %load/vec4 v0x34e1c290_0;
    %addi 1, 0, 6;
    %store/vec4 v0x34e1c290_0, 0, 6;
    %load/vec4 v0x34e1c290_0;
    %pad/u 32;
    %cmpi/u 30, 0, 32;
    %flag_or 5, 4; GT is !LE
    %flag_inv 5;
    %flag_mov 8, 5;
    %jmp/0 T_19.16, 8;
    %pushi/vec4 0, 0, 3;
    %jmp/1 T_19.17, 8;
T_19.16 ; End of true expr.
    %pushi/vec4 5, 0, 3;
    %jmp/0 T_19.17, 8;
 ; End of false expr.
    %blend;
T_19.17;
    %store/vec4 v0x34e1c740_0, 0, 3;
    %jmp T_19.7;
T_19.7 ;
    %pop/vec4 1;
    %jmp T_19;
    .thread T_19;
    .scope S_0x34e1bb00;
T_20 ;
    %wait E_0x34e1c230;
    %load/vec4 v0x34e1c740_0;
    %dup/vec4;
    %pushi/vec4 0, 0, 3;
    %cmp/u;
    %jmp/1 T_20.0, 6;
    %dup/vec4;
    %pushi/vec4 1, 0, 3;
    %cmp/u;
    %jmp/1 T_20.1, 6;
    %dup/vec4;
    %pushi/vec4 2, 0, 3;
    %cmp/u;
    %jmp/1 T_20.2, 6;
    %dup/vec4;
    %pushi/vec4 3, 0, 3;
    %cmp/u;
    %jmp/1 T_20.3, 6;
    %dup/vec4;
    %pushi/vec4 4, 0, 3;
    %cmp/u;
    %jmp/1 T_20.4, 6;
    %dup/vec4;
    %pushi/vec4 5, 0, 3;
    %cmp/u;
    %jmp/1 T_20.5, 6;
    %pushi/vec4 0, 0, 1;
    %store/vec4 v0x34e1c590_0, 0, 1;
    %pushi/vec4 0, 0, 1;
    %store/vec4 v0x34e1c820_0, 0, 1;
    %pushi/vec4 0, 0, 1;
    %store/vec4 v0x34e1c390_0, 0, 1;
    %pushi/vec4 0, 0, 1;
    %store/vec4 v0x34e1c4f0_0, 0, 1;
    %pushi/vec4 0, 0, 1;
    %store/vec4 v0x34e1c450_0, 0, 1;
    %jmp T_20.7;
T_20.0 ;
    %pushi/vec4 0, 0, 1;
    %store/vec4 v0x34e1c590_0, 0, 1;
    %pushi/vec4 0, 0, 1;
    %store/vec4 v0x34e1c820_0, 0, 1;
    %pushi/vec4 0, 0, 1;
    %store/vec4 v0x34e1c390_0, 0, 1;
    %pushi/vec4 0, 0, 1;
    %store/vec4 v0x34e1c4f0_0, 0, 1;
    %pushi/vec4 0, 0, 1;
    %store/vec4 v0x34e1c450_0, 0, 1;
    %jmp T_20.7;
T_20.1 ;
    %pushi/vec4 0, 0, 1;
    %store/vec4 v0x34e1c590_0, 0, 1;
    %pushi/vec4 1, 0, 1;
    %store/vec4 v0x34e1c820_0, 0, 1;
    %pushi/vec4 1, 0, 1;
    %store/vec4 v0x34e1c390_0, 0, 1;
    %pushi/vec4 0, 0, 1;
    %store/vec4 v0x34e1c4f0_0, 0, 1;
    %pushi/vec4 0, 0, 1;
    %store/vec4 v0x34e1c450_0, 0, 1;
    %jmp T_20.7;
T_20.2 ;
    %pushi/vec4 0, 0, 1;
    %store/vec4 v0x34e1c590_0, 0, 1;
    %pushi/vec4 0, 0, 1;
    %store/vec4 v0x34e1c820_0, 0, 1;
    %pushi/vec4 0, 0, 1;
    %store/vec4 v0x34e1c390_0, 0, 1;
    %pushi/vec4 0, 0, 1;
    %store/vec4 v0x34e1c4f0_0, 0, 1;
    %pushi/vec4 0, 0, 1;
    %store/vec4 v0x34e1c450_0, 0, 1;
    %jmp T_20.7;
T_20.3 ;
    %pushi/vec4 1, 0, 1;
    %store/vec4 v0x34e1c590_0, 0, 1;
    %pushi/vec4 0, 0, 1;
    %store/vec4 v0x34e1c820_0, 0, 1;
    %pushi/vec4 0, 0, 1;
    %store/vec4 v0x34e1c390_0, 0, 1;
    %pushi/vec4 1, 0, 1;
    %store/vec4 v0x34e1c4f0_0, 0, 1;
    %pushi/vec4 0, 0, 1;
    %store/vec4 v0x34e1c450_0, 0, 1;
    %jmp T_20.7;
T_20.4 ;
    %pushi/vec4 0, 0, 1;
    %store/vec4 v0x34e1c590_0, 0, 1;
    %pushi/vec4 0, 0, 1;
    %store/vec4 v0x34e1c820_0, 0, 1;
    %pushi/vec4 0, 0, 1;
    %store/vec4 v0x34e1c390_0, 0, 1;
    %pushi/vec4 0, 0, 1;
    %store/vec4 v0x34e1c4f0_0, 0, 1;
    %pushi/vec4 0, 0, 1;
    %store/vec4 v0x34e1c450_0, 0, 1;
    %jmp T_20.7;
T_20.5 ;
    %pushi/vec4 0, 0, 1;
    %store/vec4 v0x34e1c590_0, 0, 1;
    %pushi/vec4 0, 0, 1;
    %store/vec4 v0x34e1c820_0, 0, 1;
    %pushi/vec4 0, 0, 1;
    %store/vec4 v0x34e1c390_0, 0, 1;
    %pushi/vec4 0, 0, 1;
    %store/vec4 v0x34e1c4f0_0, 0, 1;
    %pushi/vec4 1, 0, 1;
    %store/vec4 v0x34e1c450_0, 0, 1;
    %jmp T_20.7;
T_20.7 ;
    %pop/vec4 1;
    %jmp T_20;
    .thread T_20, $push;
    .scope S_0x34e1ae50;
T_21 ;
    %wait E_0x34e06f80;
    %load/vec4 v0x34e1b130_0;
    %flag_set/vec4 8;
    %jmp/0xz  T_21.0, 8;
    %pushi/vec4 32, 0, 6;
    %assign/vec4 v0x34e1b980_0, 0;
    %jmp T_21.1;
T_21.0 ;
    %load/vec4 v0x34e1b050_0;
    %flag_set/vec4 8;
    %jmp/0xz  T_21.2, 8;
    %load/vec4 v0x34e1b980_0;
    %subi 1, 0, 6;
    %assign/vec4 v0x34e1b980_0, 0;
T_21.2 ;
T_21.1 ;
    %jmp T_21;
    .thread T_21;
    .scope S_0x34e1e570;
T_22 ;
    %wait E_0x34e06f80;
    %load/vec4 v0x34e1eab0_0;
    %flag_set/vec4 8;
    %jmp/0xz  T_22.0, 8;
    %load/vec4 v0x34e1e9f0_0;
    %assign/vec4 v0x34e1ebf0_0, 0;
    %load/vec4 v0x34e1e9f0_0;
    %parti/s 1, 31, 6;
    %assign/vec4 v0x34e1eb50_0, 0;
    %jmp T_22.1;
T_22.0 ;
    %load/vec4 v0x34e1ece0_0;
    %flag_set/vec4 8;
    %jmp/0xz  T_22.2, 8;
    %load/vec4 v0x34e1ebf0_0;
    %parti/s 31, 0, 2;
    %concati/vec4 0, 0, 1;
    %assign/vec4 v0x34e1ebf0_0, 0;
    %load/vec4 v0x34e1ebf0_0;
    %parti/s 1, 30, 6;
    %assign/vec4 v0x34e1eb50_0, 0;
    %jmp T_22.3;
T_22.2 ;
    %load/vec4 v0x34e1e930_0;
    %flag_set/vec4 8;
    %jmp/0xz  T_22.4, 8;
    %pushi/vec4 1, 0, 1;
    %ix/load 4, 0, 0;
    %ix/load 5, 0, 0;
    %flag_set/imm 4, 0;
    %assign/vec4/off/d v0x34e1ebf0_0, 4, 5;
T_22.4 ;
T_22.3 ;
T_22.1 ;
    %jmp T_22;
    .thread T_22;
    .scope S_0x34e1db80;
T_23 ;
    %wait E_0x34e06f80;
    %load/vec4 v0x34e1df30_0;
    %flag_set/vec4 8;
    %jmp/0xz  T_23.0, 8;
    %pushi/vec4 0, 0, 32;
    %assign/vec4 v0x34e1e1a0_0, 0;
    %jmp T_23.1;
T_23.0 ;
    %load/vec4 v0x34e1e040_0;
    %flag_set/vec4 8;
    %jmp/0xz  T_23.2, 8;
    %load/vec4 v0x34e1e330_0;
    %assign/vec4 v0x34e1e1a0_0, 0;
    %jmp T_23.3;
T_23.2 ;
    %load/vec4 v0x34e1e240_0;
    %flag_set/vec4 8;
    %jmp/0xz  T_23.4, 8;
    %load/vec4 v0x34e1e1a0_0;
    %parti/s 31, 0, 2;
    %load/vec4 v0x34e1e100_0;
    %concat/vec4; draw_concat_vec4
    %assign/vec4 v0x34e1e1a0_0, 0;
T_23.4 ;
T_23.3 ;
T_23.1 ;
    %jmp T_23;
    .thread T_23;
    .scope S_0x34e1a710;
T_24 ;
    %wait E_0x34e1aa00;
    %load/vec4 v0x34e219a0_0;
    %flag_set/vec4 8;
    %jmp/0xz  T_24.0, 8;
    %load/vec4 v0x34e21610_0;
    %dup/vec4;
    %pushi/vec4 4, 0, 5;
    %cmp/u;
    %jmp/1 T_24.2, 6;
    %dup/vec4;
    %pushi/vec4 8, 0, 5;
    %cmp/u;
    %jmp/1 T_24.3, 6;
    %dup/vec4;
    %pushi/vec4 12, 0, 5;
    %cmp/u;
    %jmp/1 T_24.4, 6;
    %dup/vec4;
    %pushi/vec4 16, 0, 5;
    %cmp/u;
    %jmp/1 T_24.5, 6;
    %dup/vec4;
    %pushi/vec4 20, 0, 5;
    %cmp/u;
    %jmp/1 T_24.6, 6;
    %dup/vec4;
    %pushi/vec4 24, 0, 5;
    %cmp/u;
    %jmp/1 T_24.7, 6;
    %pushi/vec4 0, 0, 6;
    %store/vec4 v0x34e21ee0_0, 0, 6;
    %jmp T_24.9;
T_24.2 ;
    %pushi/vec4 1, 0, 6;
    %store/vec4 v0x34e21ee0_0, 0, 6;
    %jmp T_24.9;
T_24.3 ;
    %pushi/vec4 2, 0, 6;
    %store/vec4 v0x34e21ee0_0, 0, 6;
    %jmp T_24.9;
T_24.4 ;
    %pushi/vec4 4, 0, 6;
    %store/vec4 v0x34e21ee0_0, 0, 6;
    %jmp T_24.9;
T_24.5 ;
    %pushi/vec4 8, 0, 6;
    %store/vec4 v0x34e21ee0_0, 0, 6;
    %jmp T_24.9;
T_24.6 ;
    %pushi/vec4 16, 0, 6;
    %store/vec4 v0x34e21ee0_0, 0, 6;
    %jmp T_24.9;
T_24.7 ;
    %pushi/vec4 32, 0, 6;
    %store/vec4 v0x34e21ee0_0, 0, 6;
    %jmp T_24.9;
T_24.9 ;
    %pop/vec4 1;
    %jmp T_24.1;
T_24.0 ;
    %pushi/vec4 0, 0, 6;
    %store/vec4 v0x34e21ee0_0, 0, 6;
T_24.1 ;
    %jmp T_24;
    .thread T_24, $push;
    .scope S_0x34e1a710;
T_25 ;
    %wait E_0x34e06f80;
    %load/vec4 v0x34e21e20_0;
    %flag_set/vec4 8;
    %jmp/0xz  T_25.0, 8;
    %pushi/vec4 0, 0, 24;
    %assign/vec4 v0x34e212e0_0, 0;
    %pushi/vec4 0, 0, 24;
    %assign/vec4 v0x34e21200_0, 0;
    %pushi/vec4 0, 0, 1;
    %assign/vec4 v0x34e21c90_0, 0;
    %jmp T_25.1;
T_25.0 ;
    %load/vec4 v0x34e219a0_0;
    %flag_set/vec4 9;
    %flag_get/vec4 9;
    %jmp/0 T_25.4, 9;
    %load/vec4 v0x34e21fc0_0;
    %and;
T_25.4;
    %flag_set/vec4 8;
    %jmp/0xz  T_25.2, 8;
    %load/vec4 v0x34e21ee0_0;
    %parti/s 1, 0, 2;
    %flag_set/vec4 8;
    %jmp/0 T_25.5, 8;
    %load/vec4 v0x34e21a60_0;
    %jmp/1 T_25.6, 8;
T_25.5 ; End of true expr.
    %load/vec4 v0x34e212e0_0;
    %pad/u 32;
    %jmp/0 T_25.6, 8;
 ; End of false expr.
    %blend;
T_25.6;
    %pad/u 24;
    %assign/vec4 v0x34e212e0_0, 0;
    %load/vec4 v0x34e21ee0_0;
    %parti/s 1, 1, 2;
    %flag_set/vec4 8;
    %jmp/0 T_25.7, 8;
    %load/vec4 v0x34e21a60_0;
    %jmp/1 T_25.8, 8;
T_25.7 ; End of true expr.
    %load/vec4 v0x34e21200_0;
    %pad/u 32;
    %jmp/0 T_25.8, 8;
 ; End of false expr.
    %blend;
T_25.8;
    %pad/u 24;
    %assign/vec4 v0x34e21200_0, 0;
    %load/vec4 v0x34e21ee0_0;
    %parti/s 1, 2, 3;
    %flag_set/vec4 8;
    %jmp/0 T_25.9, 8;
    %load/vec4 v0x34e21a60_0;
    %parti/s 1, 0, 2;
    %jmp/1 T_25.10, 8;
T_25.9 ; End of true expr.
    %pushi/vec4 0, 0, 1;
    %jmp/0 T_25.10, 8;
 ; End of false expr.
    %blend;
T_25.10;
    %assign/vec4 v0x34e21c90_0, 0;
T_25.2 ;
T_25.1 ;
    %jmp T_25;
    .thread T_25;
    .scope S_0x34e1a710;
T_26 ;
    %wait E_0x34e06f80;
    %load/vec4 v0x34e21e20_0;
    %flag_set/vec4 8;
    %jmp/0xz  T_26.0, 8;
    %pushi/vec4 0, 0, 32;
    %assign/vec4 v0x34e21bb0_0, 0;
    %jmp T_26.1;
T_26.0 ;
    %load/vec4 v0x34e219a0_0;
    %flag_set/vec4 9;
    %flag_get/vec4 9;
    %jmp/0 T_26.4, 9;
    %load/vec4 v0x34e21d30_0;
    %and;
T_26.4;
    %flag_set/vec4 8;
    %jmp/0xz  T_26.2, 8;
    %load/vec4 v0x34e21ee0_0;
    %dup/vec4;
    %pushi/vec4 8, 0, 6;
    %cmp/u;
    %jmp/1 T_26.5, 6;
    %dup/vec4;
    %pushi/vec4 16, 0, 6;
    %cmp/u;
    %jmp/1 T_26.6, 6;
    %dup/vec4;
    %pushi/vec4 32, 0, 6;
    %cmp/u;
    %jmp/1 T_26.7, 6;
    %pushi/vec4 0, 0, 32;
    %assign/vec4 v0x34e21bb0_0, 0;
    %jmp T_26.9;
T_26.5 ;
    %load/vec4 v0x34e214b0_0;
    %assign/vec4 v0x34e21bb0_0, 0;
    %jmp T_26.9;
T_26.6 ;
    %load/vec4 v0x34e213a0_0;
    %assign/vec4 v0x34e21bb0_0, 0;
    %jmp T_26.9;
T_26.7 ;
    %pushi/vec4 0, 0, 31;
    %load/vec4 v0x34e21140_0;
    %concat/vec4; draw_concat_vec4
    %assign/vec4 v0x34e21bb0_0, 0;
    %jmp T_26.9;
T_26.9 ;
    %pop/vec4 1;
T_26.2 ;
T_26.1 ;
    %jmp T_26;
    .thread T_26;
    .scope S_0x34e27ff0;
T_27 ;
    %wait E_0x34e06f80;
    %load/vec4 v0x34e28ec0_0;
    %dup/vec4;
    %pushi/vec4 0, 0, 3;
    %cmp/u;
    %jmp/1 T_27.0, 6;
    %dup/vec4;
    %pushi/vec4 1, 0, 3;
    %cmp/u;
    %jmp/1 T_27.1, 6;
    %dup/vec4;
    %pushi/vec4 2, 0, 3;
    %cmp/u;
    %jmp/1 T_27.2, 6;
    %dup/vec4;
    %pushi/vec4 3, 0, 3;
    %cmp/u;
    %jmp/1 T_27.3, 6;
    %dup/vec4;
    %pushi/vec4 5, 0, 3;
    %cmp/u;
    %jmp/1 T_27.4, 6;
    %dup/vec4;
    %pushi/vec4 6, 0, 3;
    %cmp/u;
    %jmp/1 T_27.5, 6;
    %dup/vec4;
    %pushi/vec4 4, 0, 3;
    %cmp/u;
    %jmp/1 T_27.6, 6;
    %dup/vec4;
    %pushi/vec4 7, 0, 3;
    %cmp/u;
    %jmp/1 T_27.7, 6;
    %pushi/vec4 0, 0, 3;
    %store/vec4 v0x34e28ec0_0, 0, 3;
    %jmp T_27.9;
T_27.0 ;
    %load/vec4 v0x34e28ad0_0;
    %flag_set/vec4 8;
    %jmp/0xz  T_27.10, 8;
    %pushi/vec4 1, 0, 3;
    %store/vec4 v0x34e28ec0_0, 0, 3;
    %jmp T_27.11;
T_27.10 ;
    %pushi/vec4 0, 0, 3;
    %store/vec4 v0x34e28ec0_0, 0, 3;
T_27.11 ;
    %pushi/vec4 0, 0, 6;
    %store/vec4 v0x34e29270_0, 0, 6;
    %jmp T_27.9;
T_27.1 ;
    %pushi/vec4 2, 0, 3;
    %store/vec4 v0x34e28ec0_0, 0, 3;
    %jmp T_27.9;
T_27.2 ;
    %pushi/vec4 3, 0, 3;
    %store/vec4 v0x34e28ec0_0, 0, 3;
    %jmp T_27.9;
T_27.3 ;
    %load/vec4 v0x34e28e00_0;
    %flag_set/vec4 8;
    %jmp/0xz  T_27.12, 8;
    %pushi/vec4 5, 0, 3;
    %store/vec4 v0x34e28ec0_0, 0, 3;
    %jmp T_27.13;
T_27.12 ;
    %load/vec4 v0x34e28e00_0;
    %nor/r;
    %flag_set/vec4 8;
    %jmp/0xz  T_27.14, 8;
    %pushi/vec4 6, 0, 3;
    %store/vec4 v0x34e28ec0_0, 0, 3;
T_27.14 ;
T_27.13 ;
    %jmp T_27.9;
T_27.4 ;
    %pushi/vec4 4, 0, 3;
    %store/vec4 v0x34e28ec0_0, 0, 3;
    %jmp T_27.9;
T_27.5 ;
    %pushi/vec4 4, 0, 3;
    %store/vec4 v0x34e28ec0_0, 0, 3;
    %jmp T_27.9;
T_27.6 ;
    %load/vec4 v0x34e291b0_0;
    %nor/r;
    %flag_set/vec4 8;
    %jmp/0xz  T_27.16, 8;
    %pushi/vec4 1, 0, 3;
    %store/vec4 v0x34e28ec0_0, 0, 3;
    %jmp T_27.17;
T_27.16 ;
    %load/vec4 v0x34e291b0_0;
    %flag_set/vec4 8;
    %jmp/0xz  T_27.18, 8;
    %pushi/vec4 7, 0, 3;
    %store/vec4 v0x34e28ec0_0, 0, 3;
T_27.18 ;
T_27.17 ;
    %jmp T_27.9;
T_27.7 ;
    %load/vec4 v0x34e29270_0;
    %addi 1, 0, 6;
    %store/vec4 v0x34e29270_0, 0, 6;
    %load/vec4 v0x34e29270_0;
    %pad/u 32;
    %cmpi/u 30, 0, 32;
    %flag_or 5, 4; GT is !LE
    %flag_inv 5;
    %flag_mov 8, 5;
    %jmp/0 T_27.20, 8;
    %pushi/vec4 0, 0, 3;
    %jmp/1 T_27.21, 8;
T_27.20 ; End of true expr.
    %pushi/vec4 7, 0, 3;
    %jmp/0 T_27.21, 8;
 ; End of false expr.
    %blend;
T_27.21;
    %store/vec4 v0x34e28ec0_0, 0, 3;
    %jmp T_27.9;
T_27.9 ;
    %pop/vec4 1;
    %jmp T_27;
    .thread T_27;
    .scope S_0x34e27ff0;
T_28 ;
    %wait E_0x34e288f0;
    %load/vec4 v0x34e28ec0_0;
    %dup/vec4;
    %pushi/vec4 0, 0, 3;
    %cmp/u;
    %jmp/1 T_28.0, 6;
    %dup/vec4;
    %pushi/vec4 1, 0, 3;
    %cmp/u;
    %jmp/1 T_28.1, 6;
    %dup/vec4;
    %pushi/vec4 2, 0, 3;
    %cmp/u;
    %jmp/1 T_28.2, 6;
    %dup/vec4;
    %pushi/vec4 3, 0, 3;
    %cmp/u;
    %jmp/1 T_28.3, 6;
    %dup/vec4;
    %pushi/vec4 5, 0, 3;
    %cmp/u;
    %jmp/1 T_28.4, 6;
    %dup/vec4;
    %pushi/vec4 6, 0, 3;
    %cmp/u;
    %jmp/1 T_28.5, 6;
    %dup/vec4;
    %pushi/vec4 4, 0, 3;
    %cmp/u;
    %jmp/1 T_28.6, 6;
    %dup/vec4;
    %pushi/vec4 7, 0, 3;
    %cmp/u;
    %jmp/1 T_28.7, 6;
    %pushi/vec4 0, 0, 1;
    %store/vec4 v0x34e28a10_0, 0, 1;
    %pushi/vec4 0, 0, 1;
    %store/vec4 v0x34e28d40_0, 0, 1;
    %pushi/vec4 0, 0, 1;
    %store/vec4 v0x34e28fa0_0, 0, 1;
    %pushi/vec4 0, 0, 1;
    %store/vec4 v0x34e290f0_0, 0, 1;
    %pushi/vec4 0, 0, 1;
    %store/vec4 v0x34e28b70_0, 0, 1;
    %pushi/vec4 0, 0, 1;
    %store/vec4 v0x34e28c30_0, 0, 1;
    %jmp T_28.9;
T_28.0 ;
    %pushi/vec4 0, 0, 1;
    %store/vec4 v0x34e28a10_0, 0, 1;
    %pushi/vec4 0, 0, 1;
    %store/vec4 v0x34e28d40_0, 0, 1;
    %pushi/vec4 0, 0, 1;
    %store/vec4 v0x34e28fa0_0, 0, 1;
    %pushi/vec4 0, 0, 1;
    %store/vec4 v0x34e290f0_0, 0, 1;
    %pushi/vec4 1, 0, 1;
    %store/vec4 v0x34e28b70_0, 0, 1;
    %pushi/vec4 0, 0, 1;
    %store/vec4 v0x34e28c30_0, 0, 1;
    %jmp T_28.9;
T_28.1 ;
    %pushi/vec4 0, 0, 1;
    %store/vec4 v0x34e28a10_0, 0, 1;
    %pushi/vec4 0, 0, 1;
    %store/vec4 v0x34e28d40_0, 0, 1;
    %pushi/vec4 0, 0, 1;
    %store/vec4 v0x34e28fa0_0, 0, 1;
    %pushi/vec4 1, 0, 1;
    %store/vec4 v0x34e290f0_0, 0, 1;
    %pushi/vec4 0, 0, 1;
    %store/vec4 v0x34e28b70_0, 0, 1;
    %pushi/vec4 0, 0, 1;
    %store/vec4 v0x34e28c30_0, 0, 1;
    %jmp T_28.9;
T_28.2 ;
    %pushi/vec4 0, 0, 1;
    %store/vec4 v0x34e28a10_0, 0, 1;
    %pushi/vec4 1, 0, 1;
    %store/vec4 v0x34e28d40_0, 0, 1;
    %pushi/vec4 0, 0, 1;
    %store/vec4 v0x34e28fa0_0, 0, 1;
    %pushi/vec4 0, 0, 1;
    %store/vec4 v0x34e290f0_0, 0, 1;
    %pushi/vec4 0, 0, 1;
    %store/vec4 v0x34e28b70_0, 0, 1;
    %pushi/vec4 0, 0, 1;
    %store/vec4 v0x34e28c30_0, 0, 1;
    %jmp T_28.9;
T_28.3 ;
    %pushi/vec4 0, 0, 1;
    %store/vec4 v0x34e28a10_0, 0, 1;
    %pushi/vec4 0, 0, 1;
    %store/vec4 v0x34e28d40_0, 0, 1;
    %pushi/vec4 0, 0, 1;
    %store/vec4 v0x34e28fa0_0, 0, 1;
    %pushi/vec4 0, 0, 1;
    %store/vec4 v0x34e290f0_0, 0, 1;
    %pushi/vec4 0, 0, 1;
    %store/vec4 v0x34e28b70_0, 0, 1;
    %pushi/vec4 0, 0, 1;
    %store/vec4 v0x34e28c30_0, 0, 1;
    %jmp T_28.9;
T_28.4 ;
    %pushi/vec4 0, 0, 1;
    %store/vec4 v0x34e28a10_0, 0, 1;
    %pushi/vec4 0, 0, 1;
    %store/vec4 v0x34e28d40_0, 0, 1;
    %pushi/vec4 0, 0, 1;
    %store/vec4 v0x34e28fa0_0, 0, 1;
    %pushi/vec4 0, 0, 1;
    %store/vec4 v0x34e290f0_0, 0, 1;
    %pushi/vec4 0, 0, 1;
    %store/vec4 v0x34e28b70_0, 0, 1;
    %pushi/vec4 1, 0, 1;
    %store/vec4 v0x34e28c30_0, 0, 1;
    %jmp T_28.9;
T_28.5 ;
    %pushi/vec4 0, 0, 1;
    %store/vec4 v0x34e28a10_0, 0, 1;
    %pushi/vec4 0, 0, 1;
    %store/vec4 v0x34e28d40_0, 0, 1;
    %pushi/vec4 1, 0, 1;
    %store/vec4 v0x34e28fa0_0, 0, 1;
    %pushi/vec4 0, 0, 1;
    %store/vec4 v0x34e290f0_0, 0, 1;
    %pushi/vec4 0, 0, 1;
    %store/vec4 v0x34e28b70_0, 0, 1;
    %pushi/vec4 1, 0, 1;
    %store/vec4 v0x34e28c30_0, 0, 1;
    %jmp T_28.9;
T_28.6 ;
    %pushi/vec4 0, 0, 1;
    %store/vec4 v0x34e28a10_0, 0, 1;
    %pushi/vec4 0, 0, 1;
    %store/vec4 v0x34e28d40_0, 0, 1;
    %pushi/vec4 0, 0, 1;
    %store/vec4 v0x34e28fa0_0, 0, 1;
    %pushi/vec4 0, 0, 1;
    %store/vec4 v0x34e290f0_0, 0, 1;
    %pushi/vec4 0, 0, 1;
    %store/vec4 v0x34e28b70_0, 0, 1;
    %pushi/vec4 0, 0, 1;
    %store/vec4 v0x34e28c30_0, 0, 1;
    %jmp T_28.9;
T_28.7 ;
    %pushi/vec4 1, 0, 1;
    %store/vec4 v0x34e28a10_0, 0, 1;
    %pushi/vec4 0, 0, 1;
    %store/vec4 v0x34e28d40_0, 0, 1;
    %pushi/vec4 0, 0, 1;
    %store/vec4 v0x34e28fa0_0, 0, 1;
    %pushi/vec4 0, 0, 1;
    %store/vec4 v0x34e290f0_0, 0, 1;
    %pushi/vec4 0, 0, 1;
    %store/vec4 v0x34e28b70_0, 0, 1;
    %pushi/vec4 0, 0, 1;
    %store/vec4 v0x34e28c30_0, 0, 1;
    %jmp T_28.9;
T_28.9 ;
    %pop/vec4 1;
    %jmp T_28;
    .thread T_28, $push;
    .scope S_0x34e29490;
T_29 ;
    %wait E_0x34e06f80;
    %load/vec4 v0x34e29770_0;
    %flag_set/vec4 8;
    %jmp/0xz  T_29.0, 8;
    %pushi/vec4 8, 0, 5;
    %assign/vec4 v0x34e29970_0, 0;
    %pushi/vec4 0, 0, 1;
    %assign/vec4 v0x34e298d0_0, 0;
    %jmp T_29.1;
T_29.0 ;
    %load/vec4 v0x34e29830_0;
    %flag_set/vec4 8;
    %jmp/0xz  T_29.2, 8;
    %load/vec4 v0x34e29970_0;
    %pad/u 32;
    %cmpi/u 0, 0, 32;
    %flag_or 5, 4; GT is !LE
    %flag_inv 5;
    %jmp/0xz  T_29.4, 5;
    %load/vec4 v0x34e29970_0;
    %subi 1, 0, 5;
    %assign/vec4 v0x34e29970_0, 0;
T_29.4 ;
    %load/vec4 v0x34e29970_0;
    %pad/u 32;
    %cmpi/e 1, 0, 32;
    %jmp/0xz  T_29.6, 4;
    %pushi/vec4 1, 0, 1;
    %assign/vec4 v0x34e298d0_0, 0;
T_29.6 ;
T_29.2 ;
T_29.1 ;
    %jmp T_29;
    .thread T_29;
    .scope S_0x34e29a80;
T_30 ;
    %wait E_0x34e06f80;
    %load/vec4 v0x34e29f60_0;
    %flag_set/vec4 8;
    %jmp/0xz  T_30.0, 8;
    %pushi/vec4 0, 0, 16;
    %assign/vec4 v0x34e29dc0_0, 0;
    %load/vec4 v0x34e2a1e0_0;
    %assign/vec4 v0x34e2a410_0, 0;
    %jmp T_30.1;
T_30.0 ;
    %load/vec4 v0x34e2a050_0;
    %flag_set/vec4 9;
    %flag_get/vec4 9;
    %jmp/0 T_30.4, 9;
    %load/vec4 v0x34e2a0f0_0;
    %nor/r;
    %and;
T_30.4;
    %flag_set/vec4 8;
    %jmp/0xz  T_30.2, 8;
    %load/vec4 v0x34e2a370_0;
    %assign/vec4 v0x34e29dc0_0, 0;
    %jmp T_30.3;
T_30.2 ;
    %load/vec4 v0x34e2a280_0;
    %flag_set/vec4 8;
    %jmp/0xz  T_30.5, 8;
    %load/vec4 v0x34e29dc0_0;
    %load/vec4 v0x34e2a410_0;
    %concat/vec4; draw_concat_vec4
    %ix/load 4, 2, 0;
    %flag_set/imm 4, 0;
    %shiftl 4;
    %split/vec4 16;
    %assign/vec4 v0x34e2a410_0, 0;
    %assign/vec4 v0x34e29dc0_0, 0;
T_30.5 ;
T_30.3 ;
T_30.1 ;
    %jmp T_30;
    .thread T_30;
    .scope S_0x34e2a680;
T_31 ;
    %wait E_0x34e06f80;
    %load/vec4 v0x34e2a980_0;
    %flag_set/vec4 8;
    %jmp/0xz  T_31.0, 8;
    %pushi/vec4 0, 0, 16;
    %assign/vec4 v0x34e2abd0_0, 0;
    %jmp T_31.1;
T_31.0 ;
    %load/vec4 v0x34e2aa40_0;
    %flag_set/vec4 8;
    %jmp/0xz  T_31.2, 8;
    %load/vec4 v0x34e2abd0_0;
    %parti/s 15, 0, 2;
    %load/vec4 v0x34e2ab30_0;
    %concat/vec4; draw_concat_vec4
    %assign/vec4 v0x34e2abd0_0, 0;
T_31.2 ;
T_31.1 ;
    %jmp T_31;
    .thread T_31;
    .scope S_0x34e2ad40;
T_32 ;
    %wait E_0x34e06f80;
    %load/vec4 v0x34e2b0e0_0;
    %flag_set/vec4 8;
    %jmp/0xz  T_32.0, 8;
    %pushi/vec4 0, 0, 16;
    %assign/vec4 v0x34e2b3d0_0, 0;
    %jmp T_32.1;
T_32.0 ;
    %load/vec4 v0x34e2b230_0;
    %flag_set/vec4 8;
    %jmp/0xz  T_32.2, 8;
    %load/vec4 v0x34e2b300_0;
    %assign/vec4 v0x34e2b3d0_0, 0;
T_32.2 ;
T_32.1 ;
    %jmp T_32;
    .thread T_32;
    .scope S_0x34e27a10;
T_33 ;
    %wait E_0x34e22670;
    %load/vec4 v0x34e2d340_0;
    %flag_set/vec4 8;
    %jmp/0xz  T_33.0, 8;
    %load/vec4 v0x34e2d260_0;
    %dup/vec4;
    %pushi/vec4 4, 0, 5;
    %cmp/u;
    %jmp/1 T_33.2, 6;
    %dup/vec4;
    %pushi/vec4 8, 0, 5;
    %cmp/u;
    %jmp/1 T_33.3, 6;
    %dup/vec4;
    %pushi/vec4 12, 0, 5;
    %cmp/u;
    %jmp/1 T_33.4, 6;
    %dup/vec4;
    %pushi/vec4 16, 0, 5;
    %cmp/u;
    %jmp/1 T_33.5, 6;
    %pushi/vec4 0, 0, 5;
    %store/vec4 v0x34e2d840_0, 0, 5;
    %jmp T_33.7;
T_33.2 ;
    %pushi/vec4 1, 0, 5;
    %store/vec4 v0x34e2d840_0, 0, 5;
    %jmp T_33.7;
T_33.3 ;
    %pushi/vec4 2, 0, 5;
    %store/vec4 v0x34e2d840_0, 0, 5;
    %jmp T_33.7;
T_33.4 ;
    %pushi/vec4 4, 0, 5;
    %store/vec4 v0x34e2d840_0, 0, 5;
    %jmp T_33.7;
T_33.5 ;
    %pushi/vec4 8, 0, 5;
    %store/vec4 v0x34e2d840_0, 0, 5;
    %jmp T_33.7;
T_33.7 ;
    %pop/vec4 1;
    %jmp T_33.1;
T_33.0 ;
    %pushi/vec4 0, 0, 5;
    %store/vec4 v0x34e2d840_0, 0, 5;
T_33.1 ;
    %jmp T_33;
    .thread T_33, $push;
    .scope S_0x34e27a10;
T_34 ;
    %wait E_0x34e06f80;
    %load/vec4 v0x34e2d780_0;
    %flag_set/vec4 8;
    %jmp/0xz  T_34.0, 8;
    %pushi/vec4 0, 0, 16;
    %assign/vec4 v0x34e2d080_0, 0;
    %pushi/vec4 0, 0, 1;
    %assign/vec4 v0x34e2cf90_0, 0;
    %jmp T_34.1;
T_34.0 ;
    %load/vec4 v0x34e2d340_0;
    %flag_set/vec4 9;
    %flag_get/vec4 9;
    %jmp/0 T_34.4, 9;
    %load/vec4 v0x34e2d920_0;
    %and;
T_34.4;
    %flag_set/vec4 8;
    %jmp/0xz  T_34.2, 8;
    %load/vec4 v0x34e2d840_0;
    %parti/s 1, 0, 2;
    %flag_set/vec4 8;
    %jmp/0 T_34.5, 8;
    %load/vec4 v0x34e2d400_0;
    %jmp/1 T_34.6, 8;
T_34.5 ; End of true expr.
    %load/vec4 v0x34e2d080_0;
    %jmp/0 T_34.6, 8;
 ; End of false expr.
    %blend;
T_34.6;
    %assign/vec4 v0x34e2d080_0, 0;
    %load/vec4 v0x34e2d840_0;
    %parti/s 1, 1, 2;
    %flag_set/vec4 8;
    %jmp/0 T_34.7, 8;
    %load/vec4 v0x34e2d400_0;
    %parti/s 1, 0, 2;
    %jmp/1 T_34.8, 8;
T_34.7 ; End of true expr.
    %load/vec4 v0x34e2cf90_0;
    %jmp/0 T_34.8, 8;
 ; End of false expr.
    %blend;
T_34.8;
    %assign/vec4 v0x34e2cf90_0, 0;
T_34.2 ;
T_34.1 ;
    %jmp T_34;
    .thread T_34;
    .scope S_0x34e27a10;
T_35 ;
    %wait E_0x34e06f80;
    %load/vec4 v0x34e2d780_0;
    %flag_set/vec4 8;
    %jmp/0xz  T_35.0, 8;
    %pushi/vec4 0, 0, 32;
    %assign/vec4 v0x34e2d4e0_0, 0;
    %jmp T_35.1;
T_35.0 ;
    %load/vec4 v0x34e2d340_0;
    %flag_set/vec4 9;
    %flag_get/vec4 9;
    %jmp/0 T_35.4, 9;
    %load/vec4 v0x34e2d650_0;
    %and;
T_35.4;
    %flag_set/vec4 8;
    %jmp/0xz  T_35.2, 8;
    %load/vec4 v0x34e2d840_0;
    %dup/vec4;
    %pushi/vec4 4, 0, 5;
    %cmp/u;
    %jmp/1 T_35.5, 6;
    %dup/vec4;
    %pushi/vec4 8, 0, 5;
    %cmp/u;
    %jmp/1 T_35.6, 6;
    %pushi/vec4 0, 0, 32;
    %assign/vec4 v0x34e2d4e0_0, 0;
    %jmp T_35.8;
T_35.5 ;
    %pushi/vec4 0, 0, 16;
    %load/vec4 v0x34e2d170_0;
    %concat/vec4; draw_concat_vec4
    %assign/vec4 v0x34e2d4e0_0, 0;
    %jmp T_35.8;
T_35.6 ;
    %pushi/vec4 0, 0, 31;
    %load/vec4 v0x34e2ce80_0;
    %concat/vec4; draw_concat_vec4
    %assign/vec4 v0x34e2d4e0_0, 0;
    %jmp T_35.8;
T_35.8 ;
    %pop/vec4 1;
T_35.2 ;
T_35.1 ;
    %jmp T_35;
    .thread T_35;
    .scope S_0x34e15280;
T_36 ;
    %wait E_0x34e15670;
    %pushi/vec4 0, 0, 1;
    %load/vec4 v0x34e16070_0;
    %concat/vec4; draw_concat_vec4
    %addi 27, 0, 5;
    %store/vec4 v0x34e178d0_0, 0, 5;
    %pushi/vec4 0, 0, 1;
    %load/vec4 v0x34e15a40_0;
    %concat/vec4; draw_concat_vec4
    %addi 27, 0, 5;
    %store/vec4 v0x34e17550_0, 0, 5;
    %pushi/vec4 0, 0, 1;
    %load/vec4 v0x34e15770_0;
    %concat/vec4; draw_concat_vec4
    %addi 27, 0, 5;
    %store/vec4 v0x34e17390_0, 0, 5;
    %pushi/vec4 0, 0, 1;
    %load/vec4 v0x34e15d50_0;
    %concat/vec4; draw_concat_vec4
    %addi 27, 0, 5;
    %store/vec4 v0x34e17710_0, 0, 5;
    %pushi/vec4 0, 0, 1;
    %load/vec4 v0x34e15b80_0;
    %concat/vec4; draw_concat_vec4
    %addi 27, 0, 5;
    %store/vec4 v0x34e17630_0, 0, 5;
    %pushi/vec4 0, 0, 1;
    %load/vec4 v0x34e158b0_0;
    %concat/vec4; draw_concat_vec4
    %addi 27, 0, 5;
    %store/vec4 v0x34e17470_0, 0, 5;
    %pushi/vec4 0, 0, 1;
    %load/vec4 v0x34e15df0_0;
    %concat/vec4; draw_concat_vec4
    %addi 27, 0, 5;
    %store/vec4 v0x34e177f0_0, 0, 5;
    %load/vec4 v0x34e16070_0;
    %store/vec4 v0x34e16110_0, 0, 4;
    %load/vec4 v0x34e15a40_0;
    %store/vec4 v0x34e15ae0_0, 0, 4;
    %load/vec4 v0x34e15770_0;
    %store/vec4 v0x34e15810_0, 0, 4;
    %load/vec4 v0x34e15d50_0;
    %store/vec4 v0x34e15f30_0, 0, 4;
    %load/vec4 v0x34e15b80_0;
    %store/vec4 v0x34e15c20_0, 0, 4;
    %load/vec4 v0x34e158b0_0;
    %store/vec4 v0x34e15950_0, 0, 4;
    %load/vec4 v0x34e15df0_0;
    %store/vec4 v0x34e15e90_0, 0, 4;
    %load/vec4 v0x34e138a0_0;
    %flag_set/vec4 9;
    %flag_get/vec4 9;
    %jmp/0 T_36.2, 9;
    %load/vec4 v0x34e178d0_0;
    %parti/s 1, 4, 4;
    %pushi/vec4 0, 0, 1;
    %cmp/e;
    %flag_get/vec4 4;
    %and;
T_36.2;
    %flag_set/vec4 8;
    %jmp/0xz  T_36.0, 8;
    %load/vec4 v0x34e16070_0;
    %addi 3, 0, 4;
    %store/vec4 v0x34e16110_0, 0, 4;
T_36.0 ;
    %load/vec4 v0x34e138a0_0;
    %flag_set/vec4 9;
    %flag_get/vec4 9;
    %jmp/0 T_36.5, 9;
    %load/vec4 v0x34e17550_0;
    %parti/s 1, 4, 4;
    %pushi/vec4 0, 0, 1;
    %cmp/e;
    %flag_get/vec4 4;
    %and;
T_36.5;
    %flag_set/vec4 8;
    %jmp/0xz  T_36.3, 8;
    %load/vec4 v0x34e15a40_0;
    %addi 3, 0, 4;
    %store/vec4 v0x34e15ae0_0, 0, 4;
T_36.3 ;
    %load/vec4 v0x34e138a0_0;
    %flag_set/vec4 9;
    %flag_get/vec4 9;
    %jmp/0 T_36.8, 9;
    %load/vec4 v0x34e17390_0;
    %parti/s 1, 4, 4;
    %pushi/vec4 0, 0, 1;
    %cmp/e;
    %flag_get/vec4 4;
    %and;
T_36.8;
    %flag_set/vec4 8;
    %jmp/0xz  T_36.6, 8;
    %load/vec4 v0x34e15770_0;
    %addi 3, 0, 4;
    %store/vec4 v0x34e15810_0, 0, 4;
T_36.6 ;
    %load/vec4 v0x34e138a0_0;
    %flag_set/vec4 9;
    %flag_get/vec4 9;
    %jmp/0 T_36.11, 9;
    %load/vec4 v0x34e17710_0;
    %parti/s 1, 4, 4;
    %pushi/vec4 0, 0, 1;
    %cmp/e;
    %flag_get/vec4 4;
    %and;
T_36.11;
    %flag_set/vec4 8;
    %jmp/0xz  T_36.9, 8;
    %load/vec4 v0x34e15d50_0;
    %addi 3, 0, 4;
    %store/vec4 v0x34e15f30_0, 0, 4;
T_36.9 ;
    %load/vec4 v0x34e138a0_0;
    %flag_set/vec4 9;
    %flag_get/vec4 9;
    %jmp/0 T_36.14, 9;
    %load/vec4 v0x34e17630_0;
    %parti/s 1, 4, 4;
    %pushi/vec4 0, 0, 1;
    %cmp/e;
    %flag_get/vec4 4;
    %and;
T_36.14;
    %flag_set/vec4 8;
    %jmp/0xz  T_36.12, 8;
    %load/vec4 v0x34e15b80_0;
    %addi 3, 0, 4;
    %store/vec4 v0x34e15c20_0, 0, 4;
T_36.12 ;
    %load/vec4 v0x34e138a0_0;
    %flag_set/vec4 9;
    %flag_get/vec4 9;
    %jmp/0 T_36.17, 9;
    %load/vec4 v0x34e17470_0;
    %parti/s 1, 4, 4;
    %pushi/vec4 0, 0, 1;
    %cmp/e;
    %flag_get/vec4 4;
    %and;
T_36.17;
    %flag_set/vec4 8;
    %jmp/0xz  T_36.15, 8;
    %load/vec4 v0x34e158b0_0;
    %addi 3, 0, 4;
    %store/vec4 v0x34e15950_0, 0, 4;
T_36.15 ;
    %load/vec4 v0x34e138a0_0;
    %flag_set/vec4 9;
    %flag_get/vec4 9;
    %jmp/0 T_36.20, 9;
    %load/vec4 v0x34e177f0_0;
    %parti/s 1, 4, 4;
    %pushi/vec4 0, 0, 1;
    %cmp/e;
    %flag_get/vec4 4;
    %and;
T_36.20;
    %flag_set/vec4 8;
    %jmp/0xz  T_36.18, 8;
    %load/vec4 v0x34e15df0_0;
    %addi 3, 0, 4;
    %store/vec4 v0x34e15e90_0, 0, 4;
T_36.18 ;
    %jmp T_36;
    .thread T_36, $push;
    .scope S_0x34e12140;
T_37 ;
    %wait E_0x34e06f80;
    %load/vec4 v0x34e124c0_0;
    %flag_set/vec4 8;
    %jmp/0xz  T_37.0, 8;
    %pushi/vec4 23, 0, 6;
    %assign/vec4 v0x34e12620_0, 0;
    %pushi/vec4 0, 0, 1;
    %assign/vec4 v0x34e12560_0, 0;
    %jmp T_37.1;
T_37.0 ;
    %load/vec4 v0x34e12400_0;
    %flag_set/vec4 9;
    %flag_get/vec4 9;
    %jmp/0 T_37.4, 9;
    %load/vec4 v0x34e12620_0;
    %pad/u 32;
    %pushi/vec4 0, 0, 32;
    %cmp/ne;
    %flag_get/vec4 4;
    %and;
T_37.4;
    %flag_set/vec4 8;
    %jmp/0xz  T_37.2, 8;
    %load/vec4 v0x34e12620_0;
    %subi 1, 0, 6;
    %assign/vec4 v0x34e12620_0, 0;
    %jmp T_37.3;
T_37.2 ;
    %load/vec4 v0x34e12620_0;
    %pad/u 32;
    %cmpi/e 0, 0, 32;
    %jmp/0xz  T_37.5, 4;
    %pushi/vec4 1, 0, 1;
    %assign/vec4 v0x34e12560_0, 0;
T_37.5 ;
T_37.3 ;
T_37.1 ;
    %jmp T_37;
    .thread T_37;
    .scope S_0x34e13710;
T_38 ;
    %wait E_0x34e06f80;
    %load/vec4 v0x34e14570_0;
    %flag_set/vec4 8;
    %jmp/0xz  T_38.0, 8;
    %pushi/vec4 0, 0, 28;
    %assign/vec4 v0x34e13bb0_0, 0;
    %load/vec4 v0x34e14a70_0;
    %parti/s 1, 23, 6;
    %flag_set/vec4 8;
    %jmp/0xz  T_38.2, 8;
    %pushi/vec4 10, 0, 4;
    %assign/vec4 v0x34e14d00_0, 0;
    %load/vec4 v0x34e14a70_0;
    %inv;
    %addi 1, 0, 24;
    %assign/vec4 v0x34e14990_0, 0;
    %jmp T_38.3;
T_38.2 ;
    %pushi/vec4 15, 0, 4;
    %assign/vec4 v0x34e14d00_0, 0;
    %load/vec4 v0x34e14a70_0;
    %assign/vec4 v0x34e14990_0, 0;
T_38.3 ;
    %jmp T_38.1;
T_38.0 ;
    %load/vec4 v0x34e14c60_0;
    %flag_set/vec4 8;
    %jmp/0xz  T_38.4, 8;
    %load/vec4 v0x34e13bb0_0;
    %parti/s 27, 0, 2;
    %load/vec4 v0x34e14990_0;
    %parti/s 1, 23, 6;
    %concat/vec4; draw_concat_vec4
    %assign/vec4 v0x34e13bb0_0, 0;
    %load/vec4 v0x34e14990_0;
    %parti/s 23, 0, 2;
    %concati/vec4 0, 0, 1;
    %assign/vec4 v0x34e14990_0, 0;
    %jmp T_38.5;
T_38.4 ;
    %load/vec4 v0x34e14ea0_0;
    %ix/load 4, 0, 0;
    %ix/load 5, 0, 0;
    %flag_set/imm 4, 0;
    %assign/vec4/off/d v0x34e13bb0_0, 4, 5;
    %load/vec4 v0x34e142d0_0;
    %ix/load 4, 4, 0;
    %ix/load 5, 0, 0;
    %flag_set/imm 4, 0;
    %assign/vec4/off/d v0x34e13bb0_0, 4, 5;
    %load/vec4 v0x34e13d70_0;
    %ix/load 4, 8, 0;
    %ix/load 5, 0, 0;
    %flag_set/imm 4, 0;
    %assign/vec4/off/d v0x34e13bb0_0, 4, 5;
    %load/vec4 v0x34e148b0_0;
    %ix/load 4, 12, 0;
    %ix/load 5, 0, 0;
    %flag_set/imm 4, 0;
    %assign/vec4/off/d v0x34e13bb0_0, 4, 5;
    %load/vec4 v0x34e14490_0;
    %ix/load 4, 16, 0;
    %ix/load 5, 0, 0;
    %flag_set/imm 4, 0;
    %assign/vec4/off/d v0x34e13bb0_0, 4, 5;
    %load/vec4 v0x34e13f10_0;
    %ix/load 4, 20, 0;
    %ix/load 5, 0, 0;
    %flag_set/imm 4, 0;
    %assign/vec4/off/d v0x34e13bb0_0, 4, 5;
    %load/vec4 v0x34e147d0_0;
    %ix/load 4, 24, 0;
    %ix/load 5, 0, 0;
    %flag_set/imm 4, 0;
    %assign/vec4/off/d v0x34e13bb0_0, 4, 5;
T_38.5 ;
T_38.1 ;
    %jmp T_38;
    .thread T_38;
    .scope S_0x34e127d0;
T_39 ;
    %wait E_0x34e06f80;
    %load/vec4 v0x34e13310_0;
    %dup/vec4;
    %pushi/vec4 0, 0, 3;
    %cmp/u;
    %jmp/1 T_39.0, 6;
    %dup/vec4;
    %pushi/vec4 1, 0, 3;
    %cmp/u;
    %jmp/1 T_39.1, 6;
    %dup/vec4;
    %pushi/vec4 2, 0, 3;
    %cmp/u;
    %jmp/1 T_39.2, 6;
    %dup/vec4;
    %pushi/vec4 3, 0, 3;
    %cmp/u;
    %jmp/1 T_39.3, 6;
    %dup/vec4;
    %pushi/vec4 4, 0, 3;
    %cmp/u;
    %jmp/1 T_39.4, 6;
    %pushi/vec4 0, 0, 3;
    %assign/vec4 v0x34e13310_0, 0;
    %jmp T_39.6;
T_39.0 ;
    %pushi/vec4 0, 0, 6;
    %assign/vec4 v0x34e13530_0, 0;
    %load/vec4 v0x34e130e0_0;
    %flag_set/vec4 8;
    %jmp/0xz  T_39.7, 8;
    %pushi/vec4 1, 0, 3;
    %assign/vec4 v0x34e13310_0, 0;
    %jmp T_39.8;
T_39.7 ;
    %pushi/vec4 0, 0, 3;
    %assign/vec4 v0x34e13310_0, 0;
T_39.8 ;
    %jmp T_39.6;
T_39.1 ;
    %pushi/vec4 2, 0, 3;
    %assign/vec4 v0x34e13310_0, 0;
    %jmp T_39.6;
T_39.2 ;
    %pushi/vec4 3, 0, 3;
    %assign/vec4 v0x34e13310_0, 0;
    %jmp T_39.6;
T_39.3 ;
    %load/vec4 v0x34e13490_0;
    %flag_set/vec4 8;
    %jmp/0xz  T_39.9, 8;
    %pushi/vec4 4, 0, 3;
    %assign/vec4 v0x34e13310_0, 0;
    %jmp T_39.10;
T_39.9 ;
    %load/vec4 v0x34e13270_0;
    %nor/r;
    %flag_set/vec4 9;
    %flag_get/vec4 9;
    %jmp/0 T_39.13, 9;
    %load/vec4 v0x34e13490_0;
    %nor/r;
    %and;
T_39.13;
    %flag_set/vec4 8;
    %jmp/0xz  T_39.11, 8;
    %pushi/vec4 2, 0, 3;
    %assign/vec4 v0x34e13310_0, 0;
    %jmp T_39.12;
T_39.11 ;
    %load/vec4 v0x34e13270_0;
    %flag_set/vec4 9;
    %flag_get/vec4 9;
    %jmp/0 T_39.16, 9;
    %load/vec4 v0x34e13490_0;
    %nor/r;
    %and;
T_39.16;
    %flag_set/vec4 8;
    %jmp/0xz  T_39.14, 8;
    %pushi/vec4 1, 0, 3;
    %assign/vec4 v0x34e13310_0, 0;
    %jmp T_39.15;
T_39.14 ;
    %pushi/vec4 3, 0, 3;
    %assign/vec4 v0x34e13310_0, 0;
T_39.15 ;
T_39.12 ;
T_39.10 ;
    %jmp T_39.6;
T_39.4 ;
    %load/vec4 v0x34e13530_0;
    %addi 1, 0, 6;
    %assign/vec4 v0x34e13530_0, 0;
    %load/vec4 v0x34e13530_0;
    %pad/u 32;
    %cmpi/u 30, 0, 32;
    %flag_or 5, 4; GT is !LE
    %flag_inv 5;
    %jmp/0xz  T_39.17, 5;
    %pushi/vec4 0, 0, 3;
    %assign/vec4 v0x34e13310_0, 0;
    %jmp T_39.18;
T_39.17 ;
    %pushi/vec4 4, 0, 3;
    %assign/vec4 v0x34e13310_0, 0;
T_39.18 ;
    %jmp T_39.6;
T_39.6 ;
    %pop/vec4 1;
    %jmp T_39;
    .thread T_39;
    .scope S_0x34e127d0;
T_40 ;
    %wait E_0x34e12da0;
    %load/vec4 v0x34e13310_0;
    %dup/vec4;
    %pushi/vec4 0, 0, 3;
    %cmp/u;
    %jmp/1 T_40.0, 6;
    %dup/vec4;
    %pushi/vec4 1, 0, 3;
    %cmp/u;
    %jmp/1 T_40.1, 6;
    %dup/vec4;
    %pushi/vec4 2, 0, 3;
    %cmp/u;
    %jmp/1 T_40.2, 6;
    %dup/vec4;
    %pushi/vec4 3, 0, 3;
    %cmp/u;
    %jmp/1 T_40.3, 6;
    %dup/vec4;
    %pushi/vec4 4, 0, 3;
    %cmp/u;
    %jmp/1 T_40.4, 6;
    %pushi/vec4 0, 0, 1;
    %store/vec4 v0x34e13040_0, 0, 1;
    %pushi/vec4 0, 0, 1;
    %store/vec4 v0x34e133d0_0, 0, 1;
    %pushi/vec4 0, 0, 1;
    %store/vec4 v0x34e131d0_0, 0, 1;
    %pushi/vec4 0, 0, 1;
    %store/vec4 v0x34e12fa0_0, 0, 1;
    %pushi/vec4 0, 0, 1;
    %store/vec4 v0x34e12e00_0, 0, 1;
    %jmp T_40.6;
T_40.0 ;
    %pushi/vec4 0, 0, 1;
    %store/vec4 v0x34e13040_0, 0, 1;
    %pushi/vec4 0, 0, 1;
    %store/vec4 v0x34e133d0_0, 0, 1;
    %pushi/vec4 0, 0, 1;
    %store/vec4 v0x34e12fa0_0, 0, 1;
    %pushi/vec4 1, 0, 1;
    %store/vec4 v0x34e131d0_0, 0, 1;
    %pushi/vec4 0, 0, 1;
    %store/vec4 v0x34e12e00_0, 0, 1;
    %jmp T_40.6;
T_40.1 ;
    %pushi/vec4 0, 0, 1;
    %store/vec4 v0x34e13040_0, 0, 1;
    %pushi/vec4 0, 0, 1;
    %store/vec4 v0x34e133d0_0, 0, 1;
    %pushi/vec4 0, 0, 1;
    %store/vec4 v0x34e12fa0_0, 0, 1;
    %pushi/vec4 0, 0, 1;
    %store/vec4 v0x34e131d0_0, 0, 1;
    %pushi/vec4 1, 0, 1;
    %store/vec4 v0x34e12e00_0, 0, 1;
    %jmp T_40.6;
T_40.2 ;
    %pushi/vec4 0, 0, 1;
    %store/vec4 v0x34e13040_0, 0, 1;
    %pushi/vec4 1, 0, 1;
    %store/vec4 v0x34e133d0_0, 0, 1;
    %pushi/vec4 1, 0, 1;
    %store/vec4 v0x34e12fa0_0, 0, 1;
    %pushi/vec4 0, 0, 1;
    %store/vec4 v0x34e131d0_0, 0, 1;
    %pushi/vec4 0, 0, 1;
    %store/vec4 v0x34e12e00_0, 0, 1;
    %jmp T_40.6;
T_40.3 ;
    %pushi/vec4 0, 0, 1;
    %store/vec4 v0x34e13040_0, 0, 1;
    %pushi/vec4 0, 0, 1;
    %store/vec4 v0x34e133d0_0, 0, 1;
    %pushi/vec4 0, 0, 1;
    %store/vec4 v0x34e12fa0_0, 0, 1;
    %pushi/vec4 0, 0, 1;
    %store/vec4 v0x34e131d0_0, 0, 1;
    %pushi/vec4 0, 0, 1;
    %store/vec4 v0x34e12e00_0, 0, 1;
    %jmp T_40.6;
T_40.4 ;
    %pushi/vec4 1, 0, 1;
    %store/vec4 v0x34e13040_0, 0, 1;
    %pushi/vec4 0, 0, 1;
    %store/vec4 v0x34e133d0_0, 0, 1;
    %pushi/vec4 0, 0, 1;
    %store/vec4 v0x34e12fa0_0, 0, 1;
    %pushi/vec4 0, 0, 1;
    %store/vec4 v0x34e131d0_0, 0, 1;
    %pushi/vec4 0, 0, 1;
    %store/vec4 v0x34e12e00_0, 0, 1;
    %jmp T_40.6;
T_40.6 ;
    %pop/vec4 1;
    %jmp T_40;
    .thread T_40, $push;
    .scope S_0x34e11a40;
T_41 ;
    %wait E_0x34e11d30;
    %load/vec4 v0x34e19f90_0;
    %flag_set/vec4 8;
    %jmp/0xz  T_41.0, 8;
    %load/vec4 v0x34e19eb0_0;
    %dup/vec4;
    %pushi/vec4 4, 0, 6;
    %cmp/u;
    %jmp/1 T_41.2, 6;
    %dup/vec4;
    %pushi/vec4 8, 0, 6;
    %cmp/u;
    %jmp/1 T_41.3, 6;
    %dup/vec4;
    %pushi/vec4 12, 0, 6;
    %cmp/u;
    %jmp/1 T_41.4, 6;
    %dup/vec4;
    %pushi/vec4 16, 0, 6;
    %cmp/u;
    %jmp/1 T_41.5, 6;
    %pushi/vec4 0, 0, 4;
    %store/vec4 v0x34e1a460_0, 0, 4;
    %jmp T_41.7;
T_41.2 ;
    %pushi/vec4 1, 0, 4;
    %store/vec4 v0x34e1a460_0, 0, 4;
    %jmp T_41.7;
T_41.3 ;
    %pushi/vec4 2, 0, 4;
    %store/vec4 v0x34e1a460_0, 0, 4;
    %jmp T_41.7;
T_41.4 ;
    %pushi/vec4 4, 0, 4;
    %store/vec4 v0x34e1a460_0, 0, 4;
    %jmp T_41.7;
T_41.5 ;
    %pushi/vec4 8, 0, 4;
    %store/vec4 v0x34e1a460_0, 0, 4;
    %jmp T_41.7;
T_41.7 ;
    %pop/vec4 1;
    %jmp T_41.1;
T_41.0 ;
    %pushi/vec4 0, 0, 4;
    %store/vec4 v0x34e1a460_0, 0, 4;
T_41.1 ;
    %jmp T_41;
    .thread T_41, $push;
    .scope S_0x34e11a40;
T_42 ;
    %wait E_0x34e06f80;
    %load/vec4 v0x34e1a3c0_0;
    %flag_set/vec4 8;
    %jmp/0xz  T_42.0, 8;
    %pushi/vec4 0, 0, 24;
    %assign/vec4 v0x34e19b40_0, 0;
    %pushi/vec4 0, 0, 1;
    %assign/vec4 v0x34e198d0_0, 0;
    %jmp T_42.1;
T_42.0 ;
    %load/vec4 v0x34e19f90_0;
    %flag_set/vec4 9;
    %flag_get/vec4 9;
    %jmp/0 T_42.4, 9;
    %load/vec4 v0x34e1a540_0;
    %and;
T_42.4;
    %flag_set/vec4 8;
    %jmp/0xz  T_42.2, 8;
    %load/vec4 v0x34e1a460_0;
    %parti/s 1, 0, 2;
    %flag_set/vec4 8;
    %jmp/0 T_42.5, 8;
    %load/vec4 v0x34e1a050_0;
    %jmp/1 T_42.6, 8;
T_42.5 ; End of true expr.
    %load/vec4 v0x34e19b40_0;
    %jmp/0 T_42.6, 8;
 ; End of false expr.
    %blend;
T_42.6;
    %assign/vec4 v0x34e19b40_0, 0;
    %load/vec4 v0x34e1a460_0;
    %parti/s 1, 1, 2;
    %flag_set/vec4 8;
    %jmp/0 T_42.7, 8;
    %load/vec4 v0x34e1a050_0;
    %parti/s 1, 0, 2;
    %jmp/1 T_42.8, 8;
T_42.7 ; End of true expr.
    %load/vec4 v0x34e198d0_0;
    %jmp/0 T_42.8, 8;
 ; End of false expr.
    %blend;
T_42.8;
    %assign/vec4 v0x34e198d0_0, 0;
T_42.2 ;
T_42.1 ;
    %jmp T_42;
    .thread T_42;
    .scope S_0x34e11a40;
T_43 ;
    %wait E_0x34e06f80;
    %load/vec4 v0x34e1a3c0_0;
    %flag_set/vec4 8;
    %jmp/0xz  T_43.0, 8;
    %pushi/vec4 0, 0, 32;
    %assign/vec4 v0x34e1a130_0, 0;
    %jmp T_43.1;
T_43.0 ;
    %load/vec4 v0x34e19f90_0;
    %flag_set/vec4 9;
    %flag_get/vec4 9;
    %jmp/0 T_43.4, 9;
    %load/vec4 v0x34e1a320_0;
    %and;
T_43.4;
    %flag_set/vec4 8;
    %jmp/0xz  T_43.2, 8;
    %load/vec4 v0x34e1a460_0;
    %dup/vec4;
    %pushi/vec4 4, 0, 4;
    %cmp/u;
    %jmp/1 T_43.5, 6;
    %dup/vec4;
    %pushi/vec4 8, 0, 4;
    %cmp/u;
    %jmp/1 T_43.6, 6;
    %pushi/vec4 0, 0, 32;
    %assign/vec4 v0x34e1a130_0, 0;
    %jmp T_43.8;
T_43.5 ;
    %load/vec4 v0x34e19c00_0;
    %assign/vec4 v0x34e1a130_0, 0;
    %jmp T_43.8;
T_43.6 ;
    %pushi/vec4 0, 0, 31;
    %load/vec4 v0x34e197e0_0;
    %concat/vec4; draw_concat_vec4
    %assign/vec4 v0x34e1a130_0, 0;
    %jmp T_43.8;
T_43.8 ;
    %pop/vec4 1;
T_43.2 ;
T_43.1 ;
    %jmp T_43;
    .thread T_43;
    .scope S_0x34e0bc70;
T_44 ;
    %wait E_0x34e0c060;
    %pushi/vec4 0, 0, 1;
    %load/vec4 v0x34e0ccc0_0;
    %concat/vec4; draw_concat_vec4
    %addi 24, 0, 5;
    %store/vec4 v0x34e0e490_0, 0, 5;
    %pushi/vec4 0, 0, 1;
    %load/vec4 v0x34e0c4c0_0;
    %concat/vec4; draw_concat_vec4
    %addi 24, 0, 5;
    %store/vec4 v0x34e0e110_0, 0, 5;
    %pushi/vec4 0, 0, 1;
    %load/vec4 v0x34e0c140_0;
    %concat/vec4; draw_concat_vec4
    %addi 24, 0, 5;
    %store/vec4 v0x34e0df50_0, 0, 5;
    %pushi/vec4 0, 0, 1;
    %load/vec4 v0x34e0c7e0_0;
    %concat/vec4; draw_concat_vec4
    %addi 24, 0, 5;
    %store/vec4 v0x34e0e2d0_0, 0, 5;
    %pushi/vec4 0, 0, 1;
    %load/vec4 v0x34e0c650_0;
    %concat/vec4; draw_concat_vec4
    %addi 24, 0, 5;
    %store/vec4 v0x34e0e1f0_0, 0, 5;
    %pushi/vec4 0, 0, 1;
    %load/vec4 v0x34e0c2f0_0;
    %concat/vec4; draw_concat_vec4
    %addi 24, 0, 5;
    %store/vec4 v0x34e0e030_0, 0, 5;
    %pushi/vec4 0, 0, 1;
    %load/vec4 v0x34e0c8b0_0;
    %concat/vec4; draw_concat_vec4
    %addi 24, 0, 5;
    %store/vec4 v0x34e0e3b0_0, 0, 5;
    %load/vec4 v0x34e0ccc0_0;
    %store/vec4 v0x34e0cd90_0, 0, 4;
    %load/vec4 v0x34e0c4c0_0;
    %store/vec4 v0x34e0c5b0_0, 0, 4;
    %load/vec4 v0x34e0c140_0;
    %store/vec4 v0x34e0c220_0, 0, 4;
    %load/vec4 v0x34e0c7e0_0;
    %store/vec4 v0x34e0ca50_0, 0, 4;
    %load/vec4 v0x34e0c650_0;
    %store/vec4 v0x34e0c710_0, 0, 4;
    %load/vec4 v0x34e0c2f0_0;
    %store/vec4 v0x34e0c3f0_0, 0, 4;
    %load/vec4 v0x34e0c8b0_0;
    %store/vec4 v0x34e0c980_0, 0, 4;
    %load/vec4 v0x34e0cbf0_0;
    %flag_set/vec4 9;
    %flag_get/vec4 9;
    %jmp/0 T_44.2, 9;
    %load/vec4 v0x34e0e490_0;
    %parti/s 1, 4, 4;
    %pushi/vec4 0, 0, 1;
    %cmp/e;
    %flag_get/vec4 4;
    %and;
T_44.2;
    %flag_set/vec4 8;
    %jmp/0xz  T_44.0, 8;
    %load/vec4 v0x34e0ccc0_0;
    %subi 3, 0, 4;
    %store/vec4 v0x34e0cd90_0, 0, 4;
T_44.0 ;
    %load/vec4 v0x34e0cbf0_0;
    %flag_set/vec4 9;
    %flag_get/vec4 9;
    %jmp/0 T_44.5, 9;
    %load/vec4 v0x34e0e110_0;
    %parti/s 1, 4, 4;
    %pushi/vec4 0, 0, 1;
    %cmp/e;
    %flag_get/vec4 4;
    %and;
T_44.5;
    %flag_set/vec4 8;
    %jmp/0xz  T_44.3, 8;
    %load/vec4 v0x34e0c4c0_0;
    %subi 3, 0, 4;
    %store/vec4 v0x34e0c5b0_0, 0, 4;
T_44.3 ;
    %load/vec4 v0x34e0cbf0_0;
    %flag_set/vec4 9;
    %flag_get/vec4 9;
    %jmp/0 T_44.8, 9;
    %load/vec4 v0x34e0df50_0;
    %parti/s 1, 4, 4;
    %pushi/vec4 0, 0, 1;
    %cmp/e;
    %flag_get/vec4 4;
    %and;
T_44.8;
    %flag_set/vec4 8;
    %jmp/0xz  T_44.6, 8;
    %load/vec4 v0x34e0c140_0;
    %subi 3, 0, 4;
    %store/vec4 v0x34e0c220_0, 0, 4;
T_44.6 ;
    %load/vec4 v0x34e0cbf0_0;
    %flag_set/vec4 9;
    %flag_get/vec4 9;
    %jmp/0 T_44.11, 9;
    %load/vec4 v0x34e0e2d0_0;
    %parti/s 1, 4, 4;
    %pushi/vec4 0, 0, 1;
    %cmp/e;
    %flag_get/vec4 4;
    %and;
T_44.11;
    %flag_set/vec4 8;
    %jmp/0xz  T_44.9, 8;
    %load/vec4 v0x34e0c7e0_0;
    %subi 3, 0, 4;
    %store/vec4 v0x34e0ca50_0, 0, 4;
T_44.9 ;
    %load/vec4 v0x34e0cbf0_0;
    %flag_set/vec4 9;
    %flag_get/vec4 9;
    %jmp/0 T_44.14, 9;
    %load/vec4 v0x34e0e1f0_0;
    %parti/s 1, 4, 4;
    %pushi/vec4 0, 0, 1;
    %cmp/e;
    %flag_get/vec4 4;
    %and;
T_44.14;
    %flag_set/vec4 8;
    %jmp/0xz  T_44.12, 8;
    %load/vec4 v0x34e0c650_0;
    %subi 3, 0, 4;
    %store/vec4 v0x34e0c710_0, 0, 4;
T_44.12 ;
    %load/vec4 v0x34e0cbf0_0;
    %flag_set/vec4 9;
    %flag_get/vec4 9;
    %jmp/0 T_44.17, 9;
    %load/vec4 v0x34e0e030_0;
    %parti/s 1, 4, 4;
    %pushi/vec4 0, 0, 1;
    %cmp/e;
    %flag_get/vec4 4;
    %and;
T_44.17;
    %flag_set/vec4 8;
    %jmp/0xz  T_44.15, 8;
    %load/vec4 v0x34e0c2f0_0;
    %subi 3, 0, 4;
    %store/vec4 v0x34e0c3f0_0, 0, 4;
T_44.15 ;
    %load/vec4 v0x34e0cbf0_0;
    %flag_set/vec4 9;
    %flag_get/vec4 9;
    %jmp/0 T_44.20, 9;
    %load/vec4 v0x34e0e3b0_0;
    %parti/s 1, 4, 4;
    %pushi/vec4 0, 0, 1;
    %cmp/e;
    %flag_get/vec4 4;
    %and;
T_44.20;
    %flag_set/vec4 8;
    %jmp/0xz  T_44.18, 8;
    %load/vec4 v0x34e0c8b0_0;
    %subi 3, 0, 4;
    %store/vec4 v0x34e0c980_0, 0, 4;
T_44.18 ;
    %jmp T_44;
    .thread T_44, $push;
    .scope S_0x34e09eb0;
T_45 ;
    %wait E_0x34e06f80;
    %load/vec4 v0x34e0ac50_0;
    %flag_set/vec4 8;
    %jmp/0xz  T_45.0, 8;
    %load/vec4 v0x34e0aed0_0;
    %load/vec4 v0x34e0a750_0;
    %concat/vec4; draw_concat_vec4
    %load/vec4 v0x34e0abb0_0;
    %concat/vec4; draw_concat_vec4
    %load/vec4 v0x34e0b010_0;
    %concat/vec4; draw_concat_vec4
    %load/vec4 v0x34e0a570_0;
    %concat/vec4; draw_concat_vec4
    %load/vec4 v0x34e0a9d0_0;
    %concat/vec4; draw_concat_vec4
    %load/vec4 v0x34e0b510_0;
    %concat/vec4; draw_concat_vec4
    %assign/vec4 v0x34e0a390_0, 0;
    %pushi/vec4 0, 0, 24;
    %assign/vec4 v0x34e0b0b0_0, 0;
    %load/vec4 v0x34e0b290_0;
    %assign/vec4 v0x34e0b330_0, 0;
    %jmp T_45.1;
T_45.0 ;
    %load/vec4 v0x34e0b1f0_0;
    %flag_set/vec4 8;
    %jmp/0xz  T_45.2, 8;
    %pushi/vec4 0, 0, 1;
    %load/vec4 v0x34e0a390_0;
    %parti/s 27, 1, 2;
    %concat/vec4; draw_concat_vec4
    %assign/vec4 v0x34e0a390_0, 0;
    %load/vec4 v0x34e0a390_0;
    %parti/s 1, 0, 2;
    %load/vec4 v0x34e0b0b0_0;
    %parti/s 23, 1, 2;
    %concat/vec4; draw_concat_vec4
    %assign/vec4 v0x34e0b0b0_0, 0;
    %jmp T_45.3;
T_45.2 ;
    %load/vec4 v0x34e0b470_0;
    %ix/load 4, 0, 0;
    %ix/load 5, 0, 0;
    %flag_set/imm 4, 0;
    %assign/vec4/off/d v0x34e0a390_0, 4, 5;
    %load/vec4 v0x34e0a930_0;
    %ix/load 4, 4, 0;
    %ix/load 5, 0, 0;
    %flag_set/imm 4, 0;
    %assign/vec4/off/d v0x34e0a390_0, 4, 5;
    %load/vec4 v0x34e0a4d0_0;
    %ix/load 4, 8, 0;
    %ix/load 5, 0, 0;
    %flag_set/imm 4, 0;
    %assign/vec4/off/d v0x34e0a390_0, 4, 5;
    %load/vec4 v0x34e0af70_0;
    %ix/load 4, 12, 0;
    %ix/load 5, 0, 0;
    %flag_set/imm 4, 0;
    %assign/vec4/off/d v0x34e0a390_0, 4, 5;
    %load/vec4 v0x34e0ab10_0;
    %ix/load 4, 16, 0;
    %ix/load 5, 0, 0;
    %flag_set/imm 4, 0;
    %assign/vec4/off/d v0x34e0a390_0, 4, 5;
    %load/vec4 v0x34e0a6b0_0;
    %ix/load 4, 20, 0;
    %ix/load 5, 0, 0;
    %flag_set/imm 4, 0;
    %assign/vec4/off/d v0x34e0a390_0, 4, 5;
    %load/vec4 v0x34e0ae30_0;
    %ix/load 4, 24, 0;
    %ix/load 5, 0, 0;
    %flag_set/imm 4, 0;
    %assign/vec4/off/d v0x34e0a390_0, 4, 5;
T_45.3 ;
T_45.1 ;
    %jmp T_45;
    .thread T_45;
    .scope S_0x34e09040;
T_46 ;
    %wait E_0x34e06f80;
    %load/vec4 v0x34e09310_0;
    %flag_set/vec4 8;
    %jmp/0xz  T_46.0, 8;
    %pushi/vec4 23, 0, 6;
    %assign/vec4 v0x34e09450_0, 0;
    %pushi/vec4 0, 0, 1;
    %assign/vec4 v0x34e093b0_0, 0;
    %jmp T_46.1;
T_46.0 ;
    %load/vec4 v0x34e09270_0;
    %flag_set/vec4 9;
    %flag_get/vec4 9;
    %jmp/0 T_46.4, 9;
    %load/vec4 v0x34e09450_0;
    %pad/u 32;
    %pushi/vec4 0, 0, 32;
    %cmp/ne;
    %flag_get/vec4 4;
    %and;
T_46.4;
    %flag_set/vec4 8;
    %jmp/0xz  T_46.2, 8;
    %load/vec4 v0x34e09450_0;
    %subi 1, 0, 6;
    %assign/vec4 v0x34e09450_0, 0;
    %jmp T_46.3;
T_46.2 ;
    %load/vec4 v0x34e09450_0;
    %pad/u 32;
    %cmpi/e 0, 0, 32;
    %jmp/0xz  T_46.5, 4;
    %pushi/vec4 1, 0, 1;
    %assign/vec4 v0x34e093b0_0, 0;
T_46.5 ;
T_46.3 ;
T_46.1 ;
    %jmp T_46;
    .thread T_46;
    .scope S_0x34e094f0;
T_47 ;
    %wait E_0x34e06f80;
    %load/vec4 v0x34e09b90_0;
    %dup/vec4;
    %pushi/vec4 0, 0, 3;
    %cmp/u;
    %jmp/1 T_47.0, 6;
    %dup/vec4;
    %pushi/vec4 3, 0, 3;
    %cmp/u;
    %jmp/1 T_47.1, 6;
    %dup/vec4;
    %pushi/vec4 1, 0, 3;
    %cmp/u;
    %jmp/1 T_47.2, 6;
    %dup/vec4;
    %pushi/vec4 2, 0, 3;
    %cmp/u;
    %jmp/1 T_47.3, 6;
    %dup/vec4;
    %pushi/vec4 4, 0, 3;
    %cmp/u;
    %jmp/1 T_47.4, 6;
    %pushi/vec4 0, 0, 3;
    %assign/vec4 v0x34e09b90_0, 0;
    %jmp T_47.6;
T_47.0 ;
    %pushi/vec4 0, 0, 6;
    %assign/vec4 v0x34e09e10_0, 0;
    %load/vec4 v0x34e099b0_0;
    %flag_set/vec4 8;
    %jmp/0xz  T_47.7, 8;
    %pushi/vec4 2, 0, 3;
    %assign/vec4 v0x34e09b90_0, 0;
    %jmp T_47.8;
T_47.7 ;
    %pushi/vec4 0, 0, 3;
    %assign/vec4 v0x34e09b90_0, 0;
T_47.8 ;
    %jmp T_47.6;
T_47.1 ;
    %load/vec4 v0x34e09d70_0;
    %flag_set/vec4 8;
    %jmp/0xz  T_47.9, 8;
    %pushi/vec4 4, 0, 3;
    %assign/vec4 v0x34e09b90_0, 0;
    %jmp T_47.10;
T_47.9 ;
    %load/vec4 v0x34e09af0_0;
    %nor/r;
    %flag_set/vec4 9;
    %flag_get/vec4 9;
    %jmp/0 T_47.13, 9;
    %load/vec4 v0x34e09d70_0;
    %nor/r;
    %and;
T_47.13;
    %flag_set/vec4 8;
    %jmp/0xz  T_47.11, 8;
    %pushi/vec4 2, 0, 3;
    %assign/vec4 v0x34e09b90_0, 0;
    %jmp T_47.12;
T_47.11 ;
    %load/vec4 v0x34e09af0_0;
    %flag_set/vec4 9;
    %flag_get/vec4 9;
    %jmp/0 T_47.16, 9;
    %load/vec4 v0x34e09d70_0;
    %nor/r;
    %and;
T_47.16;
    %flag_set/vec4 8;
    %jmp/0xz  T_47.14, 8;
    %pushi/vec4 1, 0, 3;
    %assign/vec4 v0x34e09b90_0, 0;
    %jmp T_47.15;
T_47.14 ;
    %pushi/vec4 3, 0, 3;
    %assign/vec4 v0x34e09b90_0, 0;
T_47.15 ;
T_47.12 ;
T_47.10 ;
    %jmp T_47.6;
T_47.2 ;
    %pushi/vec4 2, 0, 3;
    %assign/vec4 v0x34e09b90_0, 0;
    %jmp T_47.6;
T_47.3 ;
    %pushi/vec4 3, 0, 3;
    %assign/vec4 v0x34e09b90_0, 0;
    %jmp T_47.6;
T_47.4 ;
    %load/vec4 v0x34e09e10_0;
    %addi 1, 0, 6;
    %assign/vec4 v0x34e09e10_0, 0;
    %load/vec4 v0x34e09e10_0;
    %pad/u 32;
    %cmpi/u 30, 0, 32;
    %flag_or 5, 4; GT is !LE
    %flag_inv 5;
    %jmp/0xz  T_47.17, 5;
    %pushi/vec4 0, 0, 3;
    %assign/vec4 v0x34e09b90_0, 0;
    %jmp T_47.18;
T_47.17 ;
    %pushi/vec4 4, 0, 3;
    %assign/vec4 v0x34e09b90_0, 0;
T_47.18 ;
    %jmp T_47.6;
T_47.6 ;
    %pop/vec4 1;
    %jmp T_47;
    .thread T_47;
    .scope S_0x34e094f0;
T_48 ;
    %wait E_0x34be6e60;
    %load/vec4 v0x34e09b90_0;
    %dup/vec4;
    %pushi/vec4 0, 0, 3;
    %cmp/u;
    %jmp/1 T_48.0, 6;
    %dup/vec4;
    %pushi/vec4 1, 0, 3;
    %cmp/u;
    %jmp/1 T_48.1, 6;
    %dup/vec4;
    %pushi/vec4 2, 0, 3;
    %cmp/u;
    %jmp/1 T_48.2, 6;
    %dup/vec4;
    %pushi/vec4 3, 0, 3;
    %cmp/u;
    %jmp/1 T_48.3, 6;
    %dup/vec4;
    %pushi/vec4 4, 0, 3;
    %cmp/u;
    %jmp/1 T_48.4, 6;
    %pushi/vec4 0, 0, 1;
    %store/vec4 v0x34e09910_0, 0, 1;
    %pushi/vec4 0, 0, 1;
    %store/vec4 v0x34e09c30_0, 0, 1;
    %pushi/vec4 0, 0, 1;
    %store/vec4 v0x34e09a50_0, 0, 1;
    %pushi/vec4 0, 0, 1;
    %store/vec4 v0x34e09870_0, 0, 1;
    %pushi/vec4 0, 0, 1;
    %store/vec4 v0x34e09cd0_0, 0, 1;
    %jmp T_48.6;
T_48.0 ;
    %pushi/vec4 0, 0, 1;
    %store/vec4 v0x34e09910_0, 0, 1;
    %pushi/vec4 0, 0, 1;
    %store/vec4 v0x34e09c30_0, 0, 1;
    %pushi/vec4 0, 0, 1;
    %store/vec4 v0x34e09870_0, 0, 1;
    %pushi/vec4 1, 0, 1;
    %store/vec4 v0x34e09a50_0, 0, 1;
    %pushi/vec4 0, 0, 1;
    %store/vec4 v0x34e09cd0_0, 0, 1;
    %jmp T_48.6;
T_48.1 ;
    %pushi/vec4 0, 0, 1;
    %store/vec4 v0x34e09910_0, 0, 1;
    %pushi/vec4 0, 0, 1;
    %store/vec4 v0x34e09c30_0, 0, 1;
    %pushi/vec4 0, 0, 1;
    %store/vec4 v0x34e09870_0, 0, 1;
    %pushi/vec4 0, 0, 1;
    %store/vec4 v0x34e09a50_0, 0, 1;
    %pushi/vec4 1, 0, 1;
    %store/vec4 v0x34e09cd0_0, 0, 1;
    %jmp T_48.6;
T_48.2 ;
    %pushi/vec4 0, 0, 1;
    %store/vec4 v0x34e09910_0, 0, 1;
    %pushi/vec4 1, 0, 1;
    %store/vec4 v0x34e09c30_0, 0, 1;
    %pushi/vec4 1, 0, 1;
    %store/vec4 v0x34e09870_0, 0, 1;
    %pushi/vec4 0, 0, 1;
    %store/vec4 v0x34e09a50_0, 0, 1;
    %pushi/vec4 0, 0, 1;
    %store/vec4 v0x34e09cd0_0, 0, 1;
    %jmp T_48.6;
T_48.3 ;
    %pushi/vec4 0, 0, 1;
    %store/vec4 v0x34e09910_0, 0, 1;
    %pushi/vec4 0, 0, 1;
    %store/vec4 v0x34e09c30_0, 0, 1;
    %pushi/vec4 0, 0, 1;
    %store/vec4 v0x34e09870_0, 0, 1;
    %pushi/vec4 0, 0, 1;
    %store/vec4 v0x34e09a50_0, 0, 1;
    %pushi/vec4 0, 0, 1;
    %store/vec4 v0x34e09cd0_0, 0, 1;
    %jmp T_48.6;
T_48.4 ;
    %pushi/vec4 1, 0, 1;
    %store/vec4 v0x34e09910_0, 0, 1;
    %pushi/vec4 0, 0, 1;
    %store/vec4 v0x34e09c30_0, 0, 1;
    %pushi/vec4 0, 0, 1;
    %store/vec4 v0x34e09870_0, 0, 1;
    %pushi/vec4 0, 0, 1;
    %store/vec4 v0x34e09a50_0, 0, 1;
    %pushi/vec4 0, 0, 1;
    %store/vec4 v0x34e09cd0_0, 0, 1;
    %jmp T_48.6;
T_48.6 ;
    %pop/vec4 1;
    %jmp T_48;
    .thread T_48, $push;
    .scope S_0x34d4d400;
T_49 ;
    %wait E_0x34ceec60;
    %load/vec4 v0x34e11280_0;
    %flag_set/vec4 8;
    %jmp/0xz  T_49.0, 8;
    %load/vec4 v0x34e111a0_0;
    %dup/vec4;
    %pushi/vec4 4, 0, 6;
    %cmp/u;
    %jmp/1 T_49.2, 6;
    %dup/vec4;
    %pushi/vec4 8, 0, 6;
    %cmp/u;
    %jmp/1 T_49.3, 6;
    %dup/vec4;
    %pushi/vec4 12, 0, 6;
    %cmp/u;
    %jmp/1 T_49.4, 6;
    %dup/vec4;
    %pushi/vec4 16, 0, 6;
    %cmp/u;
    %jmp/1 T_49.5, 6;
    %pushi/vec4 0, 0, 4;
    %store/vec4 v0x34e11750_0, 0, 4;
    %jmp T_49.7;
T_49.2 ;
    %pushi/vec4 1, 0, 4;
    %store/vec4 v0x34e11750_0, 0, 4;
    %jmp T_49.7;
T_49.3 ;
    %pushi/vec4 2, 0, 4;
    %store/vec4 v0x34e11750_0, 0, 4;
    %jmp T_49.7;
T_49.4 ;
    %pushi/vec4 4, 0, 4;
    %store/vec4 v0x34e11750_0, 0, 4;
    %jmp T_49.7;
T_49.5 ;
    %pushi/vec4 8, 0, 4;
    %store/vec4 v0x34e11750_0, 0, 4;
    %jmp T_49.7;
T_49.7 ;
    %pop/vec4 1;
    %jmp T_49.1;
T_49.0 ;
    %pushi/vec4 0, 0, 4;
    %store/vec4 v0x34e11750_0, 0, 4;
T_49.1 ;
    %jmp T_49;
    .thread T_49, $push;
    .scope S_0x34d4d400;
T_50 ;
    %wait E_0x34e06f80;
    %load/vec4 v0x34e11690_0;
    %flag_set/vec4 8;
    %jmp/0xz  T_50.0, 8;
    %pushi/vec4 0, 0, 4;
    %assign/vec4 v0x34e10f80_0, 0;
    %pushi/vec4 0, 0, 4;
    %assign/vec4 v0x34e10db0_0, 0;
    %pushi/vec4 0, 0, 4;
    %assign/vec4 v0x34e106c0_0, 0;
    %pushi/vec4 0, 0, 4;
    %assign/vec4 v0x34e10960_0, 0;
    %pushi/vec4 0, 0, 4;
    %assign/vec4 v0x34e10ca0_0, 0;
    %pushi/vec4 0, 0, 4;
    %assign/vec4 v0x34e10590_0, 0;
    %pushi/vec4 0, 0, 4;
    %assign/vec4 v0x34e10870_0, 0;
    %pushi/vec4 0, 0, 4;
    %assign/vec4 v0x34e11090_0, 0;
    %pushi/vec4 0, 0, 1;
    %assign/vec4 v0x34e10bb0_0, 0;
    %jmp T_50.1;
T_50.0 ;
    %load/vec4 v0x34e11280_0;
    %flag_set/vec4 9;
    %flag_get/vec4 9;
    %jmp/0 T_50.4, 9;
    %load/vec4 v0x34e11830_0;
    %and;
T_50.4;
    %flag_set/vec4 8;
    %jmp/0xz  T_50.2, 8;
    %load/vec4 v0x34e11750_0;
    %parti/s 1, 0, 2;
    %flag_set/vec4 8;
    %jmp/0xz  T_50.5, 8;
    %load/vec4 v0x34e11340_0;
    %parti/s 4, 28, 6;
    %assign/vec4 v0x34e10f80_0, 0;
    %load/vec4 v0x34e11340_0;
    %parti/s 4, 24, 6;
    %assign/vec4 v0x34e10db0_0, 0;
    %load/vec4 v0x34e11340_0;
    %parti/s 4, 20, 6;
    %assign/vec4 v0x34e106c0_0, 0;
    %load/vec4 v0x34e11340_0;
    %parti/s 4, 16, 6;
    %assign/vec4 v0x34e10960_0, 0;
    %load/vec4 v0x34e11340_0;
    %parti/s 4, 12, 5;
    %assign/vec4 v0x34e10ca0_0, 0;
    %load/vec4 v0x34e11340_0;
    %parti/s 4, 8, 5;
    %assign/vec4 v0x34e10590_0, 0;
    %load/vec4 v0x34e11340_0;
    %parti/s 4, 4, 4;
    %assign/vec4 v0x34e10870_0, 0;
    %load/vec4 v0x34e11340_0;
    %parti/s 4, 0, 2;
    %assign/vec4 v0x34e11090_0, 0;
T_50.5 ;
    %load/vec4 v0x34e11750_0;
    %parti/s 1, 1, 2;
    %flag_set/vec4 8;
    %jmp/0xz  T_50.7, 8;
    %load/vec4 v0x34e11340_0;
    %parti/s 1, 0, 2;
    %assign/vec4 v0x34e10bb0_0, 0;
T_50.7 ;
T_50.2 ;
T_50.1 ;
    %jmp T_50;
    .thread T_50;
    .scope S_0x34d4d400;
T_51 ;
    %wait E_0x34e06f80;
    %load/vec4 v0x34e11690_0;
    %flag_set/vec4 8;
    %jmp/0xz  T_51.0, 8;
    %pushi/vec4 0, 0, 24;
    %assign/vec4 v0x34e11400_0, 0;
    %jmp T_51.1;
T_51.0 ;
    %load/vec4 v0x34e11280_0;
    %flag_set/vec4 9;
    %flag_get/vec4 9;
    %jmp/0 T_51.4, 9;
    %load/vec4 v0x34e114c0_0;
    %and;
T_51.4;
    %flag_set/vec4 8;
    %jmp/0xz  T_51.2, 8;
    %load/vec4 v0x34e11750_0;
    %dup/vec4;
    %pushi/vec4 4, 0, 4;
    %cmp/u;
    %jmp/1 T_51.5, 6;
    %dup/vec4;
    %pushi/vec4 8, 0, 4;
    %cmp/u;
    %jmp/1 T_51.6, 6;
    %pushi/vec4 0, 0, 24;
    %assign/vec4 v0x34e11400_0, 0;
    %jmp T_51.8;
T_51.5 ;
    %pushi/vec4 0, 0, 8;
    %load/vec4 v0x34e10e70_0;
    %concat/vec4; draw_concat_vec4
    %pad/u 24;
    %assign/vec4 v0x34e11400_0, 0;
    %jmp T_51.8;
T_51.6 ;
    %pushi/vec4 0, 0, 31;
    %load/vec4 v0x34e10ac0_0;
    %concat/vec4; draw_concat_vec4
    %pad/u 24;
    %assign/vec4 v0x34e11400_0, 0;
    %jmp T_51.8;
T_51.8 ;
    %pop/vec4 1;
T_51.2 ;
T_51.1 ;
    %jmp T_51;
    .thread T_51;
    .scope S_0x34e2e940;
T_52 ;
    %wait E_0x34e06f80;
    %load/vec4 v0x34e2f2d0_0;
    %flag_set/vec4 8;
    %jmp/0xz  T_52.0, 8;
    %pushi/vec4 13, 0, 16;
    %assign/vec4 v0x34e2f1f0_0, 0;
    %jmp T_52.1;
T_52.0 ;
    %load/vec4 v0x34e2f1f0_0;
    %subi 1, 0, 16;
    %assign/vec4 v0x34e2f1f0_0, 0;
    %load/vec4 v0x34e2f1f0_0;
    %pad/u 32;
    %cmpi/e 0, 0, 32;
    %jmp/0xz  T_52.2, 4;
    %pushi/vec4 13, 0, 16;
    %assign/vec4 v0x34e2f1f0_0, 0;
T_52.2 ;
T_52.1 ;
    %jmp T_52;
    .thread T_52;
    .scope S_0x34e2e940;
T_53 ;
    %wait E_0x34e06f80;
    %load/vec4 v0x34e30020_0;
    %assign/vec4 v0x34e300e0_0, 0;
    %load/vec4 v0x34e300e0_0;
    %assign/vec4 v0x34e301a0_0, 0;
    %jmp T_53;
    .thread T_53;
    .scope S_0x34e2e940;
T_54 ;
    %wait E_0x34e06f80;
    %load/vec4 v0x34e2f2d0_0;
    %flag_set/vec4 8;
    %jmp/0xz  T_54.0, 8;
    %pushi/vec4 0, 0, 1;
    %assign/vec4 v0x34e2f5f0_0, 0;
    %pushi/vec4 0, 0, 4;
    %assign/vec4 v0x34e2f6b0_0, 0;
    %pushi/vec4 0, 0, 4;
    %assign/vec4 v0x34e2f510_0, 0;
    %pushi/vec4 0, 0, 1;
    %assign/vec4 v0x34e2f450_0, 0;
    %pushi/vec4 0, 0, 1;
    %assign/vec4 v0x34e2f870_0, 0;
    %jmp T_54.1;
T_54.0 ;
    %load/vec4 v0x34e2f390_0;
    %flag_set/vec4 8;
    %jmp/0xz  T_54.2, 8;
    %pushi/vec4 0, 0, 1;
    %assign/vec4 v0x34e2f450_0, 0;
    %pushi/vec4 0, 0, 1;
    %assign/vec4 v0x34e2f870_0, 0;
T_54.2 ;
    %load/vec4 v0x34e2f0e0_0;
    %flag_set/vec4 8;
    %jmp/0xz  T_54.4, 8;
    %load/vec4 v0x34e2f5f0_0;
    %nor/r;
    %flag_set/vec4 8;
    %jmp/0xz  T_54.6, 8;
    %load/vec4 v0x34e301a0_0;
    %nor/r;
    %flag_set/vec4 8;
    %jmp/0xz  T_54.8, 8;
    %pushi/vec4 1, 0, 1;
    %assign/vec4 v0x34e2f5f0_0, 0;
    %pushi/vec4 7, 0, 4;
    %assign/vec4 v0x34e2f6b0_0, 0;
    %pushi/vec4 0, 0, 4;
    %assign/vec4 v0x34e2f510_0, 0;
T_54.8 ;
    %jmp T_54.7;
T_54.6 ;
    %load/vec4 v0x34e2f6b0_0;
    %addi 1, 0, 4;
    %assign/vec4 v0x34e2f6b0_0, 0;
    %load/vec4 v0x34e2f6b0_0;
    %pad/u 32;
    %cmpi/e 0, 0, 32;
    %jmp/0xz  T_54.10, 4;
    %load/vec4 v0x34e2f510_0;
    %addi 1, 0, 4;
    %assign/vec4 v0x34e2f510_0, 0;
    %load/vec4 v0x34e2f510_0;
    %pad/u 32;
    %cmpi/e 0, 0, 32;
    %jmp/0xz  T_54.12, 4;
    %load/vec4 v0x34e301a0_0;
    %flag_set/vec4 8;
    %jmp/0xz  T_54.14, 8;
    %pushi/vec4 0, 0, 1;
    %assign/vec4 v0x34e2f5f0_0, 0;
T_54.14 ;
    %jmp T_54.13;
T_54.12 ;
    %load/vec4 v0x34e2f510_0;
    %pad/u 32;
    %cmpi/e 9, 0, 32;
    %jmp/0xz  T_54.16, 4;
    %pushi/vec4 0, 0, 1;
    %assign/vec4 v0x34e2f5f0_0, 0;
    %load/vec4 v0x34e301a0_0;
    %flag_set/vec4 8;
    %jmp/0xz  T_54.18, 8;
    %load/vec4 v0x34e2f930_0;
    %assign/vec4 v0x34e2f790_0, 0;
    %pushi/vec4 1, 0, 1;
    %assign/vec4 v0x34e2f450_0, 0;
    %pushi/vec4 0, 0, 1;
    %assign/vec4 v0x34e2f870_0, 0;
    %jmp T_54.19;
T_54.18 ;
    %pushi/vec4 1, 0, 1;
    %assign/vec4 v0x34e2f870_0, 0;
T_54.19 ;
    %jmp T_54.17;
T_54.16 ;
    %load/vec4 v0x34e301a0_0;
    %load/vec4 v0x34e2f930_0;
    %parti/s 7, 1, 2;
    %concat/vec4; draw_concat_vec4
    %assign/vec4 v0x34e2f930_0, 0;
T_54.17 ;
T_54.13 ;
T_54.10 ;
T_54.7 ;
T_54.4 ;
T_54.1 ;
    %jmp T_54;
    .thread T_54;
    .scope S_0x34e2e940;
T_55 ;
    %wait E_0x34e06f80;
    %load/vec4 v0x34e2f2d0_0;
    %flag_set/vec4 8;
    %jmp/0xz  T_55.0, 8;
    %pushi/vec4 0, 0, 1;
    %assign/vec4 v0x34e2faf0_0, 0;
    %pushi/vec4 1, 0, 1;
    %assign/vec4 v0x34e30260_0, 0;
    %pushi/vec4 0, 0, 4;
    %assign/vec4 v0x34e2fcc0_0, 0;
    %jmp T_55.1;
T_55.0 ;
    %load/vec4 v0x34e2fe80_0;
    %flag_set/vec4 9;
    %flag_get/vec4 9;
    %jmp/0 T_55.4, 9;
    %load/vec4 v0x34e2faf0_0;
    %nor/r;
    %and;
T_55.4;
    %flag_set/vec4 8;
    %jmp/0xz  T_55.2, 8;
    %load/vec4 v0x34e2fda0_0;
    %assign/vec4 v0x34e2ff40_0, 0;
    %pushi/vec4 0, 0, 4;
    %assign/vec4 v0x34e2fa10_0, 0;
    %pushi/vec4 0, 0, 4;
    %assign/vec4 v0x34e2fcc0_0, 0;
    %pushi/vec4 1, 0, 1;
    %assign/vec4 v0x34e2faf0_0, 0;
T_55.2 ;
    %load/vec4 v0x34e2f0e0_0;
    %flag_set/vec4 8;
    %jmp/0xz  T_55.5, 8;
    %load/vec4 v0x34e2fcc0_0;
    %addi 1, 0, 4;
    %assign/vec4 v0x34e2fcc0_0, 0;
    %load/vec4 v0x34e2fcc0_0;
    %pad/u 32;
    %cmpi/e 0, 0, 32;
    %flag_get/vec4 4;
    %jmp/0 T_55.9, 4;
    %load/vec4 v0x34e2faf0_0;
    %and;
T_55.9;
    %flag_set/vec4 8;
    %jmp/0xz  T_55.7, 8;
    %load/vec4 v0x34e2fa10_0;
    %addi 1, 0, 4;
    %assign/vec4 v0x34e2fa10_0, 0;
    %load/vec4 v0x34e2fa10_0;
    %pad/u 32;
    %cmpi/e 0, 0, 32;
    %jmp/0xz  T_55.10, 4;
    %pushi/vec4 0, 0, 1;
    %assign/vec4 v0x34e30260_0, 0;
    %jmp T_55.11;
T_55.10 ;
    %load/vec4 v0x34e2fa10_0;
    %pad/u 32;
    %cmpi/e 9, 0, 32;
    %jmp/0xz  T_55.12, 4;
    %pushi/vec4 1, 0, 1;
    %assign/vec4 v0x34e30260_0, 0;
    %jmp T_55.13;
T_55.12 ;
    %load/vec4 v0x34e2fa10_0;
    %pad/u 32;
    %cmpi/e 10, 0, 32;
    %jmp/0xz  T_55.14, 4;
    %pushi/vec4 0, 0, 4;
    %assign/vec4 v0x34e2fa10_0, 0;
    %pushi/vec4 0, 0, 1;
    %assign/vec4 v0x34e2faf0_0, 0;
    %jmp T_55.15;
T_55.14 ;
    %load/vec4 v0x34e2ff40_0;
    %parti/s 1, 0, 2;
    %assign/vec4 v0x34e30260_0, 0;
    %pushi/vec4 0, 0, 1;
    %load/vec4 v0x34e2ff40_0;
    %parti/s 7, 1, 2;
    %concat/vec4; draw_concat_vec4
    %assign/vec4 v0x34e2ff40_0, 0;
T_55.15 ;
T_55.13 ;
T_55.11 ;
T_55.7 ;
T_55.5 ;
T_55.1 ;
    %jmp T_55;
    .thread T_55;
    .scope S_0x34e2e440;
T_56 ;
    %pushi/vec4 0, 0, 1;
    %store/vec4 v0x34e30960_0, 0, 1;
    %pushi/vec4 0, 0, 8;
    %store/vec4 v0x34e307e0_0, 0, 8;
    %pushi/vec4 0, 0, 8;
    %store/vec4 v0x34e30f40_0, 0, 8;
    %end;
    .thread T_56;
    .scope S_0x34e2e440;
T_57 ;
    %wait E_0x34e2dce0;
    %load/vec4 v0x34e304e0_0;
    %dup/vec4;
    %pushi/vec4 8, 0, 5;
    %cmp/u;
    %jmp/1 T_57.0, 6;
    %dup/vec4;
    %pushi/vec4 16, 0, 5;
    %cmp/u;
    %jmp/1 T_57.1, 6;
    %pushi/vec4 0, 0, 2;
    %store/vec4 v0x34e30dd0_0, 0, 2;
    %jmp T_57.3;
T_57.0 ;
    %load/vec4 v0x34e306a0_0;
    %flag_set/vec4 8;
    %jmp/0 T_57.4, 8;
    %pushi/vec4 1, 0, 2;
    %jmp/1 T_57.5, 8;
T_57.4 ; End of true expr.
    %pushi/vec4 0, 0, 2;
    %jmp/0 T_57.5, 8;
 ; End of false expr.
    %blend;
T_57.5;
    %store/vec4 v0x34e30dd0_0, 0, 2;
    %jmp T_57.3;
T_57.1 ;
    %load/vec4 v0x34e306a0_0;
    %flag_set/vec4 8;
    %jmp/0 T_57.6, 8;
    %pushi/vec4 2, 0, 2;
    %jmp/1 T_57.7, 8;
T_57.6 ; End of true expr.
    %pushi/vec4 0, 0, 2;
    %jmp/0 T_57.7, 8;
 ; End of false expr.
    %blend;
T_57.7;
    %store/vec4 v0x34e30dd0_0, 0, 2;
    %jmp T_57.3;
T_57.3 ;
    %pop/vec4 1;
    %jmp T_57;
    .thread T_57, $push;
    .scope S_0x34e2e440;
T_58 ;
    %wait E_0x34e06f80;
    %load/vec4 v0x34e30dd0_0;
    %parti/s 1, 0, 2;
    %load/vec4 v0x34e31290_0;
    %and;
    %flag_set/vec4 8;
    %jmp/0 T_58.0, 8;
    %load/vec4 v0x34e30740_0;
    %parti/s 8, 0, 2;
    %jmp/1 T_58.1, 8;
T_58.0 ; End of true expr.
    %load/vec4 v0x34e307e0_0;
    %jmp/0 T_58.1, 8;
 ; End of false expr.
    %blend;
T_58.1;
    %store/vec4 v0x34e307e0_0, 0, 8;
    %load/vec4 v0x34e30dd0_0;
    %parti/s 1, 1, 2;
    %load/vec4 v0x34e31290_0;
    %and;
    %flag_set/vec4 8;
    %jmp/0 T_58.2, 8;
    %load/vec4 v0x34e30740_0;
    %parti/s 8, 0, 2;
    %jmp/1 T_58.3, 8;
T_58.2 ; End of true expr.
    %load/vec4 v0x34e30f40_0;
    %jmp/0 T_58.3, 8;
 ; End of false expr.
    %blend;
T_58.3;
    %store/vec4 v0x34e30f40_0, 0, 8;
    %load/vec4 v0x34e30f40_0;
    %parti/s 1, 2, 3;
    %store/vec4 v0x34e30960_0, 0, 1;
    %jmp T_58;
    .thread T_58;
    .scope S_0x34e2e440;
T_59 ;
    %wait E_0x34e06f80;
    %load/vec4 v0x34e30dd0_0;
    %dup/vec4;
    %pushi/vec4 1, 0, 2;
    %cmp/u;
    %jmp/1 T_59.0, 6;
    %dup/vec4;
    %pushi/vec4 2, 0, 2;
    %cmp/u;
    %jmp/1 T_59.1, 6;
    %pushi/vec4 0, 0, 32;
    %store/vec4 v0x34e308a0_0, 0, 32;
    %jmp T_59.3;
T_59.0 ;
    %pushi/vec4 0, 0, 24;
    %load/vec4 v0x34e30c90_0;
    %concat/vec4; draw_concat_vec4
    %store/vec4 v0x34e308a0_0, 0, 32;
    %jmp T_59.3;
T_59.1 ;
    %pushi/vec4 0, 0, 22;
    %load/vec4 v0x34e30e70_0;
    %concat/vec4; draw_concat_vec4
    %load/vec4 v0x34e30bf0_0;
    %concat/vec4; draw_concat_vec4
    %load/vec4 v0x34e30d30_0;
    %concat/vec4; draw_concat_vec4
    %concati/vec4 0, 0, 7;
    %store/vec4 v0x34e308a0_0, 0, 32;
    %jmp T_59.3;
T_59.3 ;
    %pop/vec4 1;
    %jmp T_59;
    .thread T_59;
    .scope S_0x34d75b50;
T_60 ;
    %wait E_0x34e06ea0;
    %load/vec4 v0x34e32000_0;
    %parti/s 16, 16, 6;
    %dup/vec4;
    %pushi/vec4 64, 0, 16;
    %cmp/u;
    %jmp/1 T_60.0, 6;
    %dup/vec4;
    %pushi/vec4 65, 0, 16;
    %cmp/u;
    %jmp/1 T_60.1, 6;
    %dup/vec4;
    %pushi/vec4 66, 0, 16;
    %cmp/u;
    %jmp/1 T_60.2, 6;
    %dup/vec4;
    %pushi/vec4 67, 0, 16;
    %cmp/u;
    %jmp/1 T_60.3, 6;
    %dup/vec4;
    %pushi/vec4 68, 0, 16;
    %cmp/u;
    %jmp/1 T_60.4, 6;
    %dup/vec4;
    %pushi/vec4 69, 0, 16;
    %cmp/u;
    %jmp/1 T_60.5, 6;
    %dup/vec4;
    %pushi/vec4 70, 0, 16;
    %cmp/u;
    %jmp/1 T_60.6, 6;
    %dup/vec4;
    %pushi/vec4 0, 0, 16;
    %cmp/u;
    %jmp/1 T_60.7, 6;
    %pushi/vec4 1, 0, 8;
    %store/vec4 v0x34e31f20_0, 0, 8;
    %jmp T_60.9;
T_60.0 ;
    %pushi/vec4 32, 0, 8;
    %store/vec4 v0x34e31f20_0, 0, 8;
    %jmp T_60.9;
T_60.1 ;
    %pushi/vec4 16, 0, 8;
    %store/vec4 v0x34e31f20_0, 0, 8;
    %jmp T_60.9;
T_60.2 ;
    %pushi/vec4 8, 0, 8;
    %store/vec4 v0x34e31f20_0, 0, 8;
    %jmp T_60.9;
T_60.3 ;
    %pushi/vec4 4, 0, 8;
    %store/vec4 v0x34e31f20_0, 0, 8;
    %jmp T_60.9;
T_60.4 ;
    %pushi/vec4 2, 0, 8;
    %store/vec4 v0x34e31f20_0, 0, 8;
    %jmp T_60.9;
T_60.5 ;
    %pushi/vec4 64, 0, 8;
    %store/vec4 v0x34e31f20_0, 0, 8;
    %jmp T_60.9;
T_60.6 ;
    %pushi/vec4 128, 0, 8;
    %store/vec4 v0x34e31f20_0, 0, 8;
    %jmp T_60.9;
T_60.7 ;
    %pushi/vec4 1, 0, 8;
    %store/vec4 v0x34e31f20_0, 0, 8;
    %jmp T_60.9;
T_60.9 ;
    %pop/vec4 1;
    %jmp T_60;
    .thread T_60, $push;
    .scope S_0x34d75b50;
T_61 ;
    %wait E_0x34e02f60;
    %load/vec4 v0x34e31f20_0;
    %dup/vec4;
    %pushi/vec4 128, 0, 8;
    %cmp/u;
    %jmp/1 T_61.0, 6;
    %dup/vec4;
    %pushi/vec4 32, 0, 8;
    %cmp/u;
    %jmp/1 T_61.1, 6;
    %dup/vec4;
    %pushi/vec4 16, 0, 8;
    %cmp/u;
    %jmp/1 T_61.2, 6;
    %dup/vec4;
    %pushi/vec4 8, 0, 8;
    %cmp/u;
    %jmp/1 T_61.3, 6;
    %dup/vec4;
    %pushi/vec4 4, 0, 8;
    %cmp/u;
    %jmp/1 T_61.4, 6;
    %dup/vec4;
    %pushi/vec4 2, 0, 8;
    %cmp/u;
    %jmp/1 T_61.5, 6;
    %dup/vec4;
    %pushi/vec4 1, 0, 8;
    %cmp/u;
    %jmp/1 T_61.6, 6;
    %load/vec4 v0x34e318b0_0;
    %store/vec4 v0x34e32110_0, 0, 32;
    %jmp T_61.8;
T_61.0 ;
    %load/vec4 v0x34e31450_0;
    %store/vec4 v0x34e32110_0, 0, 32;
    %jmp T_61.8;
T_61.1 ;
    %load/vec4 v0x34e32660_0;
    %store/vec4 v0x34e32110_0, 0, 32;
    %jmp T_61.8;
T_61.2 ;
    %load/vec4 v0x34e31550_0;
    %store/vec4 v0x34e32110_0, 0, 32;
    %jmp T_61.8;
T_61.3 ;
    %load/vec4 v0x34e31a20_0;
    %store/vec4 v0x34e32110_0, 0, 32;
    %jmp T_61.8;
T_61.4 ;
    %load/vec4 v0x34e31640_0;
    %store/vec4 v0x34e32110_0, 0, 32;
    %jmp T_61.8;
T_61.5 ;
    %load/vec4 v0x34e31810_0;
    %store/vec4 v0x34e32110_0, 0, 32;
    %jmp T_61.8;
T_61.6 ;
    %load/vec4 v0x34e318b0_0;
    %store/vec4 v0x34e32110_0, 0, 32;
    %jmp T_61.8;
T_61.8 ;
    %pop/vec4 1;
    %jmp T_61;
    .thread T_61, $push;
    .scope S_0x34d75b50;
T_62 ;
    %wait E_0x34e06f80;
    %load/vec4 v0x34e31f20_0;
    %parti/s 1, 5, 4;
    %load/vec4 v0x34e32730_0;
    %and;
    %flag_set/vec4 8;
    %jmp/0xz  T_62.0, 8;
    %vpi_call 4 175 "$write", "%c", &PV<v0x34e32380_0, 0, 8> {0 0 0};
    %vpi_call 4 176 "$fflush", 32'b10000000000000000000000000000001 {0 0 0};
T_62.0 ;
    %jmp T_62;
    .thread T_62;
    .scope S_0x34d57ba0;
T_63 ;
    %pushi/vec4 0, 0, 1;
    %store/vec4 v0x34e32860_0, 0, 1;
    %pushi/vec4 1, 0, 1;
    %store/vec4 v0x34e32b20_0, 0, 1;
    %end;
    .thread T_63;
    .scope S_0x34d57ba0;
T_64 ;
    %delay 20000, 0;
    %load/vec4 v0x34e32860_0;
    %inv;
    %store/vec4 v0x34e32860_0, 0, 1;
    %jmp T_64;
    .thread T_64;
    .scope S_0x34d57ba0;
T_65 ;
    %wait E_0x34c079c0;
    %vpi_call 3 42 "$display", "LEDS = %b  (t = %0t ns)", v0x34e32920_0, $time {0 0 0};
    %jmp T_65;
    .thread T_65, $push;
    .scope S_0x34d57ba0;
T_66 ;
    %vpi_call 3 48 "$dumpfile", "bench.vcd" {0 0 0};
    %vpi_call 3 49 "$dumpvars", 32'sb00000000000000000000000000000000, S_0x34d57ba0 {0 0 0};
    %pushi/vec4 0, 0, 32;
    %store/vec4 v0x34e32cb0_0, 0, 32;
T_66.0 ; Top of for-loop 
    %load/vec4 v0x34e32cb0_0;
    %cmpi/s 32, 0, 32;
    %jmp/0xz T_66.1, 5;
    %vpi_call 3 52 "$dumpvars", 32'sb00000000000000000000000000000000, &A<v0x34e07900, v0x34e32cb0_0 > {0 0 0};
T_66.2 ; for-loop step statement
    %load/vec4 v0x34e32cb0_0;
    %addi 1, 0, 32;
    %store/vec4 v0x34e32cb0_0, 0, 32;
    %jmp T_66.0;
T_66.1 ; for-loop exit label
    %end;
    .thread T_66;
    .scope S_0x34d57ba0;
T_67 ;
    %pushi/vec4 0, 0, 1;
    %store/vec4 v0x34e32a30_0, 0, 1;
    %delay 800000, 0;
    %pushi/vec4 1, 0, 1;
    %store/vec4 v0x34e32a30_0, 0, 1;
    %wait E_0x34e06f80;
    %delay 2400000000, 0;
    %delay 60000000, 0;
    %pushi/vec4 49, 0, 8;
    %store/vec4 v0x34de3850_0, 0, 8;
    %fork TD_bench.UART_WRITE_BYTE, S_0x34d74f60;
    %join;
    %delay 60000000, 0;
    %pushi/vec4 50, 0, 8;
    %store/vec4 v0x34de3850_0, 0, 8;
    %fork TD_bench.UART_WRITE_BYTE, S_0x34d74f60;
    %join;
    %delay 60000000, 0;
    %pushi/vec4 51, 0, 8;
    %store/vec4 v0x34de3850_0, 0, 8;
    %fork TD_bench.UART_WRITE_BYTE, S_0x34d74f60;
    %join;
    %delay 60000000, 0;
    %pushi/vec4 52, 0, 8;
    %store/vec4 v0x34de3850_0, 0, 8;
    %fork TD_bench.UART_WRITE_BYTE, S_0x34d74f60;
    %join;
    %delay 60000000, 0;
    %pushi/vec4 13, 0, 8;
    %store/vec4 v0x34de3850_0, 0, 8;
    %fork TD_bench.UART_WRITE_BYTE, S_0x34d74f60;
    %join;
    %delay 1000000000, 0;
    %pushi/vec4 64, 0, 8;
    %store/vec4 v0x34de3850_0, 0, 8;
    %fork TD_bench.UART_WRITE_BYTE, S_0x34d74f60;
    %join;
    %delay 1000000000, 0;
    %pushi/vec4 49, 0, 8;
    %store/vec4 v0x34de3850_0, 0, 8;
    %fork TD_bench.UART_WRITE_BYTE, S_0x34d74f60;
    %join;
    %delay 60000000, 0;
    %pushi/vec4 50, 0, 8;
    %store/vec4 v0x34de3850_0, 0, 8;
    %fork TD_bench.UART_WRITE_BYTE, S_0x34d74f60;
    %join;
    %delay 60000000, 0;
    %pushi/vec4 51, 0, 8;
    %store/vec4 v0x34de3850_0, 0, 8;
    %fork TD_bench.UART_WRITE_BYTE, S_0x34d74f60;
    %join;
    %delay 60000000, 0;
    %pushi/vec4 52, 0, 8;
    %store/vec4 v0x34de3850_0, 0, 8;
    %fork TD_bench.UART_WRITE_BYTE, S_0x34d74f60;
    %join;
    %delay 60000000, 0;
    %pushi/vec4 13, 0, 8;
    %store/vec4 v0x34de3850_0, 0, 8;
    %fork TD_bench.UART_WRITE_BYTE, S_0x34d74f60;
    %join;
    %delay 1000000000, 0;
    %pushi/vec4 43, 0, 8;
    %store/vec4 v0x34de3850_0, 0, 8;
    %fork TD_bench.UART_WRITE_BYTE, S_0x34d74f60;
    %join;
    %delay 1000000000, 0;
    %pushi/vec4 49, 0, 8;
    %store/vec4 v0x34de3850_0, 0, 8;
    %fork TD_bench.UART_WRITE_BYTE, S_0x34d74f60;
    %join;
    %delay 60000000, 0;
    %pushi/vec4 50, 0, 8;
    %store/vec4 v0x34de3850_0, 0, 8;
    %fork TD_bench.UART_WRITE_BYTE, S_0x34d74f60;
    %join;
    %delay 60000000, 0;
    %pushi/vec4 51, 0, 8;
    %store/vec4 v0x34de3850_0, 0, 8;
    %fork TD_bench.UART_WRITE_BYTE, S_0x34d74f60;
    %join;
    %delay 60000000, 0;
    %pushi/vec4 52, 0, 8;
    %store/vec4 v0x34de3850_0, 0, 8;
    %fork TD_bench.UART_WRITE_BYTE, S_0x34d74f60;
    %join;
    %delay 60000000, 0;
    %pushi/vec4 13, 0, 8;
    %store/vec4 v0x34de3850_0, 0, 8;
    %fork TD_bench.UART_WRITE_BYTE, S_0x34d74f60;
    %join;
    %delay 100000000, 0;
    %pushi/vec4 45, 0, 8;
    %store/vec4 v0x34de3850_0, 0, 8;
    %fork TD_bench.UART_WRITE_BYTE, S_0x34d74f60;
    %join;
    %delay 60000000, 0;
    %pushi/vec4 49, 0, 8;
    %store/vec4 v0x34de3850_0, 0, 8;
    %fork TD_bench.UART_WRITE_BYTE, S_0x34d74f60;
    %join;
    %delay 60000000, 0;
    %pushi/vec4 50, 0, 8;
    %store/vec4 v0x34de3850_0, 0, 8;
    %fork TD_bench.UART_WRITE_BYTE, S_0x34d74f60;
    %join;
    %delay 60000000, 0;
    %pushi/vec4 13, 0, 8;
    %store/vec4 v0x34de3850_0, 0, 8;
    %fork TD_bench.UART_WRITE_BYTE, S_0x34d74f60;
    %join;
    %delay 1000000000, 0;
    %pushi/vec4 42, 0, 8;
    %store/vec4 v0x34de3850_0, 0, 8;
    %fork TD_bench.UART_WRITE_BYTE, S_0x34d74f60;
    %join;
    %delay 1000000000, 0;
    %pushi/vec4 45, 0, 8;
    %store/vec4 v0x34de3850_0, 0, 8;
    %fork TD_bench.UART_WRITE_BYTE, S_0x34d74f60;
    %join;
    %delay 60000000, 0;
    %pushi/vec4 51, 0, 8;
    %store/vec4 v0x34de3850_0, 0, 8;
    %fork TD_bench.UART_WRITE_BYTE, S_0x34d74f60;
    %join;
    %delay 60000000, 0;
    %pushi/vec4 13, 0, 8;
    %store/vec4 v0x34de3850_0, 0, 8;
    %fork TD_bench.UART_WRITE_BYTE, S_0x34d74f60;
    %join;
    %delay 1000000000, 0;
    %pushi/vec4 45, 0, 8;
    %store/vec4 v0x34de3850_0, 0, 8;
    %fork TD_bench.UART_WRITE_BYTE, S_0x34d74f60;
    %join;
    %delay 60000000, 0;
    %pushi/vec4 49, 0, 8;
    %store/vec4 v0x34de3850_0, 0, 8;
    %fork TD_bench.UART_WRITE_BYTE, S_0x34d74f60;
    %join;
    %delay 60000000, 0;
    %pushi/vec4 48, 0, 8;
    %store/vec4 v0x34de3850_0, 0, 8;
    %fork TD_bench.UART_WRITE_BYTE, S_0x34d74f60;
    %join;
    %delay 60000000, 0;
    %pushi/vec4 48, 0, 8;
    %store/vec4 v0x34de3850_0, 0, 8;
    %fork TD_bench.UART_WRITE_BYTE, S_0x34d74f60;
    %join;
    %delay 60000000, 0;
    %pushi/vec4 13, 0, 8;
    %store/vec4 v0x34de3850_0, 0, 8;
    %fork TD_bench.UART_WRITE_BYTE, S_0x34d74f60;
    %join;
    %delay 1000000000, 0;
    %pushi/vec4 47, 0, 8;
    %store/vec4 v0x34de3850_0, 0, 8;
    %fork TD_bench.UART_WRITE_BYTE, S_0x34d74f60;
    %join;
    %delay 1000000000, 0;
    %pushi/vec4 52, 0, 8;
    %store/vec4 v0x34de3850_0, 0, 8;
    %fork TD_bench.UART_WRITE_BYTE, S_0x34d74f60;
    %join;
    %delay 60000000, 0;
    %pushi/vec4 13, 0, 8;
    %store/vec4 v0x34de3850_0, 0, 8;
    %fork TD_bench.UART_WRITE_BYTE, S_0x34d74f60;
    %join;
    %delay 1000000000, 0;
    %delay 3410065408, 2;
    %vpi_call 3 148 "$finish" {0 0 0};
    %end;
    .thread T_67;
# The file index is used to find the file name in the following table.
:file_names 43;
    "N/A";
    "<interactive>";
    "cores/cpu/femtorv32_quark.v";
    "bench_quark.v";
    "SOC.v";
    "cores/BCD_Binario/Periferico_BCD_Binario.v";
    "cores/BCD_Binario/Top_BCD_Binario.v";
    "cores/BCD_Binario/Contador_BCD_Binario.v";
    "cores/BCD_Binario/Control_BCD_Binario.v";
    "cores/BCD_Binario/RSR_BCD_Binario.v";
    "cores/BCD_Binario/Sumador_BCD_Binario.v";
    "cores/Binario_BCD/Periferico_Binario_BCD.v";
    "cores/Binario_BCD/Top_Binario_BCD.v";
    "cores/Binario_BCD/Contador_Binario_BCD.v";
    "cores/Binario_BCD/Control_Binario_BCD.v";
    "cores/Binario_BCD/LSR_Binario_BCD.v";
    "cores/Binario_BCD/Sumador_Binario_BCD.v";
    "cores/Divisor/Periferico_Divisor.v";
    "cores/Divisor/Top_Divisor.v";
    "cores/Divisor/Contador_Divisor.v";
    "cores/Divisor/Control_Divisor.v";
    "cores/Divisor/Corregir_Divisor.v";
    "cores/Divisor/RegistroA_Divisor.v";
    "cores/Divisor/RegistroDV_Divisor.v";
    "cores/Divisor/Sumador_Divisor.v";
    "cores/Multiplicador/Periferico_Multiplicador.v";
    "cores/Multiplicador/TOP_Multiplicador.v";
    "cores/Multiplicador/Acumulador_Multiplicador.v";
    "cores/Multiplicador/A_long_Multiplicador.v";
    "cores/Multiplicador/B_long_Multiplicador.v";
    "cores/Multiplicador/Control_Multiplicador.v";
    "cores/Multiplicador/Contador_Multiplicador.v";
    "cores/raiz/Periferico_raiz.v";
    "cores/raiz/RAIZ.v";
    "cores/raiz/CONTROL_RAIZ.v";
    "cores/raiz/COUNT_RAIZ.v";
    "cores/raiz/LSR_A_RAIZ.v";
    "cores/raiz/LSR_R_RAIZ.v";
    "cores/raiz/LSR_TMP_RAIZ.v";
    "cores/raiz/SUM_C2_RAIZ.v";
    "cores/bram/bram.v";
    "cores/uart/perip_uart.v";
    "cores/uart/uart.v";
# EOF
